1,1,590.0,102.0,689.0,83.0,679.0,34.0,580.0,53.0,1,0,0
1,2,660.0,455.0,668.0,405.0,561.0,389.0,553.0,439.0,1,0,0
1,3,931.0,190.0,979.0,184.0,966.0,73.0,917.0,79.0,1,0,0
1,4,645.0,511.0,650.0,463.0,539.0,451.0,534.0,499.0,1,0,0
1,5,799.0,308.0,848.0,301.0,832.0,197.0,783.0,204.0,1,0,0
1,6,881.0,307.0,932.0,303.0,924.0,200.0,873.0,204.0,1,0,0
1,7,992.0,56.0,995.0,6.0,888.0,0.0,885.0,50.0,1,0,0
1,8,1042.0,192.0,1058.0,100.0,1012.0,92.0,996.0,184.0,1,0,0
1,9,683.0,393.0,692.0,342.0,586.0,325.0,577.0,376.0,1,0,0
1,10,61.0,838.0,143.0,787.0,121.0,751.0,39.0,802.0,1,0,0
1,11,1164.0,214.0,1183.0,170.0,1083.0,129.0,1065.0,173.0,1,0,0
1,12,578.0,274.0,650.0,274.0,650.0,242.0,578.0,242.0,1,6,0
1,13,313.0,682.0,410.0,622.0,383.0,579.0,287.0,639.0,1,0,0
1,14,589.0,217.0,693.0,201.0,686.0,156.0,583.0,172.0,1,0,0
1,15,785.0,180.0,821.0,173.0,804.0,88.0,767.0,95.0,1,3,0
1,16,576.0,50.0,674.0,36.0,667.0,-10.0,569.0,4.0,1,0,0
1,17,609.0,328.0,701.0,326.0,699.0,279.0,607.0,281.0,1,0,0
1,18,573.0,932.0,669.0,892.0,652.0,850.0,555.0,890.0,1,0,0
1,19,592.0,164.0,700.0,145.0,693.0,101.0,585.0,120.0,1,0,0
1,20,870.0,191.0,915.0,187.0,905.0,70.0,859.0,74.0,1,3,0
1,21,-24.0,894.0,58.0,838.0,33.0,802.0,-48.0,858.0,1,0,0
1,22,521.0,341.0,523.0,296.0,496.0,295.0,495.0,340.0,1,7,0
1,23,187.0,535.0,194.0,494.0,168.0,489.0,161.0,530.0,1,7,0
1,24,775.0,410.0,789.0,405.0,783.0,387.0,768.0,392.0,1,2,0
1,25,350.0,195.0,366.0,195.0,366.0,181.0,350.0,181.0,1,2,0
1,26,829.0,468.0,830.0,446.0,814.0,445.0,813.0,467.0,1,2,0
1,27,186.0,592.0,225.0,568.0,217.0,555.0,178.0,579.0,1,1,0
1,28,147.0,523.0,180.0,494.0,164.0,475.0,130.0,504.0,1,7,0
1,29,271.0,146.0,305.0,125.0,292.0,104.0,258.0,125.0,1,7,0
1,30,183.0,570.0,212.0,544.0,201.0,532.0,172.0,558.0,1,1,0
1,31,603.0,241.0,647.0,239.0,646.0,219.0,603.0,221.0,1,1,0
1,32,134.0,485.0,174.0,483.0,173.0,459.0,132.0,461.0,1,7,0
1,33,1081.0,198.0,1085.0,184.0,1063.0,176.0,1059.0,190.0,1,2,0
2,1,593.0,107.0,690.0,87.0,681.0,39.0,583.0,59.0,1,0,0
2,2,665.0,459.0,672.0,410.0,562.0,394.0,555.0,443.0,1,0,0
2,3,936.0,194.0,983.0,187.0,967.0,77.0,920.0,84.0,1,0,0
2,4,650.0,515.0,654.0,468.0,542.0,460.0,538.0,507.0,1,0,0
2,5,798.0,311.0,847.0,306.0,837.0,202.0,788.0,207.0,1,0,0
2,6,884.0,312.0,937.0,306.0,924.0,202.0,871.0,208.0,1,0,0
2,7,993.0,60.0,996.0,11.0,891.0,6.0,888.0,55.0,1,0,0
2,8,1040.0,196.0,1063.0,107.0,1018.0,96.0,995.0,185.0,1,0,0
2,9,685.0,401.0,695.0,349.0,589.0,327.0,579.0,379.0,1,0,0
2,10,66.0,845.0,149.0,792.0,126.0,756.0,43.0,809.0,1,0,0
2,11,1169.0,219.0,1189.0,173.0,1089.0,131.0,1069.0,177.0,1,0,0
2,12,581.0,281.0,655.0,280.0,655.0,247.0,580.0,248.0,1,6,0
2,13,318.0,688.0,414.0,626.0,387.0,584.0,291.0,646.0,1,0,0
2,14,591.0,223.0,696.0,206.0,689.0,160.0,584.0,177.0,1,0,0
2,15,782.0,186.0,823.0,180.0,810.0,93.0,769.0,99.0,1,3,0
2,16,578.0,54.0,674.0,40.0,668.0,-4.0,572.0,10.0,1,0,0
2,17,612.0,334.0,703.0,332.0,702.0,284.0,611.0,286.0,1,0,0
2,18,579.0,944.0,675.0,892.0,652.0,849.0,555.0,901.0,1,0,0
2,19,595.0,168.0,701.0,149.0,693.0,105.0,587.0,124.0,1,0,0
2,20,871.0,196.0,917.0,192.0,907.0,75.0,861.0,79.0,1,3,0
2,21,-24.0,907.0,65.0,849.0,39.0,810.0,-49.0,868.0,1,0,0
2,22,524.0,346.0,524.0,299.0,495.0,299.0,495.0,346.0,1,7,0
2,23,190.0,543.0,199.0,502.0,173.0,496.0,164.0,537.0,1,7,0
2,24,776.0,407.0,798.0,407.0,798.0,387.0,776.0,387.0,1,2,0
2,25,368.0,201.0,368.0,183.0,352.0,183.0,352.0,201.0,1,2,0
2,26,825.0,463.0,836.0,463.0,836.0,447.0,825.0,447.0,1,2,0
2,27,193.0,597.0,230.0,572.0,221.0,560.0,184.0,585.0,1,1,0
2,28,151.0,531.0,184.0,503.0,167.0,482.0,134.0,510.0,1,7,0
2,29,276.0,152.0,308.0,128.0,293.0,108.0,261.0,132.0,1,7,0
2,30,186.0,576.0,217.0,549.0,206.0,537.0,175.0,564.0,1,1,0
2,31,606.0,246.0,650.0,243.0,648.0,223.0,604.0,226.0,1,1,0
2,32,137.0,492.0,180.0,486.0,177.0,462.0,134.0,468.0,1,7,0
2,33,1081.0,194.0,1082.0,178.0,1065.0,177.0,1064.0,193.0,1,2,0
3,1,595.0,129.0,694.0,107.0,683.0,59.0,584.0,81.0,1,0,0
3,2,666.0,479.0,673.0,430.0,564.0,414.0,557.0,463.0,1,0,0
3,3,935.0,213.0,985.0,206.0,969.0,97.0,919.0,104.0,1,0,0
3,4,652.0,537.0,657.0,490.0,546.0,478.0,541.0,525.0,1,0,0
3,5,800.0,332.0,849.0,327.0,840.0,223.0,790.0,228.0,1,0,0
3,6,884.0,330.0,936.0,327.0,929.0,224.0,877.0,227.0,1,0,0
3,7,996.0,81.0,997.0,31.0,891.0,27.0,890.0,77.0,1,0,0
3,8,1045.0,216.0,1064.0,125.0,1018.0,115.0,999.0,206.0,1,0,0
3,9,686.0,421.0,697.0,369.0,592.0,347.0,581.0,399.0,1,0,0
3,10,67.0,864.0,150.0,812.0,127.0,777.0,45.0,829.0,1,0,0
3,11,1171.0,238.0,1190.0,193.0,1091.0,151.0,1072.0,196.0,1,0,0
3,12,656.0,302.0,656.0,267.0,581.0,267.0,581.0,302.0,1,6,0
3,13,320.0,708.0,415.0,648.0,388.0,606.0,294.0,666.0,1,0,0
3,14,593.0,243.0,696.0,226.0,689.0,180.0,586.0,197.0,1,0,0
3,15,786.0,205.0,827.0,197.0,810.0,111.0,769.0,119.0,1,3,0
3,16,579.0,74.0,677.0,62.0,671.0,18.0,573.0,30.0,1,0,0
3,17,613.0,353.0,706.0,351.0,706.0,305.0,613.0,307.0,1,0,0
3,19,596.0,190.0,706.0,170.0,697.0,125.0,588.0,145.0,1,0,0
3,20,873.0,215.0,917.0,212.0,908.0,94.0,864.0,97.0,1,3,0
3,21,-18.0,924.0,65.0,868.0,39.0,830.0,-43.0,886.0,1,0,0
3,22,499.0,364.0,526.0,364.0,526.0,323.0,499.0,323.0,1,7,0
3,23,193.0,563.0,203.0,522.0,176.0,516.0,166.0,557.0,1,7,0
3,24,805.0,421.0,805.0,401.0,787.0,401.0,787.0,421.0,1,2,0
3,25,360.0,224.0,374.0,214.0,363.0,199.0,349.0,209.0,1,2,0
3,26,837.0,484.0,850.0,466.0,837.0,457.0,824.0,475.0,1,2,0
3,27,196.0,617.0,232.0,593.0,223.0,580.0,187.0,604.0,1,1,0
3,28,151.0,550.0,188.0,524.0,172.0,503.0,136.0,529.0,1,7,0
3,29,274.0,172.0,311.0,150.0,298.0,129.0,261.0,151.0,1,7,0
3,30,188.0,597.0,220.0,570.0,210.0,559.0,178.0,586.0,1,1,0
3,31,607.0,266.0,651.0,265.0,651.0,243.0,607.0,244.0,1,1,0
3,32,140.0,514.0,180.0,508.0,177.0,483.0,137.0,489.0,1,7,0
3,33,1066.0,209.0,1084.0,209.0,1084.0,191.0,1066.0,191.0,1,2,0
4,1,596.0,140.0,695.0,121.0,686.0,74.0,586.0,93.0,1,0,0
4,2,667.0,494.0,675.0,444.0,566.0,427.0,558.0,477.0,1,0,0
4,3,939.0,227.0,987.0,219.0,968.0,111.0,920.0,119.0,1,0,0
4,4,653.0,550.0,659.0,502.0,547.0,490.0,541.0,538.0,1,0,0
4,5,804.0,346.0,854.0,339.0,840.0,238.0,790.0,245.0,1,0,0
4,6,887.0,344.0,939.0,339.0,930.0,238.0,878.0,243.0,1,0,0
4,7,997.0,98.0,1003.0,48.0,895.0,37.0,889.0,87.0,1,0,0
4,8,1046.0,230.0,1065.0,139.0,1020.0,130.0,1001.0,221.0,1,0,0
4,9,689.0,434.0,699.0,383.0,594.0,361.0,584.0,412.0,1,0,0
4,10,70.0,879.0,154.0,826.0,131.0,790.0,48.0,843.0,1,0,0
4,11,1172.0,252.0,1191.0,207.0,1091.0,164.0,1072.0,209.0,1,0,0
4,12,582.0,315.0,657.0,315.0,657.0,282.0,582.0,282.0,1,6,0
4,13,321.0,722.0,417.0,661.0,390.0,618.0,294.0,679.0,1,0,0
4,14,595.0,255.0,699.0,239.0,692.0,195.0,589.0,211.0,1,0,0
4,15,788.0,219.0,828.0,212.0,812.0,126.0,772.0,133.0,1,3,0
4,16,582.0,86.0,679.0,75.0,673.0,31.0,577.0,42.0,1,0,0
4,17,615.0,367.0,707.0,365.0,705.0,318.0,614.0,320.0,1,0,0
4,19,601.0,204.0,707.0,185.0,699.0,139.0,593.0,158.0,1,0,0
4,20,875.0,229.0,920.0,225.0,909.0,108.0,865.0,112.0,1,3,0
4,21,-14.0,935.0,66.0,882.0,42.0,846.0,-38.0,899.0,1,0,0
4,22,501.0,378.0,528.0,378.0,528.0,336.0,501.0,336.0,1,7,0
4,23,194.0,577.0,205.0,537.0,177.0,530.0,167.0,570.0,1,7,0
4,24,795.0,429.0,813.0,429.0,813.0,413.0,795.0,413.0,1,2,0
4,25,361.0,238.0,377.0,228.0,365.0,211.0,349.0,221.0,1,2,0
4,26,837.0,485.0,852.0,484.0,851.0,468.0,835.0,469.0,1,2,0
4,27,198.0,629.0,234.0,606.0,226.0,594.0,190.0,617.0,1,1,0
4,28,153.0,565.0,190.0,538.0,174.0,516.0,137.0,543.0,1,7,0
4,29,278.0,186.0,312.0,162.0,298.0,142.0,264.0,166.0,1,7,0
4,30,188.0,610.0,221.0,584.0,211.0,572.0,179.0,598.0,1,1,0
4,31,609.0,280.0,653.0,278.0,653.0,257.0,609.0,259.0,1,1,0
4,32,141.0,526.0,186.0,521.0,183.0,497.0,139.0,502.0,1,7,0
4,33,1064.0,211.0,1082.0,211.0,1082.0,193.0,1064.0,193.0,1,2,0
4,34,895.0,34.0,979.0,20.0,972.0,-21.0,888.0,-7.0,1,0,0
5,1,589.0,166.0,692.0,145.0,682.0,98.0,579.0,119.0,1,0,0
5,2,664.0,517.0,672.0,468.0,564.0,451.0,556.0,500.0,1,0,0
5,3,934.0,251.0,982.0,244.0,966.0,134.0,918.0,141.0,1,0,0
5,4,650.0,573.0,654.0,525.0,543.0,516.0,540.0,564.0,1,0,0
5,5,800.0,369.0,849.0,362.0,835.0,259.0,786.0,266.0,1,0,0
5,6,883.0,368.0,936.0,362.0,925.0,260.0,872.0,266.0,1,0,0
5,7,992.0,121.0,996.0,71.0,890.0,61.0,886.0,111.0,1,0,0
5,8,1043.0,254.0,1059.0,163.0,1011.0,155.0,996.0,246.0,1,0,0
5,9,685.0,457.0,695.0,407.0,589.0,385.0,579.0,435.0,1,0,0
5,10,65.0,904.0,149.0,851.0,126.0,815.0,42.0,868.0,1,0,0
5,11,1167.0,276.0,1186.0,230.0,1086.0,187.0,1067.0,233.0,1,0,0
5,12,577.0,339.0,653.0,339.0,653.0,305.0,577.0,305.0,1,6,0
5,13,317.0,747.0,415.0,684.0,387.0,641.0,289.0,704.0,1,0,0
5,14,593.0,281.0,696.0,263.0,689.0,218.0,586.0,236.0,1,0,0
5,15,785.0,243.0,822.0,236.0,807.0,149.0,769.0,156.0,1,3,0
5,16,578.0,110.0,674.0,99.0,668.0,55.0,572.0,66.0,1,0,0
5,17,611.0,390.0,703.0,388.0,701.0,341.0,609.0,343.0,1,0,0
5,19,595.0,227.0,701.0,208.0,694.0,164.0,588.0,183.0,1,0,0
5,20,869.0,253.0,914.0,250.0,905.0,133.0,861.0,136.0,1,3,0
5,22,498.0,403.0,525.0,403.0,525.0,358.0,498.0,358.0,1,7,0
5,23,190.0,601.0,200.0,559.0,174.0,553.0,164.0,595.0,1,7,0
5,24,816.0,447.0,816.0,427.0,794.0,427.0,794.0,447.0,1,2,0
5,25,359.0,263.0,372.0,251.0,359.0,235.0,345.0,247.0,1,2,0
5,26,850.0,503.0,850.0,482.0,835.0,482.0,835.0,503.0,1,2,0
5,27,191.0,654.0,230.0,630.0,222.0,618.0,184.0,642.0,1,1,0
5,28,150.0,588.0,185.0,562.0,169.0,540.0,133.0,566.0,1,7,0
5,29,273.0,209.0,309.0,187.0,296.0,165.0,259.0,187.0,1,7,0
5,30,185.0,635.0,216.0,608.0,206.0,596.0,175.0,623.0,1,1,0
5,31,606.0,304.0,648.0,301.0,646.0,280.0,604.0,283.0,1,1,0
5,32,140.0,552.0,177.0,543.0,170.0,518.0,133.0,527.0,1,7,0
5,33,1059.0,230.0,1076.0,230.0,1076.0,214.0,1059.0,214.0,1,2,0
5,34,890.0,56.0,974.0,44.0,968.0,2.0,884.0,14.0,1,0,0
6,1,591.0,177.0,689.0,158.0,680.0,113.0,583.0,132.0,1,0,0
6,2,660.0,529.0,668.0,482.0,563.0,465.0,555.0,512.0,1,0,0
6,3,933.0,264.0,979.0,257.0,963.0,150.0,916.0,157.0,1,0,0
6,4,647.0,588.0,653.0,541.0,541.0,526.0,535.0,573.0,1,0,0
6,5,802.0,382.0,847.0,375.0,831.0,274.0,785.0,281.0,1,0,0
6,6,884.0,381.0,934.0,376.0,923.0,275.0,873.0,280.0,1,0,0
6,7,989.0,133.0,993.0,87.0,889.0,76.0,885.0,122.0,1,0,0
6,8,1039.0,264.0,1056.0,174.0,1016.0,167.0,999.0,257.0,1,0,0
6,9,682.0,472.0,694.0,421.0,589.0,398.0,578.0,449.0,1,0,0
6,10,64.0,915.0,145.0,862.0,122.0,828.0,41.0,881.0,1,0,0
6,11,1164.0,288.0,1183.0,245.0,1085.0,203.0,1066.0,246.0,1,0,0
6,12,580.0,353.0,652.0,353.0,652.0,319.0,580.0,319.0,1,6,0
6,13,316.0,758.0,411.0,697.0,386.0,657.0,291.0,718.0,1,0,0
6,14,592.0,292.0,692.0,275.0,685.0,233.0,585.0,250.0,1,0,0
6,15,786.0,257.0,821.0,250.0,803.0,163.0,768.0,170.0,1,3,0
6,16,578.0,126.0,672.0,113.0,666.0,69.0,571.0,82.0,1,0,0
6,17,610.0,402.0,700.0,401.0,700.0,357.0,610.0,358.0,1,0,0
6,19,594.0,242.0,701.0,220.0,692.0,176.0,585.0,198.0,1,0,0
6,20,872.0,266.0,912.0,263.0,902.0,148.0,862.0,151.0,1,3,0
6,22,524.0,415.0,525.0,373.0,498.0,372.0,496.0,414.0,1,7,0
6,23,189.0,612.0,200.0,573.0,174.0,566.0,163.0,605.0,1,7,0
6,24,807.0,457.0,822.0,455.0,819.0,438.0,805.0,440.0,1,2,0
6,25,350.0,269.0,367.0,269.0,367.0,255.0,350.0,255.0,1,2,0
6,26,837.0,506.0,853.0,506.0,853.0,492.0,837.0,492.0,1,2,0
6,27,192.0,666.0,227.0,642.0,219.0,630.0,184.0,654.0,1,1,0
6,28,146.0,600.0,184.0,576.0,169.0,553.0,131.0,577.0,1,7,0
6,29,276.0,223.0,308.0,196.0,290.0,176.0,259.0,203.0,1,7,0
6,30,182.0,646.0,214.0,619.0,206.0,609.0,173.0,636.0,1,1,0
6,31,604.0,316.0,647.0,314.0,647.0,294.0,604.0,296.0,1,1,0
6,32,139.0,565.0,177.0,549.0,167.0,528.0,130.0,544.0,1,7,0
6,33,1059.0,242.0,1075.0,242.0,1075.0,220.0,1059.0,220.0,1,2,0
6,34,888.0,71.0,973.0,60.0,967.0,19.0,882.0,30.0,1,0,0
7,1,612.0,185.0,710.0,164.0,700.0,118.0,603.0,139.0,1,0,0
7,2,692.0,535.0,699.0,486.0,591.0,473.0,584.0,522.0,1,0,0
7,3,957.0,263.0,1005.0,254.0,984.0,147.0,936.0,156.0,1,0,0
7,4,677.0,594.0,682.0,545.0,571.0,534.0,566.0,583.0,1,0,0
7,5,825.0,385.0,872.0,378.0,857.0,274.0,810.0,281.0,1,0,0
7,6,910.0,383.0,961.0,376.0,946.0,273.0,895.0,280.0,1,0,0
7,7,1012.0,130.0,1014.0,82.0,906.0,76.0,904.0,124.0,1,0,0
7,8,1065.0,262.0,1081.0,172.0,1033.0,164.0,1018.0,254.0,1,0,0
7,9,711.0,476.0,721.0,425.0,616.0,405.0,606.0,456.0,1,0,0
7,10,106.0,932.0,184.0,884.0,161.0,846.0,82.0,895.0,1,0,0
7,11,1192.0,283.0,1210.0,237.0,1108.0,196.0,1090.0,242.0,1,0,0
7,12,677.0,359.0,677.0,325.0,605.0,325.0,605.0,359.0,1,6,0
7,13,353.0,771.0,446.0,708.0,418.0,666.0,324.0,730.0,1,0,0
7,14,616.0,300.0,718.0,281.0,710.0,238.0,607.0,257.0,1,0,0
7,15,806.0,256.0,844.0,248.0,827.0,165.0,788.0,173.0,1,3,0
7,16,598.0,134.0,692.0,118.0,684.0,73.0,590.0,89.0,1,0,0
7,17,636.0,409.0,728.0,405.0,726.0,359.0,634.0,363.0,1,0,0
7,19,615.0,248.0,725.0,226.0,716.0,182.0,607.0,204.0,1,0,0
7,20,893.0,267.0,938.0,262.0,925.0,145.0,880.0,150.0,1,3,0
7,22,523.0,425.0,550.0,424.0,549.0,380.0,522.0,381.0,1,7,0
7,23,223.0,631.0,231.0,589.0,205.0,584.0,196.0,626.0,1,7,0
7,24,853.0,453.0,854.0,436.0,836.0,435.0,835.0,452.0,1,2,0
7,25,373.0,283.0,389.0,283.0,389.0,266.0,373.0,266.0,1,2,0
7,26,874.0,502.0,887.0,502.0,887.0,486.0,874.0,486.0,1,2,0
7,27,224.0,683.0,261.0,659.0,254.0,647.0,216.0,671.0,1,1,0
7,28,181.0,618.0,215.0,591.0,199.0,569.0,164.0,596.0,1,7,0
7,29,295.0,237.0,330.0,214.0,317.0,193.0,281.0,216.0,1,7,0
7,30,217.0,663.0,247.0,636.0,237.0,624.0,207.0,651.0,1,1,0
7,31,628.0,323.0,672.0,320.0,670.0,300.0,626.0,303.0,1,1,0
7,32,168.0,580.0,208.0,574.0,204.0,549.0,164.0,555.0,1,7,0
7,33,1098.0,220.0,1099.0,208.0,1081.0,207.0,1080.0,219.0,1,2,0
7,34,907.0,69.0,993.0,56.0,987.0,15.0,900.0,28.0,1,0,0
8,1,609.0,206.0,706.0,182.0,694.0,136.0,598.0,160.0,1,0,0
8,2,699.0,553.0,703.0,505.0,596.0,495.0,592.0,543.0,1,0,0
8,3,956.0,274.0,1004.0,264.0,981.0,157.0,933.0,167.0,1,0,0
8,4,688.0,613.0,691.0,566.0,578.0,559.0,575.0,606.0,1,0,0
8,5,829.0,399.0,875.0,390.0,856.0,290.0,809.0,299.0,1,0,0
8,6,911.0,394.0,965.0,385.0,948.0,284.0,894.0,293.0,1,0,0
8,7,1004.0,139.0,1006.0,93.0,901.0,90.0,899.0,136.0,1,0,0
8,8,1066.0,269.0,1077.0,178.0,1030.0,172.0,1019.0,263.0,1,0,0
8,9,717.0,493.0,723.0,444.0,617.0,429.0,611.0,478.0,1,0,0
8,11,1192.0,285.0,1208.0,239.0,1104.0,203.0,1088.0,249.0,1,0,0
8,12,604.0,381.0,678.0,379.0,677.0,346.0,603.0,348.0,1,6,0
8,13,367.0,800.0,458.0,735.0,429.0,696.0,339.0,761.0,1,0,0
8,14,616.0,322.0,718.0,299.0,708.0,256.0,607.0,279.0,1,0,0
8,15,805.0,273.0,841.0,265.0,821.0,180.0,785.0,188.0,1,3,0
8,16,593.0,153.0,688.0,135.0,679.0,93.0,584.0,111.0,1,0,0
8,17,639.0,430.0,729.0,424.0,727.0,380.0,636.0,386.0,1,0,0
8,19,616.0,268.0,721.0,243.0,711.0,201.0,606.0,226.0,1,0,0
8,20,893.0,280.0,940.0,274.0,924.0,158.0,877.0,164.0,1,3,0
8,22,527.0,448.0,554.0,447.0,552.0,403.0,525.0,404.0,1,7,0
8,23,231.0,662.0,239.0,622.0,214.0,617.0,206.0,657.0,1,7,0
8,24,846.0,461.0,865.0,461.0,865.0,444.0,846.0,444.0,1,2,0
8,25,374.0,311.0,390.0,310.0,390.0,297.0,374.0,298.0,1,2,0
8,26,881.0,510.0,898.0,510.0,898.0,490.0,881.0,490.0,1,2,0
8,27,238.0,716.0,274.0,690.0,265.0,679.0,230.0,704.0,1,1,0
8,28,192.0,652.0,225.0,624.0,208.0,604.0,175.0,632.0,1,7,0
8,29,293.0,266.0,327.0,245.0,314.0,225.0,280.0,246.0,1,7,0
8,30,229.0,697.0,259.0,670.0,248.0,658.0,218.0,685.0,1,1,0
8,31,630.0,344.0,673.0,340.0,672.0,320.0,629.0,324.0,1,1,0
8,32,175.0,617.0,216.0,611.0,213.0,587.0,172.0,593.0,1,7,0
8,33,1075.0,222.0,1094.0,222.0,1094.0,206.0,1075.0,206.0,1,2,0
8,34,897.0,83.0,985.0,68.0,977.0,26.0,889.0,41.0,1,0,0
9,1,583.0,231.0,680.0,205.0,667.0,159.0,571.0,185.0,1,0,0
9,2,674.0,575.0,678.0,527.0,570.0,518.0,566.0,566.0,1,0,0
9,3,927.0,297.0,974.0,287.0,952.0,180.0,905.0,190.0,1,0,0
9,4,661.0,634.0,664.0,587.0,553.0,582.0,550.0,629.0,1,0,0
9,5,803.0,423.0,850.0,413.0,828.0,311.0,782.0,321.0,1,0,0
9,6,885.0,416.0,934.0,409.0,919.0,308.0,870.0,315.0,1,0,0
9,7,977.0,164.0,979.0,115.0,873.0,111.0,871.0,160.0,1,0,0
9,8,1036.0,293.0,1047.0,203.0,1003.0,198.0,992.0,288.0,1,0,0
9,9,690.0,516.0,698.0,467.0,593.0,451.0,585.0,500.0,1,0,0
9,11,1159.0,309.0,1177.0,265.0,1078.0,225.0,1061.0,269.0,1,0,0
9,12,580.0,403.0,653.0,400.0,652.0,370.0,579.0,373.0,1,6,0
9,13,340.0,823.0,432.0,759.0,404.0,719.0,312.0,783.0,1,0,0
9,14,591.0,345.0,691.0,321.0,681.0,279.0,580.0,303.0,1,0,0
9,15,779.0,296.0,815.0,287.0,793.0,203.0,757.0,212.0,1,3,0
9,16,564.0,178.0,660.0,160.0,652.0,116.0,556.0,134.0,1,0,0
9,17,613.0,452.0,704.0,446.0,701.0,402.0,610.0,408.0,1,0,0
9,19,590.0,291.0,694.0,265.0,683.0,222.0,580.0,248.0,1,0,0
9,20,865.0,302.0,910.0,295.0,893.0,182.0,848.0,189.0,1,3,0
9,22,502.0,470.0,527.0,469.0,525.0,425.0,500.0,426.0,1,7,0
9,23,201.0,687.0,214.0,645.0,193.0,639.0,180.0,681.0,1,7,0
9,24,837.0,482.0,846.0,470.0,832.0,460.0,823.0,472.0,1,2,0
9,25,347.0,332.0,364.0,332.0,364.0,319.0,347.0,319.0,1,2,0
9,26,868.0,528.0,879.0,517.0,868.0,506.0,857.0,517.0,1,2,0
9,27,210.0,740.0,247.0,715.0,239.0,703.0,201.0,728.0,1,1,0
9,28,166.0,677.0,197.0,645.0,179.0,627.0,148.0,659.0,1,7,0
9,29,264.0,289.0,300.0,270.0,288.0,248.0,252.0,267.0,1,7,0
9,30,199.0,722.0,232.0,693.0,221.0,681.0,189.0,710.0,1,1,0
9,31,603.0,366.0,646.0,362.0,644.0,344.0,601.0,348.0,1,1,0
9,32,154.0,643.0,188.0,624.0,176.0,603.0,142.0,622.0,1,7,0
9,33,1046.0,238.0,1063.0,238.0,1063.0,218.0,1046.0,218.0,1,2,0
9,34,872.0,105.0,955.0,91.0,947.0,49.0,865.0,64.0,1,0,0
9,35,458.0,17.0,473.0,17.0,473.0,0.0,458.0,0.0,1,2,0
10,1,590.0,228.0,689.0,205.0,678.0,159.0,580.0,182.0,1,0,0
10,2,682.0,575.0,686.0,527.0,578.0,517.0,574.0,565.0,1,0,0
10,3,936.0,297.0,983.0,288.0,962.0,180.0,915.0,189.0,1,0,0
10,4,669.0,634.0,671.0,588.0,562.0,582.0,559.0,628.0,1,0,0
10,5,809.0,421.0,856.0,413.0,839.0,312.0,791.0,320.0,1,0,0
10,6,895.0,416.0,945.0,407.0,927.0,307.0,877.0,316.0,1,0,0
10,7,986.0,163.0,989.0,115.0,885.0,110.0,882.0,158.0,1,0,0
10,8,1046.0,292.0,1057.0,201.0,1012.0,195.0,1001.0,286.0,1,0,0
10,9,700.0,515.0,708.0,465.0,602.0,449.0,594.0,499.0,1,0,0
10,11,1171.0,306.0,1187.0,262.0,1086.0,227.0,1071.0,271.0,1,0,0
10,12,588.0,402.0,661.0,398.0,659.0,368.0,586.0,372.0,1,6,0
10,13,348.0,822.0,441.0,757.0,413.0,718.0,320.0,783.0,1,0,0
10,14,597.0,342.0,699.0,322.0,690.0,279.0,589.0,299.0,1,0,0
10,15,788.0,295.0,825.0,286.0,805.0,202.0,768.0,211.0,1,3,0
10,16,574.0,176.0,668.0,158.0,661.0,117.0,567.0,135.0,1,0,0
10,17,624.0,451.0,714.0,445.0,710.0,401.0,620.0,407.0,1,0,0
10,19,598.0,289.0,704.0,265.0,695.0,224.0,588.0,248.0,1,0,0
10,20,875.0,302.0,923.0,295.0,906.0,182.0,858.0,189.0,1,3,0
10,22,511.0,470.0,536.0,470.0,536.0,425.0,511.0,425.0,1,7,0
10,23,215.0,685.0,221.0,645.0,194.0,641.0,188.0,681.0,1,7,0
10,24,842.0,479.0,862.0,469.0,854.0,453.0,834.0,463.0,1,2,0
10,25,356.0,331.0,373.0,331.0,373.0,318.0,356.0,318.0,1,2,0
10,26,881.0,525.0,893.0,509.0,880.0,500.0,868.0,516.0,1,2,0
10,27,220.0,737.0,254.0,714.0,246.0,702.0,212.0,725.0,1,1,0
10,28,176.0,674.0,207.0,644.0,188.0,625.0,157.0,655.0,1,7,0
10,29,273.0,286.0,308.0,268.0,297.0,246.0,262.0,264.0,1,7,0
10,30,211.0,719.0,242.0,693.0,231.0,681.0,200.0,707.0,1,1,0
10,31,613.0,366.0,655.0,361.0,652.0,341.0,610.0,346.0,1,1,0
10,32,158.0,640.0,206.0,631.0,201.0,606.0,154.0,615.0,1,7,0
10,33,1056.0,232.0,1075.0,232.0,1075.0,213.0,1056.0,213.0,1,2,0
10,34,884.0,105.0,966.0,89.0,958.0,48.0,876.0,64.0,1,0,0
10,35,468.0,20.0,483.0,20.0,483.0,6.0,468.0,6.0,1,2,0
11,1,594.0,243.0,689.0,215.0,676.0,170.0,581.0,198.0,1,0,0
11,2,682.0,588.0,686.0,540.0,578.0,531.0,574.0,579.0,1,0,0
11,3,941.0,308.0,984.0,297.0,959.0,193.0,916.0,204.0,1,0,0
11,4,670.0,648.0,674.0,601.0,563.0,592.0,560.0,639.0,1,0,0
11,5,809.0,433.0,857.0,425.0,839.0,325.0,791.0,333.0,1,0,0
11,6,896.0,430.0,944.0,422.0,928.0,320.0,879.0,328.0,1,0,0
11,7,986.0,173.0,988.0,128.0,885.0,123.0,883.0,168.0,1,0,0
11,8,1045.0,306.0,1057.0,216.0,1011.0,210.0,999.0,300.0,1,0,0
11,9,699.0,529.0,708.0,479.0,605.0,462.0,596.0,512.0,1,0,0
11,11,1171.0,323.0,1188.0,277.0,1086.0,238.0,1069.0,284.0,1,0,0
11,12,591.0,416.0,662.0,412.0,661.0,381.0,590.0,385.0,1,6,0
11,13,349.0,836.0,440.0,770.0,412.0,730.0,320.0,796.0,1,0,0
11,14,596.0,356.0,698.0,336.0,690.0,292.0,588.0,312.0,1,0,0
11,15,790.0,307.0,825.0,299.0,805.0,216.0,770.0,224.0,1,3,0
11,16,575.0,190.0,670.0,170.0,662.0,128.0,567.0,148.0,1,0,0
11,17,623.0,464.0,712.0,459.0,710.0,415.0,620.0,420.0,1,0,0
11,19,597.0,303.0,702.0,278.0,693.0,236.0,588.0,261.0,1,0,0
11,20,875.0,315.0,924.0,308.0,907.0,194.0,858.0,201.0,1,3,0
11,22,510.0,484.0,539.0,482.0,535.0,436.0,506.0,438.0,1,7,0
11,23,213.0,697.0,221.0,657.0,198.0,652.0,190.0,692.0,1,7,0
11,24,862.0,482.0,868.0,465.0,852.0,460.0,847.0,477.0,1,2,0
11,25,357.0,345.0,374.0,345.0,374.0,330.0,357.0,330.0,1,2,0
11,26,891.0,528.0,898.0,519.0,885.0,510.0,879.0,519.0,1,2,0
11,27,219.0,750.0,259.0,725.0,250.0,712.0,210.0,737.0,1,1,0
11,28,175.0,687.0,209.0,657.0,191.0,637.0,157.0,667.0,1,7,0
11,29,273.0,299.0,310.0,280.0,299.0,259.0,262.0,278.0,1,7,0
11,30,212.0,732.0,240.0,703.0,229.0,692.0,201.0,721.0,1,1,0
11,31,612.0,379.0,655.0,374.0,652.0,355.0,609.0,360.0,1,1,0
11,32,157.0,649.0,202.0,649.0,202.0,626.0,157.0,626.0,1,7,0
11,33,1053.0,236.0,1071.0,236.0,1071.0,218.0,1053.0,218.0,1,2,0
11,34,874.0,119.0,967.0,105.0,961.0,66.0,868.0,80.0,1,0,0
11,35,473.0,40.0,489.0,40.0,489.0,24.0,473.0,24.0,1,2,0
12,1,584.0,260.0,683.0,236.0,671.0,188.0,572.0,212.0,1,0,0
12,2,676.0,608.0,681.0,558.0,573.0,547.0,568.0,597.0,1,0,0
12,3,932.0,327.0,978.0,317.0,954.0,211.0,908.0,221.0,1,0,0
12,4,665.0,665.0,668.0,617.0,556.0,612.0,553.0,660.0,1,0,0
12,5,804.0,453.0,852.0,444.0,833.0,342.0,785.0,351.0,1,0,0
12,6,890.0,448.0,939.0,439.0,921.0,339.0,871.0,348.0,1,0,0
12,7,979.0,195.0,981.0,145.0,876.0,141.0,874.0,191.0,1,0,0
12,8,1036.0,324.0,1050.0,233.0,1005.0,226.0,991.0,317.0,1,0,0
12,9,695.0,546.0,703.0,495.0,595.0,479.0,588.0,530.0,1,0,0
12,11,1165.0,339.0,1182.0,294.0,1080.0,258.0,1064.0,303.0,1,0,0
12,12,581.0,433.0,655.0,431.0,655.0,400.0,581.0,402.0,1,6,0
12,13,345.0,855.0,436.0,789.0,407.0,748.0,315.0,814.0,1,0,0
12,14,592.0,374.0,695.0,352.0,685.0,309.0,582.0,331.0,1,0,0
12,15,783.0,327.0,820.0,317.0,798.0,234.0,761.0,244.0,1,3,0
12,16,569.0,205.0,664.0,187.0,657.0,148.0,561.0,166.0,1,0,0
12,17,617.0,482.0,708.0,476.0,705.0,431.0,614.0,437.0,1,0,0
12,19,594.0,321.0,698.0,297.0,687.0,251.0,583.0,275.0,1,0,0
12,20,868.0,332.0,912.0,326.0,897.0,213.0,853.0,219.0,1,3,0
12,22,503.0,502.0,530.0,501.0,529.0,457.0,502.0,458.0,1,7,0
12,23,206.0,717.0,215.0,676.0,191.0,670.0,181.0,711.0,1,7,0
12,24,843.0,494.0,865.0,494.0,865.0,472.0,843.0,472.0,1,2,0
12,25,348.0,363.0,367.0,363.0,367.0,347.0,348.0,347.0,1,2,0
12,26,891.0,544.0,893.0,523.0,877.0,522.0,876.0,543.0,1,2,0
12,27,214.0,770.0,250.0,744.0,241.0,732.0,205.0,758.0,1,1,0
12,28,167.0,706.0,202.0,678.0,185.0,657.0,150.0,685.0,1,7,0
12,29,267.0,320.0,304.0,296.0,290.0,276.0,254.0,300.0,1,7,0
12,30,204.0,750.0,234.0,723.0,223.0,712.0,193.0,739.0,1,1,0
12,31,606.0,397.0,650.0,395.0,649.0,374.0,605.0,376.0,1,1,0
12,32,151.0,667.0,193.0,664.0,190.0,640.0,149.0,643.0,1,7,0
12,33,1060.0,246.0,1061.0,231.0,1045.0,230.0,1044.0,245.0,1,2,0
12,34,877.0,137.0,959.0,122.0,952.0,79.0,869.0,94.0,1,0,0
12,35,467.0,66.0,486.0,65.0,484.0,45.0,465.0,46.0,1,2,0
13,1,594.0,271.0,689.0,247.0,677.0,199.0,582.0,223.0,1,0,0
13,2,682.0,618.0,687.0,568.0,579.0,557.0,573.0,607.0,1,0,0
13,3,938.0,338.0,984.0,328.0,962.0,221.0,916.0,231.0,1,0,0
13,4,671.0,675.0,673.0,626.0,560.0,620.0,558.0,669.0,1,0,0
13,5,808.0,464.0,858.0,455.0,840.0,352.0,790.0,361.0,1,0,0
13,6,893.0,457.0,944.0,450.0,931.0,349.0,880.0,356.0,1,0,0
13,7,988.0,205.0,989.0,157.0,883.0,153.0,882.0,201.0,1,0,0
13,8,1046.0,334.0,1056.0,244.0,1011.0,239.0,1001.0,329.0,1,0,0
13,9,701.0,557.0,708.0,505.0,601.0,490.0,593.0,542.0,1,0,0
13,11,1172.0,351.0,1189.0,305.0,1087.0,268.0,1070.0,314.0,1,0,0
13,12,585.0,445.0,660.0,443.0,659.0,411.0,584.0,413.0,1,6,0
13,13,347.0,864.0,440.0,799.0,412.0,758.0,319.0,823.0,1,0,0
13,14,598.0,387.0,701.0,361.0,690.0,318.0,587.0,344.0,1,0,0
13,15,790.0,338.0,829.0,327.0,806.0,243.0,767.0,254.0,1,3,0
13,16,574.0,217.0,669.0,199.0,661.0,156.0,565.0,174.0,1,0,0
13,17,623.0,493.0,714.0,487.0,711.0,441.0,619.0,447.0,1,0,0
13,19,599.0,335.0,706.0,306.0,694.0,263.0,587.0,292.0,1,0,0
13,20,875.0,343.0,919.0,338.0,906.0,224.0,863.0,229.0,1,3,0
13,22,509.0,511.0,538.0,510.0,537.0,465.0,508.0,466.0,1,7,0
13,23,214.0,727.0,222.0,684.0,196.0,679.0,187.0,722.0,1,7,0
13,24,860.0,500.0,878.0,500.0,878.0,480.0,860.0,480.0,1,2,0
13,25,359.0,377.0,376.0,369.0,368.0,353.0,351.0,361.0,1,2,0
13,26,889.0,546.0,903.0,546.0,903.0,530.0,889.0,530.0,1,2,0
13,27,218.0,779.0,255.0,754.0,246.0,742.0,210.0,767.0,1,1,0
13,28,172.0,715.0,208.0,687.0,192.0,667.0,156.0,695.0,1,7,0
13,29,276.0,330.0,310.0,306.0,296.0,285.0,261.0,309.0,1,7,0
13,30,209.0,759.0,240.0,732.0,230.0,721.0,199.0,748.0,1,1,0
13,31,612.0,407.0,656.0,404.0,655.0,384.0,610.0,387.0,1,1,0
13,32,156.0,681.0,202.0,674.0,198.0,649.0,153.0,656.0,1,7,0
13,33,1063.0,250.0,1064.0,236.0,1041.0,235.0,1040.0,249.0,1,2,0
13,34,885.0,145.0,968.0,129.0,960.0,91.0,878.0,107.0,1,0,0
13,35,474.0,82.0,492.0,80.0,490.0,63.0,472.0,65.0,1,2,0
14,1,591.0,282.0,689.0,259.0,678.0,212.0,580.0,235.0,1,0,0
14,2,681.0,629.0,686.0,580.0,579.0,570.0,574.0,619.0,1,0,0
14,3,940.0,348.0,985.0,338.0,962.0,232.0,917.0,242.0,1,0,0
14,4,672.0,687.0,673.0,639.0,560.0,635.0,559.0,683.0,1,0,0
14,5,809.0,475.0,857.0,467.0,839.0,365.0,791.0,373.0,1,0,0
14,6,893.0,470.0,946.0,461.0,929.0,360.0,876.0,369.0,1,0,0
14,7,989.0,216.0,990.0,168.0,883.0,165.0,882.0,213.0,1,0,0
14,8,1048.0,345.0,1059.0,254.0,1011.0,248.0,1000.0,339.0,1,0,0
14,9,701.0,570.0,709.0,519.0,602.0,503.0,594.0,554.0,1,0,0
14,11,1171.0,361.0,1187.0,317.0,1086.0,280.0,1070.0,324.0,1,0,0
14,12,585.0,457.0,661.0,455.0,660.0,421.0,584.0,423.0,1,6,0
14,13,351.0,877.0,443.0,810.0,414.0,769.0,321.0,836.0,1,0,0
14,14,600.0,397.0,702.0,375.0,692.0,331.0,590.0,353.0,1,0,0
14,15,791.0,348.0,827.0,338.0,803.0,256.0,768.0,266.0,1,3,0
14,16,575.0,229.0,670.0,211.0,662.0,168.0,567.0,186.0,1,0,0
14,17,623.0,506.0,714.0,500.0,711.0,454.0,620.0,460.0,1,0,0
14,19,596.0,346.0,705.0,320.0,694.0,275.0,585.0,301.0,1,0,0
14,20,879.0,356.0,920.0,349.0,900.0,236.0,858.0,243.0,1,3,0
14,22,510.0,524.0,537.0,523.0,535.0,476.0,508.0,477.0,1,7,0
14,23,214.0,740.0,223.0,697.0,196.0,692.0,188.0,735.0,1,7,0
14,24,870.0,510.0,887.0,504.0,881.0,487.0,864.0,493.0,1,2,0
14,25,361.0,389.0,375.0,382.0,368.0,367.0,353.0,374.0,1,2,0
14,26,894.0,557.0,913.0,550.0,907.0,537.0,888.0,544.0,1,2,0
14,27,220.0,792.0,257.0,767.0,248.0,754.0,211.0,779.0,1,1,0
14,28,172.0,728.0,208.0,700.0,192.0,680.0,156.0,708.0,1,7,0
14,29,274.0,342.0,311.0,319.0,297.0,298.0,261.0,321.0,1,7,0
14,30,211.0,772.0,242.0,745.0,232.0,733.0,201.0,760.0,1,1,0
14,31,610.0,419.0,656.0,415.0,654.0,394.0,609.0,398.0,1,1,0
14,32,159.0,692.0,201.0,684.0,196.0,661.0,155.0,669.0,1,7,0
14,33,1048.0,256.0,1061.0,256.0,1061.0,241.0,1048.0,241.0,1,2,0
14,34,882.0,156.0,967.0,143.0,961.0,105.0,876.0,118.0,1,0,0
14,35,477.0,99.0,490.0,99.0,490.0,82.0,477.0,82.0,1,2,0
15,1,592.0,308.0,689.0,282.0,676.0,235.0,580.0,261.0,1,0,0
15,2,680.0,654.0,686.0,605.0,579.0,594.0,573.0,643.0,1,0,0
15,3,936.0,373.0,983.0,363.0,961.0,259.0,914.0,269.0,1,0,0
15,4,669.0,712.0,672.0,666.0,562.0,660.0,559.0,706.0,1,0,0
15,5,811.0,497.0,857.0,489.0,838.0,390.0,792.0,398.0,1,0,0
15,6,892.0,493.0,942.0,486.0,929.0,386.0,878.0,393.0,1,0,0
15,7,986.0,241.0,989.0,193.0,883.0,188.0,880.0,236.0,1,0,0
15,8,1043.0,371.0,1058.0,281.0,1011.0,273.0,996.0,363.0,1,0,0
15,9,699.0,593.0,707.0,543.0,601.0,526.0,593.0,576.0,1,0,0
15,11,1170.0,385.0,1186.0,340.0,1085.0,304.0,1069.0,349.0,1,0,0
15,12,589.0,480.0,661.0,476.0,660.0,446.0,588.0,450.0,1,6,0
15,13,344.0,898.0,439.0,834.0,415.0,799.0,321.0,863.0,1,0,0
15,14,600.0,421.0,700.0,398.0,691.0,358.0,591.0,381.0,1,0,0
15,15,786.0,372.0,824.0,363.0,805.0,281.0,767.0,290.0,1,3,0
15,16,573.0,252.0,669.0,236.0,662.0,195.0,566.0,211.0,1,0,0
15,17,622.0,529.0,712.0,523.0,709.0,478.0,619.0,484.0,1,0,0
15,19,597.0,368.0,702.0,343.0,692.0,300.0,587.0,325.0,1,0,0
15,20,874.0,379.0,923.0,372.0,908.0,261.0,859.0,268.0,1,3,0
15,22,511.0,548.0,536.0,548.0,536.0,502.0,511.0,502.0,1,7,0
15,23,213.0,764.0,221.0,721.0,196.0,717.0,188.0,760.0,1,7,0
15,24,871.0,529.0,892.0,524.0,888.0,506.0,867.0,511.0,1,2,0
15,25,357.0,408.0,373.0,408.0,373.0,395.0,357.0,395.0,1,2,0
15,26,911.0,574.0,917.0,557.0,904.0,552.0,898.0,569.0,1,2,0
15,27,220.0,817.0,257.0,788.0,248.0,776.0,211.0,805.0,1,1,0
15,28,175.0,753.0,208.0,720.0,191.0,702.0,157.0,736.0,1,7,0
15,29,273.0,365.0,308.0,346.0,296.0,324.0,261.0,343.0,1,7,0
15,30,211.0,795.0,240.0,769.0,230.0,759.0,202.0,785.0,1,1,0
15,31,613.0,444.0,655.0,440.0,653.0,419.0,611.0,423.0,1,1,0
15,32,157.0,716.0,202.0,710.0,199.0,686.0,154.0,692.0,1,7,0
15,33,1025.0,280.0,1053.0,280.0,1053.0,263.0,1025.0,263.0,1,2,0
15,34,881.0,182.0,966.0,169.0,959.0,127.0,874.0,140.0,1,0,0
15,35,479.0,128.0,494.0,128.0,494.0,114.0,479.0,114.0,1,2,0
16,1,596.0,323.0,694.0,298.0,682.0,250.0,584.0,275.0,1,0,0
16,2,687.0,670.0,692.0,621.0,584.0,610.0,579.0,659.0,1,0,0
16,3,942.0,391.0,989.0,380.0,965.0,273.0,918.0,284.0,1,0,0
16,4,676.0,726.0,677.0,680.0,565.0,676.0,563.0,722.0,1,0,0
16,5,814.0,515.0,863.0,508.0,848.0,405.0,798.0,412.0,1,0,0
16,6,897.0,510.0,949.0,503.0,935.0,400.0,883.0,407.0,1,0,0
16,7,994.0,256.0,995.0,206.0,888.0,205.0,887.0,255.0,1,0,0
16,8,1053.0,384.0,1062.0,295.0,1015.0,291.0,1006.0,380.0,1,0,0
16,9,705.0,610.0,714.0,559.0,607.0,542.0,598.0,593.0,1,0,0
16,11,1176.0,402.0,1192.0,358.0,1090.0,321.0,1074.0,365.0,1,0,0
16,12,592.0,497.0,666.0,495.0,665.0,463.0,591.0,465.0,1,6,0
16,13,354.0,918.0,447.0,851.0,419.0,811.0,325.0,878.0,1,0,0
16,14,602.0,438.0,706.0,415.0,697.0,371.0,593.0,394.0,1,0,0
16,15,794.0,389.0,831.0,379.0,808.0,296.0,771.0,306.0,1,3,0
16,16,580.0,268.0,676.0,249.0,668.0,210.0,572.0,229.0,1,0,0
16,17,629.0,546.0,721.0,539.0,717.0,493.0,625.0,500.0,1,0,0
16,19,604.0,385.0,711.0,360.0,701.0,316.0,593.0,341.0,1,0,0
16,20,879.0,395.0,922.0,390.0,910.0,276.0,866.0,281.0,1,3,0
16,22,515.0,563.0,543.0,562.0,542.0,517.0,514.0,518.0,1,7,0
16,23,219.0,780.0,227.0,736.0,201.0,731.0,193.0,775.0,1,7,0
16,24,886.0,540.0,905.0,539.0,904.0,517.0,885.0,518.0,1,2,0
16,25,364.0,427.0,380.0,422.0,375.0,408.0,359.0,413.0,1,2,0
16,26,925.0,585.0,926.0,567.0,909.0,566.0,908.0,584.0,1,2,0
16,27,225.0,832.0,262.0,807.0,252.0,794.0,215.0,819.0,1,1,0
16,28,178.0,769.0,212.0,741.0,195.0,721.0,161.0,748.0,1,7,0
16,29,281.0,382.0,317.0,359.0,302.0,337.0,266.0,360.0,1,7,0
16,30,217.0,812.0,246.0,784.0,235.0,772.0,206.0,800.0,1,1,0
16,31,618.0,459.0,661.0,455.0,659.0,434.0,616.0,438.0,1,1,0
16,32,162.0,735.0,206.0,725.0,201.0,700.0,157.0,710.0,1,7,0
16,33,1029.0,293.0,1050.0,293.0,1050.0,277.0,1029.0,277.0,1,2,0
16,34,889.0,198.0,972.0,182.0,964.0,141.0,881.0,157.0,1,0,0
16,35,487.0,151.0,504.0,149.0,501.0,129.0,484.0,131.0,1,2,0
17,1,607.0,327.0,705.0,302.0,693.0,254.0,595.0,279.0,1,0,0
17,2,697.0,673.0,702.0,624.0,593.0,614.0,589.0,663.0,1,0,0
17,3,954.0,394.0,1001.0,383.0,976.0,275.0,929.0,286.0,1,0,0
17,4,686.0,730.0,687.0,681.0,576.0,677.0,575.0,726.0,1,0,0
17,5,827.0,519.0,874.0,510.0,854.0,407.0,808.0,416.0,1,0,0
17,6,907.0,513.0,958.0,507.0,945.0,405.0,895.0,411.0,1,0,0
17,7,1003.0,260.0,1005.0,211.0,898.0,207.0,896.0,256.0,1,0,0
17,8,1060.0,391.0,1076.0,301.0,1029.0,293.0,1013.0,383.0,1,0,0
17,9,715.0,613.0,723.0,561.0,617.0,545.0,609.0,597.0,1,0,0
17,11,1188.0,405.0,1204.0,360.0,1102.0,323.0,1085.0,368.0,1,0,0
17,12,604.0,500.0,678.0,499.0,678.0,468.0,604.0,469.0,1,6,0
17,13,364.0,921.0,458.0,854.0,430.0,814.0,335.0,882.0,1,0,0
17,14,613.0,442.0,717.0,419.0,707.0,376.0,603.0,399.0,1,0,0
17,15,804.0,393.0,843.0,382.0,820.0,298.0,781.0,309.0,1,3,0
17,16,591.0,272.0,686.0,254.0,678.0,213.0,583.0,231.0,1,0,0
17,17,638.0,549.0,729.0,543.0,727.0,498.0,636.0,504.0,1,0,0
17,19,614.0,387.0,721.0,362.0,710.0,318.0,603.0,343.0,1,0,0
17,20,892.0,398.0,934.0,392.0,918.0,280.0,876.0,286.0,1,3,0
17,22,551.0,567.0,551.0,520.0,523.0,520.0,523.0,567.0,1,7,0
17,23,231.0,782.0,238.0,740.0,211.0,736.0,204.0,778.0,1,7,0
17,24,920.0,538.0,921.0,518.0,897.0,517.0,896.0,537.0,1,2,0
17,25,375.0,432.0,391.0,426.0,385.0,411.0,369.0,417.0,1,2,0
17,26,922.0,581.0,942.0,581.0,942.0,567.0,922.0,567.0,1,2,0
17,27,238.0,835.0,272.0,810.0,263.0,797.0,228.0,823.0,1,1,0
17,28,188.0,771.0,223.0,744.0,208.0,724.0,173.0,751.0,1,7,0
17,29,291.0,385.0,327.0,362.0,313.0,340.0,276.0,363.0,1,7,0
17,30,227.0,814.0,258.0,788.0,248.0,777.0,218.0,803.0,1,1,0
17,31,626.0,463.0,671.0,461.0,669.0,439.0,625.0,441.0,1,1,0
17,32,175.0,737.0,216.0,729.0,212.0,705.0,171.0,713.0,1,7,0
17,33,1039.0,295.0,1055.0,295.0,1055.0,279.0,1039.0,279.0,1,2,0
17,34,898.0,200.0,982.0,186.0,976.0,148.0,892.0,162.0,1,0,0
17,35,503.0,163.0,517.0,154.0,508.0,139.0,494.0,148.0,1,2,0
18,1,610.0,343.0,707.0,319.0,695.0,271.0,598.0,295.0,1,0,0
18,2,700.0,688.0,704.0,639.0,597.0,630.0,592.0,679.0,1,0,0
18,3,956.0,407.0,1001.0,396.0,977.0,293.0,932.0,304.0,1,0,0
18,4,688.0,747.0,691.0,699.0,578.0,694.0,575.0,742.0,1,0,0
18,5,829.0,535.0,877.0,526.0,856.0,424.0,809.0,433.0,1,0,0
18,6,911.0,530.0,963.0,522.0,946.0,421.0,894.0,429.0,1,0,0
18,7,1006.0,276.0,1008.0,228.0,900.0,224.0,898.0,272.0,1,0,0
18,8,1062.0,406.0,1076.0,314.0,1030.0,308.0,1017.0,400.0,1,0,0
18,9,717.0,629.0,725.0,578.0,618.0,563.0,611.0,614.0,1,0,0
18,11,1191.0,421.0,1207.0,376.0,1104.0,339.0,1088.0,384.0,1,0,0
18,12,604.0,517.0,679.0,514.0,677.0,483.0,602.0,486.0,1,6,0
18,13,369.0,937.0,461.0,869.0,430.0,828.0,339.0,896.0,1,0,0
18,14,617.0,459.0,717.0,436.0,707.0,392.0,607.0,415.0,1,0,0
18,15,806.0,407.0,844.0,397.0,823.0,315.0,785.0,325.0,1,3,0
18,16,592.0,287.0,686.0,271.0,679.0,230.0,585.0,246.0,1,0,0
18,17,640.0,565.0,733.0,559.0,730.0,514.0,638.0,520.0,1,0,0
18,19,616.0,405.0,721.0,380.0,711.0,335.0,606.0,360.0,1,0,0
18,20,895.0,414.0,937.0,409.0,922.0,297.0,880.0,302.0,1,3,0
18,22,527.0,583.0,554.0,582.0,552.0,540.0,526.0,541.0,1,7,0
18,23,229.0,800.0,240.0,757.0,217.0,751.0,206.0,794.0,1,7,0
18,24,908.0,550.0,931.0,550.0,931.0,530.0,908.0,530.0,1,2,0
18,25,377.0,446.0,391.0,442.0,388.0,429.0,374.0,433.0,1,2,0
18,26,931.0,594.0,950.0,594.0,950.0,579.0,931.0,579.0,1,2,0
18,27,239.0,852.0,276.0,826.0,267.0,814.0,230.0,840.0,1,1,0
18,28,190.0,788.0,227.0,761.0,211.0,741.0,174.0,768.0,1,7,0
18,29,294.0,401.0,328.0,377.0,313.0,357.0,279.0,381.0,1,7,0
18,30,230.0,831.0,261.0,803.0,250.0,791.0,220.0,819.0,1,1,0
18,31,631.0,481.0,674.0,474.0,671.0,454.0,627.0,461.0,1,1,0
18,32,176.0,754.0,216.0,748.0,212.0,721.0,172.0,727.0,1,7,0
18,33,1031.0,307.0,1050.0,307.0,1050.0,293.0,1031.0,293.0,1,2,0
18,34,896.0,220.0,984.0,204.0,977.0,161.0,889.0,177.0,1,0,0
18,35,504.0,183.0,520.0,178.0,514.0,160.0,498.0,165.0,1,2,0
18,36,1123.0,622.0,1220.0,587.0,1204.0,544.0,1107.0,579.0,1,0,0
18,37,380.0,13.0,423.0,13.0,423.0,-2.0,380.0,-2.0,1,1,0
19,1,601.0,363.0,699.0,339.0,687.0,291.0,589.0,315.0,1,0,0
19,2,692.0,711.0,698.0,661.0,591.0,650.0,585.0,700.0,1,0,0
19,3,948.0,429.0,996.0,418.0,972.0,313.0,924.0,324.0,1,0,0
19,4,682.0,768.0,685.0,720.0,573.0,715.0,570.0,763.0,1,0,0
19,5,823.0,556.0,870.0,546.0,848.0,442.0,802.0,452.0,1,0,0
19,6,907.0,550.0,956.0,541.0,937.0,439.0,888.0,448.0,1,0,0
19,7,998.0,297.0,1000.0,248.0,892.0,244.0,890.0,293.0,1,0,0
19,8,1057.0,426.0,1068.0,335.0,1022.0,329.0,1010.0,420.0,1,0,0
19,9,712.0,650.0,720.0,599.0,613.0,583.0,605.0,634.0,1,0,0
19,11,1182.0,441.0,1199.0,395.0,1096.0,359.0,1079.0,405.0,1,0,0
19,12,598.0,538.0,671.0,536.0,670.0,504.0,598.0,506.0,1,6,0
19,14,610.0,478.0,712.0,456.0,702.0,412.0,600.0,434.0,1,0,0
19,15,797.0,429.0,837.0,420.0,819.0,337.0,779.0,346.0,1,3,0
19,16,585.0,309.0,682.0,290.0,674.0,250.0,578.0,269.0,1,0,0
19,17,634.0,586.0,726.0,580.0,723.0,534.0,631.0,540.0,1,0,0
19,19,609.0,427.0,714.0,399.0,703.0,355.0,597.0,383.0,1,0,0
19,20,885.0,436.0,931.0,430.0,915.0,316.0,869.0,322.0,1,3,0
19,22,522.0,603.0,547.0,603.0,547.0,560.0,522.0,560.0,1,7,0
19,23,223.0,822.0,232.0,778.0,209.0,774.0,200.0,818.0,1,7,0
19,24,932.0,568.0,932.0,548.0,908.0,548.0,908.0,568.0,1,2,0
19,25,368.0,467.0,385.0,466.0,384.0,451.0,367.0,452.0,1,2,0
19,26,948.0,609.0,948.0,589.0,931.0,589.0,931.0,609.0,1,2,0
19,27,230.0,873.0,269.0,845.0,262.0,834.0,222.0,862.0,1,1,0
19,28,185.0,810.0,219.0,782.0,203.0,762.0,168.0,790.0,1,7,0
19,29,289.0,420.0,321.0,397.0,306.0,377.0,275.0,400.0,1,7,0
19,30,220.0,856.0,252.0,824.0,242.0,814.0,210.0,846.0,1,1,0
19,31,625.0,500.0,668.0,495.0,665.0,474.0,622.0,479.0,1,1,0
19,32,169.0,773.0,212.0,767.0,208.0,743.0,165.0,749.0,1,7,0
19,33,1036.0,328.0,1036.0,313.0,1022.0,313.0,1022.0,328.0,1,2,0
19,34,893.0,239.0,976.0,227.0,969.0,183.0,886.0,195.0,1,0,0
19,35,497.0,203.0,515.0,203.0,515.0,190.0,497.0,190.0,1,2,0
19,36,1071.0,663.0,1168.0,625.0,1151.0,582.0,1054.0,620.0,1,0,0
19,37,414.0,34.0,414.0,20.0,373.0,19.0,372.0,33.0,1,1,0
19,38,972.0,8.0,989.0,8.0,989.0,-6.0,972.0,-6.0,1,2,0
20,1,605.0,371.0,702.0,347.0,690.0,300.0,594.0,324.0,1,0,0
20,2,695.0,718.0,700.0,669.0,591.0,659.0,587.0,708.0,1,0,0
20,3,952.0,437.0,996.0,426.0,969.0,320.0,925.0,331.0,1,0,0
20,4,684.0,776.0,686.0,727.0,574.0,722.0,572.0,771.0,1,0,0
20,5,824.0,564.0,871.0,555.0,852.0,454.0,805.0,463.0,1,0,0
20,6,905.0,556.0,957.0,548.0,940.0,449.0,889.0,457.0,1,0,0
20,7,999.0,304.0,1001.0,256.0,894.0,253.0,892.0,301.0,1,0,0
20,8,1057.0,434.0,1070.0,344.0,1024.0,338.0,1012.0,428.0,1,0,0
20,9,713.0,657.0,720.0,606.0,615.0,591.0,608.0,642.0,1,0,0
20,11,1183.0,450.0,1200.0,404.0,1098.0,367.0,1081.0,413.0,1,0,0
20,12,601.0,546.0,675.0,543.0,673.0,512.0,599.0,515.0,1,6,0
20,14,612.0,485.0,712.0,463.0,703.0,420.0,603.0,442.0,1,0,0
20,15,803.0,436.0,840.0,426.0,816.0,343.0,779.0,353.0,1,3,0
20,16,586.0,318.0,684.0,299.0,677.0,258.0,578.0,277.0,1,0,0
20,17,636.0,594.0,727.0,587.0,724.0,542.0,632.0,549.0,1,0,0
20,19,612.0,433.0,715.0,408.0,705.0,365.0,602.0,390.0,1,0,0
20,20,889.0,443.0,931.0,438.0,916.0,324.0,874.0,329.0,1,3,0
20,22,523.0,611.0,551.0,610.0,550.0,566.0,522.0,567.0,1,7,0
20,23,227.0,830.0,236.0,790.0,211.0,784.0,202.0,824.0,1,7,0
20,24,939.0,575.0,940.0,554.0,919.0,553.0,918.0,574.0,1,2,0
20,25,370.0,475.0,385.0,475.0,385.0,460.0,370.0,460.0,1,2,0
20,26,937.0,612.0,953.0,612.0,953.0,596.0,937.0,596.0,1,2,0
20,27,234.0,883.0,270.0,856.0,261.0,843.0,225.0,870.0,1,1,0
20,28,186.0,817.0,222.0,790.0,206.0,770.0,170.0,797.0,1,7,0
20,29,287.0,429.0,324.0,406.0,310.0,385.0,273.0,408.0,1,7,0
20,30,224.0,866.0,255.0,833.0,243.0,822.0,212.0,855.0,1,1,0
20,31,624.0,508.0,669.0,503.0,666.0,483.0,622.0,488.0,1,1,0
20,32,171.0,782.0,210.0,777.0,207.0,752.0,168.0,757.0,1,7,0
20,33,1028.0,332.0,1029.0,319.0,1017.0,318.0,1016.0,331.0,1,2,0
20,34,895.0,247.0,979.0,233.0,972.0,190.0,887.0,204.0,1,0,0
20,35,499.0,219.0,518.0,219.0,518.0,200.0,499.0,200.0,1,2,0
20,36,1033.0,692.0,1123.0,649.0,1103.0,607.0,1013.0,650.0,1,0,0
20,37,414.0,42.0,415.0,28.0,374.0,26.0,373.0,40.0,1,1,0
20,38,994.0,24.0,998.0,5.0,982.0,2.0,978.0,21.0,1,2,0
21,1,621.0,386.0,717.0,362.0,705.0,318.0,610.0,342.0,1,0,0
21,2,710.0,734.0,714.0,686.0,609.0,677.0,604.0,725.0,1,0,0
21,3,967.0,453.0,1012.0,444.0,991.0,338.0,946.0,347.0,1,0,0
21,4,699.0,793.0,702.0,747.0,590.0,741.0,587.0,787.0,1,0,0
21,5,842.0,579.0,888.0,569.0,866.0,468.0,820.0,478.0,1,0,0
21,6,920.0,572.0,971.0,567.0,960.0,468.0,909.0,473.0,1,0,0
21,7,1016.0,320.0,1018.0,273.0,913.0,270.0,911.0,317.0,1,0,0
21,8,1076.0,450.0,1087.0,361.0,1041.0,355.0,1030.0,444.0,1,0,0
21,9,728.0,674.0,737.0,625.0,632.0,607.0,623.0,656.0,1,0,0
21,11,1199.0,464.0,1214.0,423.0,1115.0,385.0,1099.0,426.0,1,0,0
21,12,615.0,563.0,691.0,559.0,690.0,527.0,613.0,531.0,1,6,0
21,14,627.0,503.0,729.0,480.0,719.0,437.0,617.0,460.0,1,0,0
21,15,817.0,453.0,854.0,445.0,834.0,362.0,798.0,370.0,1,3,0
21,16,604.0,332.0,700.0,314.0,693.0,276.0,597.0,294.0,1,0,0
21,17,652.0,610.0,743.0,603.0,740.0,560.0,649.0,567.0,1,0,0
21,19,628.0,448.0,732.0,426.0,723.0,382.0,619.0,404.0,1,0,0
21,20,902.0,462.0,952.0,455.0,936.0,343.0,886.0,350.0,1,3,0
21,22,542.0,627.0,567.0,625.0,564.0,581.0,539.0,583.0,1,7,0
21,23,244.0,846.0,252.0,804.0,227.0,799.0,218.0,841.0,1,7,0
21,24,959.0,588.0,966.0,574.0,952.0,567.0,945.0,581.0,1,2,0
21,25,387.0,491.0,402.0,491.0,402.0,479.0,387.0,479.0,1,2,0
21,26,956.0,624.0,976.0,623.0,975.0,608.0,955.0,609.0,1,2,0
21,27,254.0,898.0,289.0,871.0,279.0,858.0,243.0,885.0,1,1,0
21,28,204.0,835.0,240.0,804.0,224.0,785.0,188.0,816.0,1,7,0
21,29,306.0,446.0,339.0,423.0,324.0,402.0,291.0,425.0,1,7,0
21,30,238.0,881.0,271.0,848.0,260.0,838.0,227.0,871.0,1,1,0
21,31,640.0,526.0,685.0,518.0,682.0,499.0,637.0,507.0,1,1,0
21,32,189.0,797.0,233.0,793.0,230.0,767.0,186.0,771.0,1,7,0
21,33,1021.0,346.0,1038.0,346.0,1038.0,331.0,1021.0,331.0,1,2,0
21,34,913.0,264.0,994.0,248.0,985.0,206.0,904.0,222.0,1,0,0
21,35,518.0,239.0,534.0,239.0,534.0,227.0,518.0,227.0,1,2,0
21,36,1007.0,727.0,1100.0,686.0,1083.0,646.0,990.0,687.0,1,0,0
21,37,392.0,57.0,431.0,57.0,431.0,45.0,392.0,45.0,1,1,0
21,38,1000.0,43.0,1017.0,43.0,1017.0,26.0,1000.0,26.0,1,2,0
21,39,415.0,37.0,435.0,23.0,411.0,-12.0,390.0,2.0,1,7,0
21,40,1018.0,31.0,1033.0,31.0,1033.0,15.0,1018.0,15.0,1,2,0
22,1,618.0,400.0,714.0,374.0,701.0,329.0,605.0,355.0,1,0,0
22,2,705.0,746.0,710.0,699.0,603.0,688.0,599.0,735.0,1,0,0
22,3,964.0,465.0,1008.0,456.0,985.0,350.0,942.0,359.0,1,0,0
22,4,695.0,804.0,698.0,756.0,588.0,751.0,585.0,799.0,1,0,0
22,5,839.0,590.0,884.0,580.0,863.0,481.0,818.0,491.0,1,0,0
22,6,920.0,586.0,969.0,577.0,952.0,477.0,903.0,486.0,1,0,0
22,7,1011.0,332.0,1013.0,288.0,912.0,282.0,909.0,326.0,1,0,0
22,8,1070.0,462.0,1083.0,373.0,1037.0,367.0,1025.0,456.0,1,0,0
22,9,725.0,686.0,731.0,635.0,626.0,622.0,620.0,673.0,1,0,0
22,11,1197.0,474.0,1212.0,431.0,1111.0,398.0,1096.0,441.0,1,0,0
22,12,613.0,575.0,686.0,572.0,685.0,541.0,611.0,544.0,1,6,0
22,14,626.0,514.0,726.0,491.0,716.0,451.0,616.0,474.0,1,0,0
22,15,814.0,466.0,850.0,457.0,830.0,374.0,794.0,383.0,1,3,0
22,16,599.0,345.0,694.0,327.0,687.0,287.0,592.0,305.0,1,0,0
22,17,649.0,621.0,738.0,615.0,736.0,572.0,647.0,578.0,1,0,0
22,19,623.0,460.0,728.0,434.0,717.0,393.0,613.0,419.0,1,0,0
22,20,899.0,471.0,948.0,464.0,932.0,353.0,883.0,360.0,1,3,0
22,22,537.0,638.0,563.0,637.0,562.0,594.0,536.0,595.0,1,7,0
22,23,236.0,858.0,249.0,815.0,228.0,809.0,215.0,852.0,1,7,0
22,24,962.0,595.0,965.0,580.0,944.0,576.0,941.0,591.0,1,2,0
22,25,381.0,502.0,399.0,502.0,399.0,490.0,381.0,490.0,1,2,0
22,26,961.0,629.0,976.0,629.0,976.0,615.0,961.0,615.0,1,2,0
22,27,253.0,906.0,283.0,880.0,275.0,870.0,244.0,896.0,1,1,0
22,28,203.0,847.0,235.0,815.0,217.0,798.0,185.0,830.0,1,7,0
22,29,302.0,458.0,336.0,435.0,320.0,412.0,286.0,435.0,1,7,0
22,30,240.0,887.0,266.0,860.0,256.0,850.0,230.0,877.0,1,1,0
22,31,641.0,537.0,681.0,529.0,677.0,510.0,637.0,518.0,1,1,0
22,32,184.0,809.0,222.0,803.0,219.0,781.0,181.0,787.0,1,7,0
22,33,1012.0,355.0,1029.0,355.0,1029.0,341.0,1012.0,341.0,1,2,0
22,34,903.0,278.0,996.0,257.0,988.0,221.0,895.0,242.0,1,0,0
22,35,514.0,258.0,528.0,258.0,528.0,240.0,514.0,240.0,1,2,0
22,36,972.0,763.0,1059.0,714.0,1036.0,674.0,949.0,723.0,1,0,0
22,37,388.0,70.0,427.0,70.0,427.0,53.0,388.0,53.0,1,1,0
22,38,998.0,63.0,1017.0,63.0,1017.0,45.0,998.0,45.0,1,2,0
22,39,412.0,49.0,433.0,32.0,407.0,0.0,386.0,17.0,1,7,0
22,40,1015.0,45.0,1029.0,45.0,1029.0,33.0,1015.0,33.0,1,2,0
23,1,627.0,399.0,726.0,374.0,714.0,326.0,615.0,351.0,1,0,0
23,2,719.0,748.0,723.0,697.0,615.0,687.0,611.0,738.0,1,0,0
23,3,972.0,464.0,1021.0,455.0,1002.0,350.0,953.0,359.0,1,0,0
23,4,709.0,804.0,711.0,755.0,597.0,750.0,595.0,799.0,1,0,0
23,5,847.0,591.0,897.0,581.0,877.0,480.0,827.0,490.0,1,0,0
23,6,930.0,586.0,983.0,577.0,966.0,475.0,913.0,484.0,1,0,0
23,7,1025.0,333.0,1027.0,284.0,921.0,280.0,918.0,329.0,1,0,0
23,8,1084.0,462.0,1096.0,371.0,1048.0,365.0,1036.0,456.0,1,0,0
23,9,738.0,685.0,746.0,634.0,639.0,618.0,631.0,669.0,1,0,0
23,11,1211.0,479.0,1228.0,433.0,1124.0,395.0,1107.0,441.0,1,0,0
23,12,625.0,575.0,696.0,572.0,695.0,541.0,624.0,544.0,1,6,0
23,14,634.0,515.0,735.0,493.0,726.0,450.0,625.0,472.0,1,0,0
23,15,823.0,465.0,862.0,456.0,843.0,372.0,804.0,381.0,1,3,0
23,16,611.0,345.0,706.0,328.0,699.0,287.0,604.0,304.0,1,0,0
23,17,660.0,622.0,752.0,616.0,749.0,570.0,657.0,576.0,1,0,0
23,19,635.0,461.0,742.0,436.0,731.0,391.0,625.0,416.0,1,0,0
23,20,914.0,472.0,958.0,465.0,939.0,352.0,895.0,359.0,1,3,0
23,22,548.0,639.0,574.0,638.0,572.0,595.0,546.0,596.0,1,7,0
23,23,253.0,855.0,261.0,813.0,236.0,808.0,228.0,850.0,1,7,0
23,24,968.0,590.0,984.0,589.0,982.0,570.0,966.0,571.0,1,2,0
23,25,396.0,504.0,411.0,500.0,407.0,485.0,392.0,489.0,1,2,0
23,26,974.0,626.0,993.0,626.0,993.0,604.0,974.0,604.0,1,2,0
23,27,259.0,908.0,295.0,882.0,286.0,869.0,250.0,895.0,1,1,0
23,28,213.0,845.0,246.0,817.0,229.0,797.0,196.0,825.0,1,7,0
23,29,316.0,457.0,349.0,434.0,333.0,411.0,300.0,434.0,1,7,0
23,30,249.0,893.0,279.0,857.0,266.0,846.0,236.0,882.0,1,1,0
23,31,650.0,536.0,693.0,532.0,691.0,512.0,649.0,516.0,1,1,0
23,32,196.0,808.0,238.0,805.0,237.0,779.0,195.0,782.0,1,7,0
23,33,1019.0,355.0,1031.0,354.0,1030.0,338.0,1018.0,339.0,1,2,0
23,34,919.0,273.0,1003.0,260.0,997.0,220.0,913.0,233.0,1,0,0
23,35,527.0,258.0,542.0,258.0,542.0,247.0,527.0,247.0,1,2,0
23,36,951.0,787.0,1039.0,733.0,1014.0,692.0,926.0,746.0,1,0,0
23,37,399.0,68.0,441.0,68.0,441.0,54.0,399.0,54.0,1,1,0
23,38,1014.0,66.0,1032.0,66.0,1032.0,50.0,1014.0,50.0,1,2,0
23,39,426.0,48.0,445.0,29.0,414.0,0.0,395.0,19.0,1,7,0
23,40,1029.0,54.0,1046.0,54.0,1046.0,34.0,1029.0,34.0,1,2,0
23,41,960.0,28.0,979.0,16.0,970.0,2.0,951.0,14.0,1,2,0
24,1,617.0,420.0,716.0,395.0,705.0,348.0,606.0,373.0,1,0,0
24,2,705.0,768.0,711.0,720.0,606.0,709.0,600.0,757.0,1,0,0
24,3,965.0,483.0,1011.0,472.0,988.0,370.0,942.0,381.0,1,0,0
24,4,696.0,826.0,699.0,778.0,587.0,772.0,585.0,820.0,1,0,0
24,5,838.0,611.0,885.0,602.0,866.0,498.0,819.0,507.0,1,0,0
24,6,916.0,608.0,971.0,600.0,956.0,496.0,901.0,504.0,1,0,0
24,7,1015.0,354.0,1016.0,305.0,908.0,301.0,907.0,350.0,1,0,0
24,8,1071.0,483.0,1084.0,394.0,1038.0,387.0,1025.0,476.0,1,0,0
24,9,724.0,708.0,733.0,658.0,629.0,639.0,620.0,689.0,1,0,0
24,11,1195.0,499.0,1212.0,457.0,1114.0,418.0,1098.0,460.0,1,0,0
24,12,612.0,599.0,689.0,594.0,686.0,561.0,610.0,566.0,1,6,0
24,14,624.0,536.0,728.0,511.0,718.0,469.0,614.0,494.0,1,0,0
24,15,815.0,486.0,855.0,475.0,832.0,393.0,792.0,404.0,1,3,0
24,16,597.0,368.0,695.0,350.0,688.0,309.0,590.0,327.0,1,0,0
24,17,650.0,644.0,739.0,636.0,735.0,591.0,646.0,599.0,1,0,0
24,19,623.0,482.0,732.0,456.0,722.0,415.0,613.0,441.0,1,0,0
24,20,903.0,493.0,949.0,485.0,930.0,373.0,883.0,381.0,1,3,0
24,22,537.0,662.0,565.0,659.0,560.0,613.0,532.0,616.0,1,7,0
24,23,244.0,878.0,248.0,837.0,220.0,834.0,216.0,875.0,1,7,0
24,24,967.0,612.0,978.0,597.0,964.0,587.0,953.0,602.0,1,2,0
24,25,383.0,524.0,403.0,519.0,399.0,504.0,379.0,509.0,1,2,0
24,26,969.0,638.0,983.0,638.0,983.0,624.0,969.0,624.0,1,2,0
24,28,201.0,869.0,233.0,843.0,216.0,822.0,183.0,848.0,1,7,0
24,29,305.0,479.0,339.0,452.0,322.0,431.0,288.0,458.0,1,7,0
24,30,242.0,907.0,269.0,880.0,257.0,869.0,231.0,896.0,1,1,0
24,31,638.0,555.0,680.0,552.0,678.0,532.0,636.0,535.0,1,1,0
24,32,186.0,831.0,223.0,824.0,219.0,803.0,182.0,810.0,1,7,0
24,33,989.0,374.0,1012.0,374.0,1012.0,359.0,989.0,359.0,1,2,0
24,34,909.0,295.0,995.0,279.0,988.0,239.0,902.0,255.0,1,0,0
24,35,517.0,290.0,534.0,290.0,534.0,274.0,517.0,274.0,1,2,0
24,36,911.0,829.0,991.0,770.0,965.0,735.0,885.0,794.0,1,0,0
24,37,388.0,88.0,431.0,88.0,431.0,72.0,388.0,72.0,1,1,0
24,38,1008.0,100.0,1022.0,100.0,1022.0,76.0,1008.0,76.0,1,2,0
24,39,417.0,67.0,434.0,46.0,402.0,20.0,385.0,41.0,1,7,0
24,40,1019.0,83.0,1036.0,83.0,1036.0,68.0,1019.0,68.0,1,2,0
24,41,947.0,62.0,966.0,62.0,966.0,39.0,947.0,39.0,1,2,0
24,42,136.0,356.0,154.0,356.0,154.0,340.0,136.0,340.0,1,2,0
25,1,631.0,442.0,729.0,416.0,717.0,370.0,619.0,396.0,1,0,0
25,2,728.0,788.0,731.0,738.0,623.0,730.0,619.0,780.0,1,0,0
25,3,978.0,502.0,1026.0,491.0,1001.0,385.0,953.0,396.0,1,0,0
25,4,717.0,845.0,718.0,796.0,608.0,794.0,607.0,843.0,1,0,0
25,5,854.0,631.0,902.0,620.0,880.0,518.0,831.0,529.0,1,0,0
25,6,940.0,623.0,989.0,613.0,969.0,514.0,919.0,524.0,1,0,0
25,7,1027.0,369.0,1028.0,321.0,922.0,318.0,921.0,366.0,1,0,0
25,8,1090.0,495.0,1096.0,405.0,1050.0,402.0,1044.0,492.0,1,0,0
25,9,745.0,727.0,752.0,675.0,645.0,661.0,639.0,713.0,1,0,0
25,11,1217.0,513.0,1232.0,470.0,1125.0,432.0,1110.0,476.0,1,0,0
25,12,630.0,617.0,705.0,614.0,704.0,581.0,629.0,584.0,1,6,0
25,14,642.0,556.0,743.0,533.0,734.0,490.0,633.0,513.0,1,0,0
25,15,830.0,505.0,868.0,494.0,844.0,411.0,806.0,422.0,1,3,0
25,16,615.0,390.0,710.0,368.0,700.0,326.0,605.0,348.0,1,0,0
25,17,666.0,664.0,758.0,657.0,755.0,612.0,663.0,619.0,1,0,0
25,19,639.0,503.0,746.0,476.0,735.0,433.0,628.0,460.0,1,0,0
25,20,916.0,511.0,960.0,505.0,943.0,391.0,899.0,397.0,1,3,0
25,22,554.0,682.0,580.0,681.0,578.0,637.0,552.0,638.0,1,7,0
25,23,263.0,901.0,272.0,863.0,248.0,858.0,240.0,896.0,1,7,0
25,24,976.0,615.0,998.0,615.0,998.0,599.0,976.0,599.0,1,2,0
25,25,397.0,551.0,418.0,544.0,413.0,528.0,392.0,535.0,1,2,0
25,26,1007.0,651.0,1008.0,632.0,987.0,631.0,986.0,650.0,1,2,0
25,28,221.0,895.0,256.0,868.0,241.0,848.0,205.0,875.0,1,7,0
25,29,320.0,505.0,352.0,478.0,335.0,457.0,303.0,484.0,1,7,0
25,31,654.0,577.0,697.0,572.0,695.0,553.0,651.0,558.0,1,1,0
25,32,204.0,859.0,248.0,852.0,245.0,827.0,201.0,834.0,1,7,0
25,33,1001.0,389.0,1018.0,389.0,1018.0,373.0,1001.0,373.0,1,2,0
25,34,923.0,315.0,1005.0,295.0,996.0,255.0,914.0,275.0,1,0,0
25,35,528.0,313.0,545.0,312.0,544.0,299.0,527.0,300.0,1,2,0
25,36,901.0,870.0,981.0,812.0,955.0,775.0,875.0,833.0,1,0,0
25,37,398.0,114.0,439.0,113.0,438.0,99.0,397.0,100.0,1,1,0
25,38,1019.0,117.0,1034.0,113.0,1030.0,98.0,1015.0,102.0,1,2,0
25,39,426.0,94.0,442.0,74.0,410.0,47.0,394.0,67.0,1,7,0
25,40,1031.0,104.0,1047.0,101.0,1045.0,85.0,1029.0,88.0,1,2,0
25,41,958.0,87.0,981.0,77.0,976.0,64.0,953.0,74.0,1,2,0
25,42,154.0,401.0,168.0,401.0,168.0,378.0,154.0,378.0,1,2,0
25,43,163.0,387.0,179.0,387.0,179.0,369.0,163.0,369.0,1,2,0
26,1,698.0,449.0,794.0,417.0,779.0,371.0,683.0,403.0,1,0,0
26,2,814.0,788.0,814.0,738.0,706.0,736.0,705.0,786.0,1,0,0
26,3,1050.0,489.0,1099.0,474.0,1067.0,369.0,1017.0,384.0,1,0,0
26,4,695.0,850.0,807.0,848.0,807.0,798.0,695.0,800.0,1,0,0
26,5,933.0,625.0,980.0,612.0,951.0,509.0,904.0,522.0,1,0,0
26,6,1015.0,614.0,1066.0,601.0,1040.0,499.0,989.0,512.0,1,0,0
26,7,983.0,355.0,1089.0,352.0,1088.0,304.0,982.0,307.0,1,0,0
26,8,1159.0,478.0,1165.0,383.0,1117.0,380.0,1111.0,475.0,1,0,0
26,9,828.0,727.0,832.0,676.0,725.0,668.0,722.0,719.0,1,0,0
26,12,707.0,624.0,781.0,615.0,777.0,584.0,703.0,593.0,1,6,0
26,14,712.0,564.0,812.0,534.0,799.0,492.0,699.0,522.0,1,0,0
26,15,899.0,499.0,938.0,487.0,912.0,405.0,873.0,417.0,1,3,0
26,16,677.0,398.0,771.0,371.0,759.0,328.0,665.0,355.0,1,0,0
26,17,745.0,668.0,836.0,654.0,830.0,610.0,739.0,624.0,1,0,0
26,19,710.0,510.0,813.0,477.0,799.0,433.0,696.0,466.0,1,0,0
26,20,990.0,500.0,1034.0,489.0,1006.0,378.0,962.0,389.0,1,3,0
26,22,634.0,693.0,660.0,692.0,657.0,650.0,631.0,651.0,1,7,0
26,24,1059.0,594.0,1080.0,593.0,1080.0,577.0,1059.0,578.0,1,2,0
26,25,465.0,568.0,489.0,567.0,488.0,551.0,465.0,552.0,1,2,0
26,26,1082.0,632.0,1094.0,625.0,1083.0,607.0,1071.0,614.0,1,2,0
26,28,311.0,925.0,347.0,891.0,330.0,874.0,294.0,907.0,1,7,0
26,29,388.0,527.0,421.0,504.0,405.0,483.0,373.0,506.0,1,7,0
26,31,729.0,584.0,773.0,574.0,769.0,554.0,725.0,564.0,1,1,0
26,32,299.0,886.0,339.0,879.0,335.0,857.0,295.0,864.0,1,7,0
26,33,1055.0,372.0,1072.0,372.0,1072.0,359.0,1055.0,359.0,1,2,0
26,34,979.0,302.0,1065.0,281.0,1055.0,239.0,969.0,260.0,1,0,0
26,35,600.0,335.0,606.0,318.0,590.0,312.0,584.0,329.0,1,2,0
26,36,973.0,889.0,1047.0,820.0,1014.0,785.0,940.0,855.0,1,0,0
26,37,443.0,138.0,486.0,134.0,484.0,118.0,441.0,122.0,1,1,0
26,38,1065.0,108.0,1081.0,108.0,1081.0,89.0,1065.0,89.0,1,2,0
26,39,467.0,115.0,483.0,98.0,454.0,69.0,437.0,86.0,1,7,0
26,40,1081.0,93.0,1096.0,92.0,1095.0,72.0,1080.0,73.0,1,2,0
26,41,1006.0,82.0,1023.0,82.0,1023.0,65.0,1006.0,65.0,1,2,0
26,42,219.0,438.0,234.0,438.0,234.0,423.0,219.0,423.0,1,2,0
26,43,231.0,433.0,247.0,433.0,247.0,412.0,231.0,412.0,1,2,0
27,1,655.0,475.0,749.0,441.0,732.0,395.0,638.0,429.0,1,0,0
27,2,774.0,813.0,775.0,763.0,665.0,761.0,665.0,811.0,1,0,0
27,3,1005.0,508.0,1050.0,493.0,1016.0,393.0,971.0,408.0,1,0,0
27,4,657.0,875.0,767.0,872.0,765.0,821.0,656.0,824.0,1,0,0
27,5,889.0,645.0,937.0,631.0,907.0,533.0,859.0,547.0,1,0,0
27,6,971.0,634.0,1020.0,622.0,995.0,522.0,945.0,534.0,1,0,0
27,7,936.0,378.0,1042.0,374.0,1040.0,324.0,934.0,328.0,1,0,0
27,8,1111.0,497.0,1115.0,406.0,1068.0,404.0,1064.0,495.0,1,0,0
27,9,786.0,749.0,788.0,700.0,682.0,695.0,679.0,744.0,1,0,0
27,11,1233.0,502.0,1248.0,455.0,1146.0,424.0,1131.0,471.0,1,0,0
27,12,661.0,650.0,737.0,641.0,734.0,610.0,658.0,619.0,1,6,0
27,14,671.0,589.0,770.0,557.0,756.0,515.0,657.0,547.0,1,0,0
27,15,858.0,522.0,895.0,508.0,865.0,427.0,827.0,441.0,1,3,0
27,16,631.0,421.0,725.0,394.0,714.0,356.0,620.0,383.0,1,0,0
27,17,705.0,694.0,794.0,680.0,786.0,635.0,697.0,649.0,1,0,0
27,19,665.0,536.0,769.0,502.0,754.0,458.0,650.0,492.0,1,0,0
27,20,945.0,523.0,990.0,510.0,958.0,399.0,913.0,412.0,1,3,0
27,22,594.0,720.0,621.0,717.0,616.0,675.0,589.0,678.0,1,7,0
27,24,1024.0,610.0,1040.0,603.0,1030.0,582.0,1014.0,589.0,1,2,0
27,25,425.0,594.0,444.0,594.0,444.0,577.0,425.0,577.0,1,2,0
27,26,1035.0,645.0,1053.0,638.0,1046.0,620.0,1028.0,627.0,1,2,0
27,29,343.0,561.0,377.0,534.0,359.0,513.0,326.0,540.0,1,7,0
27,31,684.0,609.0,728.0,600.0,724.0,579.0,680.0,588.0,1,1,0
27,33,1004.0,395.0,1018.0,394.0,1017.0,378.0,1003.0,379.0,1,2,0
27,34,931.0,324.0,1014.0,302.0,1004.0,262.0,921.0,284.0,1,0,0
27,35,551.0,368.0,564.0,350.0,551.0,341.0,538.0,359.0,1,2,0
27,36,912.0,934.0,983.0,862.0,948.0,828.0,877.0,900.0,1,0,0
27,37,395.0,166.0,438.0,160.0,435.0,145.0,392.0,151.0,1,1,0
27,38,1020.0,132.0,1038.0,124.0,1033.0,113.0,1015.0,121.0,1,2,0
27,39,420.0,142.0,436.0,122.0,404.0,98.0,388.0,118.0,1,7,0
27,40,1031.0,118.0,1046.0,118.0,1046.0,103.0,1031.0,103.0,1,2,0
27,41,955.0,121.0,977.0,120.0,976.0,98.0,954.0,99.0,1,2,0
27,42,192.0,479.0,192.0,464.0,177.0,463.0,176.0,478.0,1,2,0
27,43,187.0,471.0,202.0,471.0,202.0,452.0,187.0,452.0,1,2,0
28,1,657.0,492.0,753.0,458.0,736.0,412.0,641.0,446.0,1,0,0
28,2,779.0,829.0,780.0,779.0,670.0,777.0,669.0,827.0,1,0,0
28,3,1010.0,525.0,1056.0,510.0,1021.0,408.0,975.0,423.0,1,0,0
28,4,660.0,891.0,772.0,889.0,771.0,839.0,659.0,841.0,1,0,0
28,5,893.0,661.0,941.0,647.0,912.0,548.0,864.0,562.0,1,0,0
28,6,975.0,651.0,1027.0,638.0,1001.0,536.0,949.0,549.0,1,0,0
28,7,942.0,393.0,1048.0,389.0,1046.0,340.0,939.0,344.0,1,0,0
28,8,1117.0,511.0,1120.0,421.0,1072.0,419.0,1069.0,509.0,1,0,0
28,9,792.0,766.0,794.0,714.0,688.0,709.0,685.0,761.0,1,0,0
28,11,1245.0,519.0,1258.0,473.0,1150.0,441.0,1137.0,487.0,1,0,0
28,12,668.0,666.0,744.0,659.0,741.0,625.0,665.0,632.0,1,6,0
28,14,675.0,606.0,776.0,573.0,763.0,531.0,662.0,564.0,1,0,0
28,15,860.0,541.0,899.0,526.0,867.0,444.0,828.0,459.0,1,3,0
28,16,634.0,437.0,728.0,409.0,717.0,372.0,623.0,400.0,1,0,0
28,17,710.0,709.0,800.0,694.0,792.0,651.0,702.0,666.0,1,0,0
28,19,670.0,551.0,773.0,516.0,759.0,472.0,656.0,507.0,1,0,0
28,20,948.0,539.0,991.0,527.0,961.0,417.0,918.0,429.0,1,3,0
28,22,599.0,736.0,624.0,734.0,621.0,688.0,596.0,690.0,1,7,0
28,24,1032.0,621.0,1047.0,613.0,1037.0,594.0,1021.0,602.0,1,2,0
28,25,431.0,606.0,450.0,606.0,450.0,592.0,431.0,592.0,1,2,0
28,26,1042.0,651.0,1059.0,650.0,1057.0,630.0,1041.0,631.0,1,2,0
28,29,352.0,576.0,382.0,550.0,364.0,529.0,334.0,555.0,1,7,0
28,31,691.0,625.0,736.0,614.0,731.0,594.0,686.0,605.0,1,1,0
28,33,996.0,410.0,1014.0,410.0,1014.0,394.0,996.0,394.0,1,2,0
28,34,937.0,340.0,1019.0,318.0,1008.0,278.0,927.0,300.0,1,0,0
28,35,551.0,383.0,567.0,383.0,567.0,366.0,551.0,366.0,1,2,0
28,37,398.0,181.0,441.0,177.0,440.0,161.0,396.0,165.0,1,1,0
28,38,1025.0,161.0,1039.0,161.0,1039.0,137.0,1025.0,137.0,1,2,0
28,39,427.0,159.0,443.0,136.0,407.0,112.0,391.0,135.0,1,7,0
28,40,1037.0,142.0,1052.0,142.0,1052.0,127.0,1037.0,127.0,1,2,0
28,41,967.0,142.0,981.0,142.0,981.0,129.0,967.0,129.0,1,2,0
28,42,184.0,503.0,198.0,503.0,198.0,489.0,184.0,489.0,1,2,0
28,43,208.0,497.0,209.0,478.0,193.0,477.0,192.0,496.0,1,2,0
29,1,660.0,508.0,754.0,475.0,739.0,431.0,645.0,464.0,1,0,0
29,2,779.0,847.0,779.0,797.0,672.0,795.0,672.0,845.0,1,0,0
29,3,1012.0,542.0,1059.0,526.0,1024.0,423.0,976.0,439.0,1,0,0
29,4,663.0,908.0,775.0,905.0,773.0,854.0,662.0,857.0,1,0,0
29,5,896.0,682.0,944.0,668.0,915.0,567.0,866.0,581.0,1,0,0
29,6,978.0,665.0,1029.0,651.0,1002.0,553.0,951.0,567.0,1,0,0
29,7,941.0,411.0,1049.0,407.0,1047.0,358.0,939.0,362.0,1,0,0
29,8,1119.0,529.0,1122.0,439.0,1078.0,438.0,1075.0,528.0,1,0,0
29,9,795.0,784.0,798.0,732.0,689.0,726.0,686.0,778.0,1,0,0
29,11,1238.0,535.0,1253.0,488.0,1153.0,458.0,1138.0,505.0,1,0,0
29,12,671.0,684.0,743.0,674.0,739.0,644.0,666.0,654.0,1,6,0
29,14,675.0,622.0,777.0,590.0,764.0,549.0,663.0,581.0,1,0,0
29,15,862.0,556.0,900.0,543.0,871.0,463.0,834.0,476.0,1,3,0
29,16,637.0,456.0,730.0,429.0,719.0,389.0,626.0,416.0,1,0,0
29,17,712.0,726.0,801.0,712.0,794.0,667.0,705.0,681.0,1,0,0
29,19,673.0,569.0,776.0,534.0,762.0,490.0,659.0,525.0,1,0,0
29,20,950.0,556.0,996.0,544.0,966.0,433.0,921.0,445.0,1,3,0
29,22,602.0,752.0,628.0,750.0,625.0,706.0,598.0,708.0,1,7,0
29,24,1028.0,629.0,1050.0,629.0,1050.0,605.0,1028.0,605.0,1,2,0
29,25,433.0,620.0,452.0,619.0,451.0,605.0,432.0,606.0,1,2,0
29,26,1047.0,663.0,1064.0,663.0,1064.0,644.0,1047.0,644.0,1,2,0
29,29,356.0,592.0,384.0,564.0,367.0,546.0,339.0,574.0,1,7,0
29,31,695.0,643.0,736.0,633.0,731.0,613.0,690.0,623.0,1,1,0
29,33,985.0,428.0,1008.0,428.0,1008.0,414.0,985.0,414.0,1,2,0
29,34,939.0,358.0,1023.0,336.0,1012.0,295.0,929.0,317.0,1,0,0
29,35,571.0,404.0,572.0,386.0,555.0,385.0,554.0,403.0,1,2,0
29,37,402.0,199.0,445.0,194.0,442.0,177.0,399.0,182.0,1,1,0
29,38,1030.0,181.0,1046.0,181.0,1046.0,165.0,1030.0,165.0,1,2,0
29,39,429.0,175.0,444.0,154.0,408.0,130.0,394.0,152.0,1,7,0
29,40,1043.0,165.0,1058.0,165.0,1058.0,149.0,1043.0,149.0,1,2,0
29,41,976.0,177.0,995.0,164.0,985.0,149.0,965.0,162.0,1,2,0
29,42,196.0,533.0,206.0,514.0,195.0,508.0,184.0,527.0,1,2,0
29,43,217.0,520.0,217.0,499.0,196.0,499.0,196.0,520.0,1,2,0
30,1,668.0,536.0,762.0,502.0,745.0,457.0,651.0,491.0,1,0,0
30,2,788.0,874.0,788.0,823.0,679.0,822.0,679.0,873.0,1,0,0
30,3,1019.0,571.0,1064.0,556.0,1029.0,451.0,984.0,466.0,1,0,0
30,5,901.0,708.0,949.0,694.0,920.0,593.0,872.0,607.0,1,0,0
30,6,988.0,695.0,1036.0,682.0,1009.0,581.0,961.0,594.0,1,0,0
30,7,949.0,439.0,1056.0,435.0,1054.0,385.0,947.0,389.0,1,0,0
30,8,1126.0,558.0,1128.0,466.0,1081.0,465.0,1079.0,557.0,1,0,0
30,9,801.0,811.0,804.0,760.0,696.0,754.0,693.0,805.0,1,0,0
30,12,677.0,712.0,754.0,704.0,751.0,671.0,674.0,679.0,1,6,0
30,14,685.0,649.0,784.0,617.0,770.0,576.0,671.0,608.0,1,0,0
30,15,870.0,583.0,906.0,570.0,877.0,490.0,840.0,503.0,1,3,0
30,16,646.0,484.0,739.0,457.0,727.0,416.0,634.0,443.0,1,0,0
30,17,718.0,756.0,809.0,740.0,801.0,695.0,710.0,711.0,1,0,0
30,19,679.0,596.0,783.0,561.0,769.0,517.0,665.0,552.0,1,0,0
30,20,957.0,583.0,999.0,573.0,972.0,461.0,931.0,471.0,1,3,0
30,22,607.0,781.0,634.0,779.0,629.0,733.0,603.0,735.0,1,7,0
30,24,1041.0,648.0,1060.0,648.0,1060.0,627.0,1041.0,627.0,1,2,0
30,25,438.0,645.0,455.0,644.0,455.0,628.0,438.0,629.0,1,2,0
30,26,1057.0,683.0,1074.0,683.0,1074.0,661.0,1057.0,661.0,1,2,0
30,29,359.0,618.0,391.0,592.0,374.0,572.0,342.0,598.0,1,7,0
30,31,700.0,669.0,740.0,660.0,736.0,641.0,695.0,650.0,1,1,0
30,33,1008.0,455.0,1008.0,440.0,990.0,440.0,990.0,455.0,1,2,0
30,34,946.0,387.0,1029.0,361.0,1016.0,321.0,934.0,347.0,1,0,0
30,35,562.0,434.0,576.0,434.0,576.0,420.0,562.0,420.0,1,2,0
30,37,409.0,224.0,451.0,221.0,449.0,205.0,407.0,208.0,1,1,0
30,38,1036.0,218.0,1057.0,218.0,1057.0,196.0,1036.0,196.0,1,2,0
30,39,436.0,202.0,450.0,181.0,415.0,159.0,401.0,180.0,1,7,0
30,40,1053.0,202.0,1067.0,202.0,1067.0,178.0,1053.0,178.0,1,2,0
30,41,998.0,217.0,1008.0,199.0,985.0,187.0,976.0,205.0,1,2,0
30,42,193.0,567.0,210.0,564.0,207.0,549.0,190.0,552.0,1,2,0
30,43,208.0,558.0,224.0,558.0,224.0,537.0,208.0,537.0,1,2,0
30,44,130.0,13.0,136.0,1.0,116.0,-10.0,110.0,2.0,1,2,0
31,1,686.0,534.0,780.0,501.0,763.0,455.0,669.0,488.0,1,0,0
31,2,807.0,871.0,808.0,822.0,698.0,821.0,697.0,870.0,1,0,0
31,3,1036.0,569.0,1081.0,554.0,1047.0,450.0,1002.0,465.0,1,0,0
31,5,921.0,705.0,968.0,691.0,939.0,592.0,891.0,606.0,1,0,0
31,6,1002.0,692.0,1054.0,679.0,1029.0,581.0,977.0,594.0,1,0,0
31,7,967.0,437.0,1072.0,433.0,1070.0,385.0,966.0,389.0,1,0,0
31,8,1146.0,556.0,1150.0,460.0,1100.0,458.0,1096.0,554.0,1,0,0
31,9,819.0,810.0,822.0,757.0,715.0,753.0,713.0,806.0,1,0,0
31,12,695.0,711.0,773.0,701.0,769.0,669.0,691.0,679.0,1,6,0
31,14,703.0,649.0,801.0,616.0,787.0,574.0,689.0,607.0,1,0,0
31,15,892.0,582.0,926.0,568.0,893.0,487.0,858.0,501.0,1,3,0
31,16,664.0,483.0,757.0,455.0,744.0,415.0,651.0,443.0,1,0,0
31,17,736.0,753.0,827.0,737.0,820.0,693.0,729.0,709.0,1,0,0
31,19,696.0,596.0,801.0,561.0,787.0,517.0,682.0,552.0,1,0,0
31,20,976.0,581.0,1020.0,569.0,992.0,460.0,948.0,472.0,1,3,0
31,22,625.0,780.0,653.0,778.0,650.0,734.0,622.0,736.0,1,7,0
31,24,1065.0,642.0,1081.0,634.0,1073.0,616.0,1057.0,624.0,1,2,0
31,25,457.0,640.0,473.0,640.0,473.0,623.0,457.0,623.0,1,2,0
31,26,1082.0,680.0,1098.0,671.0,1088.0,653.0,1072.0,662.0,1,2,0
31,29,377.0,620.0,409.0,592.0,392.0,571.0,359.0,599.0,1,7,0
31,31,719.0,668.0,762.0,657.0,758.0,638.0,714.0,649.0,1,1,0
31,33,995.0,454.0,1017.0,454.0,1017.0,439.0,995.0,439.0,1,2,0
31,34,964.0,381.0,1046.0,361.0,1036.0,321.0,955.0,341.0,1,0,0
31,35,582.0,438.0,596.0,438.0,596.0,420.0,582.0,420.0,1,2,0
31,37,425.0,225.0,467.0,220.0,466.0,204.0,423.0,209.0,1,1,0
31,38,1063.0,218.0,1080.0,218.0,1080.0,202.0,1063.0,202.0,1,2,0
31,39,452.0,200.0,465.0,181.0,430.0,158.0,417.0,177.0,1,7,0
31,40,1073.0,199.0,1088.0,199.0,1088.0,185.0,1073.0,185.0,1,2,0
31,41,1013.0,220.0,1036.0,211.0,1030.0,195.0,1007.0,204.0,1,2,0
31,42,216.0,574.0,231.0,574.0,231.0,551.0,216.0,551.0,1,2,0
31,43,230.0,567.0,245.0,567.0,245.0,545.0,230.0,545.0,1,2,0
31,44,139.0,29.0,157.0,17.0,146.0,-1.0,128.0,11.0,1,2,0
32,1,690.0,543.0,785.0,509.0,769.0,462.0,673.0,496.0,1,0,0
32,2,811.0,878.0,812.0,829.0,703.0,827.0,703.0,876.0,1,0,0
32,3,1043.0,575.0,1088.0,560.0,1053.0,457.0,1008.0,472.0,1,0,0
32,5,926.0,710.0,973.0,696.0,944.0,598.0,897.0,612.0,1,0,0
32,6,1009.0,700.0,1059.0,687.0,1032.0,586.0,982.0,599.0,1,0,0
32,7,970.0,444.0,1079.0,440.0,1078.0,390.0,969.0,394.0,1,0,0
32,8,1151.0,560.0,1154.0,470.0,1105.0,468.0,1102.0,558.0,1,0,0
32,9,824.0,815.0,826.0,765.0,719.0,761.0,717.0,811.0,1,0,0
32,12,704.0,717.0,778.0,709.0,774.0,677.0,701.0,685.0,1,6,0
32,14,706.0,656.0,805.0,624.0,792.0,582.0,693.0,614.0,1,0,0
32,15,892.0,588.0,929.0,575.0,900.0,494.0,863.0,507.0,1,3,0
32,16,667.0,490.0,762.0,462.0,750.0,422.0,655.0,450.0,1,0,0
32,17,743.0,760.0,832.0,745.0,824.0,701.0,735.0,716.0,1,0,0
32,19,702.0,602.0,805.0,567.0,791.0,523.0,688.0,558.0,1,0,0
32,20,979.0,589.0,1025.0,576.0,994.0,465.0,948.0,478.0,1,3,0
32,22,631.0,787.0,657.0,785.0,654.0,737.0,627.0,739.0,1,7,0
32,24,1067.0,638.0,1087.0,638.0,1087.0,614.0,1067.0,614.0,1,2,0
32,25,462.0,643.0,478.0,642.0,478.0,629.0,462.0,630.0,1,2,0
32,26,1084.0,674.0,1103.0,674.0,1103.0,653.0,1084.0,653.0,1,2,0
32,29,384.0,625.0,413.0,598.0,395.0,580.0,367.0,607.0,1,7,0
32,31,723.0,675.0,765.0,665.0,760.0,645.0,719.0,655.0,1,1,0
32,33,1018.0,459.0,1018.0,444.0,996.0,444.0,996.0,459.0,1,2,0
32,34,971.0,388.0,1052.0,365.0,1041.0,326.0,960.0,349.0,1,0,0
32,35,589.0,452.0,605.0,451.0,604.0,431.0,588.0,432.0,1,2,0
32,37,430.0,230.0,472.0,227.0,470.0,211.0,428.0,214.0,1,1,0
32,38,1084.0,234.0,1092.0,221.0,1074.0,209.0,1066.0,222.0,1,2,0
32,39,456.0,210.0,472.0,190.0,439.0,163.0,423.0,183.0,1,7,0
32,40,1094.0,215.0,1102.0,201.0,1082.0,189.0,1074.0,203.0,1,2,0
32,41,1026.0,243.0,1043.0,229.0,1028.0,212.0,1011.0,226.0,1,2,0
32,42,227.0,592.0,241.0,585.0,234.0,571.0,220.0,578.0,1,2,0
32,43,246.0,585.0,259.0,570.0,245.0,557.0,232.0,572.0,1,2,0
32,44,142.0,44.0,158.0,38.0,151.0,19.0,135.0,25.0,1,2,0
32,45,126.0,15.0,144.0,15.0,144.0,-3.0,126.0,-3.0,1,2,0
32,46,120.0,29.0,131.0,24.0,119.0,-2.0,108.0,3.0,1,2,0
33,1,668.0,571.0,763.0,535.0,745.0,490.0,651.0,526.0,1,0,0
33,2,788.0,907.0,788.0,856.0,679.0,854.0,679.0,905.0,1,0,0
33,3,1018.0,604.0,1065.0,589.0,1032.0,487.0,985.0,502.0,1,0,0
33,5,901.0,740.0,948.0,726.0,919.0,627.0,872.0,641.0,1,0,0
33,6,984.0,730.0,1035.0,717.0,1008.0,616.0,958.0,629.0,1,0,0
33,7,948.0,473.0,1056.0,469.0,1054.0,419.0,946.0,423.0,1,0,0
33,8,1126.0,592.0,1129.0,500.0,1081.0,498.0,1077.0,590.0,1,0,0
33,9,802.0,844.0,803.0,793.0,695.0,789.0,693.0,840.0,1,0,0
33,12,678.0,748.0,756.0,735.0,751.0,702.0,673.0,715.0,1,6,0
33,14,684.0,684.0,784.0,651.0,770.0,610.0,671.0,643.0,1,0,0
33,15,872.0,618.0,906.0,605.0,876.0,525.0,841.0,538.0,1,3,0
33,16,645.0,520.0,738.0,492.0,725.0,449.0,632.0,477.0,1,0,0
33,17,717.0,790.0,808.0,775.0,800.0,729.0,709.0,744.0,1,0,0
33,19,678.0,631.0,782.0,595.0,768.0,553.0,663.0,589.0,1,0,0
33,20,954.0,617.0,999.0,606.0,971.0,495.0,926.0,506.0,1,3,0
33,22,607.0,814.0,634.0,812.0,629.0,766.0,603.0,768.0,1,7,0
33,24,1064.0,660.0,1065.0,645.0,1046.0,644.0,1045.0,659.0,1,2,0
33,25,437.0,668.0,458.0,667.0,458.0,651.0,437.0,652.0,1,2,0
33,26,1061.0,698.0,1079.0,698.0,1079.0,683.0,1061.0,683.0,1,2,0
33,29,358.0,653.0,390.0,627.0,373.0,607.0,342.0,633.0,1,7,0
33,31,700.0,704.0,743.0,693.0,737.0,673.0,694.0,684.0,1,1,0
33,33,964.0,488.0,986.0,488.0,986.0,476.0,964.0,476.0,1,2,0
33,34,945.0,418.0,1027.0,395.0,1016.0,357.0,934.0,380.0,1,0,0
33,35,567.0,485.0,581.0,484.0,580.0,463.0,566.0,464.0,1,2,0
33,37,408.0,259.0,453.0,253.0,450.0,237.0,405.0,243.0,1,1,0
33,38,1051.0,267.0,1067.0,267.0,1067.0,251.0,1051.0,251.0,1,2,0
33,39,436.0,234.0,450.0,212.0,414.0,191.0,401.0,213.0,1,7,0
33,40,1063.0,251.0,1077.0,251.0,1077.0,230.0,1063.0,230.0,1,2,0
33,41,1022.0,282.0,1022.0,259.0,1001.0,259.0,1001.0,282.0,1,2,0
33,42,215.0,625.0,215.0,603.0,199.0,603.0,199.0,625.0,1,2,0
33,43,230.0,619.0,230.0,598.0,215.0,598.0,215.0,619.0,1,2,0
33,44,118.0,75.0,135.0,75.0,135.0,59.0,118.0,59.0,1,2,0
33,45,107.0,54.0,126.0,54.0,126.0,31.0,107.0,31.0,1,2,0
33,46,91.0,55.0,109.0,55.0,109.0,37.0,91.0,37.0,1,2,0
33,47,342.0,25.0,384.0,17.0,379.0,-10.0,336.0,-2.0,1,7,0
34,1,670.0,575.0,765.0,539.0,747.0,494.0,652.0,530.0,1,0,0
34,2,790.0,908.0,791.0,862.0,682.0,861.0,681.0,907.0,1,0,0
34,3,1019.0,607.0,1065.0,592.0,1032.0,491.0,986.0,506.0,1,0,0
34,5,904.0,745.0,952.0,731.0,923.0,632.0,875.0,646.0,1,0,0
34,6,986.0,733.0,1036.0,720.0,1009.0,622.0,960.0,635.0,1,0,0
34,7,950.0,478.0,1056.0,474.0,1054.0,425.0,948.0,429.0,1,0,0
34,8,1125.0,596.0,1128.0,505.0,1083.0,503.0,1080.0,594.0,1,0,0
34,9,802.0,849.0,805.0,798.0,697.0,792.0,694.0,843.0,1,0,0
34,12,679.0,751.0,752.0,740.0,748.0,708.0,675.0,719.0,1,6,0
34,14,685.0,688.0,783.0,657.0,769.0,615.0,672.0,646.0,1,0,0
34,15,872.0,623.0,908.0,611.0,880.0,529.0,843.0,541.0,1,3,0
34,16,648.0,523.0,742.0,495.0,730.0,454.0,636.0,482.0,1,0,0
34,17,720.0,793.0,811.0,778.0,803.0,734.0,712.0,749.0,1,0,0
34,19,680.0,635.0,785.0,600.0,770.0,555.0,665.0,590.0,1,0,0
34,20,955.0,620.0,1001.0,608.0,972.0,501.0,926.0,513.0,1,3,0
34,22,609.0,819.0,634.0,817.0,630.0,769.0,605.0,771.0,1,7,0
34,24,1049.0,657.0,1069.0,657.0,1069.0,636.0,1049.0,636.0,1,2,0
34,25,457.0,667.0,457.0,651.0,440.0,651.0,440.0,667.0,1,2,0
34,26,1066.0,696.0,1084.0,696.0,1084.0,673.0,1066.0,673.0,1,2,0
34,29,360.0,657.0,393.0,632.0,377.0,610.0,343.0,635.0,1,7,0
34,31,702.0,707.0,743.0,696.0,738.0,678.0,697.0,689.0,1,1,0
34,33,961.0,493.0,979.0,493.0,979.0,480.0,961.0,480.0,1,2,0
34,34,943.0,425.0,1028.0,404.0,1018.0,363.0,933.0,384.0,1,0,0
34,35,570.0,492.0,585.0,491.0,584.0,471.0,568.0,472.0,1,2,0
34,37,410.0,263.0,453.0,258.0,451.0,243.0,408.0,248.0,1,1,0
34,38,1058.0,278.0,1074.0,278.0,1074.0,260.0,1058.0,260.0,1,2,0
34,39,435.0,239.0,452.0,220.0,421.0,193.0,404.0,212.0,1,7,0
34,40,1064.0,260.0,1081.0,260.0,1081.0,240.0,1064.0,240.0,1,2,0
34,41,1016.0,291.0,1032.0,291.0,1032.0,277.0,1016.0,277.0,1,2,0
34,42,217.0,636.0,217.0,618.0,204.0,618.0,204.0,636.0,1,2,0
34,43,232.0,632.0,233.0,607.0,218.0,606.0,216.0,631.0,1,2,0
34,44,121.0,89.0,139.0,89.0,139.0,71.0,121.0,71.0,1,2,0
34,45,129.0,63.0,130.0,45.0,110.0,44.0,110.0,62.0,1,2,0
34,46,116.0,74.0,122.0,61.0,100.0,52.0,94.0,65.0,1,2,0
34,47,346.0,29.0,385.0,19.0,378.0,-10.0,338.0,0.0,1,7,0
35,1,669.0,598.0,763.0,565.0,746.0,519.0,652.0,552.0,1,0,0
35,3,1018.0,634.0,1064.0,619.0,1030.0,515.0,984.0,530.0,1,0,0
35,5,900.0,769.0,949.0,756.0,921.0,656.0,872.0,669.0,1,0,0
35,6,983.0,757.0,1032.0,745.0,1007.0,646.0,958.0,658.0,1,0,0
35,7,949.0,503.0,1056.0,499.0,1054.0,450.0,947.0,454.0,1,0,0
35,8,1126.0,621.0,1130.0,529.0,1084.0,527.0,1080.0,619.0,1,0,0
35,9,800.0,873.0,802.0,821.0,696.0,816.0,693.0,868.0,1,0,0
35,12,679.0,777.0,754.0,766.0,749.0,732.0,674.0,743.0,1,6,0
35,14,685.0,712.0,782.0,680.0,769.0,638.0,671.0,670.0,1,0,0
35,15,869.0,648.0,906.0,635.0,878.0,552.0,841.0,565.0,1,3,0
35,16,648.0,545.0,738.0,519.0,727.0,478.0,636.0,504.0,1,0,0
35,17,717.0,817.0,809.0,802.0,801.0,757.0,709.0,772.0,1,0,0
35,19,678.0,658.0,782.0,624.0,769.0,583.0,664.0,617.0,1,0,0
35,20,955.0,647.0,1001.0,635.0,972.0,525.0,926.0,537.0,1,3,0
35,22,609.0,843.0,634.0,839.0,627.0,796.0,602.0,800.0,1,7,0
35,24,1056.0,680.0,1073.0,670.0,1060.0,650.0,1043.0,660.0,1,2,0
35,25,438.0,688.0,462.0,685.0,461.0,670.0,437.0,673.0,1,2,0
35,26,1073.0,718.0,1085.0,712.0,1076.0,695.0,1064.0,701.0,1,2,0
35,29,358.0,680.0,393.0,653.0,376.0,631.0,341.0,658.0,1,7,0
35,31,700.0,734.0,744.0,722.0,738.0,701.0,695.0,713.0,1,1,0
35,33,955.0,517.0,969.0,516.0,968.0,502.0,954.0,503.0,1,2,0
35,34,946.0,447.0,1027.0,428.0,1018.0,387.0,937.0,406.0,1,0,0
35,35,571.0,522.0,586.0,521.0,584.0,499.0,570.0,500.0,1,2,0
35,37,409.0,285.0,457.0,280.0,455.0,264.0,407.0,269.0,1,1,0
35,38,1061.0,310.0,1078.0,310.0,1078.0,291.0,1061.0,291.0,1,2,0
35,39,433.0,264.0,450.0,247.0,420.0,218.0,403.0,235.0,1,7,0
35,40,1067.0,289.0,1081.0,289.0,1081.0,277.0,1067.0,277.0,1,2,0
35,41,1029.0,332.0,1042.0,318.0,1026.0,304.0,1013.0,318.0,1,2,0
35,42,203.0,668.0,219.0,667.0,218.0,644.0,202.0,645.0,1,2,0
35,43,235.0,662.0,235.0,640.0,216.0,640.0,216.0,662.0,1,2,0
35,44,129.0,126.0,144.0,117.0,133.0,100.0,118.0,109.0,1,2,0
35,45,113.0,95.0,130.0,95.0,130.0,76.0,113.0,76.0,1,2,0
35,46,105.0,105.0,121.0,100.0,115.0,80.0,98.0,85.0,1,2,0
35,47,346.0,57.0,386.0,40.0,373.0,10.0,334.0,27.0,1,7,0
36,1,669.0,606.0,764.0,573.0,748.0,527.0,652.0,561.0,1,0,0
36,3,1018.0,643.0,1064.0,628.0,1030.0,524.0,984.0,539.0,1,0,0
36,5,900.0,777.0,945.0,764.0,917.0,666.0,872.0,679.0,1,0,0
36,6,983.0,769.0,1033.0,757.0,1007.0,654.0,958.0,666.0,1,0,0
36,7,948.0,513.0,1055.0,510.0,1054.0,460.0,947.0,463.0,1,0,0
36,8,1128.0,629.0,1129.0,539.0,1082.0,538.0,1080.0,628.0,1,0,0
36,9,800.0,880.0,802.0,828.0,695.0,823.0,692.0,875.0,1,0,0
36,12,680.0,784.0,754.0,776.0,750.0,741.0,676.0,749.0,1,6,0
36,14,684.0,720.0,784.0,689.0,770.0,647.0,670.0,678.0,1,0,0
36,15,870.0,656.0,906.0,643.0,878.0,562.0,842.0,575.0,1,3,0
36,16,646.0,554.0,740.0,528.0,727.0,485.0,634.0,511.0,1,0,0
36,17,715.0,825.0,807.0,811.0,801.0,766.0,709.0,780.0,1,0,0
36,19,679.0,668.0,784.0,633.0,770.0,590.0,665.0,625.0,1,0,0
36,20,953.0,654.0,998.0,643.0,971.0,532.0,925.0,543.0,1,3,0
36,22,605.0,849.0,633.0,848.0,631.0,803.0,603.0,804.0,1,7,0
36,24,1050.0,674.0,1068.0,674.0,1068.0,657.0,1050.0,657.0,1,2,0
36,25,439.0,690.0,456.0,689.0,456.0,673.0,439.0,674.0,1,2,0
36,26,1066.0,717.0,1083.0,717.0,1083.0,698.0,1066.0,698.0,1,2,0
36,29,356.0,686.0,389.0,662.0,373.0,640.0,340.0,664.0,1,7,0
36,31,701.0,740.0,743.0,729.0,737.0,709.0,695.0,720.0,1,1,0
36,33,941.0,524.0,963.0,524.0,963.0,510.0,941.0,510.0,1,2,0
36,34,945.0,461.0,1029.0,437.0,1017.0,395.0,933.0,419.0,1,0,0
36,35,574.0,533.0,588.0,533.0,588.0,515.0,574.0,515.0,1,2,0
36,37,409.0,292.0,454.0,289.0,452.0,274.0,408.0,277.0,1,1,0
36,38,1067.0,322.0,1083.0,322.0,1083.0,308.0,1067.0,308.0,1,2,0
36,39,439.0,268.0,453.0,245.0,416.0,224.0,402.0,247.0,1,7,0
36,40,1067.0,305.0,1082.0,305.0,1082.0,289.0,1067.0,289.0,1,2,0
36,41,1033.0,346.0,1049.0,346.0,1049.0,326.0,1033.0,326.0,1,2,0
36,42,206.0,680.0,221.0,680.0,221.0,660.0,206.0,660.0,1,2,0
36,43,220.0,675.0,235.0,675.0,235.0,658.0,220.0,658.0,1,2,0
36,44,128.0,137.0,143.0,137.0,143.0,122.0,128.0,122.0,1,2,0
36,45,122.0,117.0,138.0,109.0,129.0,90.0,112.0,98.0,1,2,0
36,46,104.0,116.0,126.0,116.0,126.0,97.0,104.0,97.0,1,2,0
36,47,347.0,62.0,388.0,50.0,379.0,21.0,338.0,33.0,1,7,0
37,1,658.0,647.0,753.0,613.0,738.0,568.0,642.0,602.0,1,0,0
37,3,1009.0,681.0,1054.0,666.0,1021.0,565.0,976.0,580.0,1,0,0
37,5,893.0,818.0,941.0,804.0,912.0,706.0,864.0,720.0,1,0,0
37,6,976.0,809.0,1025.0,796.0,998.0,693.0,949.0,706.0,1,0,0
37,7,942.0,551.0,1046.0,547.0,1045.0,499.0,941.0,503.0,1,0,0
37,8,1115.0,671.0,1121.0,579.0,1073.0,576.0,1067.0,668.0,1,0,0
37,9,792.0,917.0,794.0,869.0,687.0,866.0,686.0,914.0,1,0,0
37,12,670.0,825.0,745.0,816.0,740.0,783.0,665.0,792.0,1,6,0
37,14,676.0,763.0,776.0,730.0,762.0,687.0,662.0,720.0,1,0,0
37,15,860.0,696.0,899.0,682.0,871.0,601.0,832.0,615.0,1,3,0
37,16,638.0,595.0,732.0,567.0,721.0,529.0,626.0,557.0,1,0,0
37,17,709.0,866.0,801.0,851.0,793.0,806.0,702.0,821.0,1,0,0
37,19,672.0,707.0,774.0,672.0,760.0,629.0,657.0,664.0,1,0,0
37,20,948.0,694.0,991.0,683.0,962.0,572.0,919.0,583.0,1,3,0
37,22,598.0,893.0,625.0,891.0,622.0,844.0,595.0,846.0,1,7,0
37,24,1061.0,708.0,1063.0,684.0,1044.0,683.0,1042.0,707.0,1,2,0
37,25,430.0,727.0,449.0,727.0,449.0,709.0,430.0,709.0,1,2,0
37,26,1059.0,748.0,1078.0,748.0,1078.0,730.0,1059.0,730.0,1,2,0
37,29,351.0,728.0,384.0,701.0,367.0,680.0,334.0,707.0,1,7,0
37,31,693.0,781.0,733.0,771.0,728.0,750.0,687.0,760.0,1,1,0
37,33,942.0,565.0,946.0,552.0,930.0,546.0,926.0,559.0,1,2,0
37,34,939.0,500.0,1019.0,475.0,1007.0,435.0,926.0,460.0,1,0,0
37,35,569.0,580.0,588.0,580.0,588.0,563.0,569.0,563.0,1,2,0
37,37,401.0,334.0,444.0,329.0,442.0,312.0,399.0,317.0,1,1,0
37,38,1058.0,371.0,1076.0,371.0,1076.0,354.0,1058.0,354.0,1,2,0
37,39,432.0,311.0,444.0,291.0,406.0,267.0,394.0,287.0,1,7,0
37,40,1058.0,352.0,1078.0,352.0,1078.0,336.0,1058.0,336.0,1,2,0
37,41,1040.0,397.0,1053.0,386.0,1042.0,372.0,1029.0,383.0,1,2,0
37,42,213.0,730.0,213.0,708.0,196.0,708.0,196.0,730.0,1,2,0
37,43,227.0,726.0,227.0,703.0,211.0,703.0,211.0,726.0,1,2,0
37,44,135.0,198.0,144.0,186.0,125.0,171.0,116.0,183.0,1,2,0
37,45,127.0,163.0,128.0,147.0,111.0,146.0,110.0,162.0,1,2,0
37,46,109.0,178.0,121.0,168.0,105.0,148.0,93.0,158.0,1,2,0
37,47,340.0,104.0,374.0,90.0,363.0,62.0,329.0,76.0,1,7,0
38,1,671.0,657.0,766.0,624.0,750.0,578.0,655.0,611.0,1,0,0
38,3,1021.0,691.0,1068.0,676.0,1034.0,574.0,987.0,589.0,1,0,0
38,5,905.0,827.0,952.0,814.0,924.0,714.0,876.0,727.0,1,0,0
38,6,987.0,818.0,1039.0,805.0,1013.0,704.0,961.0,717.0,1,0,0
38,7,954.0,561.0,1059.0,557.0,1057.0,507.0,953.0,511.0,1,0,0
38,8,1128.0,679.0,1132.0,589.0,1085.0,587.0,1081.0,677.0,1,0,0
38,12,681.0,834.0,754.0,824.0,749.0,792.0,676.0,802.0,1,6,0
38,14,689.0,772.0,787.0,740.0,773.0,697.0,675.0,729.0,1,0,0
38,15,873.0,708.0,912.0,694.0,882.0,611.0,843.0,625.0,1,3,0
38,16,650.0,605.0,744.0,577.0,732.0,536.0,638.0,564.0,1,0,0
38,17,719.0,875.0,812.0,861.0,805.0,815.0,712.0,829.0,1,0,0
38,19,681.0,717.0,787.0,681.0,772.0,637.0,666.0,673.0,1,0,0
38,20,962.0,704.0,1003.0,693.0,973.0,583.0,931.0,594.0,1,3,0
38,22,608.0,901.0,637.0,899.0,633.0,854.0,604.0,856.0,1,7,0
38,24,1074.0,706.0,1074.0,691.0,1057.0,691.0,1057.0,706.0,1,2,0
38,25,438.0,732.0,458.0,732.0,458.0,715.0,438.0,715.0,1,2,0
38,26,1070.0,751.0,1091.0,751.0,1091.0,730.0,1070.0,730.0,1,2,0
38,29,363.0,739.0,395.0,713.0,377.0,690.0,345.0,716.0,1,7,0
38,31,704.0,790.0,744.0,780.0,740.0,760.0,699.0,770.0,1,1,0
38,33,931.0,570.0,948.0,570.0,948.0,557.0,931.0,557.0,1,2,0
38,34,947.0,508.0,1031.0,486.0,1021.0,445.0,937.0,467.0,1,0,0
38,35,584.0,593.0,598.0,593.0,598.0,579.0,584.0,579.0,1,2,0
38,37,412.0,342.0,457.0,338.0,456.0,322.0,411.0,326.0,1,1,0
38,38,1076.0,386.0,1093.0,386.0,1093.0,372.0,1076.0,372.0,1,2,0
38,39,439.0,317.0,452.0,296.0,419.0,276.0,406.0,297.0,1,7,0
38,40,1071.0,366.0,1088.0,366.0,1088.0,351.0,1071.0,351.0,1,2,0
38,41,1048.0,410.0,1067.0,410.0,1067.0,392.0,1048.0,392.0,1,2,0
38,42,210.0,745.0,224.0,745.0,224.0,724.0,210.0,724.0,1,2,0
38,43,224.0,743.0,241.0,743.0,241.0,724.0,224.0,724.0,1,2,0
38,44,150.0,215.0,159.0,201.0,142.0,191.0,134.0,205.0,1,2,0
38,45,136.0,191.0,148.0,182.0,135.0,164.0,122.0,173.0,1,2,0
38,46,115.0,187.0,129.0,187.0,129.0,171.0,115.0,171.0,1,2,0
38,47,349.0,109.0,387.0,99.0,379.0,70.0,341.0,80.0,1,7,0
39,1,673.0,661.0,768.0,627.0,751.0,581.0,656.0,615.0,1,0,0
39,3,1024.0,696.0,1066.0,682.0,1032.0,579.0,990.0,593.0,1,0,0
39,5,905.0,832.0,951.0,819.0,923.0,719.0,876.0,732.0,1,0,0
39,6,988.0,821.0,1039.0,808.0,1012.0,709.0,961.0,722.0,1,0,0
39,7,953.0,565.0,1058.0,561.0,1057.0,513.0,952.0,517.0,1,0,0
39,8,1129.0,685.0,1133.0,593.0,1086.0,591.0,1083.0,683.0,1,0,0
39,12,680.0,837.0,755.0,828.0,752.0,797.0,676.0,806.0,1,6,0
39,14,689.0,775.0,787.0,743.0,773.0,701.0,676.0,733.0,1,0,0
39,15,873.0,710.0,909.0,698.0,880.0,617.0,845.0,629.0,1,3,0
39,16,651.0,610.0,743.0,582.0,730.0,542.0,638.0,570.0,1,0,0
39,17,722.0,880.0,812.0,866.0,805.0,821.0,715.0,835.0,1,0,0
39,19,683.0,720.0,785.0,687.0,771.0,646.0,669.0,679.0,1,0,0
39,20,962.0,709.0,1004.0,698.0,975.0,588.0,933.0,599.0,1,3,0
39,22,608.0,903.0,636.0,901.0,634.0,860.0,606.0,862.0,1,7,0
39,24,1057.0,706.0,1076.0,701.0,1072.0,682.0,1053.0,687.0,1,2,0
39,25,440.0,731.0,457.0,731.0,457.0,714.0,440.0,714.0,1,2,0
39,26,1073.0,745.0,1092.0,745.0,1092.0,724.0,1073.0,724.0,1,2,0
39,29,361.0,742.0,393.0,717.0,376.0,695.0,344.0,720.0,1,7,0
39,31,704.0,794.0,746.0,784.0,741.0,765.0,699.0,775.0,1,1,0
39,33,926.0,574.0,940.0,574.0,940.0,560.0,926.0,560.0,1,2,0
39,34,951.0,513.0,1034.0,492.0,1024.0,451.0,940.0,472.0,1,0,0
39,35,587.0,604.0,602.0,604.0,602.0,589.0,587.0,589.0,1,2,0
39,37,414.0,347.0,459.0,342.0,457.0,326.0,412.0,331.0,1,1,0
39,38,1078.0,398.0,1094.0,398.0,1094.0,381.0,1078.0,381.0,1,2,0
39,39,441.0,321.0,453.0,300.0,419.0,281.0,407.0,302.0,1,7,0
39,40,1074.0,379.0,1090.0,379.0,1090.0,364.0,1074.0,364.0,1,2,0
39,41,1052.0,428.0,1075.0,428.0,1075.0,406.0,1052.0,406.0,1,2,0
39,42,213.0,755.0,229.0,755.0,229.0,738.0,213.0,738.0,1,2,0
39,43,229.0,750.0,243.0,750.0,243.0,734.0,229.0,734.0,1,2,0
39,44,142.0,231.0,161.0,230.0,160.0,207.0,140.0,208.0,1,2,0
39,45,132.0,196.0,146.0,196.0,146.0,180.0,132.0,180.0,1,2,0
39,46,119.0,206.0,137.0,205.0,136.0,184.0,117.0,185.0,1,2,0
39,47,386.0,110.0,386.0,83.0,340.0,83.0,340.0,110.0,1,7,0
40,1,677.0,697.0,774.0,661.0,758.0,617.0,661.0,653.0,1,0,0
40,3,1028.0,729.0,1073.0,715.0,1040.0,614.0,995.0,628.0,1,0,0
40,5,912.0,868.0,959.0,855.0,930.0,755.0,884.0,768.0,1,0,0
40,6,995.0,859.0,1048.0,845.0,1021.0,742.0,968.0,756.0,1,0,0
40,7,961.0,601.0,1068.0,598.0,1067.0,548.0,959.0,551.0,1,0,0
40,8,1137.0,720.0,1141.0,627.0,1094.0,625.0,1091.0,718.0,1,0,0
40,12,689.0,874.0,763.0,868.0,760.0,833.0,687.0,839.0,1,6,0
40,14,692.0,811.0,795.0,779.0,782.0,737.0,679.0,769.0,1,0,0
40,15,881.0,746.0,918.0,734.0,890.0,651.0,853.0,663.0,1,3,0
40,16,659.0,644.0,750.0,618.0,738.0,578.0,647.0,604.0,1,0,0
40,17,726.0,914.0,821.0,897.0,813.0,855.0,718.0,872.0,1,0,0
40,19,689.0,756.0,794.0,722.0,780.0,679.0,675.0,713.0,1,0,0
40,20,966.0,745.0,1010.0,734.0,981.0,624.0,938.0,635.0,1,3,0
40,24,1086.0,730.0,1086.0,713.0,1065.0,713.0,1065.0,730.0,1,2,0
40,25,461.0,762.0,464.0,742.0,447.0,739.0,444.0,759.0,1,2,0
40,26,1092.0,777.0,1104.0,770.0,1094.0,752.0,1082.0,759.0,1,2,0
40,29,370.0,776.0,403.0,749.0,383.0,726.0,351.0,753.0,1,7,0
40,31,711.0,830.0,753.0,820.0,748.0,800.0,707.0,810.0,1,1,0
40,33,940.0,609.0,940.0,595.0,921.0,595.0,921.0,609.0,1,2,0
40,34,959.0,549.0,1040.0,527.0,1029.0,484.0,947.0,506.0,1,0,0
40,35,598.0,642.0,611.0,642.0,611.0,628.0,598.0,628.0,1,2,0
40,37,420.0,380.0,468.0,376.0,467.0,362.0,419.0,366.0,1,1,0
40,38,1089.0,439.0,1109.0,439.0,1109.0,425.0,1089.0,425.0,1,2,0
40,39,450.0,354.0,459.0,333.0,424.0,318.0,415.0,339.0,1,7,0
40,40,1102.0,419.0,1102.0,403.0,1084.0,403.0,1084.0,419.0,1,2,0
40,41,1073.0,467.0,1090.0,467.0,1090.0,454.0,1073.0,454.0,1,2,0
40,42,222.0,795.0,237.0,795.0,237.0,777.0,222.0,777.0,1,2,0
40,43,251.0,792.0,252.0,771.0,237.0,770.0,236.0,791.0,1,2,0
40,44,171.0,265.0,172.0,251.0,151.0,250.0,150.0,264.0,1,2,0
40,45,141.0,240.0,160.0,240.0,160.0,224.0,141.0,224.0,1,2,0
40,46,129.0,246.0,150.0,246.0,150.0,229.0,129.0,229.0,1,2,0
40,47,359.0,151.0,395.0,137.0,383.0,108.0,348.0,122.0,1,7,0
41,1,678.0,718.0,770.0,680.0,751.0,636.0,659.0,674.0,1,0,0
41,3,1024.0,750.0,1069.0,736.0,1036.0,634.0,991.0,648.0,1,0,0
41,5,909.0,887.0,954.0,874.0,924.0,776.0,879.0,789.0,1,0,0
41,6,988.0,878.0,1040.0,865.0,1015.0,764.0,963.0,777.0,1,0,0
41,7,956.0,621.0,1061.0,617.0,1060.0,568.0,954.0,572.0,1,0,0
41,8,1131.0,740.0,1137.0,648.0,1088.0,645.0,1082.0,737.0,1,0,0
41,12,686.0,894.0,760.0,886.0,757.0,852.0,682.0,860.0,1,6,0
41,14,693.0,831.0,791.0,799.0,776.0,756.0,678.0,788.0,1,0,0
41,15,880.0,767.0,916.0,754.0,883.0,669.0,848.0,682.0,1,3,0
41,16,656.0,664.0,746.0,637.0,734.0,597.0,644.0,624.0,1,0,0
41,19,687.0,776.0,790.0,741.0,776.0,699.0,672.0,734.0,1,0,0
41,20,965.0,763.0,1007.0,753.0,981.0,645.0,939.0,655.0,1,3,0
41,24,1062.0,741.0,1078.0,741.0,1078.0,727.0,1062.0,727.0,1,2,0
41,25,441.0,777.0,459.0,776.0,458.0,760.0,441.0,761.0,1,2,0
41,26,1077.0,785.0,1097.0,785.0,1097.0,765.0,1077.0,765.0,1,2,0
41,29,365.0,797.0,398.0,772.0,380.0,748.0,347.0,773.0,1,7,0
41,31,707.0,850.0,752.0,837.0,746.0,817.0,701.0,830.0,1,1,0
41,33,915.0,629.0,928.0,629.0,928.0,614.0,915.0,614.0,1,2,0
41,34,955.0,565.0,1036.0,545.0,1025.0,504.0,944.0,524.0,1,0,0
41,35,598.0,666.0,614.0,666.0,614.0,649.0,598.0,649.0,1,2,0
41,37,415.0,401.0,460.0,397.0,459.0,382.0,413.0,386.0,1,1,0
41,38,1087.0,463.0,1104.0,463.0,1104.0,449.0,1087.0,449.0,1,2,0
41,39,446.0,374.0,455.0,353.0,421.0,338.0,412.0,359.0,1,7,0
41,40,1100.0,445.0,1100.0,429.0,1083.0,429.0,1083.0,445.0,1,2,0
41,41,1092.0,497.0,1092.0,480.0,1074.0,480.0,1074.0,497.0,1,2,0
41,42,217.0,822.0,234.0,822.0,234.0,798.0,217.0,798.0,1,2,0
41,43,231.0,818.0,247.0,818.0,247.0,793.0,231.0,793.0,1,2,0
41,44,169.0,304.0,178.0,288.0,159.0,277.0,150.0,293.0,1,2,0
41,45,140.0,273.0,157.0,273.0,157.0,254.0,140.0,254.0,1,2,0
41,46,141.0,275.0,142.0,261.0,129.0,260.0,128.0,274.0,1,2,0
41,47,350.0,169.0,391.0,159.0,384.0,129.0,343.0,139.0,1,7,0
42,1,679.0,726.0,775.0,689.0,759.0,645.0,663.0,682.0,1,0,0
42,3,1029.0,758.0,1074.0,743.0,1039.0,641.0,994.0,656.0,1,0,0
42,5,913.0,897.0,963.0,882.0,932.0,781.0,882.0,796.0,1,0,0
42,6,996.0,885.0,1048.0,871.0,1021.0,769.0,969.0,783.0,1,0,0
42,7,961.0,628.0,1065.0,625.0,1064.0,577.0,960.0,580.0,1,0,0
42,8,1137.0,747.0,1143.0,655.0,1093.0,652.0,1087.0,744.0,1,0,0
42,12,690.0,904.0,764.0,895.0,760.0,859.0,686.0,868.0,1,6,0
42,14,695.0,840.0,797.0,808.0,783.0,765.0,681.0,797.0,1,0,0
42,15,884.0,775.0,918.0,763.0,888.0,680.0,854.0,692.0,1,3,0
42,16,660.0,671.0,751.0,645.0,739.0,604.0,648.0,630.0,1,0,0
42,19,689.0,785.0,794.0,749.0,780.0,707.0,675.0,743.0,1,0,0
42,20,966.0,772.0,1012.0,760.0,983.0,649.0,937.0,661.0,1,3,0
42,24,1067.0,740.0,1084.0,739.0,1082.0,717.0,1066.0,718.0,1,2,0
42,25,444.0,781.0,462.0,780.0,462.0,762.0,444.0,763.0,1,2,0
42,26,1094.0,788.0,1105.0,782.0,1097.0,766.0,1085.0,772.0,1,2,0
42,29,373.0,804.0,404.0,777.0,385.0,757.0,354.0,784.0,1,7,0
42,31,716.0,860.0,756.0,849.0,750.0,827.0,710.0,838.0,1,1,0
42,33,904.0,637.0,928.0,636.0,928.0,620.0,904.0,621.0,1,2,0
42,34,957.0,573.0,1039.0,554.0,1029.0,512.0,947.0,531.0,1,0,0
42,35,606.0,680.0,622.0,680.0,622.0,662.0,606.0,662.0,1,2,0
42,37,419.0,409.0,463.0,405.0,462.0,392.0,418.0,396.0,1,1,0
42,38,1096.0,479.0,1113.0,479.0,1113.0,463.0,1096.0,463.0,1,2,0
42,39,449.0,385.0,459.0,365.0,426.0,349.0,416.0,369.0,1,7,0
42,40,1107.0,458.0,1108.0,443.0,1091.0,442.0,1091.0,457.0,1,2,0
42,41,1102.0,518.0,1108.0,500.0,1085.0,493.0,1080.0,511.0,1,2,0
42,42,227.0,834.0,240.0,834.0,240.0,814.0,227.0,814.0,1,2,0
42,43,241.0,832.0,255.0,832.0,255.0,810.0,241.0,810.0,1,2,0
42,44,165.0,320.0,180.0,315.0,174.0,299.0,159.0,304.0,1,2,0
42,45,147.0,290.0,165.0,290.0,165.0,276.0,147.0,276.0,1,2,0
42,46,139.0,304.0,155.0,296.0,144.0,275.0,128.0,283.0,1,2,0
42,47,357.0,183.0,394.0,167.0,380.0,137.0,343.0,153.0,1,7,0
43,1,689.0,752.0,781.0,716.0,763.0,671.0,671.0,707.0,1,0,0
43,3,1037.0,784.0,1081.0,769.0,1048.0,667.0,1004.0,682.0,1,0,0
43,5,918.0,916.0,966.0,903.0,938.0,804.0,890.0,817.0,1,0,0
43,6,1005.0,911.0,1053.0,897.0,1025.0,796.0,976.0,810.0,1,0,0
43,7,968.0,654.0,1072.0,651.0,1071.0,602.0,967.0,605.0,1,0,0
43,8,1145.0,773.0,1149.0,681.0,1101.0,679.0,1097.0,771.0,1,0,0
43,14,704.0,865.0,802.0,832.0,788.0,790.0,690.0,823.0,1,0,0
43,15,889.0,800.0,925.0,788.0,895.0,704.0,859.0,716.0,1,3,0
43,16,666.0,697.0,757.0,669.0,744.0,629.0,654.0,657.0,1,0,0
43,19,698.0,810.0,800.0,776.0,785.0,734.0,684.0,768.0,1,0,0
43,20,974.0,798.0,1018.0,787.0,991.0,677.0,946.0,688.0,1,3,0
43,24,1091.0,757.0,1092.0,744.0,1075.0,742.0,1073.0,755.0,1,2,0
43,25,450.0,804.0,465.0,804.0,465.0,788.0,450.0,788.0,1,2,0
43,26,1107.0,807.0,1114.0,784.0,1100.0,780.0,1093.0,803.0,1,2,0
43,29,377.0,831.0,410.0,805.0,392.0,783.0,359.0,809.0,1,7,0
43,31,721.0,883.0,759.0,874.0,754.0,853.0,716.0,862.0,1,1,0
43,33,911.0,660.0,924.0,660.0,924.0,647.0,911.0,647.0,1,2,0
43,34,968.0,603.0,1048.0,579.0,1035.0,538.0,955.0,562.0,1,0,0
43,35,616.0,710.0,630.0,710.0,630.0,695.0,616.0,695.0,1,2,0
43,37,427.0,435.0,471.0,431.0,470.0,416.0,426.0,420.0,1,1,0
43,38,1107.0,509.0,1125.0,509.0,1125.0,494.0,1107.0,494.0,1,2,0
43,39,461.0,409.0,470.0,385.0,432.0,371.0,423.0,395.0,1,7,0
43,40,1101.0,489.0,1118.0,489.0,1118.0,473.0,1101.0,473.0,1,2,0
43,41,1101.0,548.0,1121.0,547.0,1121.0,532.0,1101.0,533.0,1,2,0
43,42,237.0,863.0,250.0,863.0,250.0,848.0,237.0,848.0,1,2,0
43,43,248.0,860.0,261.0,860.0,261.0,845.0,248.0,845.0,1,2,0
43,44,172.0,354.0,189.0,354.0,189.0,335.0,172.0,335.0,1,2,0
43,45,157.0,327.0,174.0,327.0,174.0,312.0,157.0,312.0,1,2,0
43,46,142.0,332.0,158.0,332.0,158.0,317.0,142.0,317.0,1,2,0
43,47,360.0,203.0,402.0,192.0,394.0,164.0,352.0,175.0,1,7,0
44,1,684.0,764.0,780.0,730.0,764.0,685.0,668.0,719.0,1,0,0
44,3,1037.0,800.0,1081.0,785.0,1046.0,681.0,1001.0,696.0,1,0,0
44,5,921.0,933.0,965.0,919.0,933.0,821.0,890.0,835.0,1,0,0
44,6,1002.0,920.0,1053.0,907.0,1027.0,810.0,976.0,823.0,1,0,0
44,7,966.0,668.0,1073.0,664.0,1071.0,615.0,963.0,619.0,1,0,0
44,8,1143.0,787.0,1146.0,694.0,1099.0,692.0,1096.0,785.0,1,0,0
44,14,704.0,877.0,800.0,845.0,787.0,804.0,690.0,836.0,1,0,0
44,15,887.0,815.0,926.0,802.0,897.0,719.0,858.0,732.0,1,3,0
44,16,665.0,712.0,759.0,683.0,746.0,642.0,652.0,671.0,1,0,0
44,19,696.0,824.0,800.0,790.0,786.0,747.0,681.0,781.0,1,0,0
44,20,973.0,812.0,1018.0,800.0,988.0,692.0,944.0,704.0,1,3,0
44,24,1086.0,763.0,1087.0,746.0,1068.0,744.0,1067.0,761.0,1,2,0
44,25,448.0,813.0,463.0,813.0,463.0,790.0,448.0,790.0,1,2,0
44,26,1092.0,810.0,1109.0,810.0,1109.0,793.0,1092.0,793.0,1,2,0
44,29,381.0,843.0,410.0,816.0,390.0,795.0,361.0,821.0,1,7,0
44,31,718.0,898.0,760.0,887.0,755.0,867.0,713.0,878.0,1,1,0
44,33,919.0,673.0,919.0,659.0,902.0,659.0,902.0,673.0,1,2,0
44,34,964.0,615.0,1045.0,594.0,1034.0,552.0,953.0,573.0,1,0,0
44,35,617.0,730.0,633.0,729.0,632.0,710.0,616.0,711.0,1,2,0
44,37,426.0,447.0,468.0,444.0,467.0,430.0,425.0,433.0,1,1,0
44,38,1110.0,529.0,1128.0,529.0,1128.0,514.0,1110.0,514.0,1,2,0
44,39,458.0,423.0,466.0,404.0,430.0,388.0,422.0,407.0,1,7,0
44,40,1122.0,508.0,1122.0,493.0,1102.0,492.0,1102.0,507.0,1,2,0
44,41,1124.0,571.0,1126.0,552.0,1105.0,550.0,1103.0,569.0,1,2,0
44,42,251.0,880.0,251.0,860.0,237.0,860.0,237.0,880.0,1,2,0
44,43,251.0,880.0,264.0,879.0,263.0,856.0,250.0,857.0,1,2,0
44,44,189.0,380.0,195.0,364.0,177.0,357.0,171.0,373.0,1,2,0
44,45,160.0,357.0,175.0,357.0,175.0,332.0,160.0,332.0,1,2,0
44,46,147.0,356.0,162.0,356.0,162.0,337.0,147.0,337.0,1,2,0
44,47,365.0,221.0,402.0,205.0,389.0,175.0,352.0,191.0,1,7,0
45,1,690.0,775.0,784.0,738.0,766.0,694.0,672.0,731.0,1,0,0
45,3,1040.0,808.0,1085.0,792.0,1050.0,690.0,1005.0,706.0,1,0,0
45,5,920.0,934.0,968.0,920.0,941.0,829.0,893.0,843.0,1,0,0
45,6,1009.0,926.0,1054.0,913.0,1026.0,819.0,981.0,832.0,1,0,0
45,7,970.0,677.0,1077.0,673.0,1075.0,625.0,969.0,629.0,1,0,0
45,8,1101.0,794.0,1147.0,794.0,1147.0,702.0,1101.0,702.0,1,0,0
45,14,705.0,889.0,804.0,856.0,790.0,813.0,691.0,846.0,1,0,0
45,15,889.0,825.0,927.0,812.0,898.0,728.0,860.0,741.0,1,3,0
45,16,668.0,720.0,762.0,694.0,750.0,654.0,657.0,680.0,1,0,0
45,19,700.0,835.0,805.0,799.0,791.0,755.0,686.0,791.0,1,0,0
45,20,977.0,820.0,1023.0,808.0,993.0,699.0,948.0,711.0,1,3,0
45,24,1071.0,762.0,1089.0,762.0,1089.0,741.0,1071.0,741.0,1,2,0
45,25,465.0,820.0,466.0,801.0,450.0,800.0,449.0,819.0,1,2,0
45,26,1102.0,817.0,1112.0,806.0,1097.0,792.0,1087.0,803.0,1,2,0
45,29,378.0,854.0,412.0,829.0,395.0,806.0,361.0,831.0,1,7,0
45,31,720.0,906.0,763.0,896.0,759.0,876.0,715.0,886.0,1,1,0
45,33,896.0,682.0,913.0,682.0,913.0,666.0,896.0,666.0,1,2,0
45,34,965.0,623.0,1048.0,602.0,1038.0,562.0,955.0,583.0,1,0,0
45,35,623.0,745.0,640.0,745.0,640.0,728.0,623.0,728.0,1,2,0
45,37,428.0,458.0,472.0,454.0,471.0,439.0,427.0,443.0,1,1,0
45,38,1138.0,545.0,1139.0,531.0,1115.0,530.0,1114.0,544.0,1,2,0
45,39,457.0,433.0,470.0,410.0,437.0,391.0,424.0,414.0,1,7,0
45,40,1127.0,527.0,1133.0,511.0,1109.0,503.0,1103.0,519.0,1,2,0
45,41,1115.0,592.0,1136.0,592.0,1136.0,571.0,1115.0,571.0,1,2,0
45,42,241.0,896.0,258.0,896.0,258.0,875.0,241.0,875.0,1,2,0
45,43,258.0,892.0,273.0,892.0,273.0,873.0,258.0,873.0,1,2,0
45,44,182.0,396.0,199.0,396.0,199.0,382.0,182.0,382.0,1,2,0
45,45,164.0,370.0,181.0,370.0,181.0,356.0,164.0,356.0,1,2,0
45,46,153.0,375.0,167.0,375.0,167.0,360.0,153.0,360.0,1,2,0
45,47,367.0,226.0,405.0,215.0,397.0,187.0,358.0,198.0,1,7,0
46,1,710.0,776.0,804.0,742.0,788.0,698.0,694.0,732.0,1,0,0
46,3,1058.0,809.0,1105.0,793.0,1070.0,691.0,1023.0,707.0,1,0,0
46,5,941.0,940.0,988.0,926.0,958.0,829.0,911.0,843.0,1,0,0
46,6,1029.0,932.0,1076.0,918.0,1047.0,822.0,1000.0,836.0,1,0,0
46,7,991.0,680.0,1097.0,676.0,1095.0,627.0,989.0,631.0,1,0,0
46,8,1165.0,797.0,1169.0,707.0,1124.0,705.0,1120.0,795.0,1,0,0
46,14,727.0,892.0,827.0,858.0,813.0,815.0,713.0,849.0,1,0,0
46,15,916.0,825.0,952.0,810.0,918.0,728.0,881.0,743.0,1,3,0
46,16,689.0,723.0,782.0,696.0,770.0,654.0,677.0,681.0,1,0,0
46,19,720.0,836.0,825.0,801.0,809.0,755.0,704.0,790.0,1,0,0
46,20,997.0,823.0,1042.0,811.0,1013.0,702.0,967.0,714.0,1,3,0
46,24,1094.0,755.0,1111.0,755.0,1111.0,741.0,1094.0,741.0,1,2,0
46,25,470.0,818.0,485.0,818.0,485.0,802.0,470.0,802.0,1,2,0
46,26,1112.0,808.0,1127.0,808.0,1127.0,785.0,1112.0,785.0,1,2,0
46,29,402.0,854.0,433.0,830.0,415.0,807.0,384.0,831.0,1,7,0
46,31,740.0,910.0,786.0,900.0,780.0,877.0,734.0,887.0,1,1,0
46,33,910.0,683.0,926.0,683.0,926.0,668.0,910.0,668.0,1,2,0
46,34,989.0,627.0,1071.0,607.0,1060.0,564.0,978.0,584.0,1,0,0
46,35,665.0,752.0,665.0,736.0,647.0,736.0,647.0,752.0,1,2,0
46,37,449.0,460.0,493.0,456.0,492.0,442.0,448.0,446.0,1,1,0
46,38,1144.0,554.0,1162.0,554.0,1162.0,537.0,1144.0,537.0,1,2,0
46,39,477.0,434.0,490.0,411.0,458.0,394.0,445.0,417.0,1,7,0
46,40,1156.0,530.0,1156.0,516.0,1140.0,516.0,1140.0,530.0,1,2,0
46,41,1165.0,602.0,1165.0,587.0,1146.0,587.0,1146.0,602.0,1,2,0
46,42,270.0,897.0,283.0,897.0,283.0,884.0,270.0,884.0,1,2,0
46,43,282.0,897.0,296.0,897.0,296.0,876.0,282.0,876.0,1,2,0
46,44,206.0,410.0,224.0,410.0,224.0,390.0,206.0,390.0,1,2,0
46,45,191.0,384.0,206.0,384.0,206.0,364.0,191.0,364.0,1,2,0
46,46,182.0,394.0,198.0,385.0,187.0,365.0,170.0,374.0,1,2,0
46,47,388.0,230.0,422.0,217.0,412.0,193.0,378.0,206.0,1,7,0
47,1,712.0,795.0,807.0,758.0,790.0,716.0,696.0,753.0,1,0,0
47,3,1063.0,829.0,1107.0,814.0,1073.0,712.0,1028.0,727.0,1,0,0
47,6,1034.0,938.0,1076.0,925.0,1048.0,839.0,1006.0,852.0,1,0,0
47,7,992.0,699.0,1100.0,696.0,1099.0,647.0,991.0,650.0,1,0,0
47,8,1171.0,816.0,1174.0,724.0,1126.0,722.0,1123.0,814.0,1,0,0
47,14,730.0,910.0,829.0,877.0,815.0,833.0,715.0,866.0,1,0,0
47,15,917.0,846.0,951.0,832.0,919.0,749.0,885.0,763.0,1,3,0
47,16,692.0,742.0,782.0,716.0,770.0,674.0,680.0,700.0,1,0,0
47,19,723.0,854.0,826.0,820.0,812.0,776.0,709.0,810.0,1,0,0
47,20,1003.0,841.0,1045.0,829.0,1014.0,721.0,972.0,733.0,1,3,0
47,24,1100.0,770.0,1116.0,765.0,1107.0,741.0,1091.0,746.0,1,2,0
47,25,486.0,837.0,487.0,820.0,471.0,819.0,470.0,836.0,1,2,0
47,26,1116.0,823.0,1131.0,820.0,1127.0,801.0,1112.0,804.0,1,2,0
47,29,404.0,873.0,438.0,847.0,420.0,823.0,385.0,850.0,1,7,0
47,33,915.0,702.0,923.0,693.0,909.0,681.0,901.0,690.0,1,2,0
47,34,991.0,644.0,1071.0,625.0,1061.0,581.0,981.0,600.0,1,0,0
47,35,652.0,778.0,667.0,778.0,667.0,761.0,652.0,761.0,1,2,0
47,37,453.0,478.0,498.0,473.0,496.0,459.0,451.0,464.0,1,1,0
47,38,1155.0,577.0,1171.0,577.0,1171.0,562.0,1155.0,562.0,1,2,0
47,39,478.0,454.0,493.0,431.0,461.0,410.0,445.0,433.0,1,7,0
47,40,1161.0,555.0,1162.0,537.0,1142.0,536.0,1141.0,554.0,1,2,0
47,41,1160.0,639.0,1176.0,628.0,1161.0,605.0,1145.0,616.0,1,2,0
47,44,211.0,438.0,230.0,438.0,230.0,422.0,211.0,422.0,1,2,0
47,45,195.0,418.0,210.0,418.0,210.0,394.0,195.0,394.0,1,2,0
47,46,178.0,415.0,196.0,415.0,196.0,396.0,178.0,396.0,1,2,0
47,47,388.0,247.0,428.0,235.0,421.0,210.0,381.0,222.0,1,7,0
48,1,716.0,815.0,811.0,781.0,795.0,736.0,700.0,770.0,1,0,0
48,3,1067.0,849.0,1111.0,834.0,1077.0,731.0,1033.0,746.0,1,0,0
48,7,999.0,719.0,1103.0,716.0,1101.0,667.0,998.0,670.0,1,0,0
48,8,1172.0,837.0,1177.0,745.0,1131.0,742.0,1126.0,834.0,1,0,0
48,14,732.0,936.0,835.0,896.0,817.0,851.0,714.0,891.0,1,0,0
48,15,922.0,865.0,956.0,852.0,923.0,769.0,890.0,782.0,1,3,0
48,16,695.0,762.0,786.0,736.0,774.0,695.0,683.0,721.0,1,0,0
48,19,730.0,876.0,833.0,842.0,818.0,797.0,715.0,831.0,1,0,0
48,20,1003.0,862.0,1049.0,851.0,1021.0,741.0,975.0,752.0,1,3,0
48,24,1098.0,778.0,1115.0,777.0,1114.0,759.0,1096.0,760.0,1,2,0
48,25,475.0,857.0,490.0,857.0,490.0,842.0,475.0,842.0,1,2,0
48,26,1114.0,834.0,1132.0,834.0,1132.0,817.0,1114.0,817.0,1,2,0
48,29,410.0,896.0,443.0,868.0,423.0,844.0,390.0,872.0,1,7,0
48,33,900.0,720.0,917.0,720.0,917.0,703.0,900.0,703.0,1,2,0
48,34,994.0,664.0,1077.0,645.0,1068.0,605.0,984.0,624.0,1,0,0
48,35,657.0,804.0,673.0,804.0,673.0,789.0,657.0,789.0,1,2,0
48,37,458.0,500.0,504.0,494.0,502.0,478.0,456.0,484.0,1,1,0
48,38,1160.0,603.0,1180.0,603.0,1180.0,587.0,1160.0,587.0,1,2,0
48,39,488.0,477.0,503.0,455.0,466.0,429.0,450.0,451.0,1,7,0
48,40,1156.0,579.0,1172.0,579.0,1172.0,566.0,1156.0,566.0,1,2,0
48,41,1174.0,671.0,1190.0,659.0,1172.0,636.0,1156.0,648.0,1,2,0
48,44,218.0,469.0,236.0,469.0,236.0,448.0,218.0,448.0,1,2,0
48,45,201.0,442.0,218.0,442.0,218.0,427.0,201.0,427.0,1,2,0
48,46,190.0,446.0,202.0,446.0,202.0,431.0,190.0,431.0,1,2,0
48,47,393.0,267.0,431.0,259.0,425.0,233.0,388.0,241.0,1,7,0
48,48,196.0,12.0,206.0,5.0,198.0,-6.0,188.0,1.0,1,2,0
48,49,205.0,24.0,215.0,18.0,206.0,3.0,196.0,9.0,1,2,0
49,1,717.0,824.0,811.0,790.0,795.0,744.0,700.0,778.0,1,0,0
49,3,1067.0,855.0,1110.0,840.0,1076.0,738.0,1033.0,753.0,1,0,0
49,7,995.0,726.0,1103.0,722.0,1102.0,673.0,994.0,677.0,1,0,0
49,8,1172.0,843.0,1176.0,752.0,1130.0,750.0,1126.0,841.0,1,0,0
49,15,923.0,873.0,957.0,860.0,925.0,776.0,891.0,789.0,1,3,0
49,16,695.0,769.0,786.0,743.0,774.0,702.0,684.0,728.0,1,0,0
49,19,725.0,881.0,829.0,848.0,815.0,805.0,712.0,838.0,1,0,0
49,20,1004.0,869.0,1049.0,857.0,1019.0,748.0,974.0,760.0,1,3,0
49,24,1097.0,775.0,1115.0,774.0,1114.0,757.0,1096.0,758.0,1,2,0
49,25,489.0,863.0,491.0,839.0,474.0,838.0,473.0,862.0,1,2,0
49,26,1111.0,834.0,1127.0,834.0,1127.0,818.0,1111.0,818.0,1,2,0
49,29,411.0,901.0,441.0,874.0,420.0,851.0,390.0,879.0,1,7,0
49,33,904.0,728.0,911.0,713.0,889.0,704.0,882.0,719.0,1,2,0
49,34,996.0,672.0,1075.0,653.0,1065.0,612.0,986.0,631.0,1,0,0
49,35,657.0,817.0,677.0,817.0,677.0,799.0,657.0,799.0,1,2,0
49,37,457.0,506.0,503.0,501.0,501.0,487.0,455.0,492.0,1,1,0
49,38,1182.0,615.0,1184.0,596.0,1166.0,595.0,1164.0,614.0,1,2,0
49,39,498.0,478.0,502.0,450.0,456.0,442.0,452.0,470.0,1,7,0
49,40,1172.0,590.0,1173.0,576.0,1155.0,575.0,1154.0,589.0,1,2,0
49,41,1170.0,683.0,1190.0,683.0,1190.0,666.0,1170.0,666.0,1,2,0
49,44,224.0,490.0,241.0,482.0,234.0,466.0,216.0,474.0,1,2,0
49,45,209.0,463.0,224.0,456.0,216.0,438.0,201.0,445.0,1,2,0
49,46,191.0,467.0,210.0,466.0,209.0,442.0,190.0,443.0,1,2,0
49,47,393.0,275.0,428.0,263.0,418.0,237.0,383.0,249.0,1,7,0
49,48,191.0,18.0,200.0,11.0,193.0,2.0,184.0,9.0,1,2,0
49,49,202.0,30.0,213.0,25.0,206.0,8.0,195.0,13.0,1,2,0
50,1,723.0,847.0,816.0,814.0,802.0,772.0,709.0,805.0,1,0,0
50,3,1074.0,882.0,1119.0,867.0,1084.0,764.0,1039.0,779.0,1,0,0
50,7,1006.0,753.0,1110.0,748.0,1108.0,701.0,1004.0,706.0,1,0,0
50,8,1181.0,868.0,1183.0,777.0,1137.0,776.0,1134.0,867.0,1,0,0
50,15,924.0,898.0,961.0,886.0,933.0,802.0,896.0,814.0,1,3,0
50,16,705.0,795.0,793.0,768.0,781.0,727.0,692.0,754.0,1,0,0
50,19,734.0,906.0,836.0,871.0,822.0,829.0,720.0,864.0,1,0,0
50,20,1014.0,896.0,1054.0,885.0,1023.0,773.0,983.0,784.0,1,3,0
50,24,1106.0,791.0,1123.0,791.0,1123.0,772.0,1106.0,772.0,1,2,0
50,25,483.0,885.0,497.0,885.0,497.0,867.0,483.0,867.0,1,2,0
50,26,1116.0,854.0,1130.0,854.0,1130.0,837.0,1116.0,837.0,1,2,0
50,33,893.0,749.0,907.0,749.0,907.0,735.0,893.0,735.0,1,2,0
50,34,1000.0,699.0,1085.0,678.0,1074.0,635.0,990.0,656.0,1,0,0
50,35,661.0,851.0,682.0,851.0,682.0,837.0,661.0,837.0,1,2,0
50,37,464.0,532.0,513.0,526.0,511.0,511.0,463.0,517.0,1,1,0
50,38,1179.0,645.0,1197.0,645.0,1197.0,632.0,1179.0,632.0,1,2,0
50,39,507.0,501.0,510.0,473.0,466.0,468.0,462.0,496.0,1,7,0
50,40,1169.0,622.0,1186.0,622.0,1186.0,610.0,1169.0,610.0,1,2,0
50,41,1180.0,724.0,1200.0,724.0,1200.0,700.0,1180.0,700.0,1,2,0
50,44,227.0,526.0,245.0,526.0,245.0,506.0,227.0,506.0,1,2,0
50,45,214.0,500.0,233.0,494.0,227.0,475.0,208.0,481.0,1,2,0
50,46,199.0,501.0,213.0,501.0,213.0,485.0,199.0,485.0,1,2,0
50,47,400.0,299.0,438.0,289.0,432.0,267.0,394.0,277.0,1,7,0
50,48,201.0,43.0,208.0,37.0,202.0,31.0,195.0,37.0,1,2,0
50,49,210.0,56.0,220.0,51.0,212.0,35.0,202.0,40.0,1,2,0
51,1,729.0,861.0,826.0,826.0,810.0,783.0,713.0,818.0,1,0,0
51,3,1081.0,895.0,1127.0,879.0,1092.0,776.0,1046.0,792.0,1,0,0
51,7,1010.0,765.0,1118.0,761.0,1116.0,713.0,1008.0,717.0,1,0,0
51,8,1188.0,883.0,1191.0,789.0,1148.0,788.0,1145.0,882.0,1,0,0
51,15,931.0,914.0,970.0,901.0,941.0,816.0,902.0,829.0,1,3,0
51,16,710.0,808.0,799.0,783.0,787.0,742.0,698.0,767.0,1,0,0
51,19,740.0,927.0,846.0,890.0,830.0,842.0,724.0,879.0,1,0,0
51,20,1019.0,912.0,1064.0,900.0,1034.0,787.0,989.0,799.0,1,3,0
51,24,1125.0,800.0,1132.0,790.0,1114.0,777.0,1107.0,787.0,1,2,0
51,25,504.0,896.0,504.0,878.0,489.0,878.0,489.0,896.0,1,2,0
51,26,1126.0,865.0,1137.0,857.0,1124.0,838.0,1113.0,846.0,1,2,0
51,33,907.0,763.0,907.0,747.0,888.0,747.0,888.0,763.0,1,2,0
51,34,1005.0,712.0,1089.0,692.0,1080.0,650.0,996.0,670.0,1,0,0
51,35,673.0,871.0,689.0,871.0,689.0,854.0,673.0,854.0,1,2,0
51,37,470.0,546.0,521.0,539.0,519.0,523.0,468.0,530.0,1,1,0
51,39,511.0,518.0,517.0,489.0,471.0,480.0,465.0,509.0,1,7,0
51,41,1190.0,748.0,1204.0,748.0,1204.0,722.0,1190.0,722.0,1,2,0
51,44,237.0,548.0,253.0,548.0,253.0,530.0,237.0,530.0,1,2,0
51,45,224.0,520.0,243.0,511.0,236.0,499.0,218.0,508.0,1,2,0
51,46,211.0,524.0,223.0,523.0,221.0,504.0,209.0,505.0,1,2,0
51,47,409.0,314.0,443.0,303.0,437.0,284.0,403.0,295.0,1,7,0
51,48,205.0,59.0,214.0,50.0,207.0,42.0,198.0,51.0,1,2,0
51,49,213.0,66.0,224.0,66.0,224.0,49.0,213.0,49.0,1,2,0
52,1,714.0,882.0,809.0,848.0,793.0,803.0,698.0,837.0,1,0,0
52,3,1065.0,917.0,1109.0,902.0,1073.0,800.0,1029.0,815.0,1,0,0
52,7,993.0,787.0,1100.0,784.0,1099.0,735.0,992.0,738.0,1,0,0
52,8,1171.0,922.0,1172.0,813.0,1128.0,813.0,1127.0,922.0,1,0,0
52,15,916.0,942.0,955.0,929.0,924.0,836.0,885.0,849.0,1,3,0
52,16,693.0,828.0,784.0,802.0,773.0,761.0,682.0,787.0,1,0,0
52,20,1001.0,920.0,1042.0,910.0,1016.0,807.0,975.0,817.0,1,3,0
52,24,1095.0,813.0,1115.0,808.0,1111.0,790.0,1091.0,795.0,1,2,0
52,26,1101.0,881.0,1114.0,877.0,1109.0,860.0,1096.0,864.0,1,2,0
52,33,882.0,783.0,882.0,766.0,867.0,766.0,867.0,783.0,1,2,0
52,34,992.0,734.0,1077.0,714.0,1066.0,670.0,981.0,690.0,1,0,0
52,35,673.0,897.0,674.0,881.0,658.0,880.0,657.0,896.0,1,2,0
52,37,455.0,562.0,500.0,558.0,499.0,544.0,453.0,548.0,1,1,0
52,39,492.0,538.0,501.0,511.0,459.0,496.0,450.0,523.0,1,7,0
52,41,1194.0,783.0,1199.0,767.0,1179.0,760.0,1174.0,776.0,1,2,0
52,44,225.0,573.0,241.0,573.0,241.0,556.0,225.0,556.0,1,2,0
52,45,229.0,546.0,229.0,524.0,213.0,524.0,213.0,546.0,1,2,0
52,46,212.0,550.0,212.0,530.0,200.0,530.0,200.0,550.0,1,2,0
52,47,392.0,329.0,430.0,323.0,426.0,297.0,388.0,303.0,1,7,0
52,48,197.0,74.0,206.0,65.0,197.0,56.0,188.0,65.0,1,2,0
52,49,200.0,83.0,213.0,83.0,213.0,64.0,200.0,64.0,1,2,0
52,50,799.0,46.0,816.0,41.0,803.0,-3.0,785.0,2.0,1,1,0
53,1,693.0,887.0,788.0,856.0,773.0,811.0,678.0,842.0,1,0,0
53,3,1043.0,927.0,1087.0,913.0,1053.0,808.0,1010.0,822.0,1,0,0
53,7,975.0,797.0,1081.0,795.0,1081.0,746.0,975.0,748.0,1,0,0
53,8,1149.0,919.0,1152.0,825.0,1111.0,824.0,1108.0,918.0,1,0,0
53,15,893.0,949.0,934.0,937.0,906.0,844.0,865.0,856.0,1,3,0
53,16,671.0,834.0,765.0,809.0,754.0,768.0,660.0,793.0,1,0,0
53,20,983.0,930.0,1021.0,921.0,997.0,819.0,958.0,828.0,1,3,0
53,24,1083.0,815.0,1100.0,807.0,1090.0,785.0,1073.0,793.0,1,2,0
53,25,449.0,907.0,467.0,905.0,466.0,892.0,448.0,893.0,1,2,0
53,26,1078.0,887.0,1089.0,882.0,1081.0,864.0,1070.0,869.0,1,2,0
53,33,858.0,789.0,858.0,772.0,837.0,772.0,837.0,789.0,1,2,0
53,34,974.0,744.0,1056.0,726.0,1047.0,684.0,965.0,702.0,1,0,0
53,35,647.0,910.0,662.0,903.0,651.0,880.0,636.0,887.0,1,2,0
53,37,439.0,563.0,481.0,560.0,480.0,547.0,439.0,550.0,1,1,0
53,39,471.0,539.0,482.0,516.0,447.0,500.0,437.0,523.0,1,7,0
53,41,1178.0,807.0,1179.0,782.0,1157.0,781.0,1156.0,806.0,1,2,0
53,44,220.0,588.0,234.0,580.0,223.0,561.0,209.0,569.0,1,2,0
53,45,201.0,553.0,217.0,553.0,217.0,537.0,201.0,537.0,1,2,0
53,46,185.0,558.0,202.0,558.0,202.0,540.0,185.0,540.0,1,2,0
53,47,378.0,328.0,416.0,328.0,416.0,304.0,378.0,304.0,1,7,0
53,48,185.0,72.0,196.0,63.0,189.0,54.0,178.0,63.0,1,2,0
53,49,192.0,79.0,205.0,79.0,205.0,60.0,192.0,60.0,1,2,0
53,50,793.0,48.0,810.0,41.0,794.0,0.0,777.0,7.0,1,1,0
54,1,703.0,909.0,798.0,876.0,782.0,832.0,687.0,865.0,1,0,0
54,3,1053.0,945.0,1098.0,930.0,1065.0,830.0,1020.0,845.0,1,0,0
54,7,986.0,819.0,1092.0,816.0,1091.0,768.0,985.0,771.0,1,0,0
54,8,1161.0,943.0,1163.0,847.0,1117.0,847.0,1116.0,943.0,1,0,0
54,16,681.0,856.0,775.0,832.0,764.0,790.0,671.0,814.0,1,0,0
54,20,993.0,946.0,1030.0,937.0,1004.0,837.0,967.0,846.0,1,3,0
54,24,1090.0,823.0,1109.0,823.0,1109.0,807.0,1090.0,807.0,1,2,0
54,26,1088.0,905.0,1102.0,899.0,1093.0,881.0,1080.0,887.0,1,2,0
54,33,859.0,810.0,859.0,793.0,840.0,793.0,840.0,810.0,1,2,0
54,34,982.0,765.0,1066.0,748.0,1057.0,705.0,974.0,722.0,1,0,0
54,37,450.0,585.0,496.0,580.0,495.0,566.0,449.0,571.0,1,1,0
54,39,489.0,561.0,497.0,534.0,455.0,521.0,447.0,548.0,1,7,0
54,41,1186.0,842.0,1186.0,813.0,1167.0,813.0,1167.0,842.0,1,2,0
54,44,246.0,614.0,246.0,597.0,226.0,596.0,226.0,613.0,1,2,0
54,45,213.0,585.0,229.0,585.0,229.0,565.0,213.0,565.0,1,2,0
54,46,199.0,589.0,216.0,589.0,216.0,569.0,199.0,569.0,1,2,0
54,47,386.0,350.0,428.0,347.0,427.0,324.0,384.0,327.0,1,7,0
54,48,199.0,95.0,208.0,83.0,199.0,77.0,190.0,89.0,1,2,0
54,49,203.0,101.0,217.0,101.0,217.0,85.0,203.0,85.0,1,2,0
54,50,802.0,70.0,817.0,64.0,802.0,23.0,787.0,29.0,1,1,0
55,1,700.0,932.0,796.0,899.0,781.0,854.0,684.0,887.0,1,0,0
55,7,983.0,842.0,1087.0,840.0,1086.0,793.0,982.0,795.0,1,0,0
55,16,679.0,879.0,774.0,854.0,763.0,810.0,667.0,835.0,1,0,0
55,24,1087.0,836.0,1108.0,836.0,1108.0,824.0,1087.0,824.0,1,2,0
55,33,835.0,831.0,851.0,831.0,851.0,814.0,835.0,814.0,1,2,0
55,34,983.0,788.0,1064.0,771.0,1055.0,729.0,975.0,746.0,1,0,0
55,37,447.0,607.0,491.0,602.0,489.0,587.0,446.0,592.0,1,1,0
55,39,482.0,580.0,491.0,555.0,454.0,543.0,445.0,568.0,1,7,0
55,41,1179.0,881.0,1187.0,868.0,1165.0,854.0,1157.0,867.0,1,2,0
55,44,231.0,644.0,249.0,644.0,249.0,625.0,231.0,625.0,1,2,0
55,45,214.0,614.0,230.0,614.0,230.0,596.0,214.0,596.0,1,2,0
55,46,198.0,620.0,214.0,620.0,214.0,601.0,198.0,601.0,1,2,0
55,47,387.0,371.0,428.0,370.0,428.0,350.0,386.0,351.0,1,7,0
55,48,202.0,114.0,206.0,103.0,194.0,99.0,190.0,110.0,1,2,0
55,49,222.0,123.0,227.0,112.0,206.0,103.0,201.0,114.0,1,2,0
55,50,801.0,95.0,818.0,89.0,801.0,45.0,784.0,51.0,1,1,0
56,7,944.0,872.0,1048.0,872.0,1048.0,825.0,944.0,825.0,1,0,0
56,16,637.0,903.0,734.0,878.0,724.0,837.0,627.0,862.0,1,0,0
56,24,1054.0,859.0,1067.0,859.0,1067.0,845.0,1054.0,845.0,1,2,0
56,33,788.0,857.0,802.0,857.0,802.0,843.0,788.0,843.0,1,2,0
56,34,941.0,820.0,1027.0,803.0,1018.0,759.0,932.0,776.0,1,0,0
56,37,415.0,627.0,457.0,624.0,455.0,610.0,413.0,613.0,1,1,0
56,39,446.0,600.0,454.0,577.0,420.0,565.0,411.0,588.0,1,7,0
56,44,208.0,675.0,221.0,660.0,208.0,648.0,195.0,663.0,1,2,0
56,45,186.0,645.0,200.0,635.0,192.0,623.0,177.0,633.0,1,2,0
56,46,164.0,648.0,183.0,648.0,183.0,627.0,164.0,627.0,1,2,0
56,47,359.0,391.0,399.0,391.0,399.0,365.0,359.0,365.0,1,7,0
56,48,179.0,132.0,185.0,121.0,169.0,113.0,163.0,124.0,1,2,0
56,49,182.0,136.0,199.0,136.0,199.0,123.0,182.0,123.0,1,2,0
56,50,775.0,121.0,789.0,117.0,777.0,76.0,762.0,80.0,1,1,0
56,51,835.0,21.0,840.0,-5.0,789.0,-16.0,783.0,10.0,1,7,0
57,7,947.0,888.0,1049.0,888.0,1049.0,842.0,947.0,842.0,1,0,0
57,16,642.0,912.0,735.0,890.0,725.0,847.0,632.0,869.0,1,0,0
57,24,1054.0,870.0,1070.0,870.0,1070.0,857.0,1054.0,857.0,1,2,0
57,33,784.0,867.0,795.0,867.0,795.0,852.0,784.0,852.0,1,2,0
57,34,944.0,834.0,1027.0,819.0,1019.0,776.0,937.0,791.0,1,0,0
57,37,419.0,633.0,465.0,630.0,464.0,615.0,418.0,618.0,1,1,0
57,39,457.0,612.0,466.0,589.0,427.0,573.0,418.0,596.0,1,7,0
57,44,207.0,686.0,226.0,686.0,226.0,669.0,207.0,669.0,1,2,0
57,45,191.0,656.0,207.0,656.0,207.0,634.0,191.0,634.0,1,2,0
57,46,171.0,659.0,192.0,659.0,192.0,643.0,171.0,643.0,1,2,0
57,47,364.0,394.0,406.0,394.0,406.0,372.0,364.0,372.0,1,7,0
57,48,192.0,136.0,198.0,127.0,185.0,118.0,178.0,127.0,1,2,0
57,49,198.0,148.0,213.0,148.0,213.0,130.0,198.0,130.0,1,2,0
57,50,791.0,125.0,801.0,121.0,787.0,89.0,777.0,93.0,1,1,0
57,51,804.0,28.0,849.0,28.0,849.0,0.0,804.0,0.0,1,7,0
58,7,1059.0,901.0,1059.0,851.0,953.0,850.0,952.0,900.0,1,0,0
58,16,647.0,920.0,742.0,900.0,734.0,859.0,639.0,879.0,1,0,0
58,24,1061.0,875.0,1075.0,870.0,1069.0,852.0,1055.0,857.0,1,2,0
58,33,799.0,876.0,799.0,859.0,778.0,859.0,778.0,876.0,1,2,0
58,34,954.0,844.0,1036.0,831.0,1029.0,788.0,947.0,801.0,1,0,0
58,37,429.0,643.0,471.0,638.0,469.0,624.0,427.0,629.0,1,1,0
58,39,460.0,618.0,470.0,596.0,436.0,581.0,426.0,603.0,1,7,0
58,44,236.0,703.0,238.0,679.0,220.0,678.0,218.0,702.0,1,2,0
58,45,217.0,672.0,218.0,653.0,199.0,652.0,198.0,671.0,1,2,0
58,46,183.0,677.0,200.0,677.0,200.0,661.0,183.0,661.0,1,2,0
58,47,378.0,403.0,413.0,403.0,413.0,383.0,378.0,383.0,1,7,0
58,48,194.0,142.0,210.0,142.0,210.0,128.0,194.0,128.0,1,2,0
58,49,212.0,160.0,229.0,160.0,229.0,142.0,212.0,142.0,1,2,0
58,50,799.0,140.0,812.0,136.0,800.0,98.0,787.0,102.0,1,1,0
58,51,854.0,37.0,856.0,10.0,815.0,6.0,812.0,33.0,1,7,0
59,33,723.0,907.0,737.0,907.0,737.0,886.0,723.0,886.0,1,2,0
59,34,898.0,878.0,979.0,866.0,973.0,825.0,892.0,837.0,1,0,0
59,37,382.0,659.0,423.0,656.0,421.0,641.0,380.0,644.0,1,1,0
59,39,408.0,637.0,422.0,617.0,393.0,596.0,379.0,616.0,1,7,0
59,44,171.0,724.0,186.0,724.0,186.0,706.0,171.0,706.0,1,2,0
59,45,151.0,690.0,171.0,690.0,171.0,669.0,151.0,669.0,1,2,0
59,46,135.0,697.0,154.0,697.0,154.0,673.0,135.0,673.0,1,2,0
59,47,339.0,416.0,374.0,416.0,374.0,393.0,339.0,393.0,1,7,0
59,48,167.0,153.0,182.0,153.0,182.0,138.0,167.0,138.0,1,2,0
59,49,189.0,173.0,210.0,173.0,210.0,156.0,189.0,156.0,1,2,0
59,50,774.0,180.0,788.0,177.0,777.0,133.0,764.0,136.0,1,1,0
59,51,831.0,72.0,836.0,44.0,795.0,36.0,789.0,64.0,1,7,0
59,52,786.0,44.0,824.0,28.0,813.0,2.0,775.0,18.0,1,7,0
59,53,777.0,18.0,811.0,7.0,807.0,-6.0,773.0,5.0,1,1,0
60,34,921.0,914.0,1009.0,905.0,1005.0,861.0,916.0,870.0,1,0,0
60,37,412.0,687.0,451.0,683.0,450.0,669.0,411.0,673.0,1,1,0
60,39,440.0,660.0,451.0,639.0,422.0,624.0,411.0,645.0,1,7,0
60,44,199.0,757.0,217.0,757.0,217.0,736.0,199.0,736.0,1,2,0
60,45,182.0,728.0,199.0,728.0,199.0,703.0,182.0,703.0,1,2,0
60,46,165.0,731.0,184.0,731.0,184.0,714.0,165.0,714.0,1,2,0
60,47,371.0,444.0,409.0,444.0,409.0,418.0,371.0,418.0,1,7,0
60,48,205.0,185.0,220.0,185.0,220.0,166.0,205.0,166.0,1,2,0
60,49,230.0,205.0,248.0,205.0,248.0,187.0,230.0,187.0,1,2,0
60,50,805.0,203.0,819.0,200.0,810.0,159.0,796.0,162.0,1,1,0
60,51,863.0,107.0,871.0,79.0,831.0,67.0,823.0,95.0,1,7,0
60,52,817.0,71.0,861.0,63.0,855.0,36.0,811.0,44.0,1,7,0
60,53,819.0,45.0,853.0,34.0,849.0,21.0,815.0,32.0,1,1,0
61,34,869.0,917.0,955.0,909.0,951.0,872.0,865.0,880.0,1,0,0
61,37,366.0,683.0,405.0,683.0,405.0,669.0,366.0,669.0,1,1,0
61,39,395.0,661.0,408.0,642.0,379.0,622.0,366.0,641.0,1,7,0
61,44,151.0,758.0,169.0,758.0,169.0,737.0,151.0,737.0,1,2,0
61,45,137.0,726.0,154.0,726.0,154.0,708.0,137.0,708.0,1,2,0
61,46,123.0,732.0,139.0,732.0,139.0,713.0,123.0,713.0,1,2,0
61,47,332.0,440.0,371.0,440.0,371.0,416.0,332.0,416.0,1,7,0
61,48,176.0,176.0,196.0,176.0,196.0,162.0,176.0,162.0,1,2,0
61,49,203.0,208.0,220.0,207.0,219.0,182.0,202.0,183.0,1,2,0
61,50,773.0,214.0,787.0,212.0,780.0,170.0,767.0,172.0,1,1,0
61,51,838.0,116.0,844.0,89.0,803.0,80.0,797.0,107.0,1,7,0
61,52,791.0,83.0,833.0,74.0,828.0,48.0,786.0,57.0,1,7,0
61,53,791.0,55.0,824.0,47.0,821.0,35.0,788.0,43.0,1,1,0
62,37,400.0,706.0,437.0,706.0,437.0,693.0,400.0,693.0,1,1,0
62,39,430.0,684.0,445.0,662.0,415.0,643.0,400.0,665.0,1,7,0
62,44,181.0,791.0,202.0,791.0,202.0,775.0,181.0,775.0,1,2,0
62,45,172.0,760.0,191.0,760.0,191.0,738.0,172.0,738.0,1,2,0
62,46,161.0,766.0,178.0,766.0,178.0,744.0,161.0,744.0,1,2,0
62,48,217.0,207.0,237.0,207.0,237.0,189.0,217.0,189.0,1,2,0
62,49,244.0,233.0,259.0,233.0,259.0,215.0,244.0,215.0,1,2,0
62,50,808.0,240.0,824.0,238.0,819.0,199.0,803.0,201.0,1,1,0
62,51,872.0,143.0,880.0,118.0,842.0,106.0,834.0,131.0,1,7,0
62,52,828.0,109.0,871.0,101.0,865.0,74.0,822.0,82.0,1,7,0
62,53,828.0,81.0,859.0,74.0,857.0,62.0,825.0,69.0,1,1,0
62,54,657.0,60.0,681.0,57.0,676.0,13.0,652.0,16.0,1,1,0
62,55,653.0,30.0,677.0,28.0,676.0,14.0,652.0,16.0,1,2,0
63,37,458.0,719.0,458.0,705.0,412.0,704.0,412.0,718.0,1,1,0
63,39,446.0,702.0,460.0,682.0,429.0,660.0,415.0,680.0,1,7,0
63,44,213.0,816.0,220.0,791.0,203.0,786.0,196.0,811.0,1,2,0
63,45,188.0,783.0,206.0,783.0,206.0,759.0,188.0,759.0,1,2,0
63,46,171.0,789.0,189.0,789.0,189.0,771.0,171.0,771.0,1,2,0
63,48,234.0,229.0,248.0,229.0,248.0,210.0,234.0,210.0,1,2,0
63,49,273.0,262.0,284.0,255.0,269.0,235.0,258.0,242.0,1,2,0
63,50,821.0,248.0,836.0,246.0,831.0,208.0,816.0,210.0,1,1,0
63,51,886.0,153.0,894.0,128.0,854.0,116.0,846.0,141.0,1,7,0
63,52,843.0,122.0,882.0,110.0,874.0,83.0,834.0,95.0,1,7,0
63,53,842.0,94.0,874.0,85.0,871.0,72.0,839.0,81.0,1,1,0
63,54,682.0,137.0,702.0,135.0,698.0,87.0,678.0,89.0,1,1,0
63,55,681.0,108.0,701.0,105.0,699.0,91.0,678.0,94.0,1,2,0
64,37,419.0,730.0,461.0,730.0,461.0,717.0,419.0,717.0,1,1,0
64,39,449.0,709.0,462.0,689.0,432.0,670.0,419.0,690.0,1,7,0
64,44,217.0,835.0,223.0,815.0,208.0,811.0,203.0,831.0,1,2,0
64,45,198.0,805.0,215.0,805.0,215.0,786.0,198.0,786.0,1,2,0
64,46,185.0,810.0,200.0,810.0,200.0,788.0,185.0,788.0,1,2,0
64,48,243.0,243.0,259.0,243.0,259.0,225.0,243.0,225.0,1,2,0
64,49,272.0,271.0,287.0,271.0,287.0,259.0,272.0,259.0,1,2,0
64,50,830.0,263.0,844.0,260.0,837.0,221.0,823.0,224.0,1,1,0
64,51,896.0,164.0,902.0,139.0,861.0,130.0,856.0,155.0,1,7,0
64,52,851.0,134.0,890.0,123.0,882.0,95.0,843.0,106.0,1,7,0
64,53,850.0,105.0,882.0,97.0,880.0,86.0,847.0,94.0,1,1,0
64,54,705.0,214.0,726.0,210.0,717.0,162.0,695.0,166.0,1,1,0
64,55,701.0,182.0,719.0,178.0,716.0,164.0,698.0,168.0,1,2,0
64,56,235.0,29.0,250.0,29.0,250.0,15.0,235.0,15.0,1,2,0
65,37,420.0,755.0,459.0,755.0,459.0,740.0,420.0,740.0,1,1,0
65,39,449.0,735.0,463.0,714.0,432.0,695.0,419.0,716.0,1,7,0
65,45,195.0,842.0,215.0,842.0,215.0,818.0,195.0,818.0,1,2,0
65,46,204.0,846.0,204.0,823.0,185.0,823.0,185.0,846.0,1,2,0
65,48,244.0,274.0,260.0,274.0,260.0,259.0,244.0,259.0,1,2,0
65,49,275.0,310.0,291.0,309.0,290.0,286.0,273.0,287.0,1,2,0
65,50,831.0,287.0,844.0,284.0,835.0,245.0,822.0,248.0,1,1,0
65,51,893.0,190.0,900.0,163.0,860.0,154.0,854.0,181.0,1,7,0
65,52,848.0,157.0,889.0,148.0,884.0,122.0,842.0,131.0,1,7,0
65,53,847.0,129.0,880.0,122.0,878.0,111.0,845.0,118.0,1,1,0
65,54,715.0,298.0,735.0,295.0,726.0,248.0,707.0,251.0,1,1,0
65,55,710.0,266.0,732.0,266.0,732.0,253.0,710.0,253.0,1,2,0
65,56,235.0,59.0,250.0,59.0,250.0,46.0,235.0,46.0,1,2,0
66,37,427.0,764.0,467.0,764.0,467.0,748.0,427.0,748.0,1,1,0
66,39,456.0,744.0,469.0,725.0,439.0,704.0,426.0,723.0,1,7,0
66,45,205.0,861.0,221.0,860.0,220.0,842.0,204.0,843.0,1,2,0
66,46,190.0,862.0,206.0,861.0,204.0,843.0,188.0,844.0,1,2,0
66,48,254.0,289.0,269.0,289.0,269.0,272.0,254.0,272.0,1,2,0
66,49,284.0,323.0,300.0,323.0,300.0,309.0,284.0,309.0,1,2,0
66,50,837.0,295.0,849.0,293.0,843.0,255.0,831.0,257.0,1,1,0
66,51,902.0,200.0,907.0,174.0,867.0,165.0,862.0,191.0,1,7,0
66,52,856.0,168.0,898.0,157.0,891.0,131.0,849.0,142.0,1,7,0
66,53,855.0,139.0,889.0,130.0,885.0,119.0,851.0,128.0,1,1,0
66,54,733.0,366.0,754.0,362.0,746.0,314.0,725.0,318.0,1,1,0
66,55,730.0,337.0,750.0,334.0,748.0,320.0,728.0,323.0,1,2,0
66,56,256.0,74.0,257.0,60.0,244.0,59.0,243.0,73.0,1,2,0
67,37,440.0,796.0,481.0,793.0,480.0,778.0,439.0,781.0,1,1,0
67,39,468.0,773.0,481.0,755.0,452.0,735.0,440.0,753.0,1,7,0
67,45,221.0,899.0,237.0,898.0,236.0,880.0,220.0,881.0,1,2,0
67,46,206.0,900.0,222.0,899.0,221.0,881.0,205.0,882.0,1,2,0
67,48,266.0,327.0,280.0,327.0,280.0,310.0,266.0,310.0,1,2,0
67,49,297.0,364.0,311.0,364.0,311.0,346.0,297.0,346.0,1,2,0
67,50,850.0,325.0,862.0,323.0,855.0,285.0,842.0,287.0,1,1,0
67,51,913.0,228.0,917.0,205.0,878.0,197.0,874.0,220.0,1,7,0
67,52,868.0,198.0,907.0,186.0,900.0,161.0,861.0,173.0,1,7,0
67,53,867.0,170.0,899.0,160.0,896.0,148.0,863.0,158.0,1,1,0
67,54,754.0,453.0,775.0,450.0,769.0,407.0,748.0,410.0,1,1,0
67,55,752.0,425.0,774.0,423.0,773.0,408.0,750.0,410.0,1,2,0
67,56,252.0,108.0,268.0,108.0,268.0,97.0,252.0,97.0,1,2,0
68,37,436.0,823.0,476.0,823.0,476.0,811.0,436.0,811.0,1,1,0
68,39,460.0,806.0,476.0,786.0,447.0,762.0,431.0,782.0,1,7,0
68,48,266.0,359.0,279.0,359.0,279.0,340.0,266.0,340.0,1,2,0
68,49,296.0,402.0,311.0,402.0,311.0,387.0,296.0,387.0,1,2,0
68,50,846.0,358.0,861.0,356.0,856.0,316.0,841.0,318.0,1,1,0
68,51,909.0,261.0,917.0,237.0,878.0,225.0,870.0,249.0,1,7,0
68,52,866.0,227.0,907.0,218.0,901.0,193.0,860.0,202.0,1,7,0
68,53,867.0,198.0,897.0,193.0,894.0,181.0,864.0,186.0,1,1,0
68,54,764.0,545.0,785.0,542.0,777.0,495.0,756.0,498.0,1,1,0
68,55,760.0,514.0,781.0,513.0,780.0,495.0,759.0,496.0,1,2,0
68,56,252.0,141.0,268.0,141.0,268.0,129.0,252.0,129.0,1,2,0
69,37,433.0,858.0,479.0,857.0,479.0,840.0,433.0,841.0,1,1,0
69,39,465.0,835.0,475.0,815.0,444.0,799.0,434.0,819.0,1,7,0
69,48,262.0,391.0,280.0,391.0,280.0,380.0,262.0,380.0,1,2,0
69,49,296.0,441.0,310.0,441.0,310.0,423.0,296.0,423.0,1,2,0
69,50,846.0,387.0,860.0,384.0,851.0,347.0,838.0,350.0,1,1,0
69,51,908.0,294.0,916.0,271.0,876.0,259.0,869.0,282.0,1,7,0
69,52,862.0,258.0,905.0,250.0,901.0,226.0,858.0,234.0,1,7,0
69,53,864.0,231.0,896.0,222.0,893.0,211.0,861.0,220.0,1,1,0
69,54,776.0,632.0,796.0,629.0,789.0,582.0,768.0,585.0,1,1,0
69,55,770.0,603.0,793.0,602.0,792.0,586.0,770.0,587.0,1,2,0
69,56,254.0,180.0,266.0,180.0,266.0,164.0,254.0,164.0,1,2,0
70,37,439.0,882.0,486.0,879.0,485.0,864.0,438.0,867.0,1,1,0
70,39,470.0,861.0,482.0,842.0,451.0,824.0,440.0,843.0,1,7,0
70,48,269.0,418.0,286.0,418.0,286.0,405.0,269.0,405.0,1,2,0
70,49,317.0,477.0,317.0,458.0,301.0,458.0,301.0,477.0,1,2,0
70,50,850.0,413.0,865.0,410.0,857.0,371.0,842.0,374.0,1,1,0
70,51,914.0,316.0,920.0,290.0,880.0,281.0,874.0,307.0,1,7,0
70,52,869.0,284.0,910.0,273.0,903.0,247.0,862.0,258.0,1,7,0
70,53,867.0,255.0,901.0,247.0,898.0,236.0,864.0,244.0,1,1,0
70,54,793.0,710.0,812.0,707.0,805.0,661.0,786.0,664.0,1,1,0
70,55,790.0,683.0,810.0,679.0,807.0,662.0,786.0,666.0,1,2,0
70,56,254.0,206.0,271.0,206.0,271.0,192.0,254.0,192.0,1,2,0
70,57,340.0,23.0,343.0,-7.0,303.0,-11.0,300.0,19.0,1,7,0
71,39,468.0,894.0,488.0,878.0,465.0,848.0,445.0,864.0,1,7,0
71,48,279.0,449.0,294.0,449.0,294.0,438.0,279.0,438.0,1,2,0
71,49,311.0,512.0,325.0,512.0,325.0,499.0,311.0,499.0,1,2,0
71,50,860.0,441.0,874.0,438.0,866.0,401.0,852.0,404.0,1,1,0
71,51,920.0,347.0,927.0,323.0,889.0,311.0,882.0,335.0,1,7,0
71,52,878.0,313.0,919.0,305.0,913.0,279.0,872.0,287.0,1,7,0
71,53,874.0,285.0,907.0,276.0,904.0,265.0,871.0,274.0,1,1,0
71,54,814.0,792.0,832.0,789.0,825.0,742.0,807.0,745.0,1,1,0
71,55,806.0,762.0,829.0,759.0,827.0,746.0,804.0,749.0,1,2,0
71,56,261.0,242.0,276.0,242.0,276.0,229.0,261.0,229.0,1,2,0
71,57,358.0,56.0,361.0,31.0,318.0,25.0,314.0,50.0,1,7,0
71,58,350.0,29.0,360.0,4.0,320.0,-13.0,310.0,12.0,1,7,0
72,39,472.0,918.0,488.0,902.0,458.0,872.0,442.0,888.0,1,7,0
72,48,273.0,468.0,287.0,468.0,287.0,456.0,273.0,456.0,1,2,0
72,49,305.0,545.0,321.0,545.0,321.0,523.0,305.0,523.0,1,2,0
72,50,857.0,460.0,871.0,456.0,860.0,420.0,846.0,424.0,1,1,0
72,51,913.0,365.0,921.0,342.0,884.0,330.0,876.0,353.0,1,7,0
72,52,869.0,332.0,910.0,324.0,906.0,300.0,865.0,308.0,1,7,0
72,53,870.0,307.0,903.0,296.0,900.0,284.0,866.0,295.0,1,1,0
72,54,815.0,857.0,832.0,855.0,828.0,808.0,811.0,810.0,1,1,0
72,55,809.0,827.0,830.0,827.0,830.0,811.0,809.0,811.0,1,2,0
72,56,255.0,265.0,270.0,265.0,270.0,251.0,255.0,251.0,1,2,0
72,57,344.0,76.0,353.0,53.0,315.0,40.0,307.0,63.0,1,7,0
72,58,343.0,47.0,350.0,23.0,305.0,9.0,298.0,33.0,1,7,0
73,39,481.0,914.0,495.0,896.0,462.0,870.0,448.0,888.0,1,7,0
73,48,280.0,466.0,295.0,466.0,295.0,455.0,280.0,455.0,1,2,0
73,49,313.0,546.0,331.0,546.0,331.0,532.0,313.0,532.0,1,2,0
73,50,860.0,460.0,873.0,458.0,867.0,419.0,853.0,421.0,1,1,0
73,51,924.0,364.0,930.0,339.0,889.0,329.0,882.0,354.0,1,7,0
73,52,877.0,332.0,918.0,322.0,912.0,297.0,870.0,307.0,1,7,0
73,53,875.0,303.0,908.0,295.0,906.0,283.0,873.0,291.0,1,1,0
73,54,829.0,894.0,847.0,893.0,843.0,847.0,825.0,848.0,1,1,0
73,55,825.0,869.0,846.0,866.0,843.0,850.0,822.0,853.0,1,2,0
73,56,261.0,274.0,275.0,274.0,275.0,258.0,261.0,258.0,1,2,0
73,57,352.0,72.0,358.0,49.0,321.0,41.0,316.0,64.0,1,7,0
73,58,352.0,45.0,358.0,17.0,313.0,9.0,307.0,37.0,1,7,0
74,48,284.0,479.0,299.0,479.0,299.0,468.0,284.0,468.0,1,2,0
74,49,320.0,572.0,334.0,571.0,333.0,551.0,318.0,552.0,1,2,0
74,50,864.0,476.0,881.0,473.0,874.0,431.0,857.0,434.0,1,1,0
74,51,930.0,376.0,934.0,351.0,893.0,344.0,888.0,369.0,1,7,0
74,52,880.0,345.0,922.0,333.0,916.0,309.0,874.0,321.0,1,7,0
74,53,880.0,316.0,913.0,308.0,910.0,297.0,878.0,305.0,1,1,0
74,56,278.0,292.0,278.0,280.0,263.0,280.0,263.0,292.0,1,2,0
74,57,357.0,85.0,361.0,61.0,326.0,55.0,322.0,79.0,1,7,0
74,58,356.0,59.0,362.0,32.0,318.0,21.0,311.0,48.0,1,7,0
75,48,271.0,489.0,286.0,489.0,286.0,478.0,271.0,478.0,1,2,0
75,49,322.0,587.0,322.0,572.0,307.0,572.0,307.0,587.0,1,2,0
75,50,851.0,483.0,867.0,481.0,860.0,441.0,844.0,443.0,1,1,0
75,51,911.0,386.0,917.0,363.0,878.0,354.0,872.0,377.0,1,7,0
75,52,866.0,354.0,908.0,346.0,903.0,322.0,862.0,330.0,1,7,0
75,53,866.0,325.0,900.0,318.0,897.0,307.0,864.0,314.0,1,1,0
75,56,248.0,315.0,265.0,315.0,265.0,294.0,248.0,294.0,1,2,0
75,57,343.0,94.0,347.0,70.0,312.0,64.0,308.0,88.0,1,7,0
75,58,342.0,68.0,349.0,42.0,304.0,31.0,297.0,57.0,1,7,0
76,48,284.0,489.0,300.0,489.0,300.0,478.0,284.0,478.0,1,2,0
76,49,322.0,596.0,336.0,596.0,336.0,576.0,322.0,576.0,1,2,0
76,50,863.0,482.0,876.0,480.0,870.0,441.0,857.0,443.0,1,1,0
76,51,926.0,385.0,931.0,362.0,892.0,353.0,887.0,376.0,1,7,0
76,52,881.0,353.0,923.0,345.0,918.0,320.0,876.0,328.0,1,7,0
76,53,880.0,325.0,913.0,317.0,911.0,306.0,877.0,314.0,1,1,0
76,56,261.0,321.0,275.0,321.0,275.0,307.0,261.0,307.0,1,2,0
76,57,356.0,94.0,361.0,70.0,325.0,63.0,320.0,87.0,1,7,0
76,58,355.0,67.0,362.0,41.0,316.0,30.0,310.0,56.0,1,7,0
77,48,280.0,499.0,295.0,499.0,295.0,488.0,280.0,488.0,1,2,0
77,49,318.0,613.0,335.0,612.0,334.0,599.0,318.0,600.0,1,2,0
77,50,862.0,492.0,875.0,489.0,867.0,451.0,853.0,454.0,1,1,0
77,51,923.0,394.0,927.0,371.0,888.0,363.0,883.0,386.0,1,7,0
77,52,878.0,364.0,919.0,354.0,913.0,329.0,872.0,339.0,1,7,0
77,53,876.0,335.0,908.0,326.0,904.0,315.0,873.0,324.0,1,1,0
77,56,255.0,338.0,270.0,338.0,270.0,322.0,255.0,322.0,1,2,0
77,57,353.0,103.0,357.0,79.0,319.0,73.0,315.0,97.0,1,7,0
77,58,351.0,76.0,356.0,48.0,313.0,40.0,308.0,68.0,1,7,0
78,48,336.0,526.0,352.0,526.0,352.0,513.0,336.0,513.0,1,2,0
78,49,385.0,642.0,402.0,642.0,402.0,625.0,385.0,625.0,1,2,0
78,50,915.0,472.0,930.0,467.0,917.0,427.0,903.0,432.0,1,1,0
78,51,968.0,365.0,969.0,341.0,930.0,338.0,928.0,362.0,1,7,0
78,52,918.0,337.0,959.0,325.0,952.0,301.0,911.0,313.0,1,7,0
78,53,917.0,309.0,947.0,299.0,944.0,289.0,914.0,299.0,1,1,0
78,56,296.0,378.0,312.0,378.0,312.0,361.0,296.0,361.0,1,2,0
78,57,370.0,129.0,375.0,106.0,337.0,98.0,333.0,121.0,1,7,0
78,58,367.0,101.0,372.0,76.0,328.0,67.0,323.0,92.0,1,7,0
79,48,413.0,559.0,430.0,559.0,430.0,548.0,413.0,548.0,1,2,0
79,49,483.0,680.0,497.0,680.0,497.0,662.0,483.0,662.0,1,2,0
79,50,981.0,415.0,991.0,410.0,976.0,381.0,966.0,386.0,1,1,0
79,51,981.0,316.0,1021.0,312.0,1018.0,287.0,978.0,291.0,1,7,0
79,52,968.0,292.0,1007.0,271.0,995.0,249.0,956.0,270.0,1,7,0
79,53,962.0,262.0,988.0,248.0,983.0,239.0,957.0,253.0,1,1,0
79,56,354.0,427.0,368.0,427.0,368.0,415.0,354.0,415.0,1,2,0
79,57,395.0,165.0,397.0,140.0,361.0,137.0,358.0,162.0,1,7,0
79,58,343.0,139.0,388.0,139.0,388.0,110.0,343.0,110.0,1,7,0
80,48,337.0,587.0,351.0,587.0,351.0,575.0,337.0,575.0,1,2,0
80,49,411.0,711.0,425.0,711.0,425.0,692.0,411.0,692.0,1,2,0
80,50,898.0,437.0,911.0,431.0,894.0,396.0,881.0,402.0,1,1,0
80,51,896.0,332.0,933.0,328.0,931.0,305.0,894.0,309.0,1,7,0
80,52,883.0,310.0,922.0,289.0,910.0,267.0,871.0,288.0,1,7,0
80,53,874.0,281.0,904.0,267.0,899.0,257.0,870.0,271.0,1,1,0
80,56,275.0,462.0,289.0,462.0,289.0,445.0,275.0,445.0,1,2,0
80,57,308.0,191.0,311.0,167.0,273.0,162.0,270.0,186.0,1,7,0
80,58,300.0,163.0,301.0,136.0,257.0,135.0,256.0,162.0,1,7,0
80,59,292.0,901.0,311.0,900.0,310.0,884.0,291.0,885.0,1,2,0
81,48,325.0,600.0,339.0,600.0,339.0,589.0,325.0,589.0,1,2,0
81,49,401.0,733.0,417.0,733.0,417.0,717.0,401.0,717.0,1,2,0
81,50,886.0,452.0,900.0,445.0,883.0,411.0,869.0,418.0,1,1,0
81,51,885.0,345.0,925.0,341.0,923.0,317.0,883.0,321.0,1,7,0
81,52,872.0,324.0,909.0,303.0,896.0,281.0,859.0,302.0,1,7,0
81,53,863.0,295.0,892.0,280.0,886.0,270.0,857.0,285.0,1,1,0
81,56,262.0,487.0,279.0,487.0,279.0,471.0,262.0,471.0,1,2,0
81,57,295.0,204.0,299.0,180.0,262.0,175.0,259.0,199.0,1,7,0
81,58,290.0,176.0,290.0,148.0,245.0,147.0,244.0,175.0,1,7,0
81,60,57.0,10.0,59.0,-4.0,35.0,-7.0,33.0,7.0,1,2,0
82,48,317.0,597.0,332.0,596.0,331.0,586.0,317.0,587.0,1,2,0
82,49,397.0,737.0,412.0,737.0,412.0,721.0,397.0,721.0,1,2,0
82,50,881.0,452.0,893.0,446.0,875.0,409.0,862.0,415.0,1,1,0
82,51,877.0,343.0,915.0,340.0,913.0,316.0,876.0,319.0,1,7,0
82,52,866.0,321.0,902.0,302.0,889.0,279.0,853.0,298.0,1,7,0
82,53,855.0,293.0,885.0,278.0,880.0,268.0,850.0,283.0,1,1,0
82,56,257.0,490.0,272.0,490.0,272.0,477.0,257.0,477.0,1,2,0
82,57,287.0,201.0,291.0,175.0,256.0,171.0,253.0,197.0,1,7,0
82,58,281.0,172.0,282.0,145.0,238.0,144.0,237.0,171.0,1,7,0
83,48,314.0,618.0,329.0,618.0,329.0,607.0,314.0,607.0,1,2,0
83,49,396.0,768.0,410.0,768.0,410.0,748.0,396.0,748.0,1,2,0
83,50,876.0,471.0,889.0,465.0,872.0,428.0,859.0,434.0,1,1,0
83,51,873.0,364.0,912.0,359.0,910.0,336.0,870.0,341.0,1,7,0
83,52,861.0,342.0,898.0,323.0,887.0,300.0,849.0,319.0,1,7,0
83,53,851.0,313.0,881.0,299.0,876.0,289.0,847.0,303.0,1,1,0
83,56,253.0,519.0,269.0,519.0,269.0,502.0,253.0,502.0,1,2,0
83,57,285.0,221.0,287.0,196.0,251.0,193.0,249.0,218.0,1,7,0
83,58,234.0,193.0,282.0,193.0,282.0,165.0,234.0,165.0,1,7,0
83,60,49.0,27.0,49.0,11.0,32.0,11.0,32.0,27.0,1,2,0
83,61,29.0,18.0,35.0,6.0,13.0,-5.0,7.0,7.0,1,2,0
83,62,46.0,13.0,62.0,13.0,62.0,-6.0,46.0,-6.0,1,2,0
84,48,336.0,619.0,336.0,606.0,320.0,606.0,320.0,619.0,1,2,0
84,49,403.0,775.0,417.0,775.0,417.0,757.0,403.0,757.0,1,2,0
84,50,883.0,473.0,897.0,466.0,879.0,429.0,864.0,436.0,1,1,0
84,51,879.0,366.0,921.0,362.0,919.0,337.0,877.0,341.0,1,7,0
84,52,867.0,343.0,904.0,324.0,892.0,301.0,855.0,320.0,1,7,0
84,53,860.0,316.0,889.0,300.0,882.0,289.0,853.0,305.0,1,1,0
84,56,259.0,527.0,276.0,527.0,276.0,514.0,259.0,514.0,1,2,0
84,57,289.0,223.0,293.0,196.0,258.0,192.0,254.0,219.0,1,7,0
84,58,287.0,193.0,287.0,165.0,240.0,164.0,240.0,192.0,1,7,0
84,60,50.0,31.0,60.0,19.0,42.0,4.0,32.0,16.0,1,2,0
84,61,24.0,14.0,39.0,14.0,39.0,-2.0,24.0,-2.0,1,2,0
84,62,66.0,17.0,74.0,4.0,57.0,-7.0,49.0,6.0,1,2,0
84,63,467.0,242.0,495.0,242.0,494.0,173.0,465.0,173.0,1,7,0
85,48,314.0,633.0,330.0,632.0,329.0,619.0,314.0,620.0,1,2,0
85,49,398.0,797.0,414.0,796.0,413.0,777.0,397.0,778.0,1,2,0
85,50,879.0,488.0,894.0,480.0,874.0,442.0,859.0,450.0,1,1,0
85,51,874.0,378.0,912.0,376.0,911.0,353.0,872.0,355.0,1,7,0
85,52,862.0,357.0,899.0,338.0,887.0,315.0,850.0,334.0,1,7,0
85,53,853.0,329.0,882.0,313.0,876.0,303.0,847.0,319.0,1,1,0
85,56,253.0,547.0,268.0,547.0,268.0,530.0,253.0,530.0,1,2,0
85,57,286.0,235.0,289.0,210.0,252.0,206.0,249.0,231.0,1,7,0
85,58,280.0,208.0,285.0,183.0,238.0,175.0,233.0,200.0,1,7,0
85,60,54.0,39.0,59.0,26.0,41.0,18.0,36.0,31.0,1,2,0
85,61,24.0,28.0,40.0,28.0,40.0,11.0,24.0,11.0,1,2,0
85,62,60.0,28.0,70.0,18.0,57.0,5.0,47.0,15.0,1,2,0
85,63,459.0,254.0,486.0,254.0,486.0,185.0,459.0,185.0,1,7,0
86,48,309.0,637.0,324.0,636.0,323.0,624.0,309.0,625.0,1,2,0
86,49,395.0,808.0,410.0,807.0,409.0,792.0,394.0,793.0,1,2,0
86,50,872.0,494.0,886.0,487.0,867.0,447.0,853.0,454.0,1,1,0
86,51,870.0,385.0,909.0,380.0,906.0,355.0,867.0,360.0,1,7,0
86,52,856.0,361.0,894.0,342.0,882.0,319.0,845.0,338.0,1,7,0
86,53,848.0,333.0,877.0,318.0,872.0,308.0,842.0,323.0,1,1,0
86,56,246.0,560.0,261.0,560.0,261.0,543.0,246.0,543.0,1,2,0
86,57,282.0,239.0,284.0,214.0,247.0,211.0,245.0,236.0,1,7,0
86,58,229.0,208.0,277.0,208.0,277.0,182.0,229.0,182.0,1,7,0
86,60,57.0,40.0,59.0,28.0,36.0,25.0,35.0,37.0,1,2,0
86,61,21.0,33.0,40.0,33.0,40.0,11.0,21.0,11.0,1,2,0
86,62,51.0,31.0,65.0,26.0,58.0,10.0,45.0,15.0,1,2,0
86,63,455.0,258.0,478.0,258.0,478.0,192.0,455.0,192.0,1,7,0
87,48,297.0,638.0,312.0,638.0,312.0,627.0,297.0,627.0,1,2,0
87,49,385.0,821.0,399.0,821.0,399.0,798.0,385.0,798.0,1,2,0
87,50,866.0,494.0,878.0,487.0,855.0,451.0,844.0,458.0,1,1,0
87,51,858.0,386.0,900.0,381.0,896.0,356.0,854.0,361.0,1,7,0
87,52,846.0,362.0,881.0,343.0,870.0,322.0,835.0,341.0,1,7,0
87,53,835.0,337.0,866.0,320.0,861.0,310.0,830.0,327.0,1,1,0
87,56,231.0,567.0,245.0,567.0,245.0,556.0,231.0,556.0,1,2,0
87,57,269.0,240.0,272.0,216.0,232.0,212.0,229.0,236.0,1,7,0
87,58,217.0,213.0,265.0,213.0,265.0,185.0,217.0,185.0,1,7,0
87,60,39.0,47.0,47.0,38.0,32.0,23.0,24.0,32.0,1,2,0
87,61,21.0,36.0,32.0,27.0,18.0,10.0,8.0,19.0,1,2,0
87,62,38.0,31.0,59.0,31.0,59.0,15.0,38.0,15.0,1,2,0
87,63,447.0,247.0,464.0,246.0,460.0,195.0,443.0,196.0,1,7,0
88,48,275.0,642.0,290.0,641.0,289.0,630.0,274.0,631.0,1,2,0
88,49,357.0,833.0,372.0,833.0,372.0,817.0,357.0,817.0,1,2,0
88,50,843.0,519.0,861.0,511.0,842.0,470.0,824.0,478.0,1,1,0
88,51,883.0,408.0,883.0,383.0,843.0,383.0,843.0,408.0,1,7,0
88,52,832.0,386.0,870.0,369.0,860.0,346.0,822.0,363.0,1,7,0
88,53,825.0,358.0,854.0,343.0,849.0,333.0,819.0,348.0,1,1,0
88,56,221.0,574.0,223.0,558.0,208.0,557.0,206.0,573.0,1,2,0
88,57,263.0,241.0,264.0,216.0,226.0,214.0,225.0,239.0,1,7,0
88,58,258.0,213.0,259.0,186.0,211.0,185.0,210.0,212.0,1,7,0
88,60,45.0,34.0,46.0,17.0,29.0,16.0,28.0,33.0,1,2,0
88,61,14.0,18.0,33.0,18.0,33.0,0.0,14.0,0.0,1,2,0
88,62,41.0,25.0,56.0,25.0,56.0,8.0,41.0,8.0,1,2,0
88,63,438.0,254.0,457.0,254.0,457.0,203.0,438.0,203.0,1,7,0
89,48,300.0,650.0,315.0,649.0,315.0,637.0,299.0,638.0,1,2,0
89,49,384.0,850.0,400.0,849.0,399.0,826.0,382.0,827.0,1,2,0
89,50,869.0,524.0,882.0,517.0,862.0,481.0,849.0,488.0,1,1,0
89,51,868.0,416.0,908.0,415.0,908.0,392.0,867.0,393.0,1,7,0
89,52,856.0,394.0,893.0,376.0,883.0,354.0,846.0,372.0,1,7,0
89,53,848.0,364.0,879.0,351.0,875.0,341.0,844.0,354.0,1,1,0
89,56,242.0,587.0,243.0,573.0,231.0,572.0,230.0,586.0,1,2,0
89,57,286.0,250.0,289.0,226.0,252.0,222.0,249.0,246.0,1,7,0
89,58,281.0,223.0,282.0,194.0,236.0,192.0,235.0,221.0,1,7,0
89,60,63.0,44.0,75.0,37.0,62.0,18.0,51.0,25.0,1,2,0
89,61,44.0,20.0,60.0,20.0,60.0,4.0,44.0,4.0,1,2,0
89,62,92.0,34.0,92.0,17.0,72.0,16.0,72.0,33.0,1,2,0
89,63,458.0,265.0,479.0,265.0,479.0,210.0,458.0,210.0,1,7,0
90,48,317.0,654.0,332.0,654.0,332.0,642.0,317.0,642.0,1,2,0
90,49,402.0,859.0,416.0,859.0,416.0,844.0,402.0,844.0,1,2,0
90,50,882.0,522.0,893.0,517.0,879.0,485.0,868.0,490.0,1,1,0
90,51,885.0,417.0,927.0,417.0,927.0,392.0,885.0,392.0,1,7,0
90,52,873.0,395.0,911.0,379.0,902.0,357.0,864.0,373.0,1,7,0
90,53,863.0,368.0,894.0,355.0,890.0,345.0,859.0,358.0,1,1,0
90,56,241.0,594.0,259.0,594.0,259.0,580.0,241.0,580.0,1,2,0
90,57,268.0,252.0,304.0,252.0,304.0,228.0,268.0,228.0,1,7,0
90,58,254.0,225.0,298.0,225.0,298.0,196.0,254.0,196.0,1,7,0
90,60,69.0,37.0,91.0,37.0,91.0,18.0,69.0,18.0,1,2,0
90,61,65.0,19.0,84.0,19.0,84.0,6.0,65.0,6.0,1,2,0
90,62,93.0,34.0,109.0,34.0,109.0,16.0,93.0,16.0,1,2,0
90,63,478.0,262.0,497.0,262.0,497.0,213.0,478.0,213.0,1,7,0
91,48,325.0,667.0,340.0,667.0,340.0,654.0,325.0,654.0,1,2,0
91,49,410.0,882.0,425.0,882.0,425.0,856.0,410.0,856.0,1,2,0
91,50,894.0,542.0,908.0,535.0,890.0,497.0,876.0,504.0,1,1,0
91,51,894.0,433.0,934.0,429.0,932.0,407.0,892.0,411.0,1,7,0
91,52,880.0,410.0,920.0,394.0,910.0,371.0,871.0,387.0,1,7,0
91,53,874.0,383.0,903.0,368.0,898.0,358.0,869.0,373.0,1,1,0
91,56,246.0,612.0,262.0,612.0,262.0,598.0,246.0,598.0,1,2,0
91,57,310.0,268.0,313.0,243.0,278.0,239.0,275.0,264.0,1,7,0
91,58,310.0,238.0,311.0,211.0,262.0,209.0,260.0,236.0,1,7,0
91,60,101.0,47.0,102.0,31.0,88.0,30.0,87.0,46.0,1,2,0
91,61,80.0,30.0,97.0,30.0,97.0,14.0,80.0,14.0,1,2,0
91,62,102.0,48.0,119.0,47.0,118.0,28.0,101.0,29.0,1,2,0
91,63,486.0,271.0,503.0,271.0,503.0,229.0,486.0,229.0,1,7,0
91,64,42.0,22.0,62.0,22.0,62.0,6.0,42.0,6.0,1,2,0
92,48,312.0,670.0,326.0,670.0,326.0,657.0,312.0,657.0,1,2,0
92,49,397.0,893.0,411.0,893.0,411.0,878.0,397.0,878.0,1,2,0
92,50,880.0,549.0,894.0,543.0,875.0,502.0,861.0,508.0,1,1,0
92,51,879.0,437.0,919.0,435.0,918.0,411.0,878.0,413.0,1,7,0
92,52,867.0,414.0,906.0,397.0,895.0,374.0,856.0,391.0,1,7,0
92,53,860.0,385.0,889.0,371.0,884.0,361.0,855.0,375.0,1,1,0
92,56,230.0,619.0,245.0,619.0,245.0,604.0,230.0,604.0,1,2,0
92,57,298.0,269.0,300.0,245.0,263.0,243.0,261.0,267.0,1,7,0
92,58,248.0,241.0,296.0,241.0,296.0,212.0,248.0,212.0,1,7,0
92,60,91.0,43.0,92.0,28.0,77.0,27.0,76.0,42.0,1,2,0
92,61,71.0,29.0,91.0,29.0,91.0,9.0,71.0,9.0,1,2,0
92,62,90.0,40.0,109.0,39.0,108.0,23.0,89.0,24.0,1,2,0
92,63,466.0,289.0,494.0,288.0,492.0,231.0,463.0,232.0,1,7,0
92,64,24.0,24.0,47.0,24.0,47.0,7.0,24.0,7.0,1,2,0
93,48,315.0,668.0,329.0,668.0,329.0,656.0,315.0,656.0,1,2,0
93,49,402.0,898.0,416.0,898.0,416.0,877.0,402.0,877.0,1,2,0
93,50,888.0,549.0,901.0,542.0,878.0,502.0,866.0,509.0,1,1,0
93,51,882.0,433.0,920.0,433.0,920.0,412.0,882.0,412.0,1,7,0
93,52,871.0,411.0,909.0,395.0,899.0,372.0,861.0,388.0,1,7,0
93,53,863.0,384.0,893.0,368.0,888.0,359.0,858.0,375.0,1,1,0
93,56,231.0,623.0,247.0,623.0,247.0,609.0,231.0,609.0,1,2,0
93,57,266.0,266.0,303.0,266.0,303.0,241.0,266.0,241.0,1,7,0
93,58,252.0,240.0,297.0,240.0,297.0,211.0,252.0,211.0,1,7,0
93,60,93.0,38.0,101.0,27.0,85.0,16.0,77.0,27.0,1,2,0
93,61,77.0,20.0,91.0,20.0,91.0,5.0,77.0,5.0,1,2,0
93,62,98.0,35.0,115.0,35.0,115.0,20.0,98.0,20.0,1,2,0
93,63,472.0,278.0,493.0,278.0,493.0,230.0,472.0,230.0,1,7,0
93,64,24.0,26.0,46.0,26.0,46.0,7.0,24.0,7.0,1,2,0
94,48,310.0,680.0,325.0,680.0,325.0,668.0,310.0,668.0,1,2,0
94,50,877.0,557.0,891.0,551.0,874.0,514.0,860.0,520.0,1,1,0
94,51,879.0,449.0,917.0,449.0,917.0,427.0,879.0,427.0,1,7,0
94,52,868.0,428.0,905.0,408.0,893.0,384.0,855.0,404.0,1,7,0
94,53,863.0,397.0,889.0,383.0,884.0,374.0,858.0,388.0,1,1,0
94,56,225.0,636.0,241.0,636.0,241.0,622.0,225.0,622.0,1,2,0
94,57,296.0,278.0,297.0,254.0,264.0,253.0,263.0,277.0,1,7,0
94,58,248.0,247.0,296.0,247.0,296.0,222.0,248.0,222.0,1,7,0
94,60,94.0,43.0,102.0,30.0,88.0,21.0,80.0,34.0,1,2,0
94,61,74.0,26.0,94.0,26.0,94.0,11.0,74.0,11.0,1,2,0
94,62,97.0,40.0,112.0,40.0,112.0,24.0,97.0,24.0,1,2,0
94,63,490.0,293.0,495.0,238.0,468.0,236.0,463.0,291.0,1,7,0
94,64,24.0,33.0,44.0,33.0,44.0,20.0,24.0,20.0,1,2,0
95,48,276.0,679.0,291.0,679.0,291.0,666.0,276.0,666.0,1,2,0
95,50,849.0,574.0,862.0,568.0,843.0,530.0,831.0,536.0,1,1,0
95,51,887.0,466.0,889.0,443.0,851.0,441.0,850.0,464.0,1,7,0
95,52,840.0,442.0,879.0,426.0,870.0,403.0,830.0,419.0,1,7,0
95,53,832.0,413.0,863.0,400.0,859.0,390.0,828.0,403.0,1,1,0
95,57,277.0,277.0,279.0,253.0,241.0,250.0,239.0,274.0,1,7,0
95,58,271.0,248.0,272.0,220.0,227.0,219.0,226.0,247.0,1,7,0
95,60,83.0,27.0,83.0,14.0,69.0,13.0,68.0,26.0,1,2,0
95,61,63.0,11.0,83.0,10.0,82.0,-2.0,63.0,-1.0,1,2,0
95,62,82.0,28.0,98.0,28.0,98.0,10.0,82.0,10.0,1,2,0
95,63,463.0,304.0,473.0,249.0,447.0,244.0,437.0,299.0,1,7,0
95,64,27.0,25.0,27.0,7.0,7.0,7.0,7.0,25.0,1,2,0
96,48,254.0,684.0,268.0,684.0,268.0,671.0,254.0,671.0,1,2,0
96,50,826.0,595.0,839.0,591.0,826.0,551.0,812.0,555.0,1,1,0
96,51,871.0,488.0,873.0,465.0,835.0,463.0,834.0,486.0,1,7,0
96,52,823.0,463.0,863.0,449.0,855.0,426.0,814.0,440.0,1,7,0
96,53,820.0,434.0,849.0,422.0,845.0,412.0,816.0,424.0,1,1,0
96,57,266.0,281.0,268.0,257.0,231.0,253.0,229.0,277.0,1,7,0
96,58,265.0,250.0,267.0,224.0,217.0,222.0,216.0,248.0,1,7,0
96,60,68.0,22.0,84.0,22.0,84.0,6.0,68.0,6.0,1,2,0
96,62,83.0,18.0,98.0,18.0,98.0,2.0,83.0,2.0,1,2,0
96,63,455.0,314.0,465.0,260.0,440.0,255.0,429.0,309.0,1,7,0
96,64,5.0,20.0,24.0,20.0,24.0,3.0,5.0,3.0,1,2,0
97,48,273.0,690.0,288.0,690.0,288.0,677.0,273.0,677.0,1,2,0
97,50,849.0,612.0,863.0,607.0,846.0,564.0,832.0,569.0,1,1,0
97,51,893.0,500.0,894.0,478.0,855.0,475.0,854.0,497.0,1,7,0
97,52,845.0,475.0,884.0,461.0,875.0,438.0,836.0,452.0,1,7,0
97,53,839.0,447.0,870.0,435.0,866.0,424.0,835.0,436.0,1,1,0
97,57,290.0,289.0,291.0,263.0,254.0,261.0,253.0,287.0,1,7,0
97,58,284.0,258.0,284.0,230.0,240.0,229.0,240.0,257.0,1,7,0
97,60,110.0,22.0,111.0,6.0,94.0,5.0,93.0,21.0,1,2,0
97,62,110.0,22.0,125.0,22.0,125.0,5.0,110.0,5.0,1,2,0
97,63,480.0,322.0,485.0,267.0,459.0,265.0,454.0,320.0,1,7,0
97,64,29.0,27.0,49.0,27.0,49.0,11.0,29.0,11.0,1,2,0
98,48,294.0,701.0,309.0,701.0,309.0,689.0,294.0,689.0,1,2,0
98,50,868.0,620.0,883.0,614.0,866.0,574.0,852.0,580.0,1,1,0
98,51,914.0,511.0,915.0,488.0,876.0,485.0,874.0,508.0,1,7,0
98,52,866.0,486.0,905.0,473.0,897.0,449.0,858.0,462.0,1,7,0
98,53,860.0,457.0,890.0,444.0,886.0,434.0,855.0,447.0,1,1,0
98,57,310.0,299.0,312.0,275.0,275.0,273.0,273.0,297.0,1,7,0
98,58,261.0,267.0,303.0,267.0,303.0,241.0,261.0,241.0,1,7,0
98,60,131.0,31.0,131.0,15.0,116.0,15.0,116.0,31.0,1,2,0
98,61,113.0,12.0,129.0,12.0,129.0,-1.0,113.0,-1.0,1,2,0
98,62,146.0,27.0,146.0,12.0,132.0,12.0,132.0,27.0,1,2,0
98,63,500.0,333.0,505.0,278.0,479.0,276.0,474.0,331.0,1,7,0
98,64,72.0,40.0,72.0,23.0,52.0,23.0,52.0,40.0,1,2,0
99,48,297.0,717.0,311.0,717.0,311.0,704.0,297.0,704.0,1,2,0
99,50,869.0,635.0,884.0,629.0,869.0,589.0,854.0,595.0,1,1,0
99,51,916.0,526.0,917.0,504.0,879.0,501.0,878.0,523.0,1,7,0
99,52,866.0,501.0,907.0,487.0,900.0,464.0,859.0,478.0,1,7,0
99,53,861.0,472.0,891.0,460.0,887.0,450.0,857.0,462.0,1,1,0
99,57,313.0,315.0,314.0,291.0,277.0,288.0,276.0,312.0,1,7,0
99,58,264.0,284.0,311.0,284.0,311.0,257.0,264.0,257.0,1,7,0
99,60,137.0,41.0,137.0,26.0,122.0,26.0,122.0,41.0,1,2,0
99,61,115.0,25.0,132.0,25.0,132.0,9.0,115.0,9.0,1,2,0
99,62,137.0,40.0,151.0,40.0,151.0,24.0,137.0,24.0,1,2,0
99,63,503.0,349.0,508.0,294.0,482.0,292.0,477.0,347.0,1,7,0
99,64,54.0,55.0,73.0,55.0,73.0,39.0,54.0,39.0,1,2,0
100,48,310.0,728.0,310.0,714.0,296.0,714.0,296.0,728.0,1,2,0
100,50,869.0,642.0,882.0,637.0,867.0,598.0,854.0,603.0,1,1,0
100,51,915.0,536.0,916.0,514.0,878.0,512.0,877.0,534.0,1,7,0
100,52,865.0,511.0,907.0,497.0,899.0,474.0,858.0,488.0,1,7,0
100,53,861.0,482.0,892.0,470.0,888.0,460.0,857.0,472.0,1,1,0
100,57,312.0,325.0,314.0,301.0,278.0,298.0,276.0,322.0,1,7,0
100,58,310.0,295.0,311.0,268.0,261.0,267.0,261.0,294.0,1,7,0
100,60,124.0,50.0,139.0,49.0,138.0,31.0,122.0,32.0,1,2,0
100,61,114.0,29.0,131.0,29.0,131.0,13.0,114.0,13.0,1,2,0
100,62,156.0,44.0,156.0,27.0,139.0,27.0,139.0,44.0,1,2,0
100,63,502.0,359.0,507.0,304.0,481.0,302.0,476.0,357.0,1,7,0
100,64,55.0,65.0,72.0,65.0,72.0,49.0,55.0,49.0,1,2,0
101,48,291.0,734.0,305.0,734.0,305.0,720.0,291.0,720.0,1,2,0
101,50,865.0,650.0,878.0,645.0,863.0,606.0,850.0,611.0,1,1,0
101,51,910.0,543.0,912.0,520.0,874.0,518.0,872.0,541.0,1,7,0
101,52,862.0,518.0,902.0,504.0,894.0,481.0,854.0,495.0,1,7,0
101,53,856.0,489.0,888.0,476.0,883.0,466.0,852.0,479.0,1,1,0
101,57,308.0,331.0,310.0,307.0,271.0,304.0,270.0,328.0,1,7,0
101,58,298.0,299.0,298.0,273.0,257.0,273.0,257.0,299.0,1,7,0
101,60,135.0,49.0,135.0,32.0,118.0,32.0,118.0,49.0,1,2,0
101,61,126.0,33.0,127.0,15.0,108.0,13.0,107.0,31.0,1,2,0
101,62,136.0,44.0,152.0,44.0,152.0,28.0,136.0,28.0,1,2,0
101,63,499.0,365.0,504.0,310.0,478.0,308.0,473.0,363.0,1,7,0
101,64,53.0,73.0,70.0,66.0,62.0,48.0,45.0,55.0,1,2,0
102,48,290.0,745.0,307.0,745.0,307.0,733.0,290.0,733.0,1,2,0
102,50,863.0,660.0,877.0,655.0,864.0,617.0,850.0,622.0,1,1,0
102,51,875.0,554.0,913.0,554.0,913.0,529.0,875.0,529.0,1,7,0
102,52,862.0,528.0,903.0,516.0,897.0,493.0,856.0,505.0,1,7,0
102,53,856.0,500.0,889.0,490.0,886.0,478.0,853.0,488.0,1,1,0
102,57,309.0,342.0,312.0,318.0,273.0,315.0,271.0,339.0,1,7,0
102,58,299.0,306.0,299.0,285.0,258.0,285.0,258.0,306.0,1,7,0
102,60,122.0,54.0,140.0,54.0,140.0,39.0,122.0,39.0,1,2,0
102,61,108.0,35.0,129.0,35.0,129.0,20.0,108.0,20.0,1,2,0
102,62,140.0,50.0,154.0,50.0,154.0,34.0,140.0,34.0,1,2,0
102,63,499.0,376.0,504.0,321.0,478.0,319.0,473.0,374.0,1,7,0
102,64,51.0,83.0,70.0,83.0,70.0,64.0,51.0,64.0,1,2,0
103,48,274.0,757.0,288.0,757.0,288.0,744.0,274.0,744.0,1,2,0
103,50,849.0,681.0,862.0,676.0,848.0,636.0,834.0,641.0,1,1,0
103,51,897.0,576.0,899.0,554.0,860.0,550.0,858.0,572.0,1,7,0
103,52,848.0,550.0,888.0,537.0,880.0,514.0,840.0,527.0,1,7,0
103,53,842.0,521.0,874.0,509.0,870.0,499.0,839.0,511.0,1,1,0
103,57,297.0,353.0,299.0,329.0,262.0,327.0,260.0,351.0,1,7,0
103,58,289.0,322.0,289.0,296.0,248.0,295.0,247.0,321.0,1,7,0
103,60,132.0,57.0,133.0,43.0,117.0,41.0,116.0,55.0,1,2,0
103,61,122.0,42.0,122.0,24.0,104.0,24.0,104.0,42.0,1,2,0
103,62,133.0,56.0,149.0,56.0,149.0,38.0,133.0,38.0,1,2,0
103,63,488.0,393.0,493.0,338.0,467.0,335.0,462.0,390.0,1,7,0
103,64,43.0,88.0,61.0,88.0,61.0,73.0,43.0,73.0,1,2,0
103,65,862.0,915.0,880.0,911.0,871.0,871.0,854.0,875.0,1,1,0
103,66,860.0,900.0,875.0,900.0,875.0,887.0,860.0,887.0,1,2,0
104,48,271.0,767.0,286.0,767.0,286.0,753.0,271.0,753.0,1,2,0
104,50,848.0,699.0,860.0,695.0,846.0,654.0,833.0,658.0,1,1,0
104,51,895.0,592.0,898.0,570.0,858.0,566.0,856.0,588.0,1,7,0
104,52,847.0,565.0,887.0,553.0,880.0,529.0,840.0,541.0,1,7,0
104,53,841.0,537.0,873.0,525.0,869.0,514.0,837.0,526.0,1,1,0
104,57,301.0,363.0,302.0,339.0,262.0,337.0,261.0,361.0,1,7,0
104,58,290.0,330.0,290.0,305.0,249.0,305.0,249.0,330.0,1,7,0
104,60,122.0,62.0,138.0,62.0,138.0,44.0,122.0,44.0,1,2,0
104,61,111.0,43.0,127.0,43.0,127.0,27.0,111.0,27.0,1,2,0
104,62,138.0,58.0,155.0,58.0,155.0,40.0,138.0,40.0,1,2,0
104,63,487.0,404.0,497.0,350.0,471.0,345.0,461.0,399.0,1,7,0
104,64,47.0,97.0,65.0,97.0,65.0,81.0,47.0,81.0,1,2,0
104,65,848.0,897.0,864.0,892.0,852.0,854.0,836.0,859.0,1,1,0
104,66,850.0,891.0,863.0,886.0,856.0,868.0,844.0,873.0,1,2,0
105,48,275.0,785.0,290.0,785.0,290.0,772.0,275.0,772.0,1,2,0
105,50,851.0,711.0,864.0,707.0,850.0,667.0,837.0,671.0,1,1,0
105,51,899.0,605.0,902.0,584.0,862.0,580.0,860.0,601.0,1,7,0
105,52,851.0,580.0,890.0,568.0,882.0,543.0,843.0,555.0,1,7,0
105,53,848.0,548.0,875.0,537.0,871.0,528.0,844.0,539.0,1,1,0
105,57,303.0,381.0,304.0,357.0,265.0,355.0,264.0,379.0,1,7,0
105,58,251.0,346.0,290.0,346.0,290.0,326.0,251.0,326.0,1,7,0
105,60,132.0,75.0,138.0,67.0,122.0,57.0,117.0,65.0,1,2,0
105,61,111.0,60.0,126.0,60.0,126.0,41.0,111.0,41.0,1,2,0
105,62,140.0,71.0,154.0,71.0,154.0,53.0,140.0,53.0,1,2,0
105,63,487.0,418.0,497.0,364.0,471.0,359.0,461.0,413.0,1,7,0
105,64,46.0,117.0,65.0,117.0,65.0,103.0,46.0,103.0,1,2,0
105,65,846.0,879.0,857.0,876.0,847.0,838.0,836.0,841.0,1,1,0
105,66,843.0,871.0,855.0,867.0,851.0,852.0,838.0,856.0,1,2,0
106,48,283.0,797.0,298.0,797.0,298.0,782.0,283.0,782.0,1,2,0
106,50,857.0,717.0,871.0,713.0,858.0,673.0,844.0,677.0,1,1,0
106,51,908.0,612.0,911.0,591.0,869.0,587.0,867.0,608.0,1,7,0
106,52,857.0,585.0,897.0,573.0,890.0,551.0,850.0,563.0,1,7,0
106,53,853.0,555.0,885.0,546.0,882.0,535.0,850.0,544.0,1,1,0
106,57,306.0,391.0,307.0,368.0,271.0,366.0,269.0,389.0,1,7,0
106,58,256.0,363.0,300.0,363.0,300.0,334.0,256.0,334.0,1,7,0
106,60,123.0,82.0,142.0,82.0,142.0,65.0,123.0,65.0,1,2,0
106,61,115.0,64.0,137.0,64.0,137.0,48.0,115.0,48.0,1,2,0
106,62,143.0,75.0,157.0,75.0,157.0,59.0,143.0,59.0,1,2,0
106,63,490.0,419.0,497.0,375.0,479.0,373.0,473.0,416.0,1,7,0
106,64,49.0,128.0,69.0,128.0,69.0,115.0,49.0,115.0,1,2,0
106,65,841.0,854.0,857.0,849.0,846.0,813.0,829.0,818.0,1,1,0
106,66,840.0,846.0,854.0,842.0,850.0,827.0,835.0,831.0,1,2,0
107,48,293.0,815.0,308.0,815.0,308.0,801.0,293.0,801.0,1,2,0
107,50,868.0,736.0,882.0,731.0,866.0,692.0,853.0,697.0,1,1,0
107,51,915.0,631.0,917.0,610.0,878.0,606.0,876.0,627.0,1,7,0
107,52,866.0,605.0,907.0,592.0,900.0,569.0,859.0,582.0,1,7,0
107,53,861.0,575.0,891.0,565.0,888.0,555.0,857.0,565.0,1,1,0
107,57,314.0,411.0,316.0,387.0,278.0,385.0,277.0,409.0,1,7,0
107,58,265.0,378.0,306.0,377.0,306.0,353.0,265.0,354.0,1,7,0
107,60,137.0,98.0,151.0,98.0,151.0,82.0,137.0,82.0,1,2,0
107,61,129.0,80.0,146.0,80.0,146.0,64.0,129.0,64.0,1,2,0
107,62,151.0,86.0,165.0,86.0,165.0,72.0,151.0,72.0,1,2,0
107,63,503.0,438.0,511.0,394.0,486.0,389.0,478.0,433.0,1,7,0
107,64,79.0,148.0,79.0,133.0,60.0,133.0,60.0,148.0,1,2,0
107,65,840.0,843.0,854.0,839.0,844.0,802.0,829.0,806.0,1,1,0
107,66,836.0,832.0,851.0,832.0,851.0,816.0,836.0,816.0,1,2,0
107,67,209.0,38.0,236.0,31.0,226.0,-9.0,199.0,-2.0,1,7,0
108,48,294.0,827.0,310.0,820.0,305.0,808.0,289.0,815.0,1,2,0
108,50,865.0,744.0,880.0,739.0,866.0,702.0,852.0,707.0,1,1,0
108,51,913.0,640.0,916.0,619.0,877.0,615.0,875.0,636.0,1,7,0
108,52,866.0,614.0,906.0,602.0,899.0,578.0,858.0,590.0,1,7,0
108,53,860.0,585.0,892.0,575.0,888.0,564.0,856.0,573.0,1,1,0
108,57,277.0,417.0,317.0,417.0,317.0,395.0,277.0,395.0,1,7,0
108,58,262.0,386.0,304.0,386.0,304.0,364.0,262.0,364.0,1,7,0
108,60,135.0,98.0,149.0,98.0,149.0,85.0,135.0,85.0,1,2,0
108,61,128.0,85.0,146.0,85.0,146.0,72.0,128.0,72.0,1,2,0
108,62,150.0,93.0,164.0,90.0,160.0,74.0,146.0,77.0,1,2,0
108,63,502.0,448.0,510.0,404.0,485.0,400.0,477.0,444.0,1,7,0
108,64,59.0,156.0,77.0,156.0,77.0,143.0,59.0,143.0,1,2,0
108,65,828.0,819.0,843.0,815.0,832.0,777.0,817.0,781.0,1,1,0
108,66,827.0,812.0,842.0,807.0,837.0,792.0,822.0,797.0,1,2,0
108,67,208.0,47.0,233.0,42.0,224.0,-1.0,199.0,4.0,1,7,0
108,68,63.0,460.0,81.0,460.0,81.0,438.0,63.0,438.0,1,2,0
109,48,305.0,834.0,320.0,834.0,320.0,820.0,305.0,820.0,1,2,0
109,50,881.0,759.0,896.0,753.0,880.0,712.0,866.0,718.0,1,1,0
109,51,926.0,651.0,929.0,629.0,890.0,625.0,888.0,647.0,1,7,0
109,52,878.0,625.0,918.0,613.0,911.0,589.0,870.0,601.0,1,7,0
109,53,871.0,596.0,904.0,584.0,900.0,573.0,867.0,585.0,1,1,0
109,57,326.0,429.0,326.0,406.0,291.0,405.0,291.0,428.0,1,7,0
109,58,277.0,395.0,319.0,395.0,319.0,372.0,277.0,372.0,1,7,0
109,60,163.0,106.0,164.0,90.0,149.0,89.0,148.0,105.0,1,2,0
109,61,143.0,90.0,158.0,90.0,158.0,75.0,143.0,75.0,1,2,0
109,62,163.0,95.0,176.0,94.0,175.0,77.0,162.0,78.0,1,2,0
109,63,519.0,453.0,520.0,412.0,495.0,411.0,494.0,452.0,1,7,0
109,64,71.0,168.0,91.0,167.0,91.0,152.0,71.0,153.0,1,2,0
109,65,830.0,796.0,844.0,792.0,834.0,755.0,819.0,759.0,1,1,0
109,66,829.0,787.0,844.0,781.0,837.0,765.0,822.0,771.0,1,2,0
109,67,223.0,56.0,245.0,50.0,234.0,7.0,212.0,13.0,1,7,0
109,68,75.0,457.0,93.0,457.0,93.0,437.0,75.0,437.0,1,2,0
110,48,310.0,851.0,325.0,851.0,325.0,837.0,310.0,837.0,1,2,0
110,50,887.0,771.0,900.0,766.0,884.0,730.0,872.0,735.0,1,1,0
110,51,933.0,669.0,935.0,647.0,895.0,642.0,893.0,664.0,1,7,0
110,52,882.0,643.0,923.0,629.0,915.0,606.0,874.0,620.0,1,7,0
110,53,878.0,612.0,908.0,602.0,904.0,592.0,874.0,602.0,1,1,0
110,57,332.0,446.0,332.0,423.0,296.0,422.0,296.0,445.0,1,7,0
110,58,323.0,413.0,323.0,390.0,282.0,390.0,282.0,413.0,1,7,0
110,60,172.0,119.0,172.0,104.0,155.0,103.0,155.0,118.0,1,2,0
110,61,167.0,102.0,167.0,85.0,150.0,85.0,150.0,102.0,1,2,0
110,62,170.0,108.0,182.0,108.0,182.0,92.0,170.0,92.0,1,2,0
110,63,521.0,470.0,526.0,429.0,503.0,426.0,498.0,467.0,1,7,0
110,64,77.0,184.0,97.0,184.0,97.0,169.0,77.0,169.0,1,2,0
110,65,823.0,780.0,839.0,776.0,829.0,738.0,813.0,742.0,1,1,0
110,66,821.0,769.0,835.0,766.0,832.0,751.0,818.0,754.0,1,2,0
110,67,233.0,72.0,252.0,67.0,242.0,23.0,223.0,28.0,1,7,0
110,68,77.0,461.0,97.0,460.0,96.0,448.0,76.0,449.0,1,2,0
111,48,310.0,860.0,325.0,860.0,325.0,845.0,310.0,845.0,1,2,0
111,50,884.0,786.0,899.0,781.0,884.0,741.0,869.0,746.0,1,1,0
111,51,933.0,680.0,935.0,659.0,896.0,655.0,893.0,676.0,1,7,0
111,52,885.0,653.0,924.0,641.0,917.0,618.0,877.0,630.0,1,7,0
111,53,878.0,623.0,910.0,613.0,907.0,603.0,875.0,613.0,1,1,0
111,57,297.0,458.0,332.0,458.0,332.0,433.0,297.0,433.0,1,7,0
111,58,280.0,424.0,329.0,424.0,329.0,401.0,280.0,401.0,1,7,0
111,60,173.0,127.0,176.0,115.0,159.0,111.0,156.0,123.0,1,2,0
111,61,150.0,110.0,168.0,110.0,168.0,90.0,150.0,90.0,1,2,0
111,62,170.0,110.0,184.0,110.0,184.0,99.0,170.0,99.0,1,2,0
111,63,518.0,484.0,528.0,439.0,506.0,435.0,497.0,480.0,1,7,0
111,64,77.0,194.0,97.0,194.0,97.0,181.0,77.0,181.0,1,2,0
111,65,812.0,756.0,828.0,753.0,820.0,715.0,804.0,718.0,1,1,0
111,66,811.0,745.0,826.0,742.0,823.0,727.0,808.0,730.0,1,2,0
111,67,230.0,81.0,255.0,77.0,247.0,35.0,222.0,39.0,1,7,0
111,68,74.0,464.0,91.0,464.0,91.0,442.0,74.0,442.0,1,2,0
112,48,330.0,873.0,330.0,857.0,314.0,857.0,314.0,873.0,1,2,0
112,50,889.0,796.0,906.0,789.0,891.0,747.0,874.0,754.0,1,1,0
112,51,938.0,690.0,941.0,669.0,900.0,665.0,897.0,686.0,1,7,0
112,52,889.0,665.0,928.0,650.0,919.0,628.0,880.0,643.0,1,7,0
112,53,881.0,634.0,913.0,623.0,910.0,613.0,878.0,624.0,1,1,0
112,57,301.0,467.0,339.0,467.0,339.0,443.0,301.0,443.0,1,7,0
112,58,287.0,436.0,330.0,434.0,328.0,410.0,286.0,412.0,1,7,0
112,60,178.0,132.0,183.0,123.0,168.0,114.0,163.0,123.0,1,2,0
112,61,159.0,114.0,173.0,114.0,173.0,98.0,159.0,98.0,1,2,0
112,62,177.0,117.0,191.0,117.0,191.0,103.0,177.0,103.0,1,2,0
112,63,528.0,493.0,532.0,450.0,508.0,448.0,504.0,491.0,1,7,0
112,64,83.0,206.0,101.0,205.0,100.0,190.0,82.0,191.0,1,2,0
112,65,807.0,731.0,823.0,728.0,815.0,690.0,799.0,693.0,1,1,0
112,66,805.0,721.0,821.0,718.0,819.0,702.0,803.0,705.0,1,2,0
112,67,236.0,94.0,261.0,86.0,247.0,44.0,222.0,52.0,1,7,0
112,68,95.0,461.0,96.0,442.0,78.0,441.0,76.0,460.0,1,2,0
113,48,317.0,880.0,332.0,880.0,332.0,865.0,317.0,865.0,1,2,0
113,50,893.0,803.0,908.0,797.0,891.0,759.0,876.0,765.0,1,1,0
113,51,937.0,701.0,941.0,677.0,900.0,669.0,896.0,693.0,1,7,0
113,52,891.0,674.0,931.0,659.0,922.0,636.0,883.0,651.0,1,7,0
113,53,886.0,641.0,913.0,630.0,910.0,621.0,883.0,632.0,1,1,0
113,57,303.0,474.0,340.0,474.0,340.0,450.0,303.0,450.0,1,7,0
113,58,290.0,442.0,329.0,442.0,329.0,420.0,290.0,420.0,1,7,0
113,60,181.0,141.0,190.0,130.0,176.0,118.0,167.0,129.0,1,2,0
113,61,163.0,118.0,177.0,118.0,177.0,99.0,163.0,99.0,1,2,0
113,62,182.0,121.0,196.0,121.0,196.0,107.0,182.0,107.0,1,2,0
113,63,530.0,500.0,534.0,460.0,509.0,458.0,505.0,498.0,1,7,0
113,64,84.0,214.0,104.0,214.0,104.0,198.0,84.0,198.0,1,2,0
113,65,801.0,703.0,816.0,699.0,806.0,662.0,790.0,666.0,1,1,0
113,66,799.0,693.0,814.0,690.0,810.0,674.0,795.0,677.0,1,2,0
113,67,238.0,97.0,257.0,93.0,249.0,54.0,230.0,58.0,1,7,0
113,68,77.0,456.0,95.0,456.0,95.0,445.0,77.0,445.0,1,2,0
114,48,313.0,893.0,327.0,893.0,327.0,877.0,313.0,877.0,1,2,0
114,50,884.0,817.0,901.0,811.0,887.0,770.0,870.0,776.0,1,1,0
114,51,934.0,710.0,936.0,690.0,897.0,686.0,894.0,706.0,1,7,0
114,52,885.0,685.0,926.0,673.0,919.0,649.0,877.0,661.0,1,7,0
114,53,880.0,655.0,911.0,643.0,907.0,633.0,876.0,645.0,1,1,0
114,57,299.0,488.0,336.0,488.0,336.0,463.0,299.0,463.0,1,7,0
114,58,325.0,455.0,325.0,431.0,284.0,431.0,284.0,455.0,1,7,0
114,60,180.0,143.0,180.0,129.0,164.0,128.0,164.0,142.0,1,2,0
114,61,158.0,124.0,174.0,124.0,174.0,107.0,158.0,107.0,1,2,0
114,62,177.0,131.0,191.0,130.0,190.0,114.0,176.0,115.0,1,2,0
114,63,524.0,515.0,532.0,473.0,507.0,468.0,499.0,510.0,1,7,0
114,64,82.0,226.0,99.0,226.0,99.0,211.0,82.0,211.0,1,2,0
114,65,785.0,676.0,800.0,673.0,792.0,636.0,777.0,639.0,1,1,0
114,66,784.0,669.0,798.0,669.0,798.0,648.0,784.0,648.0,1,2,0
114,67,232.0,109.0,256.0,102.0,244.0,61.0,220.0,68.0,1,7,0
114,68,88.0,463.0,90.0,441.0,69.0,440.0,67.0,462.0,1,2,0
115,48,317.0,900.0,332.0,900.0,332.0,886.0,317.0,886.0,1,2,0
115,50,890.0,826.0,903.0,822.0,889.0,780.0,876.0,784.0,1,1,0
115,51,936.0,719.0,938.0,698.0,899.0,694.0,897.0,715.0,1,7,0
115,52,889.0,693.0,928.0,680.0,921.0,658.0,882.0,671.0,1,7,0
115,53,882.0,664.0,915.0,651.0,911.0,641.0,878.0,654.0,1,1,0
115,57,302.0,497.0,340.0,497.0,340.0,472.0,302.0,472.0,1,7,0
115,58,287.0,464.0,329.0,463.0,329.0,439.0,286.0,440.0,1,7,0
115,60,169.0,148.0,185.0,148.0,185.0,133.0,169.0,133.0,1,2,0
115,61,164.0,127.0,180.0,127.0,180.0,111.0,164.0,111.0,1,2,0
115,62,179.0,134.0,194.0,133.0,193.0,116.0,178.0,117.0,1,2,0
115,63,525.0,525.0,534.0,485.0,510.0,480.0,501.0,520.0,1,7,0
115,64,84.0,234.0,102.0,234.0,102.0,220.0,84.0,220.0,1,2,0
115,65,779.0,649.0,795.0,645.0,786.0,607.0,770.0,611.0,1,1,0
115,66,777.0,636.0,793.0,636.0,793.0,621.0,777.0,621.0,1,2,0
115,67,233.0,116.0,260.0,109.0,248.0,68.0,221.0,75.0,1,7,0
115,68,73.0,455.0,90.0,455.0,90.0,435.0,73.0,435.0,1,2,0
116,50,894.0,838.0,905.0,834.0,891.0,799.0,880.0,803.0,1,1,0
116,51,941.0,735.0,943.0,715.0,903.0,711.0,901.0,731.0,1,7,0
116,52,893.0,710.0,933.0,698.0,925.0,675.0,885.0,687.0,1,7,0
116,53,883.0,680.0,917.0,669.0,914.0,657.0,879.0,668.0,1,1,0
116,57,304.0,511.0,343.0,511.0,343.0,488.0,304.0,488.0,1,7,0
116,58,333.0,479.0,333.0,457.0,289.0,457.0,289.0,479.0,1,7,0
116,60,184.0,161.0,191.0,151.0,175.0,141.0,169.0,151.0,1,2,0
116,61,170.0,133.0,184.0,133.0,184.0,121.0,170.0,121.0,1,2,0
116,62,182.0,141.0,198.0,141.0,198.0,127.0,182.0,127.0,1,2,0
116,63,533.0,541.0,538.0,494.0,511.0,491.0,506.0,538.0,1,7,0
116,64,88.0,249.0,107.0,249.0,107.0,236.0,88.0,236.0,1,2,0
116,65,773.0,627.0,790.0,624.0,783.0,586.0,766.0,589.0,1,1,0
116,66,773.0,616.0,786.0,614.0,783.0,598.0,770.0,600.0,1,2,0
116,67,237.0,133.0,262.0,127.0,252.0,85.0,227.0,91.0,1,7,0
116,68,72.0,459.0,93.0,459.0,93.0,446.0,72.0,446.0,1,2,0
117,50,889.0,858.0,903.0,854.0,890.0,813.0,877.0,817.0,1,1,0
117,51,938.0,753.0,942.0,732.0,904.0,724.0,899.0,745.0,1,7,0
117,52,891.0,726.0,932.0,713.0,925.0,689.0,883.0,702.0,1,7,0
117,53,885.0,695.0,914.0,684.0,909.0,673.0,880.0,684.0,1,1,0
117,57,304.0,526.0,342.0,526.0,342.0,504.0,304.0,504.0,1,7,0
117,58,290.0,495.0,332.0,494.0,331.0,472.0,290.0,473.0,1,7,0
117,60,185.0,171.0,189.0,161.0,170.0,153.0,166.0,163.0,1,2,0
117,61,167.0,152.0,185.0,152.0,185.0,132.0,167.0,132.0,1,2,0
117,62,182.0,154.0,196.0,154.0,196.0,139.0,182.0,139.0,1,2,0
117,63,531.0,557.0,535.0,514.0,509.0,512.0,505.0,555.0,1,7,0
117,64,87.0,264.0,105.0,264.0,105.0,251.0,87.0,251.0,1,2,0
117,65,763.0,602.0,778.0,599.0,771.0,564.0,756.0,567.0,1,1,0
117,66,762.0,594.0,774.0,592.0,772.0,579.0,760.0,581.0,1,2,0
117,67,236.0,148.0,261.0,143.0,253.0,104.0,228.0,109.0,1,7,0
117,68,70.0,468.0,86.0,468.0,86.0,447.0,70.0,447.0,1,2,0
118,50,898.0,879.0,913.0,874.0,900.0,832.0,885.0,837.0,1,1,0
118,51,946.0,772.0,948.0,751.0,909.0,746.0,907.0,767.0,1,7,0
118,52,897.0,746.0,939.0,734.0,932.0,710.0,890.0,722.0,1,7,0
118,53,893.0,715.0,924.0,704.0,920.0,693.0,889.0,704.0,1,1,0
118,57,312.0,548.0,350.0,546.0,349.0,521.0,311.0,523.0,1,7,0
118,58,299.0,515.0,340.0,513.0,339.0,489.0,298.0,491.0,1,7,0
118,60,176.0,185.0,193.0,185.0,193.0,169.0,176.0,169.0,1,2,0
118,61,173.0,161.0,190.0,161.0,190.0,146.0,173.0,146.0,1,2,0
118,62,193.0,167.0,207.0,166.0,206.0,151.0,192.0,152.0,1,2,0
118,63,537.0,577.0,544.0,535.0,520.0,531.0,512.0,573.0,1,7,0
118,64,96.0,284.0,114.0,284.0,114.0,270.0,96.0,270.0,1,2,0
118,67,246.0,168.0,270.0,162.0,260.0,121.0,236.0,127.0,1,7,0
118,68,75.0,476.0,92.0,475.0,91.0,452.0,74.0,453.0,1,2,0
119,50,899.0,903.0,914.0,897.0,897.0,859.0,882.0,865.0,1,1,0
119,51,946.0,797.0,948.0,777.0,909.0,773.0,907.0,793.0,1,7,0
119,52,898.0,772.0,939.0,758.0,930.0,734.0,889.0,748.0,1,7,0
119,53,893.0,740.0,923.0,730.0,919.0,720.0,890.0,730.0,1,1,0
119,57,311.0,573.0,350.0,571.0,349.0,547.0,309.0,549.0,1,7,0
119,58,297.0,540.0,338.0,538.0,336.0,515.0,295.0,517.0,1,7,0
119,60,188.0,206.0,188.0,190.0,174.0,190.0,174.0,206.0,1,2,0
119,61,171.0,186.0,188.0,186.0,188.0,168.0,171.0,168.0,1,2,0
119,62,192.0,187.0,208.0,187.0,208.0,172.0,192.0,172.0,1,2,0
119,63,537.0,602.0,544.0,560.0,518.0,556.0,511.0,598.0,1,7,0
119,64,113.0,309.0,113.0,295.0,94.0,295.0,94.0,309.0,1,2,0
119,67,244.0,194.0,271.0,187.0,259.0,146.0,233.0,153.0,1,7,0
119,68,88.0,485.0,88.0,473.0,72.0,473.0,72.0,485.0,1,2,0
120,50,899.0,902.0,914.0,897.0,902.0,860.0,887.0,865.0,1,1,0
120,51,948.0,802.0,952.0,779.0,914.0,772.0,909.0,795.0,1,7,0
120,52,901.0,774.0,942.0,761.0,935.0,738.0,893.0,751.0,1,7,0
120,53,895.0,742.0,930.0,731.0,927.0,720.0,892.0,731.0,1,1,0
120,57,314.0,574.0,353.0,570.0,350.0,548.0,311.0,552.0,1,7,0
120,58,299.0,541.0,342.0,539.0,340.0,516.0,297.0,518.0,1,7,0
120,60,184.0,203.0,197.0,192.0,186.0,180.0,173.0,191.0,1,2,0
120,61,174.0,175.0,189.0,175.0,189.0,162.0,174.0,162.0,1,2,0
120,62,193.0,181.0,207.0,181.0,207.0,164.0,193.0,164.0,1,2,0
120,63,538.0,605.0,547.0,564.0,521.0,559.0,513.0,600.0,1,7,0
120,64,98.0,308.0,116.0,308.0,116.0,296.0,98.0,296.0,1,2,0
120,65,744.0,530.0,762.0,527.0,755.0,487.0,737.0,490.0,1,1,0
120,66,742.0,519.0,759.0,515.0,756.0,498.0,739.0,502.0,1,2,0
120,67,247.0,194.0,272.0,189.0,264.0,147.0,239.0,152.0,1,7,0
120,68,74.0,479.0,91.0,479.0,91.0,460.0,74.0,460.0,1,2,0
121,50,878.0,912.0,894.0,908.0,883.0,869.0,867.0,873.0,1,1,0
121,51,930.0,806.0,931.0,787.0,891.0,783.0,890.0,802.0,1,7,0
121,52,879.0,783.0,920.0,770.0,912.0,746.0,871.0,759.0,1,7,0
121,53,876.0,750.0,906.0,739.0,902.0,730.0,872.0,741.0,1,1,0
121,57,296.0,581.0,334.0,579.0,333.0,555.0,294.0,557.0,1,7,0
121,58,281.0,548.0,324.0,547.0,323.0,523.0,281.0,524.0,1,7,0
121,60,158.0,202.0,174.0,202.0,174.0,185.0,158.0,185.0,1,2,0
121,61,171.0,182.0,172.0,165.0,154.0,164.0,153.0,181.0,1,2,0
121,62,177.0,184.0,192.0,184.0,192.0,166.0,177.0,166.0,1,2,0
121,63,520.0,611.0,528.0,567.0,504.0,563.0,496.0,607.0,1,7,0
121,64,78.0,316.0,97.0,316.0,97.0,302.0,78.0,302.0,1,2,0
121,65,715.0,496.0,733.0,492.0,724.0,456.0,707.0,460.0,1,1,0
121,66,711.0,483.0,728.0,483.0,728.0,464.0,711.0,464.0,1,2,0
121,67,230.0,201.0,257.0,194.0,245.0,152.0,218.0,159.0,1,7,0
121,68,51.0,473.0,69.0,473.0,69.0,451.0,51.0,451.0,1,2,0
122,50,889.0,911.0,902.0,906.0,889.0,873.0,876.0,878.0,1,1,0
122,51,940.0,812.0,942.0,792.0,901.0,788.0,899.0,808.0,1,7,0
122,52,892.0,788.0,931.0,774.0,922.0,751.0,883.0,765.0,1,7,0
122,53,885.0,755.0,916.0,745.0,912.0,735.0,881.0,745.0,1,1,0
122,57,306.0,586.0,344.0,584.0,342.0,560.0,305.0,562.0,1,7,0
122,58,293.0,554.0,332.0,552.0,331.0,528.0,291.0,530.0,1,7,0
122,60,168.0,200.0,185.0,200.0,185.0,184.0,168.0,184.0,1,2,0
122,61,178.0,178.0,178.0,162.0,161.0,162.0,161.0,178.0,1,2,0
122,62,187.0,181.0,202.0,181.0,202.0,165.0,187.0,165.0,1,2,0
122,63,531.0,616.0,538.0,574.0,514.0,570.0,507.0,612.0,1,7,0
122,64,90.0,321.0,108.0,321.0,108.0,307.0,90.0,307.0,1,2,0
122,65,715.0,459.0,730.0,456.0,723.0,420.0,707.0,423.0,1,1,0
122,66,713.0,449.0,728.0,449.0,728.0,430.0,713.0,430.0,1,2,0
122,67,238.0,206.0,265.0,200.0,255.0,159.0,229.0,165.0,1,7,0
122,68,76.0,465.0,76.0,452.0,59.0,452.0,59.0,465.0,1,2,0
123,51,953.0,826.0,956.0,806.0,917.0,801.0,914.0,821.0,1,7,0
123,52,906.0,801.0,945.0,788.0,938.0,764.0,899.0,777.0,1,7,0
123,53,899.0,769.0,931.0,757.0,927.0,747.0,896.0,759.0,1,1,0
123,57,319.0,600.0,358.0,597.0,356.0,574.0,317.0,577.0,1,7,0
123,58,307.0,568.0,346.0,566.0,345.0,543.0,306.0,545.0,1,7,0
123,60,183.0,208.0,197.0,208.0,197.0,194.0,183.0,194.0,1,2,0
123,61,175.0,190.0,191.0,190.0,191.0,171.0,175.0,171.0,1,2,0
123,62,200.0,191.0,214.0,190.0,212.0,174.0,199.0,175.0,1,2,0
123,63,544.0,629.0,552.0,589.0,528.0,585.0,521.0,625.0,1,7,0
123,64,105.0,336.0,122.0,336.0,122.0,322.0,105.0,322.0,1,2,0
123,65,717.0,433.0,734.0,430.0,726.0,392.0,709.0,395.0,1,1,0
123,66,716.0,419.0,731.0,419.0,731.0,404.0,716.0,404.0,1,2,0
123,67,252.0,221.0,279.0,215.0,270.0,174.0,243.0,180.0,1,7,0
123,68,71.0,470.0,88.0,470.0,88.0,453.0,71.0,453.0,1,2,0
124,51,953.0,835.0,956.0,815.0,917.0,809.0,914.0,829.0,1,7,0
124,52,905.0,808.0,944.0,795.0,937.0,773.0,898.0,786.0,1,7,0
124,53,901.0,777.0,932.0,766.0,928.0,756.0,898.0,767.0,1,1,0
124,57,321.0,608.0,359.0,606.0,358.0,582.0,320.0,584.0,1,7,0
124,58,307.0,575.0,347.0,573.0,345.0,550.0,305.0,552.0,1,7,0
124,60,184.0,212.0,199.0,211.0,198.0,194.0,183.0,195.0,1,2,0
124,61,175.0,188.0,190.0,188.0,190.0,174.0,175.0,174.0,1,2,0
124,62,200.0,193.0,214.0,193.0,214.0,176.0,200.0,176.0,1,2,0
124,63,545.0,638.0,551.0,596.0,527.0,593.0,521.0,635.0,1,7,0
124,64,105.0,343.0,123.0,342.0,122.0,329.0,104.0,330.0,1,2,0
124,65,707.0,401.0,724.0,397.0,715.0,360.0,698.0,364.0,1,1,0
124,66,704.0,386.0,720.0,386.0,720.0,371.0,704.0,371.0,1,2,0
124,67,254.0,228.0,279.0,222.0,269.0,181.0,244.0,187.0,1,7,0
124,68,68.0,467.0,87.0,467.0,87.0,446.0,68.0,446.0,1,2,0
125,51,944.0,852.0,946.0,831.0,907.0,827.0,905.0,848.0,1,7,0
125,52,895.0,828.0,937.0,815.0,929.0,790.0,887.0,803.0,1,7,0
125,53,892.0,794.0,923.0,784.0,919.0,774.0,888.0,784.0,1,1,0
125,57,313.0,625.0,351.0,622.0,349.0,598.0,311.0,601.0,1,7,0
125,58,298.0,592.0,339.0,590.0,338.0,567.0,297.0,569.0,1,7,0
125,60,173.0,224.0,191.0,224.0,191.0,208.0,173.0,208.0,1,2,0
125,61,183.0,202.0,183.0,186.0,166.0,185.0,166.0,201.0,1,2,0
125,62,192.0,207.0,206.0,207.0,206.0,189.0,192.0,189.0,1,2,0
125,63,539.0,654.0,545.0,611.0,520.0,608.0,514.0,651.0,1,7,0
125,64,97.0,360.0,114.0,360.0,114.0,346.0,97.0,346.0,1,2,0
125,65,688.0,380.0,704.0,377.0,696.0,339.0,679.0,342.0,1,1,0
125,66,685.0,367.0,700.0,367.0,700.0,349.0,685.0,349.0,1,2,0
125,67,247.0,245.0,274.0,237.0,262.0,196.0,235.0,204.0,1,7,0
125,68,55.0,470.0,74.0,470.0,74.0,455.0,55.0,455.0,1,2,0
126,51,954.0,851.0,959.0,829.0,921.0,821.0,916.0,843.0,1,7,0
126,52,909.0,823.0,949.0,810.0,942.0,786.0,902.0,799.0,1,7,0
126,53,904.0,789.0,935.0,779.0,932.0,769.0,901.0,780.0,1,1,0
126,57,324.0,622.0,364.0,618.0,362.0,594.0,322.0,598.0,1,7,0
126,58,311.0,587.0,354.0,587.0,354.0,565.0,311.0,565.0,1,7,0
126,60,186.0,213.0,200.0,213.0,200.0,196.0,186.0,196.0,1,2,0
126,61,178.0,195.0,192.0,195.0,192.0,174.0,178.0,174.0,1,2,0
126,62,203.0,197.0,216.0,197.0,216.0,181.0,203.0,181.0,1,2,0
126,63,549.0,654.0,553.0,610.0,530.0,608.0,526.0,652.0,1,7,0
126,64,108.0,357.0,126.0,357.0,126.0,343.0,108.0,343.0,1,2,0
126,65,690.0,337.0,705.0,333.0,695.0,292.0,679.0,296.0,1,1,0
126,66,687.0,324.0,702.0,319.0,698.0,304.0,683.0,309.0,1,2,0
126,67,259.0,241.0,283.0,234.0,271.0,193.0,247.0,200.0,1,7,0
126,68,65.0,458.0,81.0,458.0,81.0,441.0,65.0,441.0,1,2,0
127,51,959.0,866.0,961.0,845.0,921.0,841.0,919.0,862.0,1,7,0
127,52,910.0,840.0,951.0,828.0,943.0,804.0,902.0,816.0,1,7,0
127,53,905.0,808.0,935.0,797.0,932.0,787.0,902.0,798.0,1,1,0
127,57,326.0,640.0,364.0,638.0,363.0,614.0,325.0,616.0,1,7,0
127,58,312.0,607.0,352.0,605.0,351.0,583.0,310.0,585.0,1,7,0
127,60,188.0,226.0,202.0,226.0,202.0,212.0,188.0,212.0,1,2,0
127,61,178.0,204.0,194.0,204.0,194.0,189.0,178.0,189.0,1,2,0
127,62,202.0,211.0,217.0,211.0,217.0,195.0,202.0,195.0,1,2,0
127,63,550.0,671.0,557.0,627.0,535.0,623.0,528.0,667.0,1,7,0
127,64,109.0,376.0,127.0,376.0,127.0,362.0,109.0,362.0,1,2,0
127,65,677.0,314.0,694.0,311.0,686.0,273.0,669.0,276.0,1,1,0
127,66,675.0,299.0,690.0,299.0,690.0,283.0,675.0,283.0,1,2,0
127,67,258.0,259.0,285.0,253.0,275.0,210.0,248.0,216.0,1,7,0
127,68,63.0,469.0,82.0,469.0,82.0,445.0,63.0,445.0,1,2,0
128,51,955.0,886.0,957.0,866.0,918.0,861.0,916.0,881.0,1,7,0
128,52,907.0,860.0,947.0,848.0,939.0,824.0,899.0,836.0,1,7,0
128,53,900.0,829.0,933.0,817.0,929.0,806.0,896.0,818.0,1,1,0
128,57,320.0,662.0,360.0,658.0,358.0,633.0,318.0,637.0,1,7,0
128,58,308.0,628.0,347.0,626.0,346.0,603.0,306.0,605.0,1,7,0
128,60,197.0,241.0,197.0,224.0,183.0,224.0,183.0,241.0,1,2,0
128,61,173.0,221.0,188.0,221.0,188.0,203.0,173.0,203.0,1,2,0
128,62,196.0,224.0,210.0,224.0,210.0,208.0,196.0,208.0,1,2,0
128,63,545.0,690.0,552.0,648.0,529.0,644.0,522.0,686.0,1,7,0
128,64,104.0,397.0,122.0,397.0,122.0,382.0,104.0,382.0,1,2,0
128,65,660.0,292.0,676.0,289.0,668.0,252.0,653.0,255.0,1,1,0
128,66,660.0,280.0,674.0,280.0,674.0,262.0,660.0,262.0,1,2,0
128,67,251.0,280.0,280.0,274.0,271.0,229.0,242.0,235.0,1,7,0
128,68,54.0,473.0,71.0,473.0,71.0,456.0,54.0,456.0,1,2,0
129,51,969.0,889.0,971.0,867.0,930.0,863.0,928.0,885.0,1,7,0
129,52,920.0,863.0,959.0,849.0,950.0,826.0,911.0,840.0,1,7,0
129,53,913.0,830.0,944.0,820.0,940.0,809.0,909.0,819.0,1,1,0
129,57,335.0,663.0,373.0,659.0,370.0,635.0,332.0,639.0,1,7,0
129,58,318.0,630.0,359.0,627.0,358.0,604.0,317.0,607.0,1,7,0
129,60,194.0,239.0,209.0,239.0,209.0,224.0,194.0,224.0,1,2,0
129,61,202.0,216.0,202.0,202.0,184.0,201.0,184.0,215.0,1,2,0
129,62,208.0,226.0,223.0,225.0,222.0,205.0,207.0,206.0,1,2,0
129,63,557.0,691.0,564.0,650.0,541.0,647.0,535.0,688.0,1,7,0
129,64,116.0,400.0,134.0,400.0,134.0,385.0,116.0,385.0,1,2,0
129,65,662.0,257.0,678.0,254.0,671.0,215.0,654.0,218.0,1,1,0
129,66,660.0,243.0,675.0,243.0,675.0,225.0,660.0,225.0,1,2,0
129,67,266.0,282.0,293.0,276.0,283.0,230.0,255.0,236.0,1,7,0
129,68,82.0,467.0,82.0,450.0,64.0,449.0,64.0,466.0,1,2,0
130,51,961.0,893.0,965.0,872.0,925.0,866.0,922.0,887.0,1,7,0
130,52,913.0,867.0,954.0,854.0,947.0,830.0,905.0,843.0,1,7,0
130,53,909.0,836.0,940.0,823.0,935.0,812.0,904.0,825.0,1,1,0
130,57,329.0,667.0,368.0,664.0,366.0,639.0,328.0,642.0,1,7,0
130,58,315.0,633.0,355.0,631.0,354.0,609.0,314.0,611.0,1,7,0
130,60,206.0,235.0,206.0,220.0,191.0,220.0,191.0,235.0,1,2,0
130,61,182.0,217.0,198.0,217.0,198.0,198.0,182.0,198.0,1,2,0
130,62,203.0,220.0,217.0,219.0,216.0,203.0,202.0,204.0,1,2,0
130,63,552.0,696.0,560.0,655.0,537.0,651.0,529.0,692.0,1,7,0
130,64,111.0,406.0,129.0,405.0,128.0,390.0,110.0,391.0,1,2,0
130,65,647.0,220.0,664.0,217.0,656.0,179.0,639.0,182.0,1,1,0
130,66,644.0,207.0,662.0,207.0,662.0,189.0,644.0,189.0,1,2,0
130,67,258.0,285.0,287.0,281.0,280.0,233.0,251.0,237.0,1,7,0
130,68,56.0,457.0,74.0,457.0,74.0,438.0,56.0,438.0,1,2,0
130,69,99.0,292.0,111.0,292.0,111.0,280.0,99.0,280.0,1,2,0
131,51,959.0,889.0,961.0,867.0,921.0,863.0,919.0,885.0,1,7,0
131,52,910.0,864.0,952.0,851.0,945.0,827.0,903.0,840.0,1,7,0
131,53,907.0,830.0,937.0,817.0,933.0,807.0,903.0,820.0,1,1,0
131,57,325.0,662.0,364.0,662.0,364.0,637.0,325.0,637.0,1,7,0
131,58,310.0,630.0,352.0,627.0,351.0,605.0,309.0,608.0,1,7,0
131,60,185.0,224.0,203.0,224.0,203.0,213.0,185.0,213.0,1,2,0
131,61,179.0,206.0,196.0,206.0,196.0,188.0,179.0,188.0,1,2,0
131,62,196.0,209.0,210.0,209.0,210.0,195.0,196.0,195.0,1,2,0
131,63,551.0,694.0,558.0,652.0,532.0,648.0,525.0,690.0,1,7,0
131,64,108.0,404.0,126.0,404.0,126.0,387.0,108.0,387.0,1,2,0
131,65,636.0,177.0,652.0,173.0,643.0,137.0,627.0,141.0,1,1,0
131,66,633.0,165.0,648.0,162.0,646.0,147.0,631.0,150.0,1,2,0
131,67,254.0,282.0,282.0,277.0,273.0,224.0,245.0,229.0,1,7,0
131,68,49.0,444.0,66.0,444.0,66.0,424.0,49.0,424.0,1,2,0
131,69,101.0,288.0,115.0,288.0,115.0,276.0,101.0,276.0,1,2,0
132,51,968.0,902.0,968.0,883.0,927.0,881.0,926.0,900.0,1,7,0
132,52,916.0,881.0,956.0,869.0,949.0,845.0,909.0,857.0,1,7,0
132,53,911.0,847.0,943.0,837.0,940.0,827.0,908.0,837.0,1,1,0
132,57,332.0,681.0,371.0,677.0,368.0,653.0,329.0,657.0,1,7,0
132,58,320.0,648.0,361.0,644.0,359.0,621.0,318.0,625.0,1,7,0
132,60,196.0,239.0,209.0,239.0,209.0,224.0,196.0,224.0,1,2,0
132,61,186.0,221.0,202.0,221.0,202.0,204.0,186.0,204.0,1,2,0
132,62,203.0,222.0,217.0,222.0,217.0,207.0,203.0,207.0,1,2,0
132,63,555.0,710.0,563.0,669.0,540.0,665.0,532.0,706.0,1,7,0
132,64,133.0,422.0,133.0,406.0,115.0,406.0,115.0,422.0,1,2,0
132,65,631.0,156.0,647.0,153.0,639.0,116.0,623.0,119.0,1,1,0
132,67,262.0,298.0,290.0,293.0,282.0,244.0,254.0,249.0,1,7,0
132,68,53.0,448.0,70.0,448.0,70.0,435.0,53.0,435.0,1,2,0
132,69,129.0,316.0,129.0,302.0,111.0,301.0,111.0,315.0,1,2,0
133,52,928.0,906.0,967.0,892.0,959.0,869.0,920.0,883.0,1,7,0
133,53,922.0,873.0,953.0,863.0,950.0,852.0,918.0,862.0,1,1,0
133,57,342.0,706.0,379.0,703.0,378.0,679.0,341.0,682.0,1,7,0
133,58,328.0,674.0,369.0,671.0,367.0,647.0,326.0,650.0,1,7,0
133,60,205.0,259.0,219.0,259.0,219.0,245.0,205.0,245.0,1,2,0
133,61,196.0,240.0,212.0,240.0,212.0,225.0,196.0,225.0,1,2,0
133,62,213.0,241.0,226.0,241.0,226.0,227.0,213.0,227.0,1,2,0
133,63,564.0,735.0,573.0,691.0,552.0,687.0,543.0,731.0,1,7,0
133,64,144.0,454.0,144.0,433.0,126.0,433.0,126.0,454.0,1,2,0
133,65,629.0,141.0,646.0,138.0,638.0,100.0,621.0,103.0,1,1,0
133,66,626.0,128.0,641.0,128.0,641.0,108.0,626.0,108.0,1,2,0
133,67,272.0,323.0,299.0,318.0,290.0,275.0,263.0,280.0,1,7,0
133,68,60.0,468.0,78.0,467.0,76.0,445.0,58.0,446.0,1,2,0
133,69,124.0,348.0,138.0,348.0,138.0,336.0,124.0,336.0,1,2,0
134,52,934.0,908.0,973.0,896.0,968.0,880.0,929.0,892.0,1,7,0
134,53,929.0,882.0,960.0,872.0,956.0,862.0,925.0,872.0,1,1,0
134,57,347.0,717.0,387.0,713.0,384.0,691.0,345.0,695.0,1,7,0
134,58,334.0,683.0,374.0,682.0,373.0,658.0,333.0,659.0,1,7,0
134,60,210.0,263.0,224.0,263.0,224.0,249.0,210.0,249.0,1,2,0
134,61,203.0,251.0,217.0,251.0,217.0,230.0,203.0,230.0,1,2,0
134,62,220.0,248.0,231.0,248.0,231.0,230.0,220.0,230.0,1,2,0
134,63,574.0,743.0,578.0,703.0,554.0,701.0,550.0,741.0,1,7,0
134,64,133.0,467.0,150.0,467.0,150.0,450.0,133.0,450.0,1,2,0
134,65,626.0,113.0,642.0,109.0,633.0,73.0,618.0,77.0,1,1,0
134,66,623.0,99.0,637.0,97.0,633.0,80.0,620.0,82.0,1,2,0
134,67,281.0,334.0,308.0,327.0,297.0,284.0,270.0,291.0,1,7,0
134,68,62.0,464.0,77.0,464.0,77.0,442.0,62.0,442.0,1,2,0
134,69,128.0,362.0,146.0,362.0,146.0,350.0,128.0,350.0,1,2,0
135,52,926.0,911.0,966.0,897.0,958.0,876.0,918.0,890.0,1,7,0
135,53,921.0,884.0,950.0,873.0,946.0,861.0,916.0,872.0,1,1,0
135,57,341.0,716.0,380.0,711.0,377.0,685.0,338.0,690.0,1,7,0
135,58,326.0,682.0,367.0,679.0,366.0,656.0,324.0,659.0,1,7,0
135,60,200.0,256.0,216.0,256.0,216.0,244.0,200.0,244.0,1,2,0
135,61,209.0,238.0,210.0,224.0,193.0,223.0,192.0,237.0,1,2,0
135,62,211.0,239.0,227.0,239.0,227.0,225.0,211.0,225.0,1,2,0
135,63,563.0,743.0,571.0,704.0,549.0,700.0,541.0,739.0,1,7,0
135,64,127.0,473.0,144.0,473.0,144.0,453.0,127.0,453.0,1,2,0
135,65,608.0,73.0,625.0,69.0,616.0,32.0,599.0,36.0,1,1,0
135,66,603.0,59.0,619.0,59.0,619.0,41.0,603.0,41.0,1,2,0
135,67,270.0,332.0,298.0,327.0,288.0,281.0,261.0,286.0,1,7,0
135,68,51.0,450.0,67.0,450.0,67.0,436.0,51.0,436.0,1,2,0
135,69,119.0,362.0,133.0,362.0,133.0,349.0,119.0,349.0,1,2,0
136,53,929.0,899.0,955.0,886.0,949.0,875.0,923.0,888.0,1,1,0
136,57,344.0,731.0,381.0,728.0,380.0,704.0,343.0,707.0,1,7,0
136,58,331.0,698.0,370.0,695.0,369.0,671.0,329.0,674.0,1,7,0
136,60,205.0,270.0,220.0,270.0,220.0,256.0,205.0,256.0,1,2,0
136,61,198.0,251.0,213.0,251.0,213.0,235.0,198.0,235.0,1,2,0
136,62,218.0,250.0,235.0,250.0,235.0,234.0,218.0,234.0,1,2,0
136,63,568.0,760.0,575.0,717.0,551.0,713.0,544.0,756.0,1,7,0
136,64,131.0,494.0,152.0,493.0,151.0,478.0,131.0,479.0,1,2,0
136,65,599.0,49.0,616.0,45.0,608.0,9.0,591.0,13.0,1,1,0
136,66,598.0,36.0,613.0,32.0,609.0,16.0,593.0,20.0,1,2,0
136,67,275.0,349.0,302.0,343.0,292.0,298.0,265.0,304.0,1,7,0
136,68,50.0,457.0,69.0,457.0,69.0,438.0,50.0,438.0,1,2,0
137,57,340.0,744.0,379.0,739.0,376.0,713.0,337.0,718.0,1,7,0
137,58,328.0,710.0,368.0,706.0,366.0,684.0,325.0,688.0,1,7,0
137,60,198.0,277.0,214.0,277.0,214.0,262.0,198.0,262.0,1,2,0
137,61,194.0,254.0,212.0,254.0,212.0,241.0,194.0,241.0,1,2,0
137,62,218.0,256.0,233.0,256.0,233.0,240.0,218.0,240.0,1,2,0
137,63,563.0,772.0,571.0,731.0,549.0,727.0,541.0,768.0,1,7,0
137,64,129.0,509.0,148.0,509.0,148.0,492.0,129.0,492.0,1,2,0
137,66,586.0,9.0,600.0,2.0,595.0,-8.0,581.0,-1.0,1,2,0
137,67,270.0,359.0,298.0,354.0,290.0,310.0,262.0,315.0,1,7,0
137,68,43.0,456.0,60.0,456.0,60.0,435.0,43.0,435.0,1,2,0
137,70,268.0,315.0,270.0,303.0,259.0,302.0,257.0,314.0,1,2,0
138,57,354.0,752.0,391.0,749.0,389.0,726.0,353.0,729.0,1,7,0
138,58,339.0,718.0,383.0,715.0,381.0,693.0,337.0,696.0,1,7,0
138,60,210.0,282.0,226.0,282.0,226.0,267.0,210.0,267.0,1,2,0
138,61,211.0,262.0,227.0,262.0,227.0,245.0,211.0,245.0,1,2,0
138,62,249.0,260.0,249.0,245.0,234.0,245.0,234.0,260.0,1,2,0
138,63,577.0,782.0,584.0,739.0,561.0,735.0,554.0,778.0,1,7,0
138,64,162.0,520.0,162.0,504.0,143.0,504.0,143.0,520.0,1,2,0
138,67,283.0,369.0,310.0,364.0,302.0,318.0,275.0,323.0,1,7,0
138,68,54.0,453.0,71.0,453.0,71.0,442.0,54.0,442.0,1,2,0
138,70,268.0,324.0,279.0,324.0,279.0,312.0,268.0,312.0,1,2,0
139,57,383.0,756.0,384.0,731.0,345.0,730.0,344.0,755.0,1,7,0
139,58,333.0,724.0,375.0,720.0,373.0,697.0,331.0,701.0,1,7,0
139,60,203.0,282.0,217.0,282.0,217.0,268.0,203.0,268.0,1,2,0
139,61,220.0,260.0,220.0,245.0,204.0,244.0,204.0,259.0,1,2,0
139,62,229.0,257.0,243.0,257.0,243.0,243.0,229.0,243.0,1,2,0
139,63,571.0,786.0,577.0,745.0,555.0,742.0,548.0,783.0,1,7,0
139,64,135.0,527.0,156.0,527.0,156.0,512.0,135.0,512.0,1,2,0
139,67,278.0,374.0,304.0,368.0,295.0,326.0,269.0,332.0,1,7,0
139,68,43.0,452.0,62.0,452.0,62.0,432.0,43.0,432.0,1,2,0
139,70,268.0,332.0,270.0,320.0,259.0,319.0,257.0,331.0,1,2,0
140,57,347.0,779.0,383.0,776.0,381.0,752.0,345.0,755.0,1,7,0
140,58,331.0,746.0,373.0,744.0,371.0,720.0,330.0,722.0,1,7,0
140,60,203.0,302.0,217.0,302.0,217.0,286.0,203.0,286.0,1,2,0
140,61,205.0,278.0,220.0,278.0,220.0,262.0,205.0,262.0,1,2,0
140,62,229.0,274.0,244.0,274.0,244.0,257.0,229.0,257.0,1,2,0
140,63,571.0,808.0,577.0,767.0,553.0,764.0,547.0,805.0,1,7,0
140,64,134.0,552.0,154.0,551.0,154.0,535.0,134.0,536.0,1,2,0
140,67,278.0,397.0,304.0,390.0,292.0,348.0,266.0,355.0,1,7,0
140,68,38.0,462.0,58.0,462.0,58.0,438.0,38.0,438.0,1,2,0
140,70,253.0,355.0,264.0,355.0,264.0,343.0,253.0,343.0,1,2,0
141,57,349.0,766.0,388.0,763.0,386.0,740.0,348.0,743.0,1,7,0
141,58,334.0,732.0,375.0,731.0,375.0,707.0,334.0,708.0,1,7,0
141,60,203.0,283.0,217.0,283.0,217.0,271.0,203.0,271.0,1,2,0
141,61,210.0,259.0,227.0,259.0,227.0,243.0,210.0,243.0,1,2,0
141,62,231.0,253.0,247.0,253.0,247.0,240.0,231.0,240.0,1,2,0
141,63,574.0,796.0,582.0,755.0,558.0,750.0,549.0,791.0,1,7,0
141,64,140.0,540.0,157.0,540.0,157.0,526.0,140.0,526.0,1,2,0
141,67,281.0,384.0,308.0,376.0,295.0,337.0,269.0,345.0,1,7,0
141,68,39.0,434.0,56.0,434.0,56.0,425.0,39.0,425.0,1,2,0
141,70,251.0,347.0,262.0,347.0,262.0,335.0,251.0,335.0,1,2,0
142,57,353.0,791.0,390.0,788.0,389.0,764.0,352.0,767.0,1,7,0
142,58,341.0,757.0,381.0,752.0,378.0,730.0,338.0,735.0,1,7,0
142,60,208.0,302.0,222.0,302.0,222.0,287.0,208.0,287.0,1,2,0
142,61,218.0,282.0,234.0,282.0,234.0,264.0,218.0,264.0,1,2,0
142,62,252.0,277.0,252.0,259.0,236.0,259.0,236.0,277.0,1,2,0
142,63,576.0,823.0,584.0,782.0,561.0,777.0,553.0,818.0,1,7,0
142,64,147.0,566.0,167.0,565.0,166.0,550.0,147.0,551.0,1,2,0
142,67,287.0,409.0,312.0,402.0,299.0,361.0,275.0,368.0,1,7,0
142,68,40.0,451.0,59.0,451.0,59.0,433.0,40.0,433.0,1,2,0
142,70,250.0,375.0,261.0,375.0,261.0,363.0,250.0,363.0,1,2,0
142,71,371.0,115.0,374.0,103.0,358.0,99.0,355.0,111.0,1,2,0
143,57,360.0,800.0,397.0,798.0,396.0,774.0,359.0,776.0,1,7,0
143,58,347.0,767.0,390.0,763.0,388.0,740.0,344.0,744.0,1,7,0
143,60,216.0,303.0,232.0,303.0,232.0,289.0,216.0,289.0,1,2,0
143,61,227.0,283.0,242.0,283.0,242.0,269.0,227.0,269.0,1,2,0
143,62,242.0,279.0,257.0,278.0,256.0,264.0,241.0,265.0,1,2,0
143,63,584.0,830.0,590.0,790.0,567.0,787.0,561.0,827.0,1,7,0
143,64,157.0,574.0,176.0,574.0,176.0,558.0,157.0,558.0,1,2,0
143,67,293.0,418.0,319.0,412.0,309.0,371.0,283.0,377.0,1,7,0
143,68,46.0,451.0,62.0,450.0,61.0,425.0,45.0,426.0,1,2,0
143,70,255.0,386.0,266.0,386.0,266.0,374.0,255.0,374.0,1,2,0
143,71,378.0,117.0,381.0,106.0,366.0,102.0,363.0,113.0,1,2,0
144,57,347.0,816.0,384.0,813.0,381.0,789.0,345.0,792.0,1,7,0
144,58,333.0,783.0,376.0,778.0,374.0,756.0,330.0,761.0,1,7,0
144,60,216.0,314.0,216.0,298.0,201.0,298.0,201.0,314.0,1,2,0
144,61,228.0,295.0,228.0,281.0,211.0,280.0,211.0,294.0,1,2,0
144,62,227.0,291.0,239.0,291.0,239.0,279.0,227.0,279.0,1,2,0
144,63,571.0,845.0,577.0,806.0,554.0,802.0,548.0,841.0,1,7,0
144,64,145.0,586.0,162.0,586.0,162.0,571.0,145.0,571.0,1,2,0
144,67,278.0,431.0,305.0,425.0,295.0,384.0,268.0,390.0,1,7,0
144,68,28.0,451.0,45.0,450.0,44.0,438.0,28.0,439.0,1,2,0
144,70,239.0,404.0,248.0,404.0,248.0,392.0,239.0,392.0,1,2,0
144,71,368.0,124.0,368.0,112.0,352.0,111.0,352.0,123.0,1,2,0
145,57,368.0,827.0,407.0,823.0,404.0,797.0,365.0,801.0,1,7,0
145,58,356.0,792.0,396.0,788.0,393.0,766.0,353.0,770.0,1,7,0
145,60,221.0,315.0,237.0,315.0,237.0,301.0,221.0,301.0,1,2,0
145,61,231.0,299.0,246.0,299.0,246.0,286.0,231.0,286.0,1,2,0
145,62,245.0,297.0,258.0,296.0,258.0,283.0,244.0,284.0,1,2,0
145,63,591.0,856.0,599.0,816.0,577.0,811.0,569.0,851.0,1,7,0
145,64,186.0,593.0,186.0,577.0,170.0,577.0,170.0,593.0,1,2,0
145,67,298.0,442.0,323.0,437.0,316.0,397.0,291.0,402.0,1,7,0
145,68,47.0,453.0,64.0,453.0,64.0,435.0,47.0,435.0,1,2,0
145,70,257.0,422.0,268.0,422.0,268.0,412.0,257.0,412.0,1,2,0
145,71,374.0,134.0,388.0,134.0,388.0,115.0,374.0,115.0,1,2,0
146,57,352.0,841.0,390.0,837.0,388.0,812.0,350.0,816.0,1,7,0
146,58,339.0,806.0,381.0,802.0,378.0,780.0,337.0,784.0,1,7,0
146,60,205.0,322.0,221.0,322.0,221.0,308.0,205.0,308.0,1,2,0
146,61,229.0,310.0,229.0,297.0,218.0,297.0,218.0,310.0,1,2,0
146,62,231.0,305.0,245.0,304.0,244.0,291.0,230.0,292.0,1,2,0
146,63,576.0,870.0,584.0,830.0,561.0,826.0,553.0,866.0,1,7,0
146,64,158.0,602.0,175.0,602.0,175.0,583.0,158.0,583.0,1,2,0
146,67,286.0,456.0,310.0,450.0,300.0,410.0,276.0,416.0,1,7,0
146,68,28.0,457.0,46.0,457.0,46.0,431.0,28.0,431.0,1,2,0
146,70,242.0,440.0,253.0,440.0,253.0,426.0,242.0,426.0,1,2,0
146,71,356.0,136.0,375.0,136.0,375.0,118.0,356.0,118.0,1,2,0
146,72,1135.0,17.0,1153.0,16.0,1152.0,-6.0,1134.0,-5.0,1,2,0
147,57,359.0,843.0,397.0,838.0,393.0,812.0,356.0,817.0,1,7,0
147,58,346.0,808.0,386.0,803.0,384.0,781.0,343.0,786.0,1,7,0
147,60,214.0,317.0,230.0,317.0,230.0,303.0,214.0,303.0,1,2,0
147,61,239.0,305.0,239.0,292.0,228.0,292.0,228.0,305.0,1,2,0
147,62,238.0,306.0,252.0,305.0,251.0,292.0,237.0,293.0,1,2,0
147,63,580.0,872.0,588.0,833.0,567.0,829.0,559.0,868.0,1,7,0
147,64,167.0,594.0,183.0,594.0,183.0,578.0,167.0,578.0,1,2,0
147,67,292.0,458.0,317.0,452.0,307.0,413.0,282.0,419.0,1,7,0
147,68,51.0,442.0,51.0,428.0,34.0,427.0,34.0,441.0,1,2,0
147,70,246.0,444.0,257.0,444.0,257.0,430.0,246.0,430.0,1,2,0
147,71,365.0,131.0,384.0,131.0,384.0,116.0,365.0,116.0,1,2,0
147,72,1142.0,12.0,1160.0,11.0,1159.0,-11.0,1141.0,-10.0,1,2,0
148,57,365.0,853.0,403.0,852.0,403.0,827.0,364.0,828.0,1,7,0
148,58,353.0,822.0,395.0,817.0,392.0,794.0,350.0,799.0,1,7,0
148,60,237.0,324.0,240.0,314.0,222.0,308.0,218.0,318.0,1,2,0
148,61,236.0,315.0,251.0,312.0,248.0,300.0,233.0,303.0,1,2,0
148,62,249.0,314.0,263.0,313.0,262.0,300.0,248.0,301.0,1,2,0
148,63,590.0,885.0,598.0,842.0,575.0,838.0,567.0,881.0,1,7,0
148,64,178.0,600.0,196.0,600.0,196.0,583.0,178.0,583.0,1,2,0
148,67,301.0,467.0,326.0,462.0,319.0,426.0,293.0,431.0,1,7,0
148,68,42.0,444.0,62.0,444.0,62.0,427.0,42.0,427.0,1,2,0
148,70,257.0,458.0,267.0,456.0,264.0,441.0,254.0,443.0,1,2,0
148,71,378.0,141.0,396.0,141.0,396.0,127.0,378.0,127.0,1,2,0
148,72,1151.0,21.0,1169.0,20.0,1168.0,-2.0,1150.0,-1.0,1,2,0
149,57,361.0,860.0,397.0,857.0,395.0,833.0,359.0,836.0,1,7,0
149,58,348.0,827.0,390.0,822.0,388.0,800.0,346.0,805.0,1,7,0
149,60,228.0,323.0,228.0,309.0,213.0,309.0,213.0,323.0,1,2,0
149,61,242.0,320.0,242.0,307.0,226.0,307.0,226.0,320.0,1,2,0
149,62,236.0,313.0,250.0,312.0,249.0,299.0,235.0,300.0,1,2,0
149,63,586.0,891.0,592.0,848.0,569.0,845.0,563.0,888.0,1,7,0
149,64,177.0,601.0,193.0,601.0,193.0,580.0,177.0,580.0,1,2,0
149,67,297.0,476.0,320.0,469.0,309.0,432.0,286.0,439.0,1,7,0
149,68,33.0,442.0,51.0,442.0,51.0,419.0,33.0,419.0,1,2,0
149,70,247.0,462.0,259.0,462.0,259.0,448.0,247.0,448.0,1,2,0
149,71,369.0,148.0,387.0,147.0,387.0,134.0,369.0,135.0,1,2,0
149,72,1141.0,14.0,1159.0,13.0,1158.0,-9.0,1140.0,-8.0,1,2,0
150,57,374.0,875.0,410.0,872.0,408.0,848.0,372.0,851.0,1,7,0
150,58,360.0,841.0,402.0,837.0,399.0,815.0,358.0,819.0,1,7,0
150,60,224.0,331.0,238.0,331.0,238.0,316.0,224.0,316.0,1,2,0
150,61,236.0,331.0,248.0,331.0,248.0,317.0,236.0,317.0,1,2,0
150,62,245.0,325.0,259.0,324.0,258.0,311.0,244.0,312.0,1,2,0
150,63,600.0,901.0,604.0,866.0,581.0,863.0,577.0,898.0,1,7,0
150,64,192.0,604.0,207.0,604.0,207.0,589.0,192.0,589.0,1,2,0
150,67,308.0,492.0,333.0,485.0,322.0,447.0,297.0,454.0,1,7,0
150,68,45.0,443.0,61.0,443.0,61.0,430.0,45.0,430.0,1,2,0
150,70,259.0,477.0,272.0,477.0,272.0,463.0,259.0,463.0,1,2,0
150,71,387.0,149.0,402.0,149.0,402.0,131.0,387.0,131.0,1,2,0
150,72,1150.0,16.0,1168.0,15.0,1167.0,-7.0,1149.0,-6.0,1,2,0
151,57,394.0,872.0,428.0,869.0,426.0,844.0,392.0,847.0,1,7,0
151,58,380.0,839.0,423.0,833.0,420.0,811.0,377.0,817.0,1,7,0
151,60,253.0,325.0,254.0,311.0,241.0,310.0,240.0,324.0,1,2,0
151,61,269.0,329.0,269.0,312.0,254.0,312.0,254.0,329.0,1,2,0
151,62,271.0,317.0,284.0,317.0,284.0,304.0,271.0,304.0,1,2,0
151,63,617.0,900.0,624.0,862.0,602.0,859.0,595.0,897.0,1,7,0
151,64,213.0,595.0,230.0,595.0,230.0,577.0,213.0,577.0,1,2,0
151,67,324.0,487.0,350.0,481.0,340.0,442.0,314.0,448.0,1,7,0
151,68,79.0,435.0,79.0,416.0,60.0,415.0,60.0,434.0,1,2,0
151,70,277.0,475.0,290.0,475.0,290.0,461.0,277.0,461.0,1,2,0
151,71,403.0,141.0,417.0,141.0,417.0,127.0,403.0,127.0,1,2,0
152,57,383.0,901.0,418.0,897.0,416.0,875.0,381.0,879.0,1,7,0
152,58,371.0,869.0,413.0,864.0,410.0,842.0,368.0,847.0,1,7,0
152,60,229.0,352.0,244.0,352.0,244.0,337.0,229.0,337.0,1,2,0
152,61,258.0,351.0,258.0,336.0,243.0,336.0,243.0,351.0,1,2,0
152,62,260.0,343.0,274.0,343.0,274.0,330.0,260.0,330.0,1,2,0
152,64,204.0,617.0,220.0,617.0,220.0,600.0,204.0,600.0,1,2,0
152,67,315.0,519.0,339.0,513.0,328.0,474.0,305.0,480.0,1,7,0
152,68,47.0,455.0,65.0,455.0,65.0,431.0,47.0,431.0,1,2,0
152,70,266.0,505.0,278.0,505.0,278.0,491.0,266.0,491.0,1,2,0
152,71,407.0,168.0,407.0,153.0,391.0,153.0,391.0,168.0,1,2,0
152,72,1149.0,21.0,1167.0,21.0,1166.0,-1.0,1148.0,-1.0,1,2,0
153,57,373.0,908.0,412.0,903.0,409.0,882.0,370.0,887.0,1,7,0
153,58,359.0,876.0,400.0,870.0,398.0,850.0,356.0,856.0,1,7,0
153,60,220.0,357.0,234.0,357.0,234.0,339.0,220.0,339.0,1,2,0
153,61,231.0,353.0,248.0,353.0,248.0,339.0,231.0,339.0,1,2,0
153,62,252.0,343.0,268.0,343.0,268.0,329.0,252.0,329.0,1,2,0
153,64,196.0,614.0,210.0,614.0,210.0,601.0,196.0,601.0,1,2,0
153,67,304.0,524.0,329.0,519.0,320.0,481.0,296.0,486.0,1,7,0
153,68,34.0,445.0,52.0,445.0,52.0,435.0,34.0,435.0,1,2,0
153,70,256.0,512.0,269.0,512.0,269.0,497.0,256.0,497.0,1,2,0
153,71,380.0,167.0,392.0,167.0,392.0,154.0,380.0,154.0,1,2,0
153,72,1137.0,24.0,1155.0,24.0,1155.0,1.0,1137.0,1.0,1,2,0
154,58,390.0,893.0,432.0,889.0,429.0,868.0,388.0,872.0,1,7,0
154,60,253.0,365.0,266.0,365.0,266.0,350.0,253.0,350.0,1,2,0
154,61,266.0,367.0,283.0,367.0,283.0,350.0,266.0,350.0,1,2,0
154,62,301.0,359.0,301.0,345.0,287.0,345.0,287.0,359.0,1,2,0
154,64,246.0,624.0,248.0,606.0,230.0,605.0,229.0,623.0,1,2,0
154,67,336.0,543.0,362.0,536.0,352.0,498.0,326.0,505.0,1,7,0
154,68,84.0,453.0,84.0,436.0,65.0,436.0,65.0,453.0,1,2,0
154,70,289.0,529.0,302.0,529.0,302.0,516.0,289.0,516.0,1,2,0
154,71,411.0,183.0,427.0,183.0,427.0,166.0,411.0,166.0,1,2,0
154,72,1188.0,37.0,1190.0,9.0,1167.0,8.0,1166.0,36.0,1,2,0
155,58,395.0,890.0,437.0,887.0,436.0,865.0,394.0,868.0,1,7,0
155,60,269.0,359.0,270.0,344.0,258.0,343.0,257.0,358.0,1,2,0
155,61,273.0,359.0,288.0,359.0,288.0,346.0,273.0,346.0,1,2,0
155,62,291.0,354.0,305.0,354.0,305.0,339.0,291.0,339.0,1,2,0
155,64,240.0,615.0,254.0,614.0,252.0,599.0,238.0,600.0,1,2,0
155,67,342.0,540.0,367.0,535.0,359.0,495.0,334.0,500.0,1,7,0
155,68,69.0,441.0,85.0,441.0,85.0,418.0,69.0,418.0,1,2,0
155,70,307.0,528.0,307.0,513.0,294.0,513.0,294.0,528.0,1,2,0
155,71,416.0,172.0,431.0,172.0,431.0,159.0,416.0,159.0,1,2,0
155,72,1173.0,23.0,1191.0,22.0,1190.0,0.0,1172.0,1.0,1,2,0
156,58,408.0,907.0,449.0,902.0,447.0,885.0,406.0,890.0,1,7,0
156,60,266.0,374.0,280.0,374.0,280.0,360.0,266.0,360.0,1,2,0
156,61,282.0,374.0,297.0,374.0,297.0,360.0,282.0,360.0,1,2,0
156,62,298.0,367.0,313.0,367.0,313.0,353.0,298.0,353.0,1,2,0
156,64,250.0,628.0,265.0,628.0,265.0,610.0,250.0,610.0,1,2,0
156,67,351.0,560.0,377.0,554.0,368.0,515.0,341.0,521.0,1,7,0
156,68,75.0,447.0,92.0,447.0,92.0,433.0,75.0,433.0,1,2,0
156,70,304.0,546.0,316.0,546.0,316.0,533.0,304.0,533.0,1,2,0
156,71,424.0,189.0,439.0,188.0,438.0,173.0,423.0,174.0,1,2,0
156,72,1179.0,38.0,1198.0,38.0,1198.0,6.0,1179.0,6.0,1,2,0
157,60,243.0,383.0,256.0,383.0,256.0,369.0,243.0,369.0,1,2,0
157,61,257.0,383.0,272.0,383.0,272.0,369.0,257.0,369.0,1,2,0
157,62,287.0,375.0,289.0,359.0,275.0,358.0,273.0,374.0,1,2,0
157,64,243.0,633.0,244.0,616.0,226.0,615.0,225.0,632.0,1,2,0
157,67,327.0,571.0,351.0,566.0,343.0,529.0,319.0,534.0,1,7,0
157,68,46.0,451.0,64.0,451.0,64.0,435.0,46.0,435.0,1,2,0
157,70,279.0,560.0,292.0,560.0,292.0,545.0,279.0,545.0,1,2,0
157,71,397.0,196.0,412.0,195.0,411.0,176.0,396.0,177.0,1,2,0
157,72,1147.0,36.0,1170.0,36.0,1170.0,12.0,1147.0,12.0,1,2,0
158,60,239.0,393.0,253.0,393.0,253.0,376.0,239.0,376.0,1,2,0
158,61,255.0,392.0,269.0,392.0,269.0,376.0,255.0,376.0,1,2,0
158,62,286.0,383.0,286.0,369.0,271.0,369.0,271.0,383.0,1,2,0
158,64,227.0,638.0,242.0,638.0,242.0,624.0,227.0,624.0,1,2,0
158,67,324.0,584.0,349.0,578.0,340.0,540.0,315.0,546.0,1,7,0
158,68,39.0,457.0,57.0,457.0,57.0,436.0,39.0,436.0,1,2,0
158,70,277.0,573.0,289.0,573.0,289.0,558.0,277.0,558.0,1,2,0
158,71,393.0,201.0,408.0,201.0,408.0,187.0,393.0,187.0,1,2,0
158,72,1159.0,36.0,1160.0,16.0,1141.0,15.0,1140.0,35.0,1,2,0
159,60,253.0,386.0,254.0,371.0,239.0,370.0,238.0,385.0,1,2,0
159,61,254.0,384.0,270.0,384.0,270.0,371.0,254.0,371.0,1,2,0
159,62,271.0,375.0,286.0,375.0,286.0,360.0,271.0,360.0,1,2,0
159,64,227.0,630.0,242.0,630.0,242.0,610.0,227.0,610.0,1,2,0
159,67,322.0,583.0,349.0,578.0,342.0,539.0,315.0,544.0,1,7,0
159,68,37.0,439.0,54.0,439.0,54.0,423.0,37.0,423.0,1,2,0
159,70,277.0,571.0,289.0,571.0,289.0,556.0,277.0,556.0,1,2,0
159,71,392.0,196.0,407.0,195.0,405.0,177.0,390.0,178.0,1,2,0
159,72,1141.0,30.0,1160.0,30.0,1160.0,4.0,1141.0,4.0,1,2,0
160,60,245.0,383.0,260.0,383.0,260.0,368.0,245.0,368.0,1,2,0
160,61,261.0,382.0,277.0,382.0,277.0,365.0,261.0,365.0,1,2,0
160,62,277.0,373.0,293.0,373.0,293.0,357.0,277.0,357.0,1,2,0
160,64,251.0,624.0,251.0,609.0,236.0,609.0,236.0,624.0,1,2,0
160,67,331.0,585.0,356.0,580.0,348.0,541.0,323.0,546.0,1,7,0
160,68,41.0,433.0,60.0,433.0,60.0,418.0,41.0,418.0,1,2,0
160,70,284.0,574.0,296.0,574.0,296.0,559.0,284.0,559.0,1,2,0
160,71,399.0,191.0,413.0,191.0,413.0,175.0,399.0,175.0,1,2,0
160,72,1145.0,24.0,1166.0,24.0,1166.0,2.0,1145.0,2.0,1,2,0
161,60,245.0,381.0,260.0,381.0,260.0,368.0,245.0,368.0,1,2,0
161,61,261.0,380.0,276.0,380.0,276.0,366.0,261.0,366.0,1,2,0
161,62,276.0,370.0,294.0,369.0,293.0,355.0,275.0,356.0,1,2,0
161,64,239.0,621.0,254.0,620.0,253.0,605.0,238.0,606.0,1,2,0
161,67,330.0,591.0,356.0,585.0,347.0,546.0,321.0,552.0,1,7,0
161,68,38.0,426.0,55.0,426.0,55.0,408.0,38.0,408.0,1,2,0
161,70,284.0,578.0,296.0,578.0,296.0,563.0,284.0,563.0,1,2,0
161,71,398.0,192.0,413.0,192.0,413.0,173.0,398.0,173.0,1,2,0
161,72,1144.0,21.0,1163.0,21.0,1163.0,0.0,1144.0,0.0,1,2,0
162,60,235.0,382.0,251.0,382.0,251.0,366.0,235.0,366.0,1,2,0
162,61,252.0,381.0,266.0,380.0,265.0,362.0,251.0,363.0,1,2,0
162,62,270.0,373.0,289.0,373.0,289.0,357.0,270.0,357.0,1,2,0
162,64,231.0,620.0,246.0,620.0,246.0,600.0,231.0,600.0,1,2,0
162,67,322.0,597.0,348.0,590.0,337.0,548.0,311.0,555.0,1,7,0
162,68,44.0,418.0,44.0,400.0,25.0,399.0,25.0,417.0,1,2,0
162,70,275.0,584.0,288.0,584.0,288.0,569.0,275.0,569.0,1,2,0
162,71,388.0,191.0,403.0,190.0,403.0,173.0,387.0,174.0,1,2,0
162,72,1133.0,24.0,1151.0,23.0,1150.0,-1.0,1132.0,0.0,1,2,0
163,60,237.0,387.0,253.0,387.0,253.0,373.0,237.0,373.0,1,2,0
163,61,255.0,388.0,269.0,388.0,269.0,373.0,255.0,373.0,1,2,0
163,62,283.0,378.0,284.0,365.0,271.0,364.0,270.0,377.0,1,2,0
163,64,233.0,624.0,247.0,624.0,247.0,610.0,233.0,610.0,1,2,0
163,67,322.0,610.0,349.0,603.0,339.0,563.0,312.0,570.0,1,7,0
163,68,25.0,418.0,44.0,418.0,44.0,403.0,25.0,403.0,1,2,0
163,70,288.0,596.0,288.0,581.0,276.0,581.0,276.0,596.0,1,2,0
163,71,407.0,198.0,407.0,183.0,391.0,183.0,391.0,198.0,1,2,0
163,72,1135.0,33.0,1157.0,32.0,1156.0,14.0,1135.0,15.0,1,2,0
164,60,224.0,389.0,239.0,389.0,239.0,373.0,224.0,373.0,1,2,0
164,61,241.0,389.0,256.0,389.0,256.0,372.0,241.0,372.0,1,2,0
164,62,272.0,380.0,272.0,363.0,257.0,363.0,257.0,380.0,1,2,0
164,64,234.0,622.0,234.0,603.0,217.0,603.0,217.0,622.0,1,2,0
164,67,305.0,616.0,331.0,610.0,322.0,570.0,296.0,576.0,1,7,0
164,68,8.0,408.0,26.0,408.0,26.0,386.0,8.0,386.0,1,2,0
164,70,269.0,603.0,271.0,587.0,260.0,586.0,259.0,602.0,1,2,0
164,71,381.0,203.0,396.0,202.0,394.0,181.0,379.0,182.0,1,2,0
164,72,1126.0,50.0,1144.0,50.0,1144.0,33.0,1126.0,33.0,1,2,0
165,60,225.0,378.0,240.0,378.0,240.0,364.0,225.0,364.0,1,2,0
165,61,240.0,383.0,256.0,383.0,256.0,367.0,240.0,367.0,1,2,0
165,62,257.0,370.0,272.0,370.0,272.0,356.0,257.0,356.0,1,2,0
165,64,213.0,610.0,228.0,610.0,228.0,594.0,213.0,594.0,1,2,0
165,67,299.0,615.0,327.0,608.0,316.0,565.0,288.0,572.0,1,7,0
165,68,21.0,385.0,23.0,366.0,5.0,365.0,3.0,384.0,1,2,0
165,70,253.0,599.0,264.0,599.0,264.0,586.0,253.0,586.0,1,2,0
165,71,383.0,193.0,398.0,193.0,398.0,179.0,383.0,179.0,1,2,0
165,72,1133.0,69.0,1152.0,69.0,1152.0,46.0,1133.0,46.0,1,2,0
166,60,178.0,366.0,192.0,366.0,192.0,351.0,178.0,351.0,1,2,0
166,61,209.0,370.0,209.0,354.0,192.0,353.0,192.0,369.0,1,2,0
166,62,226.0,361.0,226.0,345.0,211.0,345.0,211.0,361.0,1,2,0
166,64,147.0,595.0,163.0,595.0,163.0,579.0,147.0,579.0,1,2,0
166,67,231.0,611.0,257.0,609.0,253.0,567.0,227.0,569.0,1,7,0
166,70,186.0,593.0,198.0,593.0,198.0,580.0,186.0,580.0,1,2,0
166,71,352.0,196.0,368.0,196.0,368.0,178.0,352.0,178.0,1,2,0
166,72,1124.0,135.0,1124.0,114.0,1104.0,114.0,1104.0,135.0,1,2,0
167,60,245.0,356.0,245.0,342.0,230.0,341.0,230.0,355.0,1,2,0
167,61,261.0,361.0,261.0,345.0,245.0,345.0,245.0,361.0,1,2,0
167,62,265.0,354.0,279.0,354.0,279.0,338.0,265.0,338.0,1,2,0
167,64,212.0,579.0,214.0,561.0,197.0,560.0,195.0,578.0,1,2,0
167,67,275.0,608.0,303.0,604.0,296.0,562.0,269.0,566.0,1,7,0
167,68,8.0,324.0,26.0,324.0,26.0,305.0,8.0,305.0,1,2,0
167,70,231.0,587.0,243.0,587.0,243.0,572.0,231.0,572.0,1,2,0
167,71,422.0,188.0,422.0,171.0,406.0,171.0,406.0,188.0,1,2,0
167,72,1165.0,147.0,1184.0,147.0,1184.0,128.0,1165.0,128.0,1,2,0
168,60,245.0,349.0,246.0,334.0,231.0,333.0,230.0,348.0,1,2,0
168,61,260.0,353.0,261.0,338.0,246.0,337.0,245.0,352.0,1,2,0
168,62,263.0,346.0,278.0,346.0,278.0,331.0,263.0,331.0,1,2,0
168,64,194.0,566.0,208.0,566.0,208.0,551.0,194.0,551.0,1,2,0
168,67,268.0,605.0,295.0,602.0,290.0,560.0,263.0,563.0,1,7,0
168,68,8.0,300.0,25.0,300.0,25.0,280.0,8.0,280.0,1,2,0
168,70,236.0,582.0,236.0,567.0,224.0,567.0,224.0,582.0,1,2,0
168,71,423.0,185.0,425.0,167.0,408.0,166.0,406.0,184.0,1,2,0
168,72,1187.0,163.0,1188.0,139.0,1169.0,138.0,1168.0,162.0,1,2,0
169,60,267.0,354.0,268.0,341.0,256.0,340.0,255.0,353.0,1,2,0
169,61,282.0,359.0,283.0,344.0,268.0,343.0,267.0,358.0,1,2,0
169,62,285.0,352.0,300.0,352.0,300.0,338.0,285.0,338.0,1,2,0
169,64,219.0,569.0,234.0,569.0,234.0,551.0,219.0,551.0,1,2,0
169,67,310.0,611.0,316.0,572.0,292.0,568.0,286.0,607.0,1,7,0
169,68,30.0,295.0,51.0,295.0,51.0,280.0,30.0,280.0,1,2,0
169,70,247.0,591.0,259.0,591.0,259.0,575.0,247.0,575.0,1,2,0
169,71,426.0,187.0,443.0,187.0,443.0,168.0,426.0,168.0,1,2,0
169,72,1193.0,162.0,1209.0,158.0,1202.0,134.0,1186.0,138.0,1,2,0
170,60,263.0,367.0,265.0,351.0,251.0,350.0,249.0,366.0,1,2,0
170,61,277.0,371.0,277.0,356.0,261.0,355.0,260.0,370.0,1,2,0
170,62,278.0,365.0,293.0,365.0,293.0,350.0,278.0,350.0,1,2,0
170,64,214.0,576.0,230.0,576.0,230.0,562.0,214.0,562.0,1,2,0
170,67,300.0,626.0,310.0,586.0,287.0,581.0,278.0,621.0,1,7,0
170,68,40.0,302.0,45.0,283.0,27.0,279.0,22.0,298.0,1,2,0
170,70,239.0,606.0,252.0,606.0,252.0,589.0,239.0,589.0,1,2,0
170,71,434.0,196.0,434.0,182.0,417.0,181.0,417.0,195.0,1,2,0
170,72,1185.0,169.0,1205.0,169.0,1205.0,148.0,1185.0,148.0,1,2,0
171,60,267.0,373.0,267.0,359.0,254.0,359.0,254.0,373.0,1,2,0
171,61,280.0,376.0,281.0,361.0,266.0,360.0,265.0,375.0,1,2,0
171,62,281.0,373.0,297.0,373.0,297.0,357.0,281.0,357.0,1,2,0
171,64,222.0,579.0,236.0,579.0,236.0,565.0,222.0,565.0,1,2,0
171,67,290.0,638.0,316.0,634.0,310.0,596.0,284.0,600.0,1,7,0
171,68,29.0,300.0,45.0,300.0,45.0,280.0,29.0,280.0,1,2,0
171,70,255.0,617.0,256.0,602.0,244.0,601.0,243.0,616.0,1,2,0
171,71,418.0,205.0,436.0,204.0,435.0,183.0,416.0,184.0,1,2,0
171,72,1202.0,175.0,1206.0,148.0,1190.0,146.0,1186.0,173.0,1,2,0
172,60,269.0,366.0,283.0,366.0,283.0,353.0,269.0,353.0,1,2,0
172,61,298.0,370.0,299.0,355.0,284.0,354.0,283.0,369.0,1,2,0
172,62,299.0,367.0,313.0,367.0,313.0,354.0,299.0,354.0,1,2,0
172,64,240.0,570.0,255.0,570.0,255.0,553.0,240.0,553.0,1,2,0
172,67,304.0,633.0,332.0,630.0,328.0,592.0,299.0,595.0,1,7,0
172,68,42.0,284.0,61.0,284.0,61.0,271.0,42.0,271.0,1,2,0
172,70,261.0,612.0,273.0,612.0,273.0,597.0,261.0,597.0,1,2,0
172,71,446.0,192.0,448.0,176.0,433.0,175.0,431.0,191.0,1,2,0
173,60,271.0,374.0,285.0,374.0,285.0,360.0,271.0,360.0,1,2,0
173,61,285.0,376.0,299.0,376.0,299.0,360.0,285.0,360.0,1,2,0
173,62,314.0,376.0,314.0,362.0,300.0,362.0,300.0,376.0,1,2,0
173,64,242.0,573.0,257.0,573.0,257.0,559.0,242.0,559.0,1,2,0
173,67,307.0,647.0,334.0,642.0,326.0,601.0,298.0,606.0,1,7,0
173,68,41.0,286.0,60.0,286.0,60.0,268.0,41.0,268.0,1,2,0
173,70,261.0,623.0,274.0,623.0,274.0,608.0,261.0,608.0,1,2,0
173,71,430.0,197.0,446.0,197.0,446.0,181.0,430.0,181.0,1,2,0
174,60,294.0,395.0,296.0,379.0,282.0,378.0,281.0,394.0,1,2,0
174,61,296.0,396.0,310.0,396.0,310.0,381.0,296.0,381.0,1,2,0
174,62,310.0,395.0,323.0,395.0,323.0,378.0,310.0,378.0,1,2,0
174,64,254.0,590.0,269.0,590.0,269.0,572.0,254.0,572.0,1,2,0
174,67,312.0,668.0,344.0,665.0,340.0,626.0,308.0,629.0,1,7,0
174,68,49.0,301.0,67.0,301.0,67.0,277.0,49.0,277.0,1,2,0
174,70,283.0,647.0,283.0,632.0,270.0,632.0,270.0,647.0,1,2,0
174,71,435.0,214.0,451.0,214.0,451.0,195.0,435.0,195.0,1,2,0
175,60,288.0,401.0,302.0,401.0,302.0,385.0,288.0,385.0,1,2,0
175,61,303.0,405.0,317.0,405.0,317.0,389.0,303.0,389.0,1,2,0
175,62,316.0,401.0,330.0,401.0,330.0,387.0,316.0,387.0,1,2,0
175,64,261.0,594.0,274.0,594.0,274.0,580.0,261.0,580.0,1,2,0
175,67,319.0,681.0,343.0,678.0,337.0,637.0,314.0,640.0,1,7,0
175,68,53.0,295.0,70.0,295.0,70.0,282.0,53.0,282.0,1,2,0
175,70,288.0,659.0,290.0,642.0,277.0,641.0,275.0,658.0,1,2,0
175,71,440.0,217.0,454.0,217.0,454.0,203.0,440.0,203.0,1,2,0
175,73,145.0,13.0,184.0,13.0,184.0,-4.0,145.0,-4.0,1,1,0
176,60,278.0,406.0,292.0,406.0,292.0,390.0,278.0,390.0,1,2,0
176,61,307.0,408.0,308.0,394.0,295.0,393.0,293.0,407.0,1,2,0
176,62,320.0,406.0,323.0,389.0,308.0,387.0,305.0,404.0,1,2,0
176,64,251.0,596.0,266.0,596.0,266.0,579.0,251.0,579.0,1,2,0
176,67,330.0,685.0,330.0,648.0,308.0,648.0,308.0,685.0,1,7,0
176,68,41.0,295.0,60.0,295.0,60.0,277.0,41.0,277.0,1,2,0
176,70,266.0,667.0,278.0,667.0,278.0,651.0,266.0,651.0,1,2,0
176,71,434.0,228.0,448.0,220.0,436.0,201.0,422.0,209.0,1,2,0
176,73,171.0,23.0,172.0,4.0,134.0,2.0,133.0,21.0,1,1,0
176,74,453.0,24.0,470.0,24.0,468.0,-11.0,452.0,-11.0,1,1,0
177,60,280.0,406.0,296.0,406.0,296.0,392.0,280.0,392.0,1,2,0
177,61,311.0,411.0,311.0,398.0,298.0,398.0,298.0,411.0,1,2,0
177,62,310.0,407.0,323.0,407.0,323.0,391.0,310.0,391.0,1,2,0
177,64,267.0,596.0,268.0,578.0,253.0,577.0,252.0,595.0,1,2,0
177,67,311.0,697.0,333.0,694.0,327.0,656.0,305.0,659.0,1,7,0
177,68,43.0,294.0,61.0,293.0,59.0,269.0,41.0,270.0,1,2,0
177,70,266.0,674.0,279.0,674.0,279.0,659.0,266.0,659.0,1,2,0
177,71,421.0,222.0,438.0,222.0,438.0,205.0,421.0,205.0,1,2,0
177,73,172.0,30.0,173.0,11.0,133.0,9.0,133.0,28.0,1,1,0
177,74,456.0,33.0,470.0,32.0,468.0,-7.0,454.0,-6.0,1,1,0
177,75,455.0,13.0,469.0,13.0,469.0,-5.0,455.0,-5.0,1,2,0
178,60,290.0,410.0,291.0,396.0,276.0,395.0,275.0,409.0,1,2,0
178,61,306.0,415.0,307.0,400.0,293.0,399.0,291.0,414.0,1,2,0
178,62,307.0,408.0,321.0,408.0,321.0,392.0,307.0,392.0,1,2,0
178,64,249.0,594.0,263.0,594.0,263.0,580.0,249.0,580.0,1,2,0
178,67,305.0,705.0,326.0,701.0,318.0,663.0,298.0,667.0,1,7,0
178,68,34.0,282.0,52.0,282.0,52.0,268.0,34.0,268.0,1,2,0
178,70,260.0,681.0,272.0,681.0,272.0,666.0,260.0,666.0,1,2,0
178,71,416.0,227.0,431.0,227.0,431.0,205.0,416.0,205.0,1,2,0
178,73,165.0,36.0,166.0,18.0,125.0,17.0,125.0,35.0,1,1,0
178,74,447.0,38.0,464.0,38.0,462.0,-2.0,445.0,-2.0,1,1,0
178,75,448.0,20.0,464.0,20.0,464.0,1.0,448.0,1.0,1,2,0
179,60,276.0,405.0,289.0,405.0,289.0,392.0,276.0,392.0,1,2,0
179,61,306.0,411.0,306.0,397.0,291.0,396.0,291.0,410.0,1,2,0
179,62,308.0,403.0,321.0,403.0,321.0,389.0,308.0,389.0,1,2,0
179,64,248.0,589.0,262.0,589.0,262.0,571.0,248.0,571.0,1,2,0
179,67,303.0,705.0,324.0,700.0,316.0,666.0,295.0,671.0,1,7,0
179,68,33.0,273.0,51.0,273.0,51.0,257.0,33.0,257.0,1,2,0
179,70,258.0,681.0,270.0,681.0,270.0,667.0,258.0,667.0,1,2,0
179,71,411.0,216.0,425.0,216.0,425.0,200.0,411.0,200.0,1,2,0
179,73,161.0,38.0,163.0,18.0,124.0,14.0,122.0,34.0,1,1,0
179,74,446.0,39.0,461.0,38.0,459.0,-4.0,444.0,-3.0,1,1,0
179,75,447.0,18.0,461.0,18.0,461.0,2.0,447.0,2.0,1,2,0
180,60,286.0,406.0,286.0,388.0,273.0,388.0,273.0,406.0,1,2,0
180,61,304.0,409.0,304.0,394.0,288.0,393.0,288.0,408.0,1,2,0
180,62,307.0,402.0,324.0,402.0,324.0,387.0,307.0,387.0,1,2,0
180,64,245.0,584.0,259.0,584.0,259.0,570.0,245.0,570.0,1,2,0
180,67,298.0,708.0,316.0,706.0,310.0,670.0,293.0,672.0,1,7,0
180,68,27.0,268.0,47.0,268.0,47.0,246.0,27.0,246.0,1,2,0
180,70,264.0,684.0,266.0,670.0,253.0,669.0,251.0,683.0,1,2,0
180,71,404.0,216.0,419.0,215.0,417.0,197.0,403.0,198.0,1,2,0
180,72,1204.0,159.0,1204.0,141.0,1185.0,140.0,1185.0,158.0,1,2,0
180,73,156.0,39.0,157.0,20.0,120.0,18.0,119.0,37.0,1,1,0
180,74,440.0,41.0,457.0,41.0,456.0,-3.0,439.0,-3.0,1,1,0
180,75,441.0,29.0,457.0,28.0,456.0,7.0,439.0,8.0,1,2,0
181,60,282.0,422.0,297.0,422.0,297.0,409.0,282.0,409.0,1,2,0
181,61,298.0,427.0,313.0,427.0,313.0,413.0,298.0,413.0,1,2,0
181,62,317.0,421.0,331.0,421.0,331.0,406.0,317.0,406.0,1,2,0
181,64,254.0,602.0,270.0,602.0,270.0,585.0,254.0,585.0,1,2,0
181,67,304.0,730.0,325.0,727.0,320.0,691.0,299.0,694.0,1,7,0
181,68,35.0,274.0,54.0,274.0,54.0,258.0,35.0,258.0,1,2,0
181,70,260.0,707.0,273.0,707.0,273.0,693.0,260.0,693.0,1,2,0
181,71,409.0,231.0,422.0,231.0,422.0,213.0,409.0,213.0,1,2,0
181,72,1207.0,175.0,1208.0,158.0,1190.0,157.0,1189.0,174.0,1,2,0
181,73,164.0,64.0,166.0,44.0,128.0,42.0,126.0,62.0,1,1,0
181,74,447.0,64.0,464.0,64.0,464.0,16.0,447.0,16.0,1,1,0
181,75,464.0,43.0,464.0,29.0,448.0,28.0,448.0,42.0,1,2,0
182,60,294.0,424.0,307.0,424.0,307.0,411.0,294.0,411.0,1,2,0
182,61,309.0,428.0,323.0,428.0,323.0,413.0,309.0,413.0,1,2,0
182,62,328.0,424.0,341.0,423.0,340.0,406.0,327.0,407.0,1,2,0
182,64,265.0,600.0,279.0,600.0,279.0,581.0,265.0,581.0,1,2,0
182,67,311.0,733.0,338.0,730.0,334.0,698.0,307.0,701.0,1,7,0
182,68,63.0,272.0,63.0,256.0,43.0,255.0,43.0,271.0,1,2,0
182,70,268.0,713.0,281.0,713.0,281.0,699.0,268.0,699.0,1,2,0
182,71,416.0,230.0,429.0,230.0,429.0,216.0,416.0,216.0,1,2,0
182,73,176.0,69.0,176.0,50.0,134.0,48.0,134.0,67.0,1,1,0
182,74,456.0,70.0,473.0,70.0,473.0,22.0,456.0,22.0,1,1,0
182,75,457.0,56.0,473.0,56.0,473.0,39.0,457.0,39.0,1,2,0
183,60,286.0,417.0,288.0,403.0,275.0,402.0,273.0,416.0,1,2,0
183,61,288.0,422.0,302.0,422.0,302.0,407.0,288.0,407.0,1,2,0
183,62,306.0,413.0,324.0,412.0,323.0,397.0,305.0,398.0,1,2,0
183,64,243.0,588.0,257.0,588.0,257.0,573.0,243.0,573.0,1,2,0
183,67,310.0,727.0,312.0,696.0,290.0,694.0,288.0,725.0,1,7,0
183,68,20.0,259.0,40.0,259.0,40.0,235.0,20.0,235.0,1,2,0
183,70,258.0,710.0,259.0,695.0,245.0,694.0,244.0,709.0,1,2,0
183,71,394.0,223.0,407.0,222.0,406.0,205.0,392.0,206.0,1,2,0
183,72,1174.0,160.0,1191.0,160.0,1191.0,143.0,1174.0,143.0,1,2,0
183,73,152.0,63.0,152.0,45.0,112.0,44.0,111.0,62.0,1,1,0
183,74,449.0,66.0,450.0,16.0,433.0,16.0,432.0,66.0,1,1,0
183,75,433.0,49.0,450.0,49.0,450.0,32.0,433.0,32.0,1,2,0
184,60,285.0,418.0,298.0,418.0,298.0,402.0,285.0,402.0,1,2,0
184,61,299.0,421.0,314.0,421.0,314.0,407.0,299.0,407.0,1,2,0
184,62,318.0,412.0,332.0,412.0,332.0,398.0,318.0,398.0,1,2,0
184,64,267.0,586.0,268.0,568.0,252.0,567.0,251.0,585.0,1,2,0
184,67,317.0,732.0,320.0,701.0,298.0,699.0,295.0,730.0,1,7,0
184,68,44.0,249.0,45.0,232.0,25.0,231.0,24.0,248.0,1,2,0
184,70,254.0,713.0,266.0,713.0,266.0,700.0,254.0,700.0,1,2,0
184,71,400.0,220.0,414.0,220.0,414.0,206.0,400.0,206.0,1,2,0
184,72,1195.0,157.0,1197.0,138.0,1181.0,137.0,1179.0,156.0,1,2,0
184,73,158.0,68.0,159.0,49.0,119.0,48.0,119.0,67.0,1,1,0
184,74,441.0,69.0,458.0,69.0,458.0,22.0,441.0,22.0,1,1,0
184,75,442.0,56.0,458.0,56.0,458.0,37.0,442.0,37.0,1,2,0
185,60,284.0,437.0,297.0,437.0,297.0,424.0,284.0,424.0,1,2,0
185,61,312.0,444.0,313.0,429.0,300.0,428.0,298.0,443.0,1,2,0
185,62,318.0,432.0,330.0,432.0,330.0,419.0,318.0,419.0,1,2,0
185,64,250.0,602.0,263.0,602.0,263.0,590.0,250.0,590.0,1,2,0
185,67,316.0,758.0,319.0,727.0,297.0,725.0,294.0,756.0,1,7,0
185,68,22.0,262.0,40.0,262.0,40.0,246.0,22.0,246.0,1,2,0
185,70,250.0,738.0,262.0,738.0,262.0,725.0,250.0,725.0,1,2,0
185,71,412.0,242.0,412.0,225.0,398.0,225.0,398.0,242.0,1,2,0
185,72,1172.0,175.0,1191.0,175.0,1191.0,153.0,1172.0,153.0,1,2,0
185,73,155.0,93.0,155.0,74.0,116.0,72.0,116.0,91.0,1,1,0
185,74,454.0,94.0,454.0,46.0,437.0,46.0,437.0,94.0,1,1,0
185,75,438.0,74.0,454.0,74.0,454.0,55.0,438.0,55.0,1,2,0
186,60,299.0,435.0,300.0,422.0,286.0,421.0,285.0,434.0,1,2,0
186,61,315.0,442.0,315.0,426.0,302.0,426.0,302.0,442.0,1,2,0
186,62,335.0,430.0,335.0,414.0,321.0,414.0,321.0,430.0,1,2,0
186,64,264.0,601.0,264.0,581.0,250.0,581.0,250.0,601.0,1,2,0
186,67,296.0,761.0,320.0,756.0,313.0,725.0,289.0,730.0,1,7,0
186,68,40.0,253.0,41.0,234.0,23.0,233.0,22.0,252.0,1,2,0
186,70,250.0,740.0,262.0,740.0,262.0,726.0,250.0,726.0,1,2,0
186,71,400.0,235.0,413.0,235.0,413.0,221.0,400.0,221.0,1,2,0
186,72,1170.0,168.0,1193.0,166.0,1191.0,148.0,1168.0,150.0,1,2,0
186,73,156.0,94.0,157.0,75.0,119.0,74.0,118.0,93.0,1,1,0
186,74,438.0,95.0,454.0,95.0,454.0,48.0,438.0,48.0,1,1,0
186,75,455.0,75.0,456.0,62.0,439.0,61.0,438.0,74.0,1,2,0
187,60,304.0,440.0,304.0,427.0,289.0,427.0,289.0,440.0,1,2,0
187,61,304.0,448.0,319.0,448.0,319.0,434.0,304.0,434.0,1,2,0
187,62,325.0,431.0,339.0,431.0,339.0,418.0,325.0,418.0,1,2,0
187,64,251.0,600.0,267.0,600.0,267.0,581.0,251.0,581.0,1,2,0
187,67,294.0,769.0,318.0,768.0,316.0,735.0,292.0,736.0,1,7,0
187,68,22.0,249.0,40.0,249.0,40.0,231.0,22.0,231.0,1,2,0
187,70,262.0,750.0,262.0,736.0,250.0,736.0,250.0,750.0,1,2,0
187,71,401.0,245.0,415.0,244.0,414.0,224.0,400.0,225.0,1,2,0
187,72,1191.0,173.0,1194.0,152.0,1171.0,150.0,1168.0,171.0,1,2,0
187,73,156.0,103.0,157.0,85.0,117.0,83.0,117.0,101.0,1,1,0
187,74,438.0,106.0,456.0,106.0,455.0,58.0,437.0,58.0,1,1,0
187,75,440.0,85.0,457.0,85.0,457.0,71.0,440.0,71.0,1,2,0
188,60,312.0,451.0,312.0,433.0,295.0,433.0,295.0,451.0,1,2,0
188,61,315.0,461.0,332.0,461.0,332.0,447.0,315.0,447.0,1,2,0
188,62,336.0,446.0,350.0,446.0,350.0,428.0,336.0,428.0,1,2,0
188,64,260.0,608.0,275.0,608.0,275.0,594.0,260.0,594.0,1,2,0
188,67,301.0,786.0,326.0,784.0,323.0,751.0,298.0,753.0,1,7,0
188,68,29.0,251.0,47.0,251.0,47.0,238.0,29.0,238.0,1,2,0
188,70,257.0,765.0,269.0,765.0,269.0,752.0,257.0,752.0,1,2,0
188,71,420.0,251.0,420.0,238.0,406.0,238.0,406.0,251.0,1,2,0
188,72,1174.0,177.0,1194.0,177.0,1194.0,156.0,1174.0,156.0,1,2,0
188,73,163.0,120.0,164.0,101.0,123.0,98.0,122.0,117.0,1,1,0
188,74,444.0,122.0,461.0,122.0,460.0,74.0,443.0,74.0,1,1,0
188,75,446.0,106.0,461.0,106.0,461.0,90.0,446.0,90.0,1,2,0
189,60,318.0,449.0,330.0,449.0,330.0,435.0,318.0,435.0,1,2,0
189,61,336.0,459.0,351.0,459.0,351.0,447.0,336.0,447.0,1,2,0
189,62,352.0,439.0,367.0,439.0,367.0,427.0,352.0,427.0,1,2,0
189,64,278.0,606.0,292.0,606.0,292.0,586.0,278.0,586.0,1,2,0
189,67,346.0,787.0,346.0,757.0,322.0,757.0,322.0,787.0,1,7,0
189,68,41.0,253.0,60.0,253.0,60.0,232.0,41.0,232.0,1,2,0
189,70,278.0,768.0,290.0,768.0,290.0,754.0,278.0,754.0,1,2,0
189,71,417.0,251.0,432.0,251.0,432.0,232.0,417.0,232.0,1,2,0
189,72,1186.0,153.0,1201.0,153.0,1201.0,137.0,1186.0,137.0,1,2,0
189,73,172.0,126.0,173.0,106.0,136.0,104.0,135.0,124.0,1,1,0
189,74,456.0,122.0,471.0,122.0,471.0,73.0,456.0,73.0,1,1,0
189,75,456.0,106.0,471.0,106.0,471.0,91.0,456.0,91.0,1,2,0
190,60,321.0,460.0,335.0,460.0,335.0,446.0,321.0,446.0,1,2,0
190,61,340.0,471.0,352.0,471.0,352.0,459.0,340.0,459.0,1,2,0
190,62,351.0,452.0,364.0,452.0,364.0,439.0,351.0,439.0,1,2,0
190,64,282.0,615.0,296.0,615.0,296.0,601.0,282.0,601.0,1,2,0
190,67,330.0,804.0,356.0,803.0,354.0,773.0,328.0,774.0,1,7,0
190,68,36.0,262.0,53.0,262.0,53.0,243.0,36.0,243.0,1,2,0
190,70,285.0,786.0,298.0,786.0,298.0,773.0,285.0,773.0,1,2,0
190,71,413.0,257.0,426.0,257.0,426.0,243.0,413.0,243.0,1,2,0
190,72,1199.0,146.0,1201.0,123.0,1183.0,121.0,1180.0,144.0,1,2,0
190,73,167.0,145.0,167.0,127.0,126.0,126.0,126.0,144.0,1,1,0
190,74,466.0,136.0,467.0,88.0,447.0,88.0,445.0,136.0,1,1,0
190,75,448.0,124.0,464.0,124.0,464.0,102.0,448.0,102.0,1,2,0
191,60,314.0,477.0,327.0,477.0,327.0,464.0,314.0,464.0,1,2,0
191,61,331.0,488.0,345.0,488.0,345.0,474.0,331.0,474.0,1,2,0
191,62,356.0,469.0,357.0,453.0,344.0,452.0,343.0,468.0,1,2,0
191,64,272.0,627.0,287.0,627.0,287.0,610.0,272.0,610.0,1,2,0
191,67,337.0,827.0,348.0,803.0,326.0,794.0,316.0,818.0,1,7,0
191,68,26.0,266.0,44.0,265.0,44.0,251.0,26.0,252.0,1,2,0
191,70,286.0,807.0,287.0,794.0,275.0,793.0,274.0,806.0,1,2,0
191,71,405.0,277.0,417.0,276.0,415.0,258.0,403.0,259.0,1,2,0
191,72,1192.0,161.0,1193.0,139.0,1173.0,138.0,1172.0,160.0,1,2,0
191,73,158.0,165.0,158.0,147.0,119.0,146.0,118.0,164.0,1,1,0
191,74,456.0,154.0,456.0,109.0,440.0,109.0,440.0,154.0,1,1,0
191,75,442.0,139.0,456.0,139.0,456.0,122.0,442.0,122.0,1,2,0
192,60,317.0,479.0,331.0,478.0,330.0,458.0,316.0,459.0,1,2,0
192,61,348.0,484.0,350.0,468.0,336.0,466.0,333.0,482.0,1,2,0
192,62,346.0,462.0,359.0,461.0,358.0,443.0,345.0,444.0,1,2,0
192,64,274.0,622.0,288.0,622.0,288.0,605.0,274.0,605.0,1,2,0
192,67,341.0,830.0,343.0,800.0,322.0,798.0,320.0,828.0,1,7,0
192,68,26.0,259.0,45.0,259.0,45.0,242.0,26.0,242.0,1,2,0
192,70,276.0,809.0,290.0,809.0,290.0,793.0,276.0,793.0,1,2,0
192,71,402.0,268.0,416.0,268.0,416.0,256.0,402.0,256.0,1,2,0
192,72,1177.0,148.0,1195.0,148.0,1195.0,131.0,1177.0,131.0,1,2,0
192,73,160.0,167.0,160.0,149.0,121.0,148.0,120.0,166.0,1,1,0
192,74,458.0,158.0,458.0,110.0,440.0,110.0,440.0,158.0,1,1,0
192,75,442.0,139.0,456.0,139.0,456.0,122.0,442.0,122.0,1,2,0
193,60,337.0,488.0,347.0,487.0,346.0,472.0,336.0,473.0,1,2,0
193,61,365.0,494.0,367.0,480.0,354.0,479.0,352.0,493.0,1,2,0
193,62,364.0,469.0,378.0,469.0,378.0,455.0,364.0,455.0,1,2,0
193,64,297.0,631.0,311.0,631.0,311.0,615.0,297.0,615.0,1,2,0
193,67,369.0,843.0,375.0,816.0,352.0,810.0,345.0,837.0,1,7,0
193,68,58.0,273.0,59.0,252.0,38.0,251.0,37.0,272.0,1,2,0
193,70,304.0,825.0,315.0,825.0,315.0,813.0,304.0,813.0,1,2,0
193,71,414.0,283.0,428.0,282.0,427.0,262.0,413.0,263.0,1,2,0
193,72,1205.0,130.0,1206.0,110.0,1186.0,109.0,1186.0,129.0,1,2,0
193,73,169.0,188.0,170.0,169.0,130.0,168.0,129.0,187.0,1,1,0
193,74,450.0,171.0,465.0,171.0,464.0,121.0,449.0,121.0,1,1,0
193,75,457.0,155.0,467.0,145.0,456.0,133.0,445.0,144.0,1,2,0
194,60,367.0,495.0,380.0,495.0,380.0,481.0,367.0,481.0,1,2,0
194,61,384.0,500.0,396.0,500.0,396.0,485.0,384.0,485.0,1,2,0
194,62,408.0,475.0,410.0,458.0,396.0,457.0,394.0,474.0,1,2,0
194,64,350.0,639.0,351.0,619.0,335.0,618.0,334.0,638.0,1,2,0
194,67,418.0,853.0,420.0,825.0,394.0,823.0,392.0,851.0,1,7,0
194,68,59.0,286.0,76.0,286.0,76.0,273.0,59.0,273.0,1,2,0
194,70,361.0,841.0,363.0,827.0,350.0,826.0,348.0,840.0,1,2,0
194,71,431.0,284.0,444.0,284.0,444.0,271.0,431.0,271.0,1,2,0
194,73,184.0,214.0,184.0,194.0,144.0,194.0,144.0,214.0,1,1,0
194,74,463.0,181.0,479.0,180.0,475.0,131.0,459.0,132.0,1,1,0
194,75,462.0,164.0,476.0,164.0,476.0,149.0,462.0,149.0,1,2,0
195,60,356.0,510.0,356.0,497.0,343.0,497.0,343.0,510.0,1,2,0
195,61,360.0,512.0,372.0,512.0,372.0,499.0,360.0,499.0,1,2,0
195,62,373.0,486.0,386.0,486.0,386.0,473.0,373.0,473.0,1,2,0
195,64,312.0,651.0,325.0,651.0,325.0,639.0,312.0,639.0,1,2,0
195,68,49.0,297.0,49.0,281.0,29.0,280.0,29.0,296.0,1,2,0
195,70,324.0,861.0,337.0,861.0,337.0,847.0,324.0,847.0,1,2,0
195,71,404.0,303.0,421.0,302.0,419.0,283.0,402.0,284.0,1,2,0
195,72,1172.0,104.0,1192.0,103.0,1191.0,86.0,1171.0,87.0,1,2,0
195,73,159.0,233.0,159.0,213.0,119.0,212.0,119.0,232.0,1,1,0
195,74,438.0,200.0,454.0,199.0,451.0,151.0,435.0,152.0,1,1,0
195,75,439.0,185.0,454.0,180.0,448.0,165.0,433.0,170.0,1,2,0
195,76,109.0,48.0,150.0,37.0,144.0,14.0,103.0,25.0,1,7,0
196,60,342.0,523.0,354.0,523.0,354.0,507.0,342.0,507.0,1,2,0
196,61,372.0,527.0,373.0,511.0,360.0,510.0,358.0,526.0,1,2,0
196,62,372.0,501.0,385.0,501.0,385.0,481.0,372.0,481.0,1,2,0
196,64,322.0,664.0,324.0,643.0,310.0,642.0,309.0,663.0,1,2,0
196,68,26.0,308.0,45.0,308.0,45.0,284.0,26.0,284.0,1,2,0
196,70,321.0,880.0,334.0,880.0,334.0,865.0,321.0,865.0,1,2,0
196,71,400.0,313.0,413.0,313.0,413.0,297.0,400.0,297.0,1,2,0
196,72,1186.0,119.0,1188.0,95.0,1170.0,94.0,1168.0,118.0,1,2,0
196,73,118.0,251.0,156.0,251.0,156.0,232.0,118.0,232.0,1,1,0
196,74,435.0,219.0,452.0,218.0,449.0,169.0,432.0,170.0,1,1,0
196,75,435.0,205.0,452.0,205.0,452.0,189.0,435.0,189.0,1,2,0
196,76,109.0,61.0,147.0,54.0,143.0,33.0,105.0,40.0,1,7,0
197,60,357.0,530.0,370.0,530.0,370.0,517.0,357.0,517.0,1,2,0
197,61,377.0,530.0,389.0,530.0,389.0,514.0,377.0,514.0,1,2,0
197,62,389.0,503.0,404.0,503.0,404.0,489.0,389.0,489.0,1,2,0
197,64,341.0,665.0,341.0,650.0,326.0,650.0,326.0,665.0,1,2,0
197,68,41.0,304.0,60.0,304.0,60.0,289.0,41.0,289.0,1,2,0
197,70,337.0,893.0,350.0,893.0,350.0,876.0,337.0,876.0,1,2,0
197,71,413.0,318.0,427.0,318.0,427.0,303.0,413.0,303.0,1,2,0
197,72,1200.0,116.0,1201.0,95.0,1181.0,94.0,1180.0,115.0,1,2,0
197,73,132.0,263.0,171.0,263.0,171.0,244.0,132.0,244.0,1,1,0
197,74,450.0,230.0,466.0,229.0,463.0,181.0,447.0,182.0,1,1,0
197,75,451.0,216.0,468.0,207.0,460.0,193.0,443.0,202.0,1,2,0
197,76,122.0,78.0,161.0,70.0,157.0,47.0,118.0,55.0,1,7,0
197,77,166.0,656.0,178.0,656.0,178.0,643.0,166.0,643.0,1,2,0
198,60,358.0,525.0,372.0,525.0,372.0,510.0,358.0,510.0,1,2,0
198,61,378.0,526.0,392.0,526.0,392.0,511.0,378.0,511.0,1,2,0
198,62,391.0,498.0,405.0,498.0,405.0,486.0,391.0,486.0,1,2,0
198,64,328.0,660.0,342.0,660.0,342.0,645.0,328.0,645.0,1,2,0
198,68,38.0,294.0,58.0,294.0,58.0,277.0,38.0,277.0,1,2,0
198,70,336.0,893.0,349.0,893.0,349.0,872.0,336.0,872.0,1,2,0
198,71,411.0,317.0,426.0,316.0,425.0,299.0,410.0,300.0,1,2,0
198,72,1200.0,108.0,1200.0,92.0,1183.0,92.0,1183.0,108.0,1,2,0
198,73,131.0,264.0,170.0,264.0,170.0,245.0,131.0,245.0,1,1,0
198,74,450.0,231.0,466.0,230.0,463.0,182.0,447.0,183.0,1,1,0
198,75,453.0,215.0,465.0,205.0,457.0,195.0,445.0,205.0,1,2,0
198,76,122.0,80.0,162.0,70.0,156.0,46.0,116.0,56.0,1,7,0
198,77,172.0,655.0,186.0,655.0,186.0,640.0,172.0,640.0,1,2,0
199,60,343.0,526.0,355.0,526.0,355.0,514.0,343.0,514.0,1,2,0
199,61,377.0,528.0,378.0,512.0,363.0,511.0,362.0,527.0,1,2,0
199,62,377.0,501.0,391.0,501.0,391.0,483.0,377.0,483.0,1,2,0
199,64,311.0,659.0,326.0,659.0,326.0,638.0,311.0,638.0,1,2,0
199,68,16.0,293.0,37.0,293.0,37.0,268.0,16.0,268.0,1,2,0
199,70,317.0,898.0,330.0,898.0,330.0,884.0,317.0,884.0,1,2,0
199,71,391.0,314.0,406.0,314.0,406.0,300.0,391.0,300.0,1,2,0
199,72,1183.0,111.0,1184.0,88.0,1164.0,87.0,1163.0,110.0,1,2,0
199,73,152.0,271.0,152.0,251.0,111.0,249.0,110.0,269.0,1,1,0
199,74,432.0,237.0,448.0,236.0,445.0,188.0,429.0,189.0,1,1,0
199,75,433.0,226.0,448.0,226.0,448.0,209.0,433.0,209.0,1,2,0
199,76,103.0,83.0,142.0,74.0,137.0,52.0,98.0,61.0,1,7,0
199,77,163.0,659.0,186.0,657.0,184.0,641.0,161.0,643.0,1,2,0
199,78,253.0,17.0,289.0,13.0,285.0,-17.0,249.0,-13.0,1,7,0
200,60,341.0,537.0,353.0,537.0,353.0,520.0,341.0,520.0,1,2,0
200,61,374.0,539.0,375.0,525.0,362.0,524.0,361.0,538.0,1,2,0
200,62,376.0,509.0,391.0,509.0,391.0,495.0,376.0,495.0,1,2,0
200,64,309.0,667.0,323.0,667.0,323.0,653.0,309.0,653.0,1,2,0
200,68,12.0,290.0,32.0,290.0,32.0,276.0,12.0,276.0,1,2,0
200,71,385.0,327.0,401.0,327.0,401.0,309.0,385.0,309.0,1,2,0
200,72,1159.0,113.0,1178.0,113.0,1178.0,96.0,1159.0,96.0,1,2,0
200,73,146.0,286.0,147.0,267.0,107.0,266.0,107.0,285.0,1,1,0
200,74,430.0,254.0,447.0,253.0,443.0,204.0,426.0,205.0,1,1,0
200,75,428.0,237.0,443.0,237.0,443.0,221.0,428.0,221.0,1,2,0
200,76,101.0,96.0,139.0,89.0,135.0,67.0,97.0,74.0,1,7,0
200,77,171.0,670.0,186.0,670.0,186.0,655.0,171.0,655.0,1,2,0
200,78,248.0,37.0,284.0,32.0,280.0,2.0,244.0,7.0,1,7,0
200,79,105.0,347.0,105.0,329.0,85.0,329.0,85.0,347.0,1,2,0
201,60,357.0,541.0,368.0,541.0,368.0,529.0,357.0,529.0,1,2,0
201,61,390.0,545.0,390.0,528.0,377.0,528.0,377.0,545.0,1,2,0
201,62,405.0,516.0,406.0,498.0,391.0,497.0,390.0,515.0,1,2,0
201,64,325.0,669.0,341.0,669.0,341.0,650.0,325.0,650.0,1,2,0
201,68,25.0,289.0,44.0,289.0,44.0,273.0,25.0,273.0,1,2,0
201,71,398.0,330.0,414.0,330.0,414.0,312.0,398.0,312.0,1,2,0
201,72,1191.0,117.0,1191.0,97.0,1172.0,97.0,1172.0,117.0,1,2,0
201,73,166.0,293.0,166.0,278.0,124.0,278.0,124.0,293.0,1,1,0
201,74,441.0,263.0,458.0,262.0,456.0,214.0,439.0,215.0,1,1,0
201,75,447.0,257.0,461.0,250.0,450.0,228.0,436.0,235.0,1,2,0
201,76,119.0,107.0,154.0,99.0,149.0,77.0,113.0,85.0,1,7,0
201,77,196.0,677.0,212.0,677.0,212.0,661.0,196.0,661.0,1,2,0
201,78,261.0,45.0,295.0,41.0,292.0,13.0,258.0,17.0,1,7,0
201,79,124.0,362.0,124.0,344.0,104.0,344.0,104.0,362.0,1,2,0
202,60,369.0,546.0,369.0,531.0,354.0,531.0,354.0,546.0,1,2,0
202,61,374.0,550.0,388.0,550.0,388.0,536.0,374.0,536.0,1,2,0
202,62,389.0,517.0,402.0,517.0,402.0,504.0,389.0,504.0,1,2,0
202,64,322.0,672.0,336.0,672.0,336.0,654.0,322.0,654.0,1,2,0
202,71,390.0,332.0,407.0,332.0,407.0,319.0,390.0,319.0,1,2,0
202,72,1168.0,121.0,1186.0,121.0,1186.0,98.0,1168.0,98.0,1,2,0
202,73,120.0,306.0,158.0,306.0,158.0,286.0,120.0,286.0,1,1,0
202,74,440.0,272.0,455.0,271.0,451.0,224.0,436.0,225.0,1,1,0
202,75,436.0,255.0,454.0,251.0,451.0,236.0,432.0,240.0,1,2,0
202,76,110.0,119.0,150.0,111.0,145.0,88.0,105.0,96.0,1,7,0
202,77,200.0,685.0,223.0,684.0,223.0,668.0,199.0,669.0,1,2,0
202,78,255.0,49.0,286.0,48.0,285.0,23.0,254.0,24.0,1,7,0
202,79,119.0,374.0,119.0,356.0,99.0,356.0,99.0,374.0,1,2,0
203,60,366.0,546.0,379.0,546.0,379.0,534.0,366.0,534.0,1,2,0
203,61,386.0,551.0,401.0,551.0,401.0,536.0,386.0,536.0,1,2,0
203,62,400.0,519.0,413.0,519.0,413.0,501.0,400.0,501.0,1,2,0
203,64,347.0,670.0,347.0,654.0,333.0,654.0,333.0,670.0,1,2,0
203,71,414.0,337.0,414.0,317.0,398.0,317.0,398.0,337.0,1,2,0
203,72,1196.0,113.0,1196.0,95.0,1175.0,95.0,1175.0,113.0,1,2,0
203,73,128.0,311.0,168.0,311.0,168.0,292.0,128.0,292.0,1,1,0
203,74,448.0,279.0,464.0,278.0,460.0,231.0,444.0,232.0,1,1,0
203,75,447.0,258.0,462.0,258.0,462.0,242.0,447.0,242.0,1,2,0
203,76,120.0,124.0,159.0,116.0,155.0,93.0,116.0,101.0,1,7,0
203,77,222.0,689.0,236.0,689.0,236.0,674.0,222.0,674.0,1,2,0
203,78,267.0,61.0,304.0,55.0,299.0,27.0,263.0,33.0,1,7,0
203,79,113.0,382.0,131.0,382.0,131.0,364.0,113.0,364.0,1,2,0
204,60,364.0,552.0,377.0,552.0,377.0,535.0,364.0,535.0,1,2,0
204,61,396.0,557.0,398.0,543.0,385.0,542.0,383.0,556.0,1,2,0
204,62,397.0,519.0,410.0,519.0,410.0,505.0,397.0,505.0,1,2,0
204,64,348.0,673.0,348.0,653.0,331.0,653.0,331.0,673.0,1,2,0
204,71,393.0,338.0,408.0,337.0,408.0,324.0,393.0,325.0,1,2,0
204,72,1171.0,118.0,1190.0,118.0,1190.0,98.0,1171.0,98.0,1,2,0
204,73,164.0,321.0,164.0,302.0,123.0,301.0,123.0,320.0,1,1,0
204,74,445.0,287.0,462.0,285.0,458.0,240.0,441.0,242.0,1,1,0
204,75,443.0,268.0,459.0,268.0,459.0,254.0,443.0,254.0,1,2,0
204,76,116.0,136.0,156.0,126.0,150.0,102.0,110.0,112.0,1,7,0
204,77,226.0,697.0,246.0,696.0,245.0,680.0,225.0,681.0,1,2,0
204,78,261.0,70.0,300.0,69.0,299.0,41.0,260.0,42.0,1,7,0
204,79,116.0,388.0,133.0,388.0,133.0,374.0,116.0,374.0,1,2,0
205,60,365.0,554.0,378.0,554.0,378.0,542.0,365.0,542.0,1,2,0
205,61,398.0,562.0,398.0,545.0,384.0,545.0,384.0,562.0,1,2,0
205,62,398.0,523.0,411.0,523.0,411.0,505.0,398.0,505.0,1,2,0
205,64,333.0,674.0,347.0,674.0,347.0,660.0,333.0,660.0,1,2,0
205,71,390.0,345.0,406.0,345.0,406.0,327.0,390.0,327.0,1,2,0
205,72,1170.0,119.0,1188.0,119.0,1188.0,97.0,1170.0,97.0,1,2,0
205,73,125.0,331.0,163.0,331.0,163.0,312.0,125.0,312.0,1,1,0
205,74,444.0,298.0,459.0,297.0,456.0,250.0,441.0,251.0,1,1,0
205,75,443.0,279.0,458.0,274.0,454.0,261.0,439.0,266.0,1,2,0
205,76,115.0,144.0,155.0,136.0,150.0,112.0,110.0,120.0,1,7,0
205,77,237.0,704.0,259.0,703.0,258.0,688.0,237.0,689.0,1,2,0
205,78,261.0,80.0,299.0,74.0,294.0,46.0,257.0,52.0,1,7,0
205,79,118.0,398.0,133.0,398.0,133.0,384.0,118.0,384.0,1,2,0
205,80,283.0,21.0,291.0,0.0,257.0,-14.0,249.0,8.0,1,7,0
206,60,380.0,561.0,380.0,547.0,366.0,547.0,366.0,561.0,1,2,0
206,61,385.0,565.0,400.0,565.0,400.0,551.0,385.0,551.0,1,2,0
206,62,398.0,524.0,412.0,524.0,412.0,504.0,398.0,504.0,1,2,0
206,64,333.0,679.0,347.0,679.0,347.0,659.0,333.0,659.0,1,2,0
206,71,388.0,347.0,404.0,347.0,404.0,330.0,388.0,330.0,1,2,0
206,72,1166.0,118.0,1186.0,117.0,1186.0,100.0,1165.0,101.0,1,2,0
206,73,163.0,341.0,163.0,322.0,123.0,322.0,123.0,341.0,1,1,0
206,74,441.0,307.0,457.0,306.0,455.0,259.0,439.0,260.0,1,1,0
206,75,440.0,287.0,457.0,287.0,457.0,271.0,440.0,271.0,1,2,0
206,76,109.0,154.0,152.0,146.0,148.0,123.0,105.0,131.0,1,7,0
206,77,246.0,714.0,261.0,714.0,261.0,698.0,246.0,698.0,1,2,0
206,78,260.0,89.0,297.0,84.0,294.0,56.0,257.0,61.0,1,7,0
206,79,120.0,410.0,138.0,409.0,138.0,395.0,119.0,396.0,1,2,0
206,80,280.0,30.0,289.0,8.0,254.0,-5.0,246.0,17.0,1,7,0
207,60,371.0,565.0,384.0,565.0,384.0,552.0,371.0,552.0,1,2,0
207,61,403.0,568.0,404.0,553.0,390.0,552.0,388.0,567.0,1,2,0
207,62,402.0,524.0,415.0,524.0,415.0,511.0,402.0,511.0,1,2,0
207,64,336.0,678.0,351.0,678.0,351.0,662.0,336.0,662.0,1,2,0
207,71,389.0,350.0,405.0,350.0,405.0,335.0,389.0,335.0,1,2,0
207,72,1167.0,118.0,1186.0,118.0,1186.0,99.0,1167.0,99.0,1,2,0
207,73,124.0,349.0,165.0,349.0,165.0,330.0,124.0,330.0,1,1,0
207,74,444.0,316.0,459.0,315.0,455.0,267.0,440.0,268.0,1,1,0
207,75,459.0,296.0,459.0,281.0,442.0,281.0,442.0,296.0,1,2,0
207,76,113.0,163.0,155.0,153.0,150.0,129.0,108.0,139.0,1,7,0
207,77,257.0,718.0,274.0,718.0,274.0,702.0,257.0,702.0,1,2,0
207,78,262.0,96.0,299.0,92.0,296.0,64.0,258.0,68.0,1,7,0
207,79,129.0,421.0,148.0,420.0,147.0,405.0,128.0,406.0,1,2,0
207,80,282.0,38.0,290.0,16.0,258.0,4.0,250.0,26.0,1,7,0
207,81,70.0,136.0,85.0,136.0,85.0,121.0,70.0,121.0,1,2,0
208,60,377.0,576.0,391.0,576.0,391.0,559.0,377.0,559.0,1,2,0
208,61,395.0,576.0,409.0,575.0,408.0,556.0,394.0,557.0,1,2,0
208,62,408.0,535.0,424.0,535.0,424.0,520.0,408.0,520.0,1,2,0
208,64,341.0,686.0,356.0,686.0,356.0,671.0,341.0,671.0,1,2,0
208,71,393.0,360.0,409.0,359.0,407.0,341.0,391.0,342.0,1,2,0
208,72,1172.0,125.0,1190.0,125.0,1190.0,102.0,1172.0,102.0,1,2,0
208,73,128.0,364.0,168.0,364.0,168.0,345.0,128.0,345.0,1,1,0
208,74,448.0,331.0,464.0,330.0,461.0,283.0,445.0,284.0,1,1,0
208,75,446.0,312.0,462.0,309.0,459.0,295.0,443.0,298.0,1,2,0
208,76,116.0,177.0,159.0,169.0,154.0,145.0,112.0,153.0,1,7,0
208,77,269.0,729.0,285.0,729.0,285.0,714.0,269.0,714.0,1,2,0
208,78,266.0,111.0,303.0,107.0,301.0,80.0,263.0,84.0,1,7,0
208,79,140.0,436.0,158.0,436.0,158.0,422.0,140.0,422.0,1,2,0
208,80,288.0,53.0,297.0,32.0,262.0,18.0,253.0,39.0,1,7,0
208,81,77.0,149.0,90.0,149.0,90.0,135.0,77.0,135.0,1,2,0
208,82,256.0,18.0,269.0,18.0,269.0,-16.0,256.0,-16.0,1,1,0
209,60,381.0,585.0,394.0,585.0,394.0,572.0,381.0,572.0,1,2,0
209,61,399.0,583.0,413.0,583.0,413.0,569.0,399.0,569.0,1,2,0
209,62,415.0,548.0,429.0,548.0,429.0,534.0,415.0,534.0,1,2,0
209,64,343.0,693.0,357.0,693.0,357.0,676.0,343.0,676.0,1,2,0
209,71,392.0,365.0,409.0,365.0,409.0,353.0,392.0,353.0,1,2,0
209,72,1172.0,127.0,1192.0,125.0,1190.0,110.0,1170.0,112.0,1,2,0
209,73,129.0,378.0,169.0,378.0,169.0,360.0,129.0,360.0,1,1,0
209,74,448.0,345.0,464.0,344.0,462.0,296.0,446.0,297.0,1,1,0
209,75,448.0,327.0,465.0,323.0,461.0,306.0,444.0,310.0,1,2,0
209,76,117.0,191.0,159.0,183.0,154.0,160.0,112.0,168.0,1,7,0
209,77,277.0,740.0,295.0,740.0,295.0,724.0,277.0,724.0,1,2,0
209,78,266.0,126.0,304.0,122.0,301.0,94.0,263.0,98.0,1,7,0
209,79,146.0,454.0,165.0,454.0,165.0,439.0,146.0,439.0,1,2,0
209,80,287.0,69.0,297.0,47.0,263.0,32.0,253.0,54.0,1,7,0
209,81,82.0,162.0,95.0,162.0,95.0,148.0,82.0,148.0,1,2,0
209,82,256.0,33.0,269.0,33.0,269.0,-8.0,256.0,-8.0,1,1,0
210,60,385.0,579.0,402.0,578.0,402.0,564.0,385.0,565.0,1,2,0
210,61,405.0,575.0,421.0,575.0,421.0,558.0,405.0,558.0,1,2,0
210,62,420.0,545.0,435.0,545.0,435.0,531.0,420.0,531.0,1,2,0
210,64,347.0,684.0,361.0,684.0,361.0,670.0,347.0,670.0,1,2,0
210,71,393.0,360.0,409.0,360.0,409.0,342.0,393.0,342.0,1,2,0
210,72,1174.0,120.0,1193.0,120.0,1193.0,100.0,1174.0,100.0,1,2,0
210,73,133.0,375.0,171.0,375.0,171.0,356.0,133.0,356.0,1,1,0
210,74,453.0,342.0,469.0,341.0,464.0,295.0,449.0,296.0,1,1,0
210,75,448.0,321.0,465.0,321.0,465.0,308.0,448.0,308.0,1,2,0
210,76,120.0,187.0,161.0,179.0,156.0,155.0,115.0,163.0,1,7,0
210,77,287.0,730.0,305.0,730.0,305.0,710.0,287.0,710.0,1,2,0
210,78,271.0,122.0,307.0,118.0,304.0,90.0,268.0,94.0,1,7,0
210,79,155.0,452.0,170.0,452.0,170.0,439.0,155.0,439.0,1,2,0
210,80,294.0,66.0,302.0,44.0,265.0,29.0,257.0,51.0,1,7,0
210,81,90.0,158.0,105.0,158.0,105.0,143.0,90.0,143.0,1,2,0
210,82,272.0,29.0,272.0,-12.0,258.0,-12.0,259.0,29.0,1,1,0
211,60,392.0,603.0,405.0,603.0,405.0,589.0,392.0,589.0,1,2,0
211,61,411.0,599.0,424.0,598.0,423.0,583.0,410.0,584.0,1,2,0
211,62,423.0,573.0,437.0,573.0,437.0,559.0,423.0,559.0,1,2,0
211,64,350.0,708.0,364.0,708.0,364.0,694.0,350.0,694.0,1,2,0
211,71,394.0,379.0,409.0,379.0,409.0,365.0,394.0,365.0,1,2,0
211,72,1175.0,139.0,1192.0,139.0,1192.0,118.0,1175.0,118.0,1,2,0
211,73,134.0,404.0,173.0,404.0,173.0,384.0,134.0,384.0,1,1,0
211,74,453.0,370.0,470.0,369.0,467.0,323.0,450.0,324.0,1,1,0
211,75,452.0,350.0,469.0,350.0,469.0,337.0,452.0,337.0,1,2,0
211,76,122.0,218.0,165.0,207.0,158.0,182.0,115.0,193.0,1,7,0
211,77,293.0,753.0,309.0,753.0,309.0,737.0,293.0,737.0,1,2,0
211,78,272.0,150.0,309.0,147.0,307.0,120.0,270.0,123.0,1,7,0
211,79,162.0,482.0,180.0,482.0,180.0,469.0,162.0,469.0,1,2,0
211,80,295.0,94.0,304.0,73.0,267.0,58.0,258.0,79.0,1,7,0
211,81,97.0,183.0,110.0,183.0,110.0,168.0,97.0,168.0,1,2,0
211,82,274.0,59.0,276.0,21.0,263.0,20.0,260.0,58.0,1,1,0
212,60,403.0,596.0,416.0,596.0,416.0,581.0,403.0,581.0,1,2,0
212,61,420.0,592.0,435.0,592.0,435.0,577.0,420.0,577.0,1,2,0
212,62,433.0,569.0,446.0,568.0,444.0,550.0,431.0,551.0,1,2,0
212,64,359.0,700.0,374.0,699.0,373.0,684.0,358.0,685.0,1,2,0
212,71,400.0,373.0,416.0,373.0,416.0,359.0,400.0,359.0,1,2,0
212,72,1199.0,126.0,1199.0,108.0,1181.0,108.0,1181.0,126.0,1,2,0
212,73,181.0,400.0,181.0,382.0,142.0,382.0,142.0,400.0,1,1,0
212,74,461.0,367.0,476.0,366.0,473.0,320.0,457.0,321.0,1,1,0
212,75,476.0,353.0,476.0,338.0,460.0,338.0,460.0,353.0,1,2,0
212,76,129.0,214.0,171.0,205.0,166.0,182.0,124.0,191.0,1,7,0
212,77,308.0,744.0,327.0,744.0,327.0,725.0,308.0,725.0,1,2,0
212,78,278.0,146.0,313.0,144.0,311.0,118.0,277.0,120.0,1,7,0
212,79,176.0,481.0,193.0,481.0,193.0,467.0,176.0,467.0,1,2,0
212,80,301.0,91.0,310.0,69.0,274.0,54.0,265.0,76.0,1,7,0
212,81,113.0,181.0,126.0,181.0,126.0,166.0,113.0,166.0,1,2,0
212,82,280.0,55.0,281.0,20.0,268.0,20.0,267.0,55.0,1,1,0
213,60,404.0,606.0,417.0,606.0,417.0,593.0,404.0,593.0,1,2,0
213,61,421.0,604.0,437.0,604.0,437.0,589.0,421.0,589.0,1,2,0
213,62,430.0,580.0,442.0,580.0,442.0,564.0,430.0,564.0,1,2,0
213,64,355.0,712.0,371.0,711.0,370.0,690.0,354.0,691.0,1,2,0
213,71,397.0,383.0,412.0,382.0,410.0,363.0,395.0,364.0,1,2,0
213,72,1196.0,136.0,1196.0,113.0,1176.0,113.0,1176.0,136.0,1,2,0
213,73,140.0,415.0,179.0,415.0,179.0,396.0,140.0,396.0,1,1,0
213,74,457.0,381.0,474.0,380.0,471.0,335.0,454.0,336.0,1,1,0
213,75,460.0,367.0,474.0,358.0,468.0,348.0,454.0,357.0,1,2,0
213,76,129.0,228.0,171.0,217.0,165.0,195.0,123.0,206.0,1,7,0
213,77,309.0,751.0,325.0,751.0,325.0,736.0,309.0,736.0,1,2,0
213,78,277.0,161.0,312.0,158.0,309.0,132.0,274.0,135.0,1,7,0
213,79,177.0,497.0,195.0,497.0,195.0,482.0,177.0,482.0,1,2,0
213,80,299.0,105.0,308.0,83.0,274.0,68.0,264.0,90.0,1,7,0
213,81,118.0,193.0,132.0,193.0,132.0,178.0,118.0,178.0,1,2,0
213,82,268.0,66.0,283.0,66.0,283.0,31.0,268.0,31.0,1,1,0
214,60,406.0,594.0,421.0,594.0,421.0,579.0,406.0,579.0,1,2,0
214,61,424.0,594.0,439.0,594.0,439.0,580.0,424.0,580.0,1,2,0
214,62,429.0,567.0,441.0,567.0,441.0,554.0,429.0,554.0,1,2,0
214,64,356.0,694.0,370.0,694.0,370.0,681.0,356.0,681.0,1,2,0
214,71,395.0,368.0,410.0,368.0,410.0,354.0,395.0,354.0,1,2,0
214,72,1178.0,116.0,1196.0,116.0,1196.0,96.0,1178.0,96.0,1,2,0
214,73,141.0,406.0,179.0,406.0,179.0,388.0,141.0,388.0,1,1,0
214,74,459.0,374.0,475.0,373.0,471.0,326.0,455.0,327.0,1,1,0
214,75,463.0,365.0,476.0,358.0,466.0,339.0,452.0,346.0,1,2,0
214,76,129.0,218.0,169.0,209.0,164.0,186.0,123.0,195.0,1,7,0
214,77,313.0,735.0,331.0,735.0,331.0,718.0,313.0,718.0,1,2,0
214,78,277.0,153.0,312.0,150.0,309.0,123.0,274.0,126.0,1,7,0
214,79,184.0,491.0,206.0,491.0,206.0,477.0,184.0,477.0,1,2,0
214,80,299.0,97.0,309.0,76.0,275.0,59.0,264.0,80.0,1,7,0
214,81,127.0,182.0,143.0,182.0,143.0,168.0,127.0,168.0,1,2,0
214,82,279.0,59.0,282.0,23.0,269.0,22.0,266.0,58.0,1,1,0
215,60,402.0,602.0,414.0,602.0,414.0,586.0,402.0,586.0,1,2,0
215,61,417.0,604.0,430.0,604.0,430.0,589.0,417.0,589.0,1,2,0
215,62,417.0,578.0,431.0,578.0,431.0,565.0,417.0,565.0,1,2,0
215,64,347.0,700.0,363.0,700.0,363.0,683.0,347.0,683.0,1,2,0
215,71,386.0,378.0,402.0,377.0,401.0,358.0,385.0,359.0,1,2,0
215,72,1167.0,123.0,1187.0,123.0,1187.0,104.0,1167.0,104.0,1,2,0
215,73,132.0,420.0,170.0,420.0,170.0,401.0,132.0,401.0,1,1,0
215,74,449.0,387.0,466.0,386.0,464.0,340.0,447.0,341.0,1,1,0
215,75,453.0,373.0,466.0,367.0,459.0,351.0,446.0,357.0,1,2,0
215,76,120.0,232.0,161.0,222.0,155.0,199.0,115.0,209.0,1,7,0
215,77,310.0,741.0,327.0,741.0,327.0,722.0,310.0,722.0,1,2,0
215,78,269.0,166.0,306.0,162.0,303.0,135.0,266.0,139.0,1,7,0
215,79,182.0,505.0,198.0,505.0,198.0,491.0,182.0,491.0,1,2,0
215,80,292.0,110.0,302.0,89.0,265.0,72.0,256.0,93.0,1,7,0
215,81,127.0,197.0,141.0,197.0,141.0,181.0,127.0,181.0,1,2,0
215,82,271.0,73.0,273.0,37.0,261.0,36.0,258.0,72.0,1,1,0
215,83,258.0,30.0,280.0,16.0,260.0,-14.0,238.0,0.0,1,7,0
216,60,404.0,613.0,416.0,613.0,416.0,594.0,404.0,594.0,1,2,0
216,61,431.0,616.0,432.0,601.0,418.0,600.0,416.0,615.0,1,2,0
216,62,413.0,587.0,427.0,587.0,427.0,573.0,413.0,573.0,1,2,0
216,64,362.0,709.0,362.0,693.0,349.0,693.0,349.0,709.0,1,2,0
216,71,384.0,383.0,397.0,383.0,397.0,371.0,384.0,371.0,1,2,0
216,72,1166.0,131.0,1185.0,131.0,1185.0,108.0,1166.0,108.0,1,2,0
216,73,130.0,434.0,170.0,434.0,170.0,415.0,130.0,415.0,1,1,0
216,74,450.0,402.0,465.0,401.0,462.0,354.0,446.0,355.0,1,1,0
216,75,452.0,387.0,466.0,380.0,460.0,366.0,446.0,373.0,1,2,0
216,76,120.0,247.0,162.0,236.0,156.0,213.0,114.0,224.0,1,7,0
216,77,327.0,749.0,328.0,733.0,313.0,732.0,312.0,748.0,1,2,0
216,78,270.0,180.0,306.0,174.0,301.0,147.0,265.0,153.0,1,7,0
216,79,187.0,520.0,205.0,520.0,205.0,507.0,187.0,507.0,1,2,0
216,80,293.0,125.0,302.0,104.0,265.0,87.0,256.0,108.0,1,7,0
216,81,134.0,209.0,148.0,209.0,148.0,194.0,134.0,194.0,1,2,0
216,82,270.0,87.0,273.0,54.0,262.0,53.0,259.0,86.0,1,1,0
216,83,258.0,45.0,277.0,31.0,254.0,2.0,236.0,16.0,1,7,0
217,60,421.0,618.0,422.0,603.0,409.0,602.0,407.0,617.0,1,2,0
217,61,423.0,619.0,437.0,619.0,437.0,605.0,423.0,605.0,1,2,0
217,62,417.0,592.0,430.0,592.0,430.0,574.0,417.0,574.0,1,2,0
217,64,354.0,711.0,368.0,711.0,368.0,695.0,354.0,695.0,1,2,0
217,71,401.0,391.0,401.0,372.0,385.0,372.0,385.0,391.0,1,2,0
217,72,1171.0,126.0,1189.0,126.0,1189.0,107.0,1171.0,107.0,1,2,0
217,73,135.0,444.0,174.0,444.0,174.0,425.0,135.0,425.0,1,1,0
217,74,455.0,410.0,470.0,409.0,467.0,363.0,452.0,364.0,1,1,0
217,75,451.0,393.0,469.0,393.0,469.0,377.0,451.0,377.0,1,2,0
217,76,120.0,257.0,163.0,248.0,157.0,224.0,115.0,233.0,1,7,0
217,77,318.0,752.0,333.0,752.0,333.0,737.0,318.0,737.0,1,2,0
217,78,273.0,190.0,308.0,185.0,304.0,158.0,270.0,163.0,1,7,0
217,79,197.0,533.0,212.0,533.0,212.0,518.0,197.0,518.0,1,2,0
217,80,295.0,132.0,303.0,111.0,268.0,97.0,260.0,118.0,1,7,0
217,81,144.0,220.0,161.0,220.0,161.0,205.0,144.0,205.0,1,2,0
217,82,275.0,96.0,277.0,60.0,264.0,59.0,261.0,95.0,1,1,0
217,83,271.0,54.0,287.0,37.0,254.0,8.0,238.0,25.0,1,7,0
218,60,416.0,621.0,430.0,621.0,430.0,607.0,416.0,607.0,1,2,0
218,61,428.0,620.0,441.0,620.0,441.0,604.0,428.0,604.0,1,2,0
218,62,420.0,591.0,432.0,591.0,432.0,577.0,420.0,577.0,1,2,0
218,64,360.0,713.0,376.0,713.0,376.0,694.0,360.0,694.0,1,2,0
218,71,389.0,389.0,403.0,389.0,403.0,375.0,389.0,375.0,1,2,0
218,72,1184.0,125.0,1192.0,104.0,1175.0,98.0,1167.0,119.0,1,2,0
218,73,178.0,452.0,178.0,433.0,140.0,433.0,140.0,452.0,1,1,0
218,74,457.0,417.0,472.0,416.0,469.0,370.0,454.0,371.0,1,1,0
218,75,472.0,399.0,472.0,384.0,454.0,383.0,454.0,398.0,1,2,0
218,76,124.0,264.0,166.0,254.0,161.0,230.0,119.0,240.0,1,7,0
218,77,323.0,756.0,340.0,756.0,340.0,739.0,323.0,739.0,1,2,0
218,78,276.0,197.0,311.0,192.0,307.0,166.0,273.0,171.0,1,7,0
218,79,208.0,541.0,227.0,541.0,227.0,527.0,208.0,527.0,1,2,0
218,80,295.0,139.0,305.0,119.0,274.0,103.0,263.0,123.0,1,7,0
218,81,154.0,230.0,168.0,230.0,168.0,216.0,154.0,216.0,1,2,0
218,82,276.0,104.0,278.0,70.0,266.0,69.0,264.0,103.0,1,1,0
218,83,268.0,63.0,287.0,46.0,260.0,17.0,242.0,34.0,1,7,0
219,60,438.0,626.0,438.0,612.0,427.0,612.0,427.0,626.0,1,2,0
219,61,438.0,624.0,450.0,624.0,450.0,611.0,438.0,611.0,1,2,0
219,62,427.0,595.0,440.0,595.0,440.0,580.0,427.0,580.0,1,2,0
219,64,371.0,717.0,385.0,717.0,385.0,703.0,371.0,703.0,1,2,0
219,71,394.0,396.0,412.0,395.0,412.0,379.0,393.0,380.0,1,2,0
219,72,1178.0,126.0,1197.0,126.0,1197.0,104.0,1178.0,104.0,1,2,0
219,73,148.0,462.0,186.0,461.0,185.0,442.0,147.0,443.0,1,1,0
219,74,465.0,428.0,481.0,427.0,478.0,380.0,462.0,381.0,1,1,0
219,75,465.0,407.0,480.0,407.0,480.0,393.0,465.0,393.0,1,2,0
219,76,133.0,275.0,176.0,266.0,171.0,241.0,128.0,250.0,1,7,0
219,77,347.0,763.0,353.0,738.0,340.0,735.0,333.0,760.0,1,2,0
219,78,285.0,207.0,320.0,203.0,316.0,176.0,281.0,180.0,1,7,0
219,79,223.0,551.0,237.0,551.0,237.0,539.0,223.0,539.0,1,2,0
219,80,304.0,149.0,312.0,128.0,278.0,114.0,270.0,135.0,1,7,0
219,81,170.0,245.0,185.0,244.0,184.0,229.0,169.0,230.0,1,2,0
219,82,285.0,114.0,289.0,78.0,276.0,77.0,273.0,113.0,1,1,0
219,83,280.0,74.0,299.0,55.0,270.0,26.0,251.0,45.0,1,7,0
220,60,423.0,643.0,434.0,643.0,434.0,634.0,423.0,634.0,1,2,0
220,61,443.0,639.0,451.0,623.0,441.0,618.0,433.0,634.0,1,2,0
220,62,423.0,609.0,434.0,609.0,434.0,587.0,423.0,587.0,1,2,0
220,64,367.0,732.0,381.0,732.0,381.0,713.0,367.0,713.0,1,2,0
220,71,394.0,409.0,409.0,408.0,407.0,390.0,393.0,391.0,1,2,0
220,72,1173.0,138.0,1191.0,138.0,1191.0,119.0,1173.0,119.0,1,2,0
220,73,144.0,482.0,182.0,481.0,182.0,463.0,144.0,464.0,1,1,0
220,74,462.0,447.0,478.0,446.0,474.0,401.0,459.0,402.0,1,1,0
220,75,477.0,427.0,477.0,415.0,461.0,415.0,461.0,427.0,1,2,0
220,76,132.0,294.0,171.0,285.0,165.0,262.0,126.0,271.0,1,7,0
220,77,332.0,774.0,346.0,774.0,346.0,758.0,332.0,758.0,1,2,0
220,78,282.0,228.0,317.0,222.0,313.0,196.0,277.0,202.0,1,7,0
220,79,226.0,573.0,242.0,573.0,242.0,559.0,226.0,559.0,1,2,0
220,80,300.0,171.0,310.0,150.0,277.0,133.0,266.0,154.0,1,7,0
220,81,172.0,270.0,186.0,269.0,185.0,253.0,170.0,254.0,1,2,0
220,82,282.0,134.0,284.0,97.0,272.0,96.0,270.0,133.0,1,1,0
220,83,274.0,96.0,294.0,79.0,268.0,47.0,247.0,64.0,1,7,0
220,84,365.0,12.0,381.0,12.0,381.0,-6.0,365.0,-6.0,1,2,0
221,60,430.0,664.0,442.0,664.0,442.0,652.0,430.0,652.0,1,2,0
221,61,442.0,657.0,456.0,657.0,456.0,642.0,442.0,642.0,1,2,0
221,62,430.0,627.0,441.0,627.0,441.0,612.0,430.0,612.0,1,2,0
221,64,376.0,752.0,390.0,752.0,390.0,738.0,376.0,738.0,1,2,0
221,71,400.0,428.0,416.0,428.0,416.0,415.0,400.0,415.0,1,2,0
221,72,1196.0,158.0,1197.0,134.0,1181.0,133.0,1180.0,157.0,1,2,0
221,73,152.0,507.0,193.0,506.0,192.0,487.0,151.0,488.0,1,1,0
221,74,470.0,474.0,487.0,473.0,483.0,428.0,467.0,429.0,1,1,0
221,75,469.0,455.0,485.0,455.0,485.0,439.0,469.0,439.0,1,2,0
221,76,139.0,320.0,182.0,309.0,176.0,285.0,133.0,296.0,1,7,0
221,77,341.0,791.0,356.0,791.0,356.0,770.0,341.0,770.0,1,2,0
221,78,291.0,252.0,328.0,246.0,323.0,220.0,286.0,226.0,1,7,0
221,79,240.0,600.0,259.0,599.0,258.0,585.0,240.0,586.0,1,2,0
221,80,309.0,196.0,319.0,175.0,286.0,159.0,275.0,180.0,1,7,0
221,81,186.0,301.0,201.0,301.0,201.0,286.0,186.0,286.0,1,2,0
221,82,292.0,160.0,294.0,125.0,281.0,124.0,279.0,159.0,1,1,0
221,83,288.0,123.0,307.0,104.0,276.0,73.0,257.0,92.0,1,7,0
221,84,373.0,47.0,389.0,47.0,389.0,26.0,373.0,26.0,1,2,0
221,85,264.0,40.0,293.0,38.0,288.0,-22.0,259.0,-20.0,1,6,0
222,60,425.0,667.0,436.0,667.0,436.0,656.0,425.0,656.0,1,2,0
222,61,437.0,661.0,450.0,661.0,450.0,645.0,437.0,645.0,1,2,0
222,62,421.0,632.0,434.0,631.0,433.0,614.0,420.0,615.0,1,2,0
222,64,371.0,757.0,386.0,757.0,386.0,740.0,371.0,740.0,1,2,0
222,71,393.0,437.0,408.0,436.0,407.0,416.0,392.0,417.0,1,2,0
222,72,1170.0,156.0,1189.0,156.0,1189.0,136.0,1170.0,136.0,1,2,0
222,73,146.0,518.0,184.0,517.0,183.0,498.0,145.0,499.0,1,1,0
222,74,464.0,483.0,479.0,482.0,477.0,437.0,461.0,438.0,1,1,0
222,75,465.0,470.0,479.0,470.0,479.0,456.0,465.0,456.0,1,2,0
222,76,133.0,332.0,175.0,318.0,167.0,295.0,126.0,309.0,1,7,0
222,77,338.0,795.0,353.0,795.0,353.0,780.0,338.0,780.0,1,2,0
222,78,283.0,263.0,319.0,258.0,316.0,232.0,280.0,237.0,1,7,0
222,79,242.0,611.0,256.0,611.0,256.0,597.0,242.0,597.0,1,2,0
222,80,303.0,207.0,313.0,186.0,279.0,170.0,269.0,191.0,1,7,0
222,81,197.0,315.0,197.0,302.0,183.0,302.0,183.0,315.0,1,2,0
222,82,285.0,171.0,287.0,133.0,275.0,132.0,273.0,170.0,1,1,0
222,83,281.0,130.0,299.0,110.0,267.0,82.0,249.0,102.0,1,7,0
222,84,367.0,69.0,384.0,69.0,384.0,49.0,367.0,49.0,1,2,0
222,85,256.0,52.0,288.0,47.0,278.0,-19.0,246.0,-14.0,1,6,0
223,60,441.0,679.0,453.0,679.0,453.0,667.0,441.0,667.0,1,2,0
223,61,454.0,671.0,469.0,671.0,469.0,653.0,454.0,653.0,1,2,0
223,62,449.0,643.0,449.0,630.0,437.0,630.0,437.0,643.0,1,2,0
223,64,390.0,771.0,404.0,771.0,404.0,753.0,390.0,753.0,1,2,0
223,71,411.0,443.0,423.0,443.0,423.0,431.0,411.0,431.0,1,2,0
223,72,1185.0,164.0,1200.0,164.0,1200.0,146.0,1185.0,146.0,1,2,0
223,73,163.0,535.0,201.0,535.0,201.0,517.0,163.0,517.0,1,1,0
223,74,480.0,501.0,496.0,500.0,493.0,455.0,477.0,456.0,1,1,0
223,75,479.0,485.0,497.0,485.0,497.0,471.0,479.0,471.0,1,2,0
223,76,149.0,350.0,192.0,336.0,184.0,314.0,141.0,328.0,1,7,0
223,77,374.0,808.0,375.0,789.0,357.0,788.0,356.0,807.0,1,2,0
223,78,298.0,279.0,333.0,278.0,333.0,252.0,297.0,253.0,1,7,0
223,79,281.0,632.0,281.0,616.0,265.0,616.0,265.0,632.0,1,2,0
223,80,319.0,225.0,330.0,204.0,296.0,187.0,285.0,208.0,1,7,0
223,81,203.0,338.0,217.0,338.0,217.0,325.0,203.0,325.0,1,2,0
223,82,290.0,187.0,303.0,187.0,303.0,151.0,290.0,151.0,1,1,0
223,83,296.0,147.0,314.0,127.0,284.0,101.0,266.0,121.0,1,7,0
223,84,385.0,90.0,400.0,90.0,400.0,76.0,385.0,76.0,1,2,0
223,85,271.0,71.0,303.0,66.0,292.0,-2.0,260.0,3.0,1,6,0
223,86,106.0,900.0,124.0,900.0,124.0,883.0,106.0,883.0,1,7,0
224,60,428.0,689.0,441.0,689.0,441.0,676.0,428.0,676.0,1,2,0
224,61,445.0,678.0,459.0,678.0,459.0,663.0,445.0,663.0,1,2,0
224,62,438.0,651.0,438.0,633.0,425.0,633.0,425.0,651.0,1,2,0
224,64,381.0,779.0,395.0,779.0,395.0,763.0,381.0,763.0,1,2,0
224,71,399.0,454.0,411.0,454.0,411.0,439.0,399.0,439.0,1,2,0
224,72,1173.0,170.0,1190.0,170.0,1190.0,148.0,1173.0,148.0,1,2,0
224,73,150.0,549.0,190.0,548.0,189.0,530.0,149.0,531.0,1,1,0
224,74,469.0,513.0,484.0,512.0,481.0,467.0,465.0,468.0,1,1,0
224,75,465.0,500.0,486.0,500.0,486.0,482.0,465.0,482.0,1,2,0
224,76,138.0,363.0,179.0,349.0,172.0,326.0,130.0,340.0,1,7,0
224,77,352.0,813.0,367.0,813.0,367.0,795.0,352.0,795.0,1,2,0
224,78,287.0,293.0,323.0,290.0,321.0,264.0,285.0,267.0,1,7,0
224,79,260.0,647.0,279.0,646.0,278.0,631.0,259.0,632.0,1,2,0
224,80,309.0,237.0,318.0,217.0,283.0,202.0,274.0,222.0,1,7,0
224,81,192.0,356.0,207.0,356.0,207.0,341.0,192.0,341.0,1,2,0
224,82,289.0,202.0,292.0,165.0,280.0,164.0,276.0,201.0,1,1,0
224,83,284.0,160.0,300.0,143.0,272.0,116.0,255.0,133.0,1,7,0
224,84,389.0,115.0,389.0,93.0,373.0,93.0,373.0,115.0,1,2,0
224,85,259.0,84.0,290.0,79.0,278.0,10.0,247.0,15.0,1,6,0
225,60,456.0,693.0,456.0,677.0,443.0,677.0,443.0,693.0,1,2,0
225,61,461.0,683.0,475.0,683.0,475.0,666.0,461.0,666.0,1,2,0
225,62,440.0,654.0,452.0,654.0,452.0,641.0,440.0,641.0,1,2,0
225,64,399.0,786.0,416.0,786.0,416.0,769.0,399.0,769.0,1,2,0
225,71,413.0,455.0,425.0,455.0,425.0,440.0,413.0,440.0,1,2,0
225,72,1185.0,168.0,1203.0,167.0,1202.0,146.0,1183.0,147.0,1,2,0
225,73,204.0,560.0,204.0,541.0,164.0,541.0,164.0,560.0,1,1,0
225,74,482.0,525.0,499.0,524.0,495.0,479.0,478.0,480.0,1,1,0
225,75,483.0,512.0,499.0,512.0,499.0,494.0,483.0,494.0,1,2,0
225,76,153.0,373.0,193.0,360.0,186.0,338.0,145.0,351.0,1,7,0
225,77,372.0,817.0,387.0,817.0,387.0,801.0,372.0,801.0,1,2,0
225,78,302.0,305.0,337.0,301.0,333.0,275.0,299.0,279.0,1,7,0
225,79,282.0,658.0,296.0,658.0,296.0,644.0,282.0,644.0,1,2,0
225,80,321.0,248.0,330.0,228.0,297.0,214.0,289.0,234.0,1,7,0
225,81,209.0,372.0,223.0,372.0,223.0,357.0,209.0,357.0,1,2,0
225,82,303.0,213.0,303.0,174.0,290.0,174.0,290.0,213.0,1,1,0
225,83,295.0,169.0,311.0,153.0,284.0,128.0,268.0,144.0,1,7,0
225,84,389.0,131.0,404.0,131.0,404.0,115.0,389.0,115.0,1,2,0
225,85,272.0,95.0,305.0,90.0,293.0,19.0,260.0,24.0,1,6,0
226,60,456.0,696.0,466.0,696.0,466.0,684.0,456.0,684.0,1,2,0
226,61,487.0,688.0,489.0,670.0,473.0,668.0,471.0,686.0,1,2,0
226,62,446.0,659.0,462.0,658.0,461.0,642.0,445.0,643.0,1,2,0
226,64,414.0,790.0,428.0,790.0,428.0,775.0,414.0,775.0,1,2,0
226,71,423.0,460.0,435.0,460.0,435.0,445.0,423.0,445.0,1,2,0
226,73,215.0,568.0,215.0,549.0,175.0,549.0,175.0,568.0,1,1,0
226,74,494.0,534.0,509.0,533.0,505.0,489.0,490.0,490.0,1,1,0
226,75,492.0,519.0,508.0,519.0,508.0,504.0,492.0,504.0,1,2,0
226,76,162.0,382.0,205.0,369.0,199.0,347.0,156.0,360.0,1,7,0
226,77,389.0,820.0,406.0,820.0,406.0,802.0,389.0,802.0,1,2,0
226,78,312.0,313.0,347.0,308.0,343.0,284.0,308.0,289.0,1,7,0
226,79,297.0,670.0,314.0,670.0,314.0,654.0,297.0,654.0,1,2,0
226,80,333.0,256.0,341.0,235.0,306.0,222.0,298.0,243.0,1,7,0
226,81,221.0,383.0,237.0,382.0,236.0,368.0,221.0,369.0,1,2,0
226,82,313.0,221.0,314.0,182.0,301.0,182.0,300.0,221.0,1,1,0
226,83,306.0,181.0,324.0,163.0,296.0,135.0,278.0,153.0,1,7,0
226,84,415.0,148.0,415.0,131.0,400.0,131.0,400.0,148.0,1,2,0
226,85,283.0,104.0,315.0,98.0,303.0,29.0,271.0,35.0,1,6,0
227,60,442.0,703.0,454.0,702.0,453.0,686.0,440.0,687.0,1,2,0
227,61,476.0,693.0,477.0,676.0,461.0,675.0,459.0,692.0,1,2,0
227,62,435.0,664.0,449.0,664.0,449.0,648.0,435.0,648.0,1,2,0
227,64,420.0,797.0,421.0,778.0,405.0,777.0,404.0,796.0,1,2,0
227,72,1184.0,170.0,1200.0,170.0,1200.0,151.0,1184.0,151.0,1,2,0
227,73,163.0,579.0,201.0,579.0,201.0,561.0,163.0,561.0,1,1,0
227,74,481.0,545.0,498.0,543.0,494.0,498.0,477.0,500.0,1,1,0
227,75,481.0,532.0,500.0,525.0,495.0,511.0,476.0,518.0,1,2,0
227,76,152.0,394.0,194.0,378.0,185.0,355.0,143.0,371.0,1,7,0
227,77,397.0,826.0,397.0,810.0,383.0,810.0,383.0,826.0,1,2,0
227,78,300.0,323.0,334.0,320.0,332.0,295.0,298.0,298.0,1,7,0
227,79,291.0,684.0,309.0,683.0,309.0,668.0,291.0,669.0,1,2,0
227,80,321.0,268.0,331.0,248.0,296.0,232.0,286.0,252.0,1,7,0
227,81,211.0,396.0,224.0,396.0,224.0,383.0,211.0,383.0,1,2,0
227,82,290.0,230.0,302.0,230.0,302.0,192.0,290.0,192.0,1,1,0
227,83,293.0,189.0,309.0,173.0,284.0,147.0,268.0,163.0,1,7,0
227,84,389.0,171.0,405.0,171.0,405.0,151.0,389.0,151.0,1,2,0
227,85,273.0,114.0,304.0,109.0,291.0,40.0,260.0,45.0,1,6,0
228,60,445.0,701.0,457.0,701.0,457.0,688.0,445.0,688.0,1,2,0
228,61,480.0,693.0,481.0,674.0,466.0,673.0,465.0,692.0,1,2,0
228,62,440.0,663.0,453.0,663.0,453.0,650.0,440.0,650.0,1,2,0
228,64,412.0,796.0,426.0,796.0,426.0,781.0,412.0,781.0,1,2,0
228,72,1184.0,161.0,1202.0,161.0,1202.0,143.0,1184.0,143.0,1,2,0
228,73,167.0,584.0,206.0,584.0,206.0,565.0,167.0,565.0,1,1,0
228,74,485.0,549.0,501.0,547.0,496.0,503.0,480.0,505.0,1,1,0
228,75,484.0,535.0,498.0,535.0,498.0,520.0,484.0,520.0,1,2,0
228,76,152.0,398.0,196.0,383.0,189.0,360.0,145.0,375.0,1,7,0
228,77,394.0,823.0,410.0,823.0,410.0,805.0,394.0,805.0,1,2,0
228,78,303.0,328.0,337.0,324.0,334.0,298.0,300.0,302.0,1,7,0
228,79,302.0,690.0,317.0,690.0,317.0,675.0,302.0,675.0,1,2,0
228,80,324.0,271.0,332.0,250.0,297.0,235.0,289.0,256.0,1,7,0
228,81,215.0,407.0,230.0,407.0,230.0,392.0,215.0,392.0,1,2,0
228,82,304.0,235.0,306.0,196.0,292.0,195.0,290.0,234.0,1,1,0
228,83,299.0,193.0,314.0,175.0,284.0,151.0,270.0,169.0,1,7,0
228,84,394.0,177.0,408.0,177.0,408.0,164.0,394.0,164.0,1,2,0
228,85,275.0,119.0,308.0,112.0,293.0,41.0,260.0,48.0,1,6,0
229,60,444.0,684.0,458.0,684.0,458.0,668.0,444.0,668.0,1,2,0
229,61,464.0,675.0,479.0,675.0,479.0,659.0,464.0,659.0,1,2,0
229,62,440.0,644.0,452.0,642.0,449.0,627.0,437.0,629.0,1,2,0
229,64,415.0,780.0,431.0,780.0,431.0,764.0,415.0,764.0,1,2,0
229,72,1180.0,138.0,1200.0,138.0,1200.0,123.0,1180.0,123.0,1,2,0
229,73,164.0,572.0,202.0,571.0,202.0,553.0,164.0,554.0,1,1,0
229,74,483.0,538.0,500.0,536.0,495.0,490.0,479.0,492.0,1,1,0
229,75,482.0,520.0,496.0,520.0,496.0,505.0,482.0,505.0,1,2,0
229,76,151.0,385.0,192.0,371.0,185.0,348.0,144.0,362.0,1,7,0
229,77,416.0,806.0,416.0,789.0,400.0,789.0,400.0,806.0,1,2,0
229,78,302.0,315.0,334.0,311.0,331.0,286.0,298.0,290.0,1,7,0
229,79,305.0,681.0,320.0,681.0,320.0,666.0,305.0,666.0,1,2,0
229,80,321.0,260.0,331.0,240.0,296.0,223.0,286.0,243.0,1,7,0
229,81,215.0,397.0,229.0,397.0,229.0,383.0,215.0,383.0,1,2,0
229,82,302.0,223.0,303.0,183.0,288.0,183.0,287.0,223.0,1,1,0
229,83,292.0,181.0,310.0,165.0,285.0,138.0,267.0,154.0,1,7,0
229,84,393.0,176.0,407.0,175.0,405.0,155.0,391.0,156.0,1,2,0
229,85,274.0,107.0,305.0,100.0,290.0,29.0,259.0,36.0,1,6,0
230,60,471.0,681.0,471.0,669.0,459.0,669.0,459.0,681.0,1,2,0
230,61,477.0,670.0,491.0,670.0,491.0,651.0,477.0,651.0,1,2,0
230,62,450.0,640.0,462.0,640.0,462.0,627.0,450.0,627.0,1,2,0
230,64,433.0,777.0,446.0,777.0,446.0,761.0,433.0,761.0,1,2,0
230,73,179.0,572.0,216.0,571.0,216.0,553.0,179.0,554.0,1,1,0
230,74,495.0,538.0,511.0,537.0,508.0,491.0,492.0,492.0,1,1,0
230,75,495.0,522.0,511.0,522.0,511.0,505.0,495.0,505.0,1,2,0
230,76,166.0,385.0,207.0,371.0,200.0,349.0,159.0,363.0,1,7,0
230,77,435.0,803.0,435.0,786.0,420.0,786.0,420.0,803.0,1,2,0
230,78,316.0,318.0,349.0,311.0,343.0,286.0,310.0,293.0,1,7,0
230,79,338.0,685.0,338.0,670.0,323.0,670.0,323.0,685.0,1,2,0
230,80,334.0,260.0,344.0,240.0,310.0,223.0,300.0,243.0,1,7,0
230,81,230.0,407.0,245.0,407.0,245.0,389.0,230.0,389.0,1,2,0
230,82,315.0,223.0,317.0,186.0,305.0,186.0,304.0,223.0,1,1,0
230,83,309.0,184.0,328.0,165.0,300.0,137.0,281.0,156.0,1,7,0
230,84,408.0,184.0,423.0,184.0,423.0,168.0,408.0,168.0,1,2,0
230,85,287.0,107.0,319.0,101.0,307.0,31.0,274.0,37.0,1,6,0
231,60,455.0,672.0,468.0,672.0,468.0,656.0,455.0,656.0,1,2,0
231,61,471.0,661.0,484.0,661.0,484.0,645.0,471.0,645.0,1,2,0
231,62,444.0,631.0,458.0,631.0,458.0,616.0,444.0,616.0,1,2,0
231,64,432.0,769.0,446.0,769.0,446.0,754.0,432.0,754.0,1,2,0
231,72,1203.0,122.0,1203.0,106.0,1188.0,106.0,1188.0,122.0,1,2,0
231,73,173.0,568.0,213.0,567.0,212.0,548.0,172.0,549.0,1,1,0
231,74,491.0,534.0,508.0,533.0,504.0,488.0,487.0,489.0,1,1,0
231,75,489.0,521.0,507.0,521.0,507.0,503.0,489.0,503.0,1,2,0
231,76,161.0,381.0,204.0,366.0,196.0,345.0,153.0,360.0,1,7,0
231,77,425.0,795.0,441.0,795.0,441.0,777.0,425.0,777.0,1,2,0
231,78,310.0,312.0,344.0,307.0,340.0,283.0,307.0,288.0,1,7,0
231,79,324.0,685.0,341.0,685.0,341.0,670.0,324.0,670.0,1,2,0
231,80,332.0,255.0,341.0,235.0,306.0,220.0,297.0,240.0,1,7,0
231,81,226.0,408.0,242.0,408.0,242.0,394.0,226.0,394.0,1,2,0
231,82,310.0,219.0,312.0,181.0,300.0,180.0,298.0,218.0,1,1,0
231,83,306.0,179.0,324.0,158.0,294.0,133.0,276.0,153.0,1,7,0
231,84,405.0,188.0,420.0,187.0,418.0,169.0,404.0,170.0,1,2,0
231,85,282.0,102.0,314.0,97.0,303.0,26.0,270.0,31.0,1,6,0
231,87,161.0,14.0,177.0,14.0,177.0,-7.0,161.0,-7.0,1,2,0
232,60,451.0,665.0,462.0,665.0,462.0,651.0,451.0,651.0,1,2,0
232,61,464.0,653.0,479.0,650.0,475.0,630.0,460.0,633.0,1,2,0
232,62,441.0,624.0,455.0,624.0,455.0,609.0,441.0,609.0,1,2,0
232,64,430.0,763.0,448.0,763.0,448.0,746.0,430.0,746.0,1,2,0
232,72,1182.0,108.0,1200.0,108.0,1200.0,93.0,1182.0,93.0,1,2,0
232,73,170.0,563.0,206.0,563.0,206.0,547.0,170.0,547.0,1,1,0
232,74,484.0,530.0,501.0,530.0,500.0,485.0,482.0,485.0,1,1,0
232,75,482.0,516.0,501.0,516.0,501.0,502.0,482.0,502.0,1,2,0
232,76,157.0,380.0,197.0,363.0,187.0,339.0,147.0,356.0,1,7,0
232,77,427.0,789.0,443.0,789.0,443.0,771.0,427.0,771.0,1,2,0
232,78,305.0,310.0,339.0,306.0,336.0,280.0,302.0,284.0,1,7,0
232,79,324.0,684.0,338.0,684.0,338.0,669.0,324.0,669.0,1,2,0
232,80,327.0,251.0,335.0,232.0,301.0,218.0,293.0,237.0,1,7,0
232,81,223.0,412.0,237.0,412.0,237.0,396.0,223.0,396.0,1,2,0
232,82,306.0,216.0,309.0,178.0,295.0,177.0,292.0,215.0,1,1,0
232,83,303.0,176.0,321.0,155.0,289.0,129.0,272.0,150.0,1,7,0
232,84,401.0,198.0,417.0,195.0,413.0,176.0,396.0,180.0,1,2,0
232,85,273.0,96.0,307.0,92.0,298.0,22.0,264.0,26.0,1,6,0
232,87,157.0,14.0,175.0,13.0,174.0,-5.0,156.0,-4.0,1,2,0
233,60,451.0,668.0,465.0,668.0,465.0,653.0,451.0,653.0,1,2,0
233,61,462.0,655.0,475.0,655.0,475.0,638.0,462.0,638.0,1,2,0
233,62,440.0,628.0,454.0,628.0,454.0,607.0,440.0,607.0,1,2,0
233,64,437.0,768.0,450.0,768.0,450.0,754.0,437.0,754.0,1,2,0
233,72,1183.0,119.0,1199.0,119.0,1199.0,97.0,1183.0,97.0,1,2,0
233,73,170.0,573.0,206.0,573.0,206.0,557.0,170.0,557.0,1,1,0
233,74,484.0,539.0,504.0,538.0,500.0,495.0,481.0,496.0,1,1,0
233,75,482.0,526.0,501.0,526.0,501.0,511.0,482.0,511.0,1,2,0
233,76,156.0,385.0,197.0,373.0,190.0,351.0,150.0,363.0,1,7,0
233,77,437.0,797.0,452.0,797.0,452.0,780.0,437.0,780.0,1,2,0
233,78,303.0,318.0,336.0,315.0,334.0,293.0,301.0,296.0,1,7,0
233,79,331.0,700.0,344.0,694.0,337.0,678.0,324.0,684.0,1,2,0
233,80,325.0,261.0,332.0,242.0,296.0,228.0,289.0,247.0,1,7,0
233,81,226.0,427.0,241.0,427.0,241.0,416.0,226.0,416.0,1,2,0
233,82,295.0,227.0,310.0,226.0,306.0,186.0,291.0,187.0,1,1,0
233,83,300.0,183.0,316.0,164.0,288.0,140.0,271.0,159.0,1,7,0
233,84,399.0,207.0,415.0,207.0,415.0,196.0,399.0,196.0,1,2,0
233,85,276.0,108.0,307.0,105.0,300.0,38.0,268.0,41.0,1,6,0
233,87,158.0,34.0,178.0,34.0,178.0,17.0,158.0,17.0,1,2,0
234,60,453.0,683.0,466.0,683.0,466.0,670.0,453.0,670.0,1,2,0
234,61,461.0,670.0,474.0,670.0,474.0,651.0,461.0,651.0,1,2,0
234,62,441.0,642.0,454.0,642.0,454.0,627.0,441.0,627.0,1,2,0
234,64,453.0,784.0,453.0,767.0,439.0,767.0,439.0,784.0,1,2,0
234,72,1179.0,124.0,1200.0,124.0,1200.0,106.0,1179.0,106.0,1,2,0
234,73,169.0,595.0,208.0,594.0,207.0,576.0,168.0,577.0,1,1,0
234,74,486.0,560.0,501.0,559.0,498.0,517.0,482.0,518.0,1,1,0
234,75,483.0,547.0,501.0,547.0,501.0,530.0,483.0,530.0,1,2,0
234,76,158.0,408.0,200.0,392.0,191.0,371.0,149.0,387.0,1,7,0
234,77,447.0,812.0,465.0,812.0,465.0,792.0,447.0,792.0,1,2,0
234,78,305.0,338.0,339.0,333.0,335.0,310.0,302.0,315.0,1,7,0
234,79,332.0,722.0,350.0,722.0,350.0,708.0,332.0,708.0,1,2,0
234,80,327.0,283.0,335.0,262.0,300.0,247.0,292.0,268.0,1,7,0
234,81,226.0,452.0,242.0,452.0,242.0,440.0,226.0,440.0,1,2,0
234,82,307.0,246.0,309.0,208.0,296.0,207.0,294.0,245.0,1,1,0
234,83,301.0,206.0,319.0,187.0,289.0,161.0,272.0,180.0,1,7,0
234,84,400.0,240.0,414.0,240.0,414.0,221.0,400.0,221.0,1,2,0
234,85,276.0,127.0,308.0,123.0,299.0,54.0,267.0,58.0,1,6,0
234,87,163.0,68.0,180.0,68.0,180.0,47.0,163.0,47.0,1,2,0
235,60,474.0,674.0,474.0,659.0,462.0,659.0,462.0,674.0,1,2,0
235,61,469.0,657.0,483.0,657.0,483.0,638.0,469.0,638.0,1,2,0
235,62,449.0,632.0,464.0,632.0,464.0,614.0,449.0,614.0,1,2,0
235,64,452.0,773.0,467.0,773.0,467.0,757.0,452.0,757.0,1,2,0
235,72,1187.0,112.0,1208.0,112.0,1208.0,94.0,1187.0,94.0,1,2,0
235,73,180.0,592.0,217.0,591.0,216.0,572.0,179.0,573.0,1,1,0
235,74,495.0,558.0,511.0,557.0,507.0,512.0,492.0,513.0,1,1,0
235,75,497.0,546.0,512.0,539.0,506.0,525.0,490.0,532.0,1,2,0
235,76,165.0,407.0,208.0,391.0,199.0,368.0,156.0,384.0,1,7,0
235,77,465.0,802.0,479.0,802.0,479.0,786.0,465.0,786.0,1,2,0
235,78,314.0,335.0,346.0,329.0,342.0,305.0,309.0,311.0,1,7,0
235,79,346.0,722.0,361.0,722.0,361.0,708.0,346.0,708.0,1,2,0
235,80,335.0,279.0,343.0,258.0,308.0,244.0,300.0,265.0,1,7,0
235,81,237.0,455.0,251.0,455.0,251.0,441.0,237.0,441.0,1,2,0
235,82,304.0,241.0,316.0,241.0,316.0,206.0,304.0,206.0,1,1,0
235,83,308.0,203.0,326.0,184.0,296.0,157.0,278.0,176.0,1,7,0
235,84,422.0,246.0,422.0,228.0,407.0,228.0,407.0,246.0,1,2,0
235,85,285.0,123.0,316.0,118.0,304.0,50.0,273.0,55.0,1,6,0
235,87,173.0,67.0,189.0,67.0,189.0,53.0,173.0,53.0,1,2,0
236,60,469.0,680.0,483.0,680.0,483.0,666.0,469.0,666.0,1,2,0
236,61,476.0,661.0,489.0,661.0,489.0,648.0,476.0,648.0,1,2,0
236,62,458.0,637.0,472.0,637.0,472.0,624.0,458.0,624.0,1,2,0
236,64,465.0,779.0,480.0,779.0,480.0,757.0,465.0,757.0,1,2,0
236,73,226.0,600.0,226.0,585.0,185.0,585.0,185.0,600.0,1,1,0
236,74,504.0,569.0,520.0,568.0,518.0,523.0,501.0,524.0,1,1,0
236,75,501.0,556.0,520.0,556.0,520.0,537.0,501.0,537.0,1,2,0
236,76,176.0,420.0,218.0,402.0,209.0,379.0,167.0,397.0,1,7,0
236,77,484.0,812.0,504.0,801.0,497.0,788.0,477.0,799.0,1,2,0
236,78,325.0,348.0,356.0,334.0,347.0,313.0,316.0,327.0,1,7,0
236,79,359.0,738.0,375.0,738.0,375.0,719.0,359.0,719.0,1,2,0
236,80,338.0,294.0,351.0,274.0,319.0,253.0,306.0,273.0,1,7,0
236,81,245.0,471.0,262.0,471.0,262.0,460.0,245.0,460.0,1,2,0
236,82,311.0,257.0,325.0,257.0,325.0,218.0,311.0,218.0,1,1,0
236,83,321.0,218.0,339.0,199.0,308.0,169.0,289.0,188.0,1,7,0
236,84,417.0,262.0,434.0,262.0,434.0,244.0,417.0,244.0,1,2,0
236,85,292.0,138.0,325.0,133.0,315.0,63.0,281.0,68.0,1,6,0
236,87,182.0,94.0,202.0,94.0,202.0,70.0,182.0,70.0,1,2,0
237,60,480.0,687.0,480.0,673.0,467.0,673.0,467.0,687.0,1,2,0
237,61,483.0,670.0,484.0,648.0,471.0,647.0,470.0,669.0,1,2,0
237,62,453.0,646.0,468.0,645.0,466.0,627.0,451.0,628.0,1,2,0
237,64,464.0,787.0,478.0,787.0,478.0,774.0,464.0,774.0,1,2,0
237,72,1201.0,119.0,1201.0,100.0,1181.0,99.0,1181.0,118.0,1,2,0
237,73,223.0,618.0,223.0,599.0,184.0,599.0,184.0,618.0,1,1,0
237,74,501.0,582.0,516.0,581.0,513.0,536.0,497.0,537.0,1,1,0
237,75,499.0,569.0,517.0,569.0,517.0,552.0,499.0,552.0,1,2,0
237,76,171.0,430.0,214.0,416.0,207.0,394.0,164.0,408.0,1,7,0
237,77,503.0,816.0,503.0,795.0,485.0,795.0,485.0,816.0,1,2,0
237,78,321.0,362.0,353.0,355.0,348.0,331.0,315.0,338.0,1,7,0
237,79,354.0,757.0,374.0,757.0,374.0,741.0,354.0,741.0,1,2,0
237,80,341.0,304.0,349.0,284.0,313.0,271.0,305.0,291.0,1,7,0
237,81,259.0,491.0,260.0,475.0,245.0,474.0,244.0,490.0,1,2,0
237,82,320.0,269.0,321.0,230.0,308.0,230.0,307.0,269.0,1,1,0
237,83,318.0,226.0,332.0,203.0,299.0,183.0,285.0,206.0,1,7,0
237,84,413.0,286.0,429.0,286.0,429.0,267.0,413.0,267.0,1,2,0
237,85,289.0,150.0,321.0,145.0,311.0,76.0,279.0,81.0,1,6,0
237,87,183.0,113.0,199.0,113.0,199.0,97.0,183.0,97.0,1,2,0
238,60,482.0,686.0,493.0,686.0,493.0,668.0,482.0,668.0,1,2,0
238,61,486.0,666.0,497.0,666.0,497.0,651.0,486.0,651.0,1,2,0
238,62,465.0,644.0,479.0,644.0,479.0,624.0,465.0,624.0,1,2,0
238,64,483.0,788.0,494.0,788.0,494.0,767.0,483.0,767.0,1,2,0
238,73,200.0,622.0,240.0,622.0,240.0,603.0,200.0,603.0,1,1,0
238,74,515.0,586.0,532.0,585.0,529.0,544.0,512.0,545.0,1,1,0
238,75,512.0,574.0,531.0,573.0,530.0,559.0,511.0,560.0,1,2,0
238,76,183.0,437.0,228.0,423.0,221.0,397.0,176.0,411.0,1,7,0
238,77,509.0,813.0,524.0,809.0,521.0,795.0,506.0,799.0,1,2,0
238,78,337.0,367.0,368.0,360.0,362.0,337.0,331.0,344.0,1,7,0
238,79,377.0,766.0,392.0,766.0,392.0,748.0,377.0,748.0,1,2,0
238,80,357.0,308.0,364.0,286.0,329.0,275.0,322.0,297.0,1,7,0
238,81,261.0,501.0,275.0,501.0,275.0,488.0,261.0,488.0,1,2,0
238,82,335.0,274.0,337.0,233.0,324.0,233.0,322.0,274.0,1,1,0
238,83,331.0,230.0,344.0,210.0,314.0,190.0,301.0,210.0,1,7,0
238,84,428.0,296.0,445.0,293.0,443.0,282.0,426.0,285.0,1,2,0
238,85,308.0,157.0,337.0,151.0,323.0,80.0,293.0,86.0,1,6,0
238,87,199.0,129.0,217.0,129.0,217.0,109.0,199.0,109.0,1,2,0
239,60,501.0,687.0,501.0,674.0,487.0,673.0,487.0,686.0,1,2,0
239,61,492.0,667.0,504.0,666.0,502.0,648.0,490.0,649.0,1,2,0
239,62,472.0,644.0,485.0,644.0,485.0,627.0,472.0,627.0,1,2,0
239,64,491.0,787.0,504.0,787.0,504.0,774.0,491.0,774.0,1,2,0
239,73,208.0,630.0,246.0,630.0,246.0,612.0,208.0,612.0,1,1,0
239,74,525.0,596.0,540.0,595.0,537.0,550.0,522.0,551.0,1,1,0
239,75,521.0,581.0,539.0,581.0,539.0,565.0,521.0,565.0,1,2,0
239,76,195.0,444.0,238.0,429.0,229.0,406.0,187.0,421.0,1,7,0
239,77,539.0,815.0,540.0,795.0,523.0,794.0,522.0,814.0,1,2,0
239,78,343.0,374.0,376.0,367.0,371.0,343.0,337.0,350.0,1,7,0
239,79,387.0,778.0,402.0,778.0,402.0,762.0,387.0,762.0,1,2,0
239,80,365.0,316.0,373.0,296.0,337.0,283.0,329.0,303.0,1,7,0
239,81,271.0,513.0,285.0,513.0,285.0,498.0,271.0,498.0,1,2,0
239,82,332.0,282.0,344.0,282.0,344.0,243.0,332.0,243.0,1,1,0
239,83,339.0,239.0,353.0,219.0,322.0,196.0,308.0,216.0,1,7,0
239,84,437.0,313.0,452.0,313.0,452.0,294.0,437.0,294.0,1,2,0
239,85,313.0,161.0,343.0,157.0,333.0,90.0,304.0,94.0,1,6,0
239,87,209.0,148.0,229.0,147.0,228.0,126.0,208.0,127.0,1,2,0
240,60,477.0,695.0,489.0,695.0,489.0,677.0,477.0,677.0,1,2,0
240,61,494.0,673.0,495.0,656.0,481.0,655.0,480.0,672.0,1,2,0
240,62,460.0,651.0,474.0,651.0,474.0,635.0,460.0,635.0,1,2,0
240,64,481.0,796.0,496.0,796.0,496.0,776.0,481.0,776.0,1,2,0
240,72,1187.0,121.0,1207.0,120.0,1207.0,103.0,1187.0,104.0,1,2,0
240,73,198.0,645.0,238.0,644.0,238.0,626.0,197.0,627.0,1,1,0
240,74,517.0,609.0,531.0,608.0,527.0,565.0,513.0,566.0,1,1,0
240,75,515.0,596.0,529.0,596.0,529.0,581.0,515.0,581.0,1,2,0
240,76,184.0,458.0,228.0,444.0,221.0,421.0,177.0,435.0,1,7,0
240,77,521.0,821.0,537.0,821.0,537.0,805.0,521.0,805.0,1,2,0
240,78,334.0,388.0,368.0,381.0,362.0,357.0,329.0,364.0,1,7,0
240,79,378.0,796.0,392.0,796.0,392.0,777.0,378.0,777.0,1,2,0
240,80,356.0,332.0,364.0,311.0,328.0,297.0,320.0,318.0,1,7,0
240,81,263.0,537.0,279.0,537.0,279.0,520.0,263.0,520.0,1,2,0
240,82,335.0,296.0,337.0,256.0,325.0,255.0,323.0,295.0,1,1,0
240,83,333.0,253.0,346.0,231.0,313.0,211.0,299.0,233.0,1,7,0
240,84,429.0,332.0,443.0,332.0,443.0,319.0,429.0,319.0,1,2,0
240,85,303.0,175.0,335.0,171.0,325.0,104.0,294.0,108.0,1,6,0
240,87,202.0,166.0,219.0,166.0,219.0,151.0,202.0,151.0,1,2,0
240,88,261.0,27.0,305.0,27.0,305.0,-1.0,261.0,-1.0,1,7,0
240,89,428.0,27.0,445.0,25.0,439.0,-15.0,423.0,-13.0,1,1,0
241,60,476.0,691.0,488.0,691.0,488.0,679.0,476.0,679.0,1,2,0
241,61,494.0,668.0,494.0,652.0,481.0,652.0,481.0,668.0,1,2,0
241,62,459.0,647.0,472.0,647.0,472.0,634.0,459.0,634.0,1,2,0
241,64,497.0,792.0,497.0,776.0,483.0,776.0,483.0,792.0,1,2,0
241,72,1188.0,115.0,1202.0,115.0,1202.0,99.0,1188.0,99.0,1,2,0
241,73,239.0,648.0,239.0,629.0,199.0,629.0,199.0,648.0,1,1,0
241,74,517.0,612.0,532.0,611.0,528.0,567.0,513.0,568.0,1,1,0
241,75,517.0,598.0,531.0,598.0,531.0,582.0,517.0,582.0,1,2,0
241,76,185.0,461.0,229.0,446.0,222.0,423.0,177.0,438.0,1,7,0
241,77,529.0,816.0,545.0,816.0,545.0,799.0,529.0,799.0,1,2,0
241,78,336.0,392.0,370.0,384.0,364.0,359.0,330.0,367.0,1,7,0
241,79,380.0,802.0,394.0,802.0,394.0,787.0,380.0,787.0,1,2,0
241,80,358.0,335.0,366.0,315.0,328.0,301.0,321.0,321.0,1,7,0
241,81,265.0,545.0,281.0,545.0,281.0,532.0,265.0,532.0,1,2,0
241,82,335.0,299.0,336.0,260.0,325.0,260.0,323.0,299.0,1,1,0
241,83,332.0,255.0,346.0,233.0,315.0,213.0,301.0,235.0,1,7,0
241,84,433.0,338.0,443.0,338.0,443.0,319.0,433.0,319.0,1,2,0
241,85,305.0,181.0,337.0,176.0,325.0,107.0,294.0,112.0,1,6,0
241,87,220.0,182.0,220.0,162.0,203.0,162.0,203.0,182.0,1,2,0
241,88,263.0,30.0,308.0,28.0,307.0,1.0,261.0,3.0,1,7,0
241,89,429.0,28.0,446.0,27.0,443.0,-16.0,426.0,-15.0,1,1,0
242,60,482.0,694.0,495.0,694.0,495.0,680.0,482.0,680.0,1,2,0
242,61,489.0,670.0,502.0,669.0,499.0,649.0,487.0,650.0,1,2,0
242,62,465.0,650.0,479.0,649.0,477.0,630.0,463.0,631.0,1,2,0
242,64,492.0,794.0,506.0,794.0,506.0,774.0,492.0,774.0,1,2,0
242,73,210.0,656.0,249.0,656.0,249.0,637.0,210.0,637.0,1,1,0
242,74,526.0,620.0,540.0,619.0,537.0,576.0,523.0,577.0,1,1,0
242,75,524.0,607.0,541.0,607.0,541.0,592.0,524.0,592.0,1,2,0
242,76,195.0,469.0,237.0,454.0,230.0,432.0,187.0,447.0,1,7,0
242,77,546.0,818.0,563.0,818.0,563.0,799.0,546.0,799.0,1,2,0
242,78,344.0,397.0,377.0,394.0,374.0,370.0,342.0,373.0,1,7,0
242,79,390.0,814.0,404.0,814.0,404.0,795.0,390.0,795.0,1,2,0
242,80,367.0,344.0,376.0,324.0,339.0,308.0,330.0,328.0,1,7,0
242,81,276.0,560.0,290.0,560.0,290.0,545.0,276.0,545.0,1,2,0
242,82,334.0,307.0,344.0,307.0,344.0,266.0,334.0,266.0,1,1,0
242,83,343.0,264.0,356.0,242.0,323.0,222.0,309.0,244.0,1,7,0
242,84,443.0,354.0,455.0,354.0,455.0,342.0,443.0,342.0,1,2,0
242,85,314.0,186.0,345.0,181.0,334.0,116.0,303.0,121.0,1,6,0
242,87,230.0,197.0,230.0,180.0,212.0,180.0,212.0,197.0,1,2,0
242,88,271.0,39.0,314.0,38.0,314.0,11.0,271.0,12.0,1,7,0
242,89,439.0,39.0,453.0,38.0,450.0,-2.0,436.0,-1.0,1,1,0
243,60,480.0,697.0,493.0,697.0,493.0,681.0,480.0,681.0,1,2,0
243,61,489.0,670.0,502.0,670.0,502.0,656.0,489.0,656.0,1,2,0
243,62,466.0,651.0,478.0,651.0,478.0,638.0,466.0,638.0,1,2,0
243,64,508.0,796.0,508.0,775.0,494.0,775.0,494.0,796.0,1,2,0
243,73,209.0,662.0,250.0,661.0,250.0,645.0,209.0,646.0,1,1,0
243,74,527.0,631.0,543.0,630.0,539.0,586.0,522.0,587.0,1,1,0
243,75,525.0,619.0,542.0,619.0,542.0,599.0,525.0,599.0,1,2,0
243,76,196.0,477.0,240.0,463.0,232.0,440.0,189.0,454.0,1,7,0
243,77,555.0,820.0,569.0,820.0,569.0,805.0,555.0,805.0,1,2,0
243,78,345.0,406.0,378.0,403.0,375.0,380.0,343.0,383.0,1,7,0
243,79,407.0,829.0,407.0,810.0,391.0,810.0,391.0,829.0,1,2,0
243,80,366.0,354.0,376.0,333.0,340.0,317.0,330.0,338.0,1,7,0
243,81,279.0,578.0,294.0,578.0,294.0,559.0,279.0,559.0,1,2,0
243,82,346.0,317.0,348.0,275.0,336.0,274.0,333.0,316.0,1,1,0
243,83,341.0,272.0,355.0,251.0,324.0,231.0,310.0,252.0,1,7,0
243,84,445.0,377.0,461.0,376.0,460.0,362.0,445.0,363.0,1,2,0
243,85,315.0,195.0,346.0,190.0,336.0,125.0,305.0,130.0,1,6,0
243,87,214.0,216.0,231.0,216.0,231.0,196.0,214.0,196.0,1,2,0
243,88,315.0,48.0,316.0,21.0,273.0,20.0,272.0,47.0,1,7,0
243,89,439.0,48.0,458.0,46.0,454.0,3.0,435.0,5.0,1,1,0
244,60,474.0,692.0,487.0,692.0,487.0,676.0,474.0,676.0,1,2,0
244,61,482.0,666.0,496.0,666.0,496.0,646.0,482.0,646.0,1,2,0
244,62,459.0,646.0,473.0,646.0,473.0,627.0,459.0,627.0,1,2,0
244,64,489.0,789.0,503.0,789.0,503.0,774.0,489.0,774.0,1,2,0
244,72,1188.0,106.0,1202.0,106.0,1202.0,90.0,1188.0,90.0,1,2,0
244,73,206.0,667.0,245.0,666.0,244.0,646.0,206.0,647.0,1,1,0
244,74,522.0,632.0,538.0,631.0,534.0,586.0,518.0,587.0,1,1,0
244,75,522.0,619.0,536.0,619.0,536.0,604.0,522.0,604.0,1,2,0
244,76,192.0,480.0,235.0,464.0,226.0,442.0,183.0,458.0,1,7,0
244,77,573.0,816.0,575.0,797.0,557.0,795.0,555.0,814.0,1,2,0
244,78,340.0,409.0,374.0,403.0,370.0,379.0,336.0,385.0,1,7,0
244,79,389.0,834.0,403.0,834.0,403.0,811.0,389.0,811.0,1,2,0
244,80,362.0,355.0,371.0,334.0,336.0,319.0,327.0,340.0,1,7,0
244,81,276.0,585.0,289.0,585.0,289.0,572.0,276.0,572.0,1,2,0
244,82,340.0,317.0,343.0,278.0,331.0,277.0,328.0,316.0,1,1,0
244,83,335.0,273.0,349.0,254.0,319.0,233.0,306.0,252.0,1,7,0
244,84,443.0,386.0,458.0,386.0,458.0,371.0,443.0,371.0,1,2,0
244,85,312.0,198.0,341.0,193.0,330.0,127.0,301.0,132.0,1,6,0
244,87,209.0,228.0,224.0,228.0,224.0,208.0,209.0,208.0,1,2,0
244,88,311.0,49.0,312.0,23.0,269.0,21.0,268.0,47.0,1,7,0
244,89,435.0,49.0,451.0,48.0,447.0,4.0,431.0,5.0,1,1,0
245,60,485.0,704.0,485.0,688.0,471.0,688.0,471.0,704.0,1,2,0
245,61,482.0,678.0,495.0,678.0,495.0,662.0,482.0,662.0,1,2,0
245,62,460.0,658.0,473.0,658.0,473.0,643.0,460.0,643.0,1,2,0
245,64,486.0,803.0,502.0,802.0,501.0,780.0,485.0,781.0,1,2,0
245,72,1204.0,124.0,1207.0,99.0,1192.0,97.0,1189.0,122.0,1,2,0
245,73,206.0,685.0,245.0,685.0,245.0,666.0,206.0,666.0,1,1,0
245,74,523.0,650.0,539.0,649.0,535.0,606.0,519.0,607.0,1,1,0
245,75,521.0,635.0,541.0,635.0,541.0,622.0,521.0,622.0,1,2,0
245,76,195.0,498.0,237.0,483.0,229.0,462.0,188.0,477.0,1,7,0
245,77,576.0,830.0,587.0,810.0,574.0,803.0,564.0,823.0,1,2,0
245,78,342.0,428.0,376.0,423.0,372.0,399.0,338.0,404.0,1,7,0
245,79,388.0,858.0,402.0,858.0,402.0,841.0,388.0,841.0,1,2,0
245,80,365.0,374.0,375.0,353.0,338.0,336.0,328.0,357.0,1,7,0
245,81,278.0,611.0,291.0,611.0,291.0,595.0,278.0,595.0,1,2,0
245,82,341.0,336.0,345.0,297.0,333.0,296.0,329.0,335.0,1,1,0
245,83,336.0,293.0,350.0,274.0,322.0,252.0,308.0,271.0,1,7,0
245,84,449.0,411.0,463.0,411.0,463.0,397.0,449.0,397.0,1,2,0
245,85,313.0,216.0,342.0,211.0,331.0,146.0,303.0,151.0,1,6,0
245,87,211.0,251.0,226.0,251.0,226.0,238.0,211.0,238.0,1,2,0
245,88,270.0,67.0,313.0,67.0,313.0,41.0,270.0,41.0,1,7,0
245,89,437.0,69.0,452.0,68.0,449.0,25.0,434.0,26.0,1,1,0
245,90,282.0,22.0,318.0,21.0,317.0,-5.0,281.0,-4.0,1,7,0
246,60,478.0,703.0,490.0,703.0,490.0,691.0,478.0,691.0,1,2,0
246,61,487.0,678.0,501.0,678.0,501.0,662.0,487.0,662.0,1,2,0
246,62,468.0,657.0,479.0,657.0,479.0,636.0,468.0,636.0,1,2,0
246,64,494.0,799.0,507.0,799.0,507.0,785.0,494.0,785.0,1,2,0
246,73,253.0,690.0,253.0,671.0,212.0,671.0,212.0,690.0,1,1,0
246,74,531.0,657.0,546.0,656.0,542.0,611.0,527.0,612.0,1,1,0
246,75,526.0,644.0,546.0,639.0,543.0,625.0,523.0,630.0,1,2,0
246,76,201.0,501.0,243.0,489.0,235.0,465.0,194.0,477.0,1,7,0
246,77,584.0,827.0,596.0,820.0,589.0,808.0,577.0,815.0,1,2,0
246,78,350.0,430.0,385.0,423.0,381.0,403.0,346.0,410.0,1,7,0
246,79,396.0,865.0,412.0,865.0,412.0,845.0,396.0,845.0,1,2,0
246,80,376.0,376.0,382.0,353.0,343.0,343.0,337.0,366.0,1,7,0
246,81,284.0,617.0,300.0,617.0,300.0,605.0,284.0,605.0,1,2,0
246,82,350.0,341.0,351.0,300.0,339.0,300.0,337.0,341.0,1,1,0
246,83,345.0,296.0,357.0,275.0,325.0,257.0,313.0,278.0,1,7,0
246,84,461.0,424.0,475.0,424.0,475.0,411.0,461.0,411.0,1,2,0
246,85,322.0,219.0,352.0,214.0,341.0,152.0,311.0,157.0,1,6,0
246,87,217.0,269.0,233.0,269.0,233.0,247.0,217.0,247.0,1,2,0
246,88,280.0,72.0,324.0,72.0,324.0,48.0,280.0,48.0,1,7,0
246,89,446.0,74.0,462.0,72.0,457.0,30.0,440.0,32.0,1,1,0
246,90,323.0,28.0,327.0,1.0,292.0,-3.0,289.0,24.0,1,7,0
247,60,488.0,704.0,488.0,684.0,474.0,684.0,474.0,704.0,1,2,0
247,61,497.0,680.0,497.0,660.0,483.0,660.0,483.0,680.0,1,2,0
247,62,463.0,654.0,477.0,654.0,477.0,637.0,463.0,637.0,1,2,0
247,64,490.0,797.0,504.0,797.0,504.0,779.0,490.0,779.0,1,2,0
247,73,211.0,696.0,250.0,696.0,250.0,677.0,211.0,677.0,1,1,0
247,74,528.0,661.0,543.0,660.0,540.0,615.0,525.0,616.0,1,1,0
247,75,524.0,647.0,545.0,647.0,545.0,632.0,524.0,632.0,1,2,0
247,76,197.0,508.0,241.0,493.0,233.0,471.0,189.0,486.0,1,7,0
247,77,598.0,826.0,602.0,804.0,584.0,801.0,580.0,823.0,1,2,0
247,78,348.0,438.0,382.0,432.0,378.0,409.0,343.0,415.0,1,7,0
247,79,395.0,874.0,409.0,874.0,409.0,856.0,395.0,856.0,1,2,0
247,80,368.0,386.0,378.0,365.0,343.0,348.0,332.0,369.0,1,7,0
247,81,283.0,628.0,296.0,628.0,296.0,616.0,283.0,616.0,1,2,0
247,82,346.0,347.0,349.0,307.0,337.0,306.0,334.0,346.0,1,1,0
247,83,339.0,303.0,353.0,284.0,325.0,263.0,311.0,282.0,1,7,0
247,84,460.0,439.0,475.0,439.0,475.0,421.0,460.0,421.0,1,2,0
247,85,318.0,225.0,348.0,220.0,336.0,157.0,306.0,162.0,1,6,0
247,87,215.0,280.0,231.0,280.0,231.0,267.0,215.0,267.0,1,2,0
247,88,275.0,77.0,318.0,77.0,318.0,52.0,275.0,52.0,1,7,0
247,89,442.0,78.0,455.0,77.0,452.0,35.0,439.0,36.0,1,1,0
247,90,287.0,34.0,322.0,30.0,319.0,3.0,283.0,7.0,1,7,0
248,60,484.0,711.0,496.0,711.0,496.0,697.0,484.0,697.0,1,2,0
248,61,492.0,689.0,505.0,689.0,505.0,673.0,492.0,673.0,1,2,0
248,62,469.0,660.0,483.0,660.0,483.0,645.0,469.0,645.0,1,2,0
248,64,497.0,804.0,511.0,804.0,511.0,784.0,497.0,784.0,1,2,0
248,71,444.0,486.0,457.0,486.0,457.0,464.0,444.0,464.0,1,2,0
248,73,218.0,710.0,260.0,710.0,260.0,690.0,218.0,690.0,1,1,0
248,74,536.0,676.0,553.0,675.0,550.0,631.0,533.0,632.0,1,1,0
248,75,534.0,661.0,553.0,661.0,553.0,646.0,534.0,646.0,1,2,0
248,76,206.0,523.0,250.0,508.0,242.0,485.0,198.0,500.0,1,7,0
248,77,599.0,830.0,614.0,830.0,614.0,815.0,599.0,815.0,1,2,0
248,78,355.0,451.0,388.0,446.0,385.0,423.0,352.0,428.0,1,7,0
248,79,404.0,892.0,418.0,892.0,418.0,870.0,404.0,870.0,1,2,0
248,80,375.0,400.0,387.0,379.0,354.0,360.0,341.0,381.0,1,7,0
248,81,291.0,647.0,304.0,647.0,304.0,632.0,291.0,632.0,1,2,0
248,82,355.0,360.0,356.0,321.0,345.0,321.0,343.0,360.0,1,1,0
248,83,351.0,317.0,364.0,297.0,333.0,276.0,320.0,296.0,1,7,0
248,84,473.0,458.0,486.0,458.0,486.0,444.0,473.0,444.0,1,2,0
248,85,327.0,240.0,356.0,235.0,345.0,171.0,315.0,176.0,1,6,0
248,87,225.0,303.0,241.0,303.0,241.0,286.0,225.0,286.0,1,2,0
248,88,324.0,91.0,325.0,67.0,284.0,65.0,283.0,89.0,1,7,0
248,89,450.0,93.0,465.0,92.0,461.0,48.0,447.0,49.0,1,1,0
248,90,294.0,46.0,330.0,44.0,328.0,18.0,293.0,20.0,1,7,0
249,60,481.0,705.0,495.0,705.0,495.0,690.0,481.0,690.0,1,2,0
249,61,489.0,685.0,503.0,685.0,503.0,669.0,489.0,669.0,1,2,0
249,62,467.0,655.0,480.0,655.0,480.0,638.0,467.0,638.0,1,2,0
249,64,494.0,798.0,509.0,798.0,509.0,782.0,494.0,782.0,1,2,0
249,71,444.0,475.0,455.0,475.0,455.0,460.0,444.0,460.0,1,2,0
249,73,259.0,711.0,259.0,691.0,220.0,691.0,220.0,711.0,1,1,0
249,74,536.0,675.0,551.0,674.0,548.0,631.0,532.0,632.0,1,1,0
249,75,532.0,662.0,555.0,659.0,553.0,645.0,530.0,648.0,1,2,0
249,76,205.0,523.0,249.0,509.0,242.0,486.0,198.0,500.0,1,7,0
249,77,604.0,824.0,620.0,824.0,620.0,807.0,604.0,807.0,1,2,0
249,78,354.0,452.0,388.0,447.0,385.0,424.0,351.0,429.0,1,7,0
249,79,402.0,898.0,417.0,898.0,417.0,877.0,402.0,877.0,1,2,0
249,80,375.0,401.0,386.0,381.0,352.0,362.0,340.0,382.0,1,7,0
249,81,290.0,651.0,304.0,651.0,304.0,638.0,290.0,638.0,1,2,0
249,82,353.0,361.0,354.0,322.0,344.0,322.0,342.0,361.0,1,1,0
249,83,349.0,318.0,363.0,299.0,334.0,277.0,319.0,296.0,1,7,0
249,84,474.0,469.0,489.0,468.0,488.0,449.0,472.0,450.0,1,2,0
249,85,326.0,242.0,356.0,237.0,345.0,172.0,314.0,177.0,1,6,0
249,87,224.0,318.0,242.0,317.0,241.0,295.0,223.0,296.0,1,2,0
249,88,323.0,92.0,324.0,68.0,281.0,67.0,280.0,91.0,1,7,0
249,89,450.0,92.0,465.0,91.0,460.0,49.0,446.0,50.0,1,1,0
249,90,294.0,45.0,329.0,45.0,329.0,20.0,294.0,20.0,1,7,0
250,60,472.0,716.0,485.0,716.0,485.0,702.0,472.0,702.0,1,2,0
250,61,492.0,699.0,493.0,685.0,480.0,684.0,479.0,698.0,1,2,0
250,62,457.0,667.0,471.0,667.0,471.0,653.0,457.0,653.0,1,2,0
250,64,488.0,809.0,501.0,809.0,501.0,788.0,488.0,788.0,1,2,0
250,71,437.0,492.0,445.0,492.0,445.0,478.0,437.0,478.0,1,2,0
250,72,1190.0,117.0,1203.0,117.0,1203.0,99.0,1190.0,99.0,1,2,0
250,73,211.0,730.0,250.0,730.0,250.0,709.0,211.0,709.0,1,1,0
250,74,528.0,692.0,543.0,691.0,539.0,647.0,525.0,648.0,1,1,0
250,75,525.0,679.0,545.0,679.0,545.0,662.0,525.0,662.0,1,2,0
250,76,196.0,540.0,240.0,525.0,232.0,503.0,188.0,518.0,1,7,0
250,77,601.0,835.0,619.0,835.0,619.0,813.0,601.0,813.0,1,2,0
250,78,346.0,469.0,379.0,462.0,375.0,439.0,342.0,446.0,1,7,0
250,80,368.0,416.0,377.0,395.0,342.0,380.0,333.0,401.0,1,7,0
250,81,280.0,675.0,295.0,675.0,295.0,661.0,280.0,661.0,1,2,0
250,82,346.0,378.0,348.0,339.0,336.0,339.0,334.0,378.0,1,1,0
250,83,338.0,335.0,353.0,318.0,325.0,294.0,310.0,311.0,1,7,0
250,84,467.0,491.0,481.0,491.0,481.0,476.0,467.0,476.0,1,2,0
250,85,317.0,259.0,349.0,253.0,336.0,190.0,304.0,196.0,1,6,0
250,87,218.0,338.0,235.0,338.0,235.0,325.0,218.0,325.0,1,2,0
250,88,313.0,109.0,313.0,84.0,272.0,84.0,272.0,109.0,1,7,0
250,89,441.0,110.0,457.0,108.0,452.0,65.0,436.0,67.0,1,1,0
250,90,284.0,64.0,320.0,62.0,318.0,37.0,283.0,39.0,1,7,0
250,91,104.0,165.0,121.0,163.0,120.0,145.0,102.0,147.0,1,2,0
251,60,461.0,725.0,473.0,725.0,473.0,706.0,461.0,706.0,1,2,0
251,61,468.0,706.0,482.0,706.0,482.0,686.0,468.0,686.0,1,2,0
251,62,445.0,678.0,459.0,678.0,459.0,661.0,445.0,661.0,1,2,0
251,64,479.0,815.0,490.0,815.0,490.0,801.0,479.0,801.0,1,2,0
251,71,423.0,490.0,436.0,490.0,436.0,478.0,423.0,478.0,1,2,0
251,72,1183.0,123.0,1200.0,123.0,1200.0,100.0,1183.0,100.0,1,2,0
251,73,199.0,741.0,241.0,741.0,241.0,721.0,199.0,721.0,1,1,0
251,74,519.0,707.0,535.0,706.0,531.0,662.0,515.0,663.0,1,1,0
251,75,527.0,699.0,536.0,683.0,521.0,675.0,512.0,691.0,1,2,0
251,76,186.0,549.0,228.0,540.0,224.0,519.0,182.0,528.0,1,7,0
251,77,597.0,841.0,612.0,841.0,612.0,825.0,597.0,825.0,1,2,0
251,78,339.0,485.0,371.0,469.0,361.0,450.0,329.0,466.0,1,7,0
251,80,361.0,426.0,368.0,404.0,331.0,392.0,323.0,414.0,1,7,0
251,81,268.0,692.0,282.0,692.0,282.0,678.0,268.0,678.0,1,2,0
251,82,336.0,393.0,338.0,351.0,326.0,351.0,324.0,393.0,1,1,0
251,83,328.0,348.0,344.0,332.0,317.0,304.0,301.0,320.0,1,7,0
251,84,459.0,515.0,475.0,515.0,475.0,496.0,459.0,496.0,1,2,0
251,85,306.0,270.0,338.0,266.0,330.0,202.0,298.0,206.0,1,6,0
251,87,210.0,363.0,227.0,363.0,227.0,341.0,210.0,341.0,1,2,0
251,88,303.0,121.0,303.0,97.0,262.0,97.0,262.0,121.0,1,7,0
251,89,432.0,122.0,450.0,120.0,445.0,77.0,426.0,79.0,1,1,0
251,90,313.0,75.0,313.0,51.0,272.0,51.0,272.0,75.0,1,7,0
251,91,101.0,170.0,118.0,168.0,117.0,150.0,99.0,152.0,1,2,0
252,60,461.0,715.0,475.0,715.0,475.0,699.0,461.0,699.0,1,2,0
252,61,471.0,696.0,484.0,696.0,484.0,683.0,471.0,683.0,1,2,0
252,62,447.0,672.0,461.0,672.0,461.0,659.0,447.0,659.0,1,2,0
252,64,477.0,807.0,491.0,806.0,490.0,787.0,476.0,788.0,1,2,0
252,71,424.0,488.0,437.0,488.0,437.0,472.0,424.0,472.0,1,2,0
252,72,1200.0,108.0,1200.0,91.0,1181.0,91.0,1181.0,108.0,1,2,0
252,73,242.0,739.0,242.0,720.0,201.0,720.0,201.0,739.0,1,1,0
252,74,521.0,704.0,536.0,703.0,532.0,658.0,517.0,659.0,1,1,0
252,75,518.0,694.0,537.0,690.0,534.0,673.0,515.0,677.0,1,2,0
252,76,191.0,550.0,233.0,535.0,225.0,512.0,182.0,527.0,1,7,0
252,77,619.0,831.0,620.0,811.0,604.0,810.0,602.0,830.0,1,2,0
252,78,339.0,480.0,373.0,474.0,369.0,451.0,335.0,457.0,1,7,0
252,80,359.0,425.0,368.0,404.0,335.0,389.0,326.0,410.0,1,7,0
252,81,271.0,697.0,286.0,697.0,286.0,678.0,271.0,678.0,1,2,0
252,82,338.0,389.0,340.0,349.0,329.0,348.0,327.0,388.0,1,1,0
252,83,330.0,345.0,346.0,328.0,319.0,304.0,303.0,321.0,1,7,0
252,84,463.0,524.0,479.0,523.0,478.0,501.0,462.0,502.0,1,2,0
252,85,310.0,270.0,340.0,265.0,330.0,201.0,300.0,206.0,1,6,0
252,87,214.0,369.0,231.0,369.0,231.0,353.0,214.0,353.0,1,2,0
252,88,307.0,118.0,307.0,94.0,266.0,94.0,266.0,118.0,1,7,0
252,89,434.0,120.0,451.0,118.0,445.0,74.0,429.0,76.0,1,1,0
252,90,279.0,72.0,314.0,72.0,314.0,47.0,279.0,47.0,1,7,0
252,91,110.0,161.0,133.0,159.0,132.0,142.0,109.0,144.0,1,2,0
253,60,463.0,725.0,477.0,725.0,477.0,709.0,463.0,709.0,1,2,0
253,61,474.0,705.0,487.0,705.0,487.0,688.0,474.0,688.0,1,2,0
253,62,449.0,685.0,465.0,685.0,465.0,670.0,449.0,670.0,1,2,0
253,64,481.0,815.0,495.0,815.0,495.0,798.0,481.0,798.0,1,2,0
253,71,430.0,500.0,440.0,500.0,440.0,481.0,430.0,481.0,1,2,0
253,72,1183.0,114.0,1200.0,114.0,1200.0,98.0,1183.0,98.0,1,2,0
253,73,207.0,753.0,246.0,753.0,246.0,734.0,207.0,734.0,1,1,0
253,74,524.0,717.0,539.0,716.0,536.0,673.0,521.0,674.0,1,1,0
253,75,524.0,707.0,539.0,707.0,539.0,692.0,524.0,692.0,1,2,0
253,76,194.0,565.0,238.0,550.0,230.0,527.0,186.0,542.0,1,7,0
253,77,612.0,836.0,628.0,836.0,628.0,819.0,612.0,819.0,1,2,0
253,78,344.0,495.0,378.0,487.0,372.0,464.0,338.0,472.0,1,7,0
253,80,363.0,441.0,373.0,420.0,340.0,404.0,329.0,425.0,1,7,0
253,81,288.0,717.0,289.0,701.0,274.0,700.0,273.0,716.0,1,2,0
253,82,343.0,403.0,345.0,364.0,333.0,363.0,330.0,402.0,1,1,0
253,83,335.0,359.0,350.0,341.0,321.0,318.0,307.0,336.0,1,7,0
253,84,469.0,543.0,483.0,543.0,483.0,530.0,469.0,530.0,1,2,0
253,85,313.0,283.0,343.0,278.0,333.0,215.0,303.0,220.0,1,6,0
253,87,220.0,390.0,237.0,390.0,237.0,376.0,220.0,376.0,1,2,0
253,88,312.0,133.0,312.0,110.0,271.0,109.0,270.0,132.0,1,7,0
253,89,437.0,134.0,454.0,132.0,450.0,90.0,433.0,92.0,1,1,0
253,90,282.0,87.0,318.0,86.0,317.0,62.0,281.0,63.0,1,7,0
253,91,125.0,168.0,139.0,168.0,139.0,151.0,125.0,151.0,1,2,0
254,60,472.0,716.0,485.0,716.0,485.0,697.0,472.0,697.0,1,2,0
254,61,499.0,699.0,500.0,679.0,486.0,678.0,485.0,698.0,1,2,0
254,62,461.0,679.0,474.0,679.0,474.0,665.0,461.0,665.0,1,2,0
254,64,489.0,804.0,504.0,804.0,504.0,786.0,489.0,786.0,1,2,0
254,71,438.0,488.0,448.0,488.0,448.0,471.0,438.0,471.0,1,2,0
254,73,219.0,751.0,258.0,751.0,258.0,731.0,219.0,731.0,1,1,0
254,74,535.0,714.0,550.0,713.0,547.0,669.0,532.0,670.0,1,1,0
254,75,532.0,702.0,549.0,702.0,549.0,684.0,532.0,684.0,1,2,0
254,76,205.0,563.0,248.0,547.0,240.0,524.0,196.0,540.0,1,7,0
254,77,626.0,824.0,642.0,823.0,641.0,806.0,625.0,807.0,1,2,0
254,78,354.0,492.0,388.0,486.0,383.0,462.0,349.0,468.0,1,7,0
254,80,373.0,436.0,382.0,415.0,349.0,402.0,341.0,423.0,1,7,0
254,81,283.0,722.0,298.0,722.0,298.0,706.0,283.0,706.0,1,2,0
254,82,353.0,401.0,356.0,361.0,342.0,360.0,339.0,400.0,1,1,0
254,83,347.0,356.0,360.0,337.0,331.0,316.0,317.0,335.0,1,7,0
254,84,477.0,550.0,493.0,550.0,493.0,533.0,477.0,533.0,1,2,0
254,85,324.0,282.0,354.0,277.0,342.0,209.0,312.0,214.0,1,6,0
254,87,248.0,401.0,248.0,382.0,231.0,382.0,231.0,401.0,1,2,0
254,88,281.0,131.0,321.0,131.0,321.0,107.0,281.0,107.0,1,7,0
254,89,448.0,130.0,463.0,129.0,458.0,87.0,444.0,88.0,1,1,0
254,90,292.0,86.0,326.0,82.0,324.0,57.0,289.0,61.0,1,7,0
254,91,143.0,154.0,158.0,154.0,158.0,139.0,143.0,139.0,1,2,0
255,60,476.0,711.0,489.0,711.0,489.0,696.0,476.0,696.0,1,2,0
255,61,492.0,694.0,504.0,694.0,504.0,679.0,492.0,679.0,1,2,0
255,62,478.0,676.0,478.0,662.0,467.0,662.0,467.0,676.0,1,2,0
255,64,494.0,800.0,508.0,799.0,506.0,777.0,492.0,778.0,1,2,0
255,71,441.0,490.0,451.0,490.0,451.0,469.0,441.0,469.0,1,2,0
255,73,224.0,752.0,261.0,751.0,261.0,731.0,224.0,732.0,1,1,0
255,74,540.0,714.0,555.0,713.0,550.0,671.0,535.0,672.0,1,1,0
255,75,535.0,702.0,556.0,702.0,556.0,687.0,535.0,687.0,1,2,0
255,76,209.0,563.0,251.0,548.0,244.0,526.0,201.0,541.0,1,7,0
255,77,647.0,817.0,652.0,795.0,639.0,792.0,634.0,814.0,1,2,0
255,78,358.0,493.0,391.0,487.0,386.0,464.0,353.0,470.0,1,7,0
255,80,377.0,438.0,386.0,417.0,353.0,402.0,344.0,423.0,1,7,0
255,81,287.0,730.0,302.0,730.0,302.0,710.0,287.0,710.0,1,2,0
255,82,356.0,400.0,360.0,362.0,348.0,361.0,344.0,399.0,1,1,0
255,83,350.0,359.0,365.0,341.0,336.0,317.0,321.0,335.0,1,7,0
255,84,485.0,563.0,499.0,562.0,497.0,542.0,483.0,543.0,1,2,0
255,85,328.0,282.0,357.0,277.0,346.0,211.0,317.0,216.0,1,6,0
255,87,237.0,407.0,255.0,406.0,254.0,392.0,237.0,393.0,1,2,0
255,88,325.0,133.0,326.0,110.0,284.0,107.0,283.0,130.0,1,7,0
255,89,451.0,132.0,468.0,130.0,464.0,88.0,447.0,90.0,1,1,0
255,90,296.0,85.0,330.0,85.0,330.0,61.0,296.0,61.0,1,7,0
255,91,170.0,152.0,173.0,130.0,153.0,128.0,150.0,150.0,1,2,0
256,60,472.0,703.0,485.0,703.0,485.0,686.0,472.0,686.0,1,2,0
256,61,488.0,688.0,500.0,688.0,500.0,670.0,488.0,670.0,1,2,0
256,62,463.0,670.0,475.0,670.0,475.0,656.0,463.0,656.0,1,2,0
256,64,489.0,789.0,503.0,789.0,503.0,774.0,489.0,774.0,1,2,0
256,71,438.0,475.0,450.0,475.0,450.0,458.0,438.0,458.0,1,2,0
256,72,1189.0,82.0,1204.0,82.0,1204.0,62.0,1189.0,62.0,1,2,0
256,73,259.0,749.0,259.0,728.0,219.0,728.0,219.0,749.0,1,1,0
256,74,537.0,712.0,551.0,711.0,548.0,669.0,534.0,670.0,1,1,0
256,75,533.0,699.0,554.0,699.0,554.0,684.0,533.0,684.0,1,2,0
256,76,205.0,561.0,250.0,546.0,242.0,523.0,198.0,538.0,1,7,0
256,77,636.0,804.0,651.0,804.0,651.0,789.0,636.0,789.0,1,2,0
256,78,353.0,489.0,388.0,485.0,386.0,462.0,350.0,466.0,1,7,0
256,80,373.0,436.0,383.0,414.0,350.0,400.0,340.0,422.0,1,7,0
256,81,283.0,736.0,297.0,736.0,297.0,721.0,283.0,721.0,1,2,0
256,82,353.0,398.0,356.0,360.0,345.0,359.0,342.0,397.0,1,1,0
256,83,346.0,355.0,361.0,338.0,334.0,315.0,319.0,331.0,1,7,0
256,84,495.0,567.0,496.0,553.0,483.0,552.0,482.0,566.0,1,2,0
256,85,325.0,280.0,356.0,275.0,344.0,208.0,313.0,213.0,1,6,0
256,87,238.0,413.0,254.0,413.0,254.0,394.0,238.0,394.0,1,2,0
256,88,320.0,130.0,322.0,106.0,281.0,104.0,279.0,128.0,1,7,0
256,89,448.0,129.0,464.0,128.0,460.0,86.0,444.0,87.0,1,1,0
256,90,292.0,83.0,328.0,81.0,326.0,57.0,290.0,59.0,1,7,0
256,91,156.0,137.0,171.0,137.0,171.0,120.0,156.0,120.0,1,2,0
257,60,475.0,703.0,487.0,703.0,487.0,689.0,475.0,689.0,1,2,0
257,61,491.0,688.0,504.0,688.0,504.0,672.0,491.0,672.0,1,2,0
257,64,492.0,788.0,508.0,787.0,506.0,766.0,490.0,767.0,1,2,0
257,71,440.0,478.0,455.0,478.0,455.0,459.0,440.0,459.0,1,2,0
257,72,1193.0,79.0,1204.0,79.0,1204.0,53.0,1193.0,53.0,1,2,0
257,73,225.0,753.0,263.0,753.0,263.0,733.0,225.0,733.0,1,1,0
257,74,541.0,717.0,555.0,716.0,552.0,673.0,537.0,674.0,1,1,0
257,75,536.0,704.0,556.0,704.0,556.0,689.0,536.0,689.0,1,2,0
257,76,209.0,565.0,253.0,551.0,246.0,528.0,202.0,542.0,1,7,0
257,77,657.0,802.0,659.0,780.0,642.0,779.0,640.0,801.0,1,2,0
257,78,359.0,495.0,392.0,487.0,387.0,466.0,354.0,474.0,1,7,0
257,80,377.0,441.0,388.0,420.0,355.0,404.0,344.0,425.0,1,7,0
257,81,283.0,748.0,299.0,748.0,299.0,732.0,283.0,732.0,1,2,0
257,82,358.0,403.0,360.0,364.0,347.0,363.0,345.0,402.0,1,1,0
257,83,351.0,360.0,366.0,343.0,337.0,319.0,322.0,336.0,1,7,0
257,84,486.0,580.0,502.0,580.0,502.0,559.0,486.0,559.0,1,2,0
257,85,329.0,286.0,360.0,280.0,348.0,213.0,316.0,219.0,1,6,0
257,87,243.0,429.0,260.0,429.0,260.0,410.0,243.0,410.0,1,2,0
257,88,326.0,135.0,327.0,112.0,285.0,109.0,284.0,132.0,1,7,0
257,89,452.0,134.0,467.0,132.0,463.0,90.0,447.0,92.0,1,1,0
257,90,296.0,88.0,331.0,87.0,330.0,63.0,296.0,64.0,1,7,0
257,91,165.0,134.0,180.0,134.0,180.0,118.0,165.0,118.0,1,2,0
258,60,476.0,719.0,487.0,719.0,487.0,701.0,476.0,701.0,1,2,0
258,61,499.0,706.0,508.0,687.0,498.0,683.0,489.0,702.0,1,2,0
258,64,493.0,802.0,507.0,802.0,507.0,787.0,493.0,787.0,1,2,0
258,71,441.0,490.0,454.0,490.0,454.0,474.0,441.0,474.0,1,2,0
258,72,1190.0,87.0,1204.0,87.0,1204.0,71.0,1190.0,71.0,1,2,0
258,73,262.0,775.0,264.0,757.0,222.0,752.0,219.0,770.0,1,1,0
258,74,541.0,738.0,556.0,737.0,554.0,694.0,538.0,695.0,1,1,0
258,75,556.0,727.0,557.0,711.0,538.0,710.0,538.0,726.0,1,2,0
258,76,209.0,586.0,253.0,573.0,246.0,550.0,202.0,563.0,1,7,0
258,77,648.0,815.0,665.0,810.0,660.0,793.0,643.0,798.0,1,2,0
258,78,360.0,516.0,395.0,509.0,391.0,486.0,355.0,493.0,1,7,0
258,80,381.0,459.0,388.0,437.0,356.0,427.0,349.0,449.0,1,7,0
258,81,276.0,775.0,294.0,775.0,294.0,757.0,276.0,757.0,1,2,0
258,82,349.0,423.0,360.0,423.0,360.0,383.0,349.0,383.0,1,1,0
258,83,352.0,383.0,368.0,367.0,342.0,341.0,326.0,357.0,1,7,0
258,84,496.0,609.0,507.0,609.0,507.0,594.0,496.0,594.0,1,2,0
258,85,333.0,308.0,364.0,302.0,350.0,233.0,319.0,239.0,1,6,0
258,87,247.0,455.0,263.0,455.0,263.0,439.0,247.0,439.0,1,2,0
258,88,325.0,156.0,328.0,133.0,287.0,129.0,284.0,152.0,1,7,0
258,89,451.0,157.0,469.0,155.0,465.0,111.0,447.0,113.0,1,1,0
258,90,298.0,108.0,333.0,108.0,333.0,84.0,298.0,84.0,1,7,0
258,91,172.0,148.0,192.0,148.0,192.0,126.0,172.0,126.0,1,2,0
259,60,470.0,729.0,482.0,729.0,482.0,715.0,470.0,715.0,1,2,0
259,61,485.0,715.0,497.0,715.0,497.0,700.0,485.0,700.0,1,2,0
259,64,486.0,812.0,499.0,812.0,499.0,794.0,486.0,794.0,1,2,0
259,71,434.0,503.0,447.0,503.0,447.0,489.0,434.0,489.0,1,2,0
259,72,1198.0,97.0,1198.0,76.0,1176.0,76.0,1176.0,97.0,1,2,0
259,73,219.0,791.0,258.0,791.0,258.0,771.0,219.0,771.0,1,1,0
259,74,535.0,754.0,549.0,753.0,546.0,711.0,531.0,712.0,1,1,0
259,75,532.0,742.0,549.0,742.0,549.0,726.0,532.0,726.0,1,2,0
259,76,205.0,603.0,248.0,587.0,239.0,564.0,197.0,580.0,1,7,0
259,77,644.0,819.0,659.0,819.0,659.0,803.0,644.0,803.0,1,2,0
259,78,353.0,531.0,387.0,526.0,383.0,504.0,350.0,509.0,1,7,0
259,80,373.0,478.0,381.0,457.0,347.0,443.0,338.0,464.0,1,7,0
259,81,267.0,800.0,284.0,800.0,284.0,783.0,267.0,783.0,1,2,0
259,82,352.0,440.0,354.0,402.0,342.0,402.0,341.0,440.0,1,1,0
259,83,343.0,398.0,359.0,382.0,333.0,357.0,317.0,373.0,1,7,0
259,84,486.0,636.0,501.0,636.0,501.0,617.0,486.0,617.0,1,2,0
259,85,325.0,322.0,355.0,316.0,342.0,250.0,311.0,256.0,1,6,0
259,87,243.0,482.0,260.0,482.0,260.0,460.0,243.0,460.0,1,2,0
259,88,320.0,173.0,322.0,150.0,280.0,146.0,278.0,169.0,1,7,0
259,89,447.0,172.0,463.0,170.0,458.0,128.0,442.0,130.0,1,1,0
259,90,291.0,125.0,324.0,124.0,324.0,101.0,290.0,102.0,1,7,0
259,91,171.0,152.0,185.0,152.0,185.0,135.0,171.0,135.0,1,2,0
259,92,112.0,19.0,152.0,5.0,144.0,-16.0,104.0,-2.0,1,7,0
260,60,492.0,736.0,492.0,716.0,480.0,716.0,480.0,736.0,1,2,0
260,61,493.0,722.0,506.0,722.0,506.0,704.0,493.0,704.0,1,2,0
260,64,494.0,818.0,510.0,818.0,510.0,797.0,494.0,797.0,1,2,0
260,71,441.0,512.0,457.0,512.0,457.0,492.0,441.0,492.0,1,2,0
260,72,1200.0,104.0,1205.0,78.0,1189.0,75.0,1184.0,101.0,1,2,0
260,73,267.0,804.0,268.0,784.0,227.0,783.0,226.0,803.0,1,1,0
260,74,545.0,766.0,561.0,765.0,557.0,721.0,541.0,722.0,1,1,0
260,75,542.0,754.0,560.0,754.0,560.0,739.0,542.0,739.0,1,2,0
260,76,215.0,617.0,258.0,600.0,249.0,577.0,206.0,594.0,1,7,0
260,77,674.0,823.0,674.0,800.0,656.0,800.0,656.0,823.0,1,2,0
260,78,362.0,543.0,397.0,539.0,394.0,516.0,360.0,520.0,1,7,0
260,80,381.0,490.0,391.0,470.0,359.0,455.0,349.0,475.0,1,7,0
260,81,270.0,818.0,290.0,817.0,289.0,801.0,269.0,802.0,1,2,0
260,82,362.0,452.0,364.0,412.0,352.0,412.0,351.0,452.0,1,1,0
260,83,353.0,410.0,369.0,394.0,342.0,369.0,327.0,385.0,1,7,0
260,84,496.0,657.0,513.0,656.0,512.0,631.0,495.0,632.0,1,2,0
260,85,336.0,336.0,365.0,330.0,351.0,264.0,321.0,270.0,1,6,0
260,87,256.0,503.0,272.0,503.0,272.0,488.0,256.0,488.0,1,2,0
260,88,327.0,187.0,331.0,164.0,291.0,158.0,287.0,181.0,1,7,0
260,89,455.0,184.0,472.0,182.0,467.0,140.0,450.0,142.0,1,1,0
260,90,300.0,138.0,339.0,137.0,338.0,114.0,299.0,115.0,1,7,0
260,91,187.0,159.0,202.0,159.0,202.0,141.0,187.0,141.0,1,2,0
260,92,121.0,32.0,160.0,18.0,151.0,-4.0,113.0,10.0,1,7,0
261,60,471.0,738.0,483.0,738.0,483.0,724.0,471.0,724.0,1,2,0
261,61,496.0,727.0,496.0,709.0,482.0,709.0,482.0,727.0,1,2,0
261,64,487.0,820.0,501.0,820.0,501.0,802.0,487.0,802.0,1,2,0
261,71,434.0,515.0,445.0,515.0,445.0,503.0,434.0,503.0,1,2,0
261,72,1176.0,99.0,1195.0,99.0,1195.0,82.0,1176.0,82.0,1,2,0
261,73,220.0,813.0,259.0,813.0,259.0,793.0,220.0,793.0,1,1,0
261,74,537.0,775.0,551.0,774.0,548.0,731.0,534.0,732.0,1,1,0
261,75,533.0,767.0,552.0,764.0,549.0,745.0,530.0,748.0,1,2,0
261,76,206.0,624.0,250.0,608.0,242.0,585.0,197.0,601.0,1,7,0
261,77,663.0,823.0,665.0,807.0,650.0,806.0,648.0,822.0,1,2,0
261,78,355.0,553.0,387.0,547.0,383.0,524.0,351.0,530.0,1,7,0
261,80,372.0,498.0,382.0,477.0,351.0,463.0,341.0,484.0,1,7,0
261,81,255.0,828.0,273.0,828.0,273.0,811.0,255.0,811.0,1,2,0
261,82,344.0,461.0,355.0,461.0,355.0,423.0,344.0,423.0,1,1,0
261,83,347.0,418.0,361.0,401.0,334.0,378.0,319.0,395.0,1,7,0
261,84,494.0,674.0,508.0,674.0,508.0,654.0,494.0,654.0,1,2,0
261,85,327.0,345.0,356.0,339.0,343.0,274.0,314.0,280.0,1,6,0
261,87,249.0,521.0,265.0,521.0,265.0,502.0,249.0,502.0,1,2,0
261,88,321.0,195.0,323.0,172.0,281.0,168.0,279.0,191.0,1,7,0
261,89,449.0,192.0,464.0,191.0,460.0,149.0,445.0,150.0,1,1,0
261,90,292.0,147.0,328.0,145.0,326.0,122.0,291.0,124.0,1,7,0
261,91,202.0,159.0,203.0,137.0,184.0,136.0,182.0,158.0,1,2,0
261,92,113.0,40.0,151.0,26.0,144.0,5.0,106.0,19.0,1,7,0
262,60,487.0,748.0,489.0,734.0,476.0,733.0,474.0,747.0,1,2,0
262,61,483.0,736.0,497.0,735.0,496.0,718.0,482.0,719.0,1,2,0
262,64,488.0,830.0,503.0,829.0,502.0,806.0,487.0,807.0,1,2,0
262,71,433.0,528.0,447.0,528.0,447.0,510.0,433.0,510.0,1,2,0
262,72,1195.0,110.0,1197.0,88.0,1178.0,87.0,1176.0,109.0,1,2,0
262,73,263.0,821.0,264.0,807.0,223.0,806.0,223.0,820.0,1,1,0
262,74,541.0,788.0,554.0,787.0,550.0,746.0,537.0,747.0,1,1,0
262,75,535.0,779.0,553.0,779.0,553.0,763.0,535.0,763.0,1,2,0
262,76,210.0,638.0,252.0,622.0,243.0,599.0,201.0,615.0,1,7,0
262,77,670.0,832.0,673.0,808.0,656.0,807.0,653.0,831.0,1,2,0
262,78,358.0,568.0,393.0,560.0,388.0,538.0,352.0,546.0,1,7,0
262,80,377.0,514.0,387.0,493.0,354.0,477.0,344.0,498.0,1,7,0
262,81,250.0,846.0,266.0,846.0,266.0,830.0,250.0,830.0,1,2,0
262,82,347.0,475.0,359.0,475.0,359.0,437.0,347.0,437.0,1,1,0
262,83,349.0,432.0,364.0,417.0,339.0,392.0,324.0,407.0,1,7,0
262,84,514.0,697.0,514.0,676.0,500.0,676.0,500.0,697.0,1,2,0
262,85,331.0,358.0,361.0,352.0,347.0,287.0,317.0,293.0,1,6,0
262,87,255.0,545.0,272.0,545.0,272.0,524.0,255.0,524.0,1,2,0
262,88,326.0,209.0,329.0,186.0,286.0,181.0,283.0,204.0,1,7,0
262,89,453.0,206.0,469.0,204.0,464.0,164.0,448.0,166.0,1,1,0
262,90,297.0,161.0,334.0,161.0,334.0,136.0,297.0,136.0,1,7,0
262,91,209.0,161.0,209.0,146.0,195.0,146.0,195.0,161.0,1,2,0
262,92,120.0,53.0,158.0,38.0,149.0,17.0,111.0,32.0,1,7,0
263,60,459.0,740.0,470.0,740.0,470.0,728.0,459.0,728.0,1,2,0
263,61,464.0,731.0,477.0,731.0,477.0,715.0,464.0,715.0,1,2,0
263,64,467.0,820.0,481.0,820.0,481.0,804.0,467.0,804.0,1,2,0
263,71,417.0,518.0,430.0,518.0,430.0,504.0,417.0,504.0,1,2,0
263,72,1160.0,104.0,1178.0,104.0,1178.0,81.0,1160.0,81.0,1,2,0
263,73,204.0,823.0,243.0,823.0,243.0,804.0,204.0,804.0,1,1,0
263,74,520.0,788.0,536.0,787.0,534.0,744.0,518.0,745.0,1,1,0
263,75,518.0,776.0,535.0,776.0,535.0,760.0,518.0,760.0,1,2,0
263,76,192.0,635.0,236.0,619.0,227.0,596.0,183.0,612.0,1,7,0
263,77,640.0,818.0,657.0,818.0,657.0,796.0,640.0,796.0,1,2,0
263,78,340.0,565.0,374.0,558.0,370.0,536.0,336.0,543.0,1,7,0
263,80,358.0,511.0,369.0,490.0,338.0,473.0,327.0,494.0,1,7,0
263,81,223.0,846.0,244.0,845.0,243.0,829.0,222.0,830.0,1,2,0
263,82,341.0,473.0,342.0,435.0,329.0,435.0,328.0,473.0,1,1,0
263,83,334.0,429.0,348.0,413.0,320.0,389.0,306.0,405.0,1,7,0
263,84,485.0,702.0,499.0,701.0,496.0,678.0,483.0,679.0,1,2,0
263,85,313.0,355.0,342.0,350.0,330.0,285.0,301.0,290.0,1,6,0
263,87,241.0,548.0,257.0,548.0,257.0,534.0,241.0,534.0,1,2,0
263,88,309.0,206.0,313.0,184.0,271.0,178.0,268.0,200.0,1,7,0
263,89,436.0,205.0,453.0,204.0,449.0,161.0,432.0,162.0,1,1,0
263,90,316.0,158.0,316.0,134.0,282.0,133.0,282.0,157.0,1,7,0
263,91,184.0,153.0,197.0,152.0,196.0,132.0,182.0,133.0,1,2,0
263,92,105.0,49.0,143.0,34.0,134.0,13.0,96.0,28.0,1,7,0
264,60,430.0,758.0,441.0,758.0,441.0,745.0,430.0,745.0,1,2,0
264,61,436.0,748.0,445.0,748.0,445.0,733.0,436.0,733.0,1,2,0
264,64,435.0,838.0,451.0,837.0,450.0,816.0,434.0,817.0,1,2,0
264,71,391.0,539.0,406.0,539.0,406.0,521.0,391.0,521.0,1,2,0
264,72,1143.0,132.0,1162.0,132.0,1162.0,119.0,1143.0,119.0,1,2,0
264,73,209.0,844.0,211.0,823.0,169.0,819.0,167.0,840.0,1,1,0
264,74,491.0,815.0,506.0,814.0,503.0,771.0,488.0,772.0,1,1,0
264,75,488.0,802.0,508.0,802.0,508.0,786.0,488.0,786.0,1,2,0
264,76,163.0,650.0,210.0,641.0,206.0,617.0,159.0,626.0,1,7,0
264,77,612.0,836.0,629.0,836.0,629.0,821.0,612.0,821.0,1,2,0
264,78,319.0,585.0,353.0,575.0,347.0,555.0,313.0,565.0,1,7,0
264,80,331.0,533.0,347.0,515.0,322.0,494.0,306.0,512.0,1,7,0
264,81,182.0,865.0,203.0,865.0,203.0,848.0,182.0,848.0,1,2,0
264,82,320.0,493.0,324.0,452.0,310.0,451.0,307.0,492.0,1,1,0
264,83,308.0,449.0,324.0,436.0,303.0,409.0,286.0,422.0,1,7,0
264,84,455.0,736.0,472.0,736.0,472.0,719.0,455.0,719.0,1,2,0
264,85,293.0,376.0,325.0,371.0,315.0,304.0,283.0,309.0,1,6,0
264,87,222.0,581.0,237.0,576.0,229.0,551.0,214.0,556.0,1,2,0
264,88,294.0,222.0,296.0,200.0,255.0,197.0,253.0,219.0,1,7,0
264,89,424.0,229.0,440.0,227.0,434.0,183.0,418.0,185.0,1,1,0
264,90,269.0,175.0,304.0,175.0,304.0,152.0,269.0,152.0,1,7,0
264,91,177.0,158.0,198.0,144.0,192.0,134.0,170.0,148.0,1,2,0
264,92,92.0,62.0,130.0,50.0,123.0,29.0,85.0,41.0,1,7,0
265,60,353.0,768.0,364.0,768.0,364.0,752.0,353.0,752.0,1,2,0
265,61,359.0,757.0,374.0,757.0,374.0,735.0,359.0,735.0,1,2,0
265,64,352.0,847.0,369.0,846.0,367.0,824.0,350.0,825.0,1,2,0
265,71,339.0,539.0,350.0,539.0,350.0,526.0,339.0,526.0,1,2,0
265,72,1119.0,210.0,1138.0,210.0,1138.0,189.0,1119.0,189.0,1,2,0
265,73,125.0,836.0,129.0,815.0,89.0,808.0,85.0,829.0,1,1,0
265,74,426.0,832.0,429.0,789.0,414.0,788.0,411.0,831.0,1,1,0
265,75,426.0,823.0,429.0,807.0,411.0,804.0,408.0,820.0,1,2,0
265,76,99.0,638.0,142.0,629.0,138.0,607.0,94.0,616.0,1,7,0
265,77,546.0,862.0,557.0,841.0,542.0,834.0,531.0,855.0,1,2,0
265,78,256.0,587.0,290.0,587.0,290.0,562.0,256.0,562.0,1,7,0
265,80,286.0,537.0,296.0,518.0,262.0,499.0,252.0,518.0,1,7,0
265,81,90.0,858.0,105.0,858.0,105.0,842.0,90.0,842.0,1,2,0
265,82,270.0,496.0,277.0,458.0,263.0,456.0,256.0,494.0,1,1,0
265,83,270.0,454.0,287.0,438.0,258.0,408.0,241.0,424.0,1,7,0
265,84,382.0,761.0,399.0,761.0,399.0,736.0,382.0,736.0,1,2,0
265,85,255.0,374.0,285.0,372.0,281.0,307.0,251.0,309.0,1,6,0
265,87,158.0,578.0,177.0,578.0,177.0,563.0,158.0,563.0,1,2,0
265,88,263.0,225.0,270.0,203.0,235.0,192.0,228.0,214.0,1,7,0
265,89,399.0,241.0,413.0,240.0,411.0,198.0,397.0,199.0,1,1,0
265,90,279.0,183.0,287.0,157.0,251.0,146.0,242.0,172.0,1,7,0
265,91,165.0,138.0,181.0,138.0,181.0,120.0,165.0,120.0,1,2,0
265,92,83.0,45.0,121.0,33.0,115.0,11.0,77.0,23.0,1,7,0
266,61,360.0,736.0,371.0,736.0,371.0,720.0,360.0,720.0,1,2,0
266,64,347.0,825.0,361.0,825.0,361.0,808.0,347.0,808.0,1,2,0
266,71,350.0,522.0,363.0,522.0,363.0,506.0,350.0,506.0,1,2,0
266,72,1145.0,224.0,1165.0,224.0,1165.0,202.0,1145.0,202.0,1,2,0
266,73,122.0,810.0,125.0,792.0,90.0,788.0,87.0,806.0,1,1,0
266,74,421.0,823.0,422.0,780.0,407.0,780.0,406.0,823.0,1,1,0
266,75,423.0,810.0,424.0,794.0,404.0,793.0,404.0,809.0,1,2,0
266,76,104.0,614.0,149.0,604.0,145.0,583.0,100.0,593.0,1,7,0
266,77,532.0,845.0,549.0,845.0,549.0,827.0,532.0,827.0,1,2,0
266,78,265.0,568.0,300.0,568.0,300.0,546.0,265.0,546.0,1,7,0
266,80,289.0,521.0,304.0,501.0,276.0,479.0,260.0,499.0,1,7,0
266,81,76.0,832.0,98.0,832.0,98.0,816.0,76.0,816.0,1,2,0
266,82,279.0,479.0,289.0,439.0,275.0,436.0,266.0,476.0,1,1,0
266,83,271.0,434.0,293.0,425.0,280.0,392.0,258.0,401.0,1,7,0
266,84,381.0,757.0,395.0,757.0,395.0,737.0,381.0,737.0,1,2,0
266,85,270.0,356.0,300.0,356.0,300.0,291.0,270.0,291.0,1,6,0
266,87,170.0,565.0,185.0,565.0,185.0,548.0,170.0,548.0,1,2,0
266,88,290.0,207.0,296.0,186.0,258.0,175.0,252.0,196.0,1,7,0
266,89,433.0,229.0,435.0,187.0,422.0,187.0,421.0,229.0,1,1,0
266,90,304.0,165.0,312.0,145.0,280.0,132.0,272.0,152.0,1,7,0
266,91,202.0,112.0,216.0,112.0,216.0,95.0,202.0,95.0,1,2,0
266,92,117.0,21.0,155.0,9.0,148.0,-11.0,110.0,1.0,1,7,0
267,61,410.0,745.0,423.0,745.0,423.0,724.0,410.0,724.0,1,2,0
267,64,399.0,832.0,413.0,832.0,413.0,810.0,399.0,810.0,1,2,0
267,71,403.0,530.0,413.0,530.0,413.0,513.0,403.0,513.0,1,2,0
267,73,174.0,823.0,178.0,803.0,140.0,796.0,136.0,816.0,1,1,0
267,74,471.0,835.0,473.0,794.0,458.0,793.0,456.0,834.0,1,1,0
267,75,453.0,823.0,472.0,823.0,472.0,808.0,453.0,808.0,1,2,0
267,76,157.0,627.0,202.0,617.0,197.0,594.0,152.0,604.0,1,7,0
267,77,590.0,855.0,605.0,842.0,593.0,829.0,578.0,842.0,1,2,0
267,78,343.0,590.0,352.0,569.0,319.0,555.0,310.0,576.0,1,7,0
267,80,345.0,535.0,357.0,515.0,326.0,495.0,313.0,515.0,1,7,0
267,81,119.0,845.0,136.0,845.0,136.0,830.0,119.0,830.0,1,2,0
267,82,331.0,493.0,340.0,453.0,328.0,451.0,319.0,491.0,1,1,0
267,83,327.0,449.0,347.0,436.0,327.0,406.0,307.0,419.0,1,7,0
267,84,429.0,779.0,443.0,779.0,443.0,761.0,429.0,761.0,1,2,0
267,85,327.0,373.0,356.0,372.0,352.0,299.0,324.0,300.0,1,6,0
267,87,223.0,591.0,237.0,591.0,237.0,570.0,223.0,570.0,1,2,0
267,88,345.0,220.0,349.0,199.0,308.0,191.0,304.0,212.0,1,7,0
267,89,485.0,246.0,487.0,203.0,474.0,203.0,472.0,246.0,1,1,0
267,90,360.0,176.0,364.0,153.0,329.0,146.0,325.0,169.0,1,7,0
267,91,262.0,119.0,282.0,119.0,282.0,99.0,262.0,99.0,1,2,0
267,92,168.0,33.0,205.0,30.0,204.0,8.0,167.0,11.0,1,7,0
268,61,388.0,748.0,402.0,748.0,402.0,732.0,388.0,732.0,1,2,0
268,64,378.0,837.0,391.0,837.0,391.0,821.0,378.0,821.0,1,2,0
268,71,378.0,534.0,388.0,534.0,388.0,521.0,378.0,521.0,1,2,0
268,72,1179.0,233.0,1196.0,233.0,1196.0,213.0,1179.0,213.0,1,2,0
268,73,153.0,833.0,155.0,814.0,118.0,809.0,115.0,828.0,1,1,0
268,74,447.0,845.0,450.0,804.0,436.0,803.0,433.0,844.0,1,1,0
268,75,430.0,835.0,451.0,833.0,450.0,817.0,429.0,819.0,1,2,0
268,76,134.0,638.0,176.0,630.0,172.0,607.0,130.0,615.0,1,7,0
268,77,580.0,854.0,588.0,834.0,573.0,828.0,565.0,848.0,1,2,0
268,78,322.0,597.0,326.0,575.0,295.0,568.0,290.0,590.0,1,7,0
268,80,322.0,541.0,332.0,521.0,302.0,505.0,292.0,525.0,1,7,0
268,81,95.0,861.0,114.0,848.0,105.0,836.0,86.0,849.0,1,2,0
268,82,309.0,503.0,316.0,465.0,304.0,463.0,296.0,501.0,1,1,0
268,83,309.0,459.0,326.0,442.0,300.0,415.0,283.0,432.0,1,7,0
268,84,415.0,801.0,423.0,777.0,411.0,773.0,403.0,797.0,1,2,0
268,85,305.0,386.0,333.0,383.0,326.0,308.0,297.0,311.0,1,6,0
268,87,202.0,607.0,216.0,603.0,212.0,589.0,197.0,593.0,1,2,0
268,88,318.0,235.0,326.0,214.0,289.0,198.0,280.0,219.0,1,7,0
268,89,462.0,254.0,463.0,212.0,451.0,212.0,449.0,254.0,1,1,0
268,90,332.0,191.0,342.0,168.0,310.0,155.0,301.0,178.0,1,7,0
268,91,247.0,119.0,261.0,119.0,261.0,105.0,247.0,105.0,1,2,0
268,92,146.0,44.0,184.0,37.0,179.0,15.0,141.0,22.0,1,7,0
269,61,433.0,751.0,434.0,734.0,419.0,733.0,417.0,750.0,1,2,0
269,64,406.0,840.0,421.0,840.0,421.0,820.0,406.0,820.0,1,2,0
269,71,409.0,540.0,420.0,540.0,420.0,522.0,409.0,522.0,1,2,0
269,73,182.0,843.0,184.0,823.0,143.0,818.0,141.0,838.0,1,1,0
269,74,475.0,857.0,481.0,814.0,466.0,812.0,460.0,855.0,1,1,0
269,75,476.0,845.0,477.0,828.0,460.0,827.0,459.0,844.0,1,2,0
269,76,164.0,648.0,207.0,639.0,203.0,616.0,160.0,625.0,1,7,0
269,77,601.0,855.0,616.0,855.0,616.0,838.0,601.0,838.0,1,2,0
269,78,353.0,604.0,354.0,582.0,321.0,580.0,319.0,602.0,1,7,0
269,80,347.0,556.0,362.0,536.0,332.0,514.0,317.0,534.0,1,7,0
269,81,115.0,869.0,136.0,869.0,136.0,851.0,115.0,851.0,1,2,0
269,82,335.0,514.0,346.0,475.0,333.0,472.0,323.0,511.0,1,1,0
269,83,336.0,468.0,353.0,452.0,330.0,427.0,312.0,443.0,1,7,0
269,84,431.0,816.0,445.0,816.0,445.0,799.0,431.0,799.0,1,2,0
269,85,329.0,393.0,360.0,392.0,357.0,325.0,326.0,326.0,1,6,0
269,87,230.0,626.0,245.0,626.0,245.0,605.0,230.0,605.0,1,2,0
269,88,349.0,243.0,354.0,221.0,314.0,211.0,309.0,233.0,1,7,0
269,89,476.0,265.0,491.0,265.0,491.0,223.0,476.0,223.0,1,1,0
269,90,363.0,197.0,368.0,176.0,333.0,169.0,328.0,190.0,1,7,0
269,91,298.0,127.0,298.0,107.0,282.0,107.0,282.0,127.0,1,2,0
269,92,173.0,56.0,213.0,49.0,209.0,27.0,169.0,34.0,1,7,0
270,61,426.0,753.0,426.0,738.0,412.0,738.0,412.0,753.0,1,2,0
270,64,412.0,842.0,413.0,824.0,397.0,823.0,396.0,841.0,1,2,0
270,71,398.0,541.0,412.0,541.0,412.0,524.0,398.0,524.0,1,2,0
270,73,170.0,850.0,172.0,831.0,135.0,827.0,133.0,846.0,1,1,0
270,74,465.0,864.0,468.0,822.0,454.0,821.0,451.0,863.0,1,1,0
270,75,453.0,853.0,467.0,853.0,467.0,838.0,453.0,838.0,1,2,0
270,76,152.0,654.0,196.0,649.0,193.0,624.0,149.0,629.0,1,7,0
270,77,609.0,857.0,611.0,834.0,597.0,833.0,596.0,856.0,1,2,0
270,78,345.0,612.0,347.0,590.0,312.0,588.0,311.0,610.0,1,7,0
270,80,339.0,561.0,351.0,540.0,322.0,524.0,310.0,545.0,1,7,0
270,81,98.0,876.0,119.0,876.0,119.0,858.0,98.0,858.0,1,2,0
270,82,327.0,522.0,337.0,482.0,324.0,479.0,314.0,519.0,1,1,0
270,83,328.0,476.0,345.0,460.0,320.0,435.0,303.0,451.0,1,7,0
270,84,419.0,833.0,434.0,833.0,434.0,815.0,419.0,815.0,1,2,0
270,85,321.0,401.0,351.0,400.0,349.0,332.0,319.0,333.0,1,6,0
270,87,222.0,642.0,237.0,642.0,237.0,625.0,222.0,625.0,1,2,0
270,88,341.0,250.0,346.0,229.0,306.0,220.0,301.0,241.0,1,7,0
270,89,482.0,274.0,483.0,232.0,469.0,232.0,468.0,274.0,1,1,0
270,90,356.0,205.0,360.0,183.0,325.0,177.0,322.0,199.0,1,7,0
270,91,302.0,126.0,302.0,107.0,282.0,107.0,282.0,126.0,1,2,0
270,92,163.0,64.0,205.0,57.0,201.0,34.0,159.0,41.0,1,7,0
270,93,1192.0,874.0,1205.0,866.0,1194.0,847.0,1181.0,855.0,1,2,0
271,61,423.0,774.0,423.0,759.0,409.0,759.0,409.0,774.0,1,2,0
271,64,392.0,868.0,406.0,868.0,406.0,850.0,392.0,850.0,1,2,0
271,71,392.0,566.0,406.0,566.0,406.0,550.0,392.0,550.0,1,2,0
271,73,163.0,882.0,166.0,863.0,128.0,859.0,125.0,878.0,1,1,0
271,74,460.0,896.0,463.0,855.0,448.0,854.0,445.0,895.0,1,1,0
271,75,461.0,884.0,462.0,870.0,447.0,869.0,446.0,883.0,1,2,0
271,76,147.0,689.0,191.0,679.0,185.0,655.0,141.0,665.0,1,7,0
271,77,595.0,879.0,609.0,879.0,609.0,861.0,595.0,861.0,1,2,0
271,78,338.0,644.0,339.0,621.0,306.0,619.0,304.0,642.0,1,7,0
271,80,333.0,592.0,346.0,573.0,316.0,554.0,303.0,573.0,1,7,0
271,82,321.0,552.0,328.0,512.0,316.0,510.0,309.0,550.0,1,1,0
271,83,320.0,508.0,338.0,494.0,316.0,466.0,298.0,480.0,1,7,0
271,84,410.0,875.0,425.0,875.0,425.0,854.0,410.0,854.0,1,2,0
271,85,315.0,435.0,345.0,434.0,343.0,363.0,313.0,364.0,1,6,0
271,87,215.0,681.0,231.0,681.0,231.0,662.0,215.0,662.0,1,2,0
271,88,334.0,282.0,339.0,261.0,300.0,251.0,294.0,272.0,1,7,0
271,89,477.0,305.0,478.0,263.0,463.0,263.0,462.0,305.0,1,1,0
271,90,352.0,235.0,355.0,214.0,318.0,209.0,316.0,230.0,1,7,0
271,91,286.0,147.0,299.0,147.0,299.0,134.0,286.0,134.0,1,2,0
271,92,159.0,95.0,199.0,87.0,195.0,65.0,155.0,73.0,1,7,0
271,93,1182.0,894.0,1198.0,894.0,1198.0,871.0,1182.0,871.0,1,2,0
272,61,416.0,765.0,430.0,765.0,430.0,744.0,416.0,744.0,1,2,0
272,64,401.0,857.0,415.0,857.0,415.0,833.0,401.0,833.0,1,2,0
272,71,402.0,556.0,412.0,556.0,412.0,537.0,402.0,537.0,1,2,0
272,73,168.0,880.0,175.0,858.0,138.0,847.0,131.0,869.0,1,1,0
272,74,467.0,889.0,469.0,847.0,456.0,847.0,455.0,889.0,1,1,0
272,75,451.0,878.0,471.0,878.0,471.0,864.0,451.0,864.0,1,2,0
272,76,155.0,684.0,198.0,671.0,190.0,648.0,148.0,661.0,1,7,0
272,77,606.0,867.0,620.0,867.0,620.0,847.0,606.0,847.0,1,2,0
272,78,314.0,639.0,347.0,636.0,345.0,613.0,311.0,616.0,1,7,0
272,80,342.0,588.0,353.0,568.0,322.0,551.0,311.0,571.0,1,7,0
272,82,328.0,549.0,336.0,509.0,324.0,506.0,315.0,546.0,1,1,0
272,83,326.0,503.0,344.0,491.0,324.0,460.0,306.0,472.0,1,7,0
272,84,419.0,878.0,434.0,878.0,434.0,862.0,419.0,862.0,1,2,0
272,85,322.0,427.0,353.0,427.0,353.0,361.0,322.0,361.0,1,6,0
272,87,224.0,682.0,238.0,682.0,238.0,657.0,224.0,657.0,1,2,0
272,88,343.0,277.0,347.0,255.0,304.0,248.0,301.0,270.0,1,7,0
272,89,483.0,302.0,485.0,259.0,470.0,258.0,468.0,301.0,1,1,0
272,90,357.0,231.0,362.0,211.0,326.0,204.0,322.0,224.0,1,7,0
272,91,297.0,141.0,314.0,141.0,314.0,122.0,297.0,122.0,1,2,0
272,92,165.0,92.0,206.0,84.0,201.0,62.0,160.0,70.0,1,7,0
272,93,1190.0,876.0,1207.0,876.0,1207.0,848.0,1190.0,848.0,1,2,0
273,61,445.0,752.0,458.0,752.0,458.0,736.0,445.0,736.0,1,2,0
273,64,430.0,843.0,443.0,843.0,443.0,827.0,430.0,827.0,1,2,0
273,71,427.0,543.0,437.0,543.0,437.0,529.0,427.0,529.0,1,2,0
273,73,204.0,875.0,207.0,855.0,166.0,849.0,163.0,869.0,1,1,0
273,74,497.0,881.0,499.0,841.0,485.0,840.0,483.0,880.0,1,1,0
273,75,497.0,871.0,498.0,854.0,484.0,853.0,483.0,870.0,1,2,0
273,76,183.0,680.0,225.0,671.0,220.0,647.0,178.0,656.0,1,7,0
273,77,654.0,848.0,656.0,824.0,642.0,823.0,640.0,847.0,1,2,0
273,78,370.0,632.0,370.0,611.0,338.0,610.0,338.0,631.0,1,7,0
273,80,368.0,579.0,377.0,559.0,345.0,545.0,336.0,565.0,1,7,0
273,82,352.0,542.0,359.0,503.0,346.0,501.0,340.0,540.0,1,1,0
273,83,349.0,499.0,368.0,485.0,346.0,456.0,327.0,470.0,1,7,0
273,84,447.0,882.0,461.0,882.0,461.0,863.0,447.0,863.0,1,2,0
273,85,343.0,423.0,373.0,422.0,370.0,354.0,340.0,355.0,1,6,0
273,87,251.0,683.0,267.0,683.0,267.0,669.0,251.0,669.0,1,2,0
273,88,360.0,272.0,365.0,251.0,325.0,243.0,320.0,264.0,1,7,0
273,89,503.0,294.0,504.0,251.0,490.0,251.0,488.0,294.0,1,1,0
273,90,374.0,226.0,377.0,205.0,342.0,200.0,339.0,221.0,1,7,0
273,91,323.0,127.0,342.0,127.0,342.0,111.0,323.0,111.0,1,2,0
273,92,182.0,90.0,222.0,81.0,217.0,59.0,177.0,68.0,1,7,0
274,61,473.0,761.0,485.0,761.0,485.0,742.0,473.0,742.0,1,2,0
274,64,462.0,853.0,476.0,853.0,476.0,830.0,462.0,830.0,1,2,0
274,71,445.0,554.0,461.0,554.0,461.0,537.0,445.0,537.0,1,2,0
274,73,236.0,894.0,237.0,874.0,201.0,872.0,200.0,892.0,1,1,0
274,74,528.0,899.0,532.0,856.0,516.0,855.0,513.0,898.0,1,1,0
274,75,528.0,886.0,529.0,871.0,515.0,870.0,514.0,885.0,1,2,0
274,76,211.0,702.0,255.0,690.0,248.0,666.0,205.0,678.0,1,7,0
274,77,688.0,851.0,690.0,834.0,676.0,833.0,674.0,850.0,1,2,0
274,78,365.0,651.0,397.0,649.0,396.0,627.0,363.0,629.0,1,7,0
274,80,392.0,599.0,402.0,579.0,370.0,563.0,360.0,583.0,1,7,0
274,82,378.0,561.0,384.0,522.0,371.0,520.0,365.0,559.0,1,1,0
274,83,374.0,517.0,391.0,504.0,368.0,476.0,352.0,489.0,1,7,0
274,84,477.0,902.0,490.0,902.0,490.0,883.0,477.0,883.0,1,2,0
274,85,364.0,440.0,395.0,439.0,392.0,373.0,361.0,374.0,1,6,0
274,87,278.0,709.0,294.0,709.0,294.0,690.0,278.0,690.0,1,2,0
274,88,379.0,291.0,382.0,270.0,343.0,263.0,339.0,284.0,1,7,0
274,89,507.0,309.0,521.0,309.0,521.0,267.0,507.0,267.0,1,1,0
274,90,393.0,245.0,395.0,224.0,360.0,220.0,358.0,241.0,1,7,0
274,91,347.0,139.0,360.0,139.0,360.0,125.0,347.0,125.0,1,2,0
274,92,198.0,113.0,237.0,103.0,231.0,81.0,192.0,91.0,1,7,0
274,94,170.0,318.0,186.0,318.0,186.0,305.0,170.0,305.0,1,2,0
275,61,452.0,763.0,464.0,763.0,464.0,746.0,452.0,746.0,1,2,0
275,64,443.0,856.0,455.0,856.0,455.0,838.0,443.0,838.0,1,2,0
275,71,427.0,558.0,438.0,558.0,438.0,539.0,427.0,539.0,1,2,0
275,73,213.0,901.0,215.0,885.0,178.0,880.0,176.0,896.0,1,1,0
275,74,506.0,902.0,512.0,865.0,498.0,863.0,492.0,900.0,1,1,0
275,75,508.0,893.0,508.0,879.0,494.0,879.0,494.0,893.0,1,2,0
275,76,190.0,710.0,233.0,700.0,228.0,677.0,185.0,687.0,1,7,0
275,77,673.0,850.0,674.0,832.0,658.0,831.0,657.0,849.0,1,2,0
275,78,345.0,660.0,376.0,657.0,374.0,635.0,342.0,638.0,1,7,0
275,80,372.0,607.0,382.0,588.0,350.0,572.0,340.0,591.0,1,7,0
275,82,358.0,569.0,363.0,529.0,349.0,527.0,344.0,567.0,1,1,0
275,83,353.0,526.0,370.0,513.0,348.0,484.0,330.0,497.0,1,7,0
275,85,343.0,448.0,373.0,447.0,371.0,382.0,341.0,383.0,1,6,0
275,87,257.0,719.0,274.0,719.0,274.0,705.0,257.0,705.0,1,2,0
275,88,358.0,301.0,363.0,280.0,323.0,270.0,318.0,291.0,1,7,0
275,89,487.0,317.0,502.0,317.0,502.0,275.0,487.0,275.0,1,1,0
275,90,372.0,253.0,375.0,232.0,340.0,227.0,337.0,248.0,1,7,0
275,91,353.0,146.0,354.0,126.0,334.0,125.0,333.0,145.0,1,2,0
275,92,177.0,121.0,216.0,111.0,210.0,90.0,172.0,100.0,1,7,0
275,94,150.0,324.0,166.0,324.0,166.0,311.0,150.0,311.0,1,2,0
276,61,458.0,769.0,458.0,749.0,446.0,749.0,446.0,769.0,1,2,0
276,64,436.0,862.0,450.0,862.0,450.0,845.0,436.0,845.0,1,2,0
276,71,422.0,562.0,433.0,562.0,433.0,548.0,422.0,548.0,1,2,0
276,74,502.0,914.0,504.0,874.0,489.0,874.0,488.0,914.0,1,1,0
276,75,502.0,903.0,502.0,889.0,488.0,889.0,488.0,903.0,1,2,0
276,76,183.0,722.0,225.0,713.0,219.0,689.0,178.0,698.0,1,7,0
276,77,658.0,854.0,672.0,854.0,672.0,832.0,658.0,832.0,1,2,0
276,78,340.0,674.0,371.0,668.0,367.0,645.0,336.0,651.0,1,7,0
276,80,366.0,620.0,375.0,600.0,342.0,586.0,334.0,606.0,1,7,0
276,82,350.0,581.0,357.0,542.0,344.0,540.0,338.0,579.0,1,1,0
276,83,345.0,538.0,364.0,524.0,342.0,496.0,324.0,510.0,1,7,0
276,85,337.0,461.0,369.0,460.0,367.0,392.0,335.0,393.0,1,6,0
276,87,252.0,738.0,266.0,738.0,266.0,719.0,252.0,719.0,1,2,0
276,88,352.0,311.0,355.0,290.0,316.0,285.0,314.0,306.0,1,7,0
276,89,481.0,331.0,496.0,331.0,496.0,288.0,481.0,288.0,1,1,0
276,90,366.0,266.0,369.0,245.0,334.0,240.0,331.0,261.0,1,7,0
276,91,356.0,151.0,357.0,133.0,335.0,132.0,335.0,150.0,1,2,0
276,92,170.0,132.0,210.0,123.0,206.0,102.0,166.0,111.0,1,7,0
276,94,146.0,335.0,162.0,335.0,162.0,322.0,146.0,322.0,1,2,0
276,95,488.0,30.0,523.0,20.0,516.0,-2.0,481.0,8.0,1,7,0
276,96,193.0,27.0,193.0,-13.0,166.0,-13.0,167.0,27.0,1,7,0
277,61,464.0,766.0,477.0,766.0,477.0,744.0,464.0,744.0,1,2,0
277,64,469.0,859.0,471.0,840.0,455.0,839.0,454.0,858.0,1,2,0
277,71,438.0,563.0,451.0,563.0,451.0,547.0,438.0,547.0,1,2,0
277,76,205.0,726.0,247.0,715.0,240.0,691.0,198.0,702.0,1,7,0
277,77,681.0,848.0,695.0,848.0,695.0,832.0,681.0,832.0,1,2,0
277,78,358.0,677.0,391.0,673.0,388.0,650.0,356.0,654.0,1,7,0
277,80,385.0,624.0,395.0,604.0,361.0,589.0,352.0,609.0,1,7,0
277,82,369.0,586.0,377.0,546.0,365.0,544.0,358.0,584.0,1,1,0
277,83,364.0,541.0,383.0,528.0,362.0,499.0,343.0,512.0,1,7,0
277,85,356.0,464.0,388.0,463.0,386.0,398.0,354.0,399.0,1,6,0
277,87,285.0,747.0,287.0,726.0,273.0,724.0,271.0,745.0,1,2,0
277,88,372.0,316.0,375.0,293.0,334.0,288.0,331.0,311.0,1,7,0
277,89,500.0,333.0,515.0,333.0,515.0,292.0,500.0,292.0,1,1,0
277,90,387.0,271.0,390.0,250.0,353.0,244.0,350.0,265.0,1,7,0
277,91,365.0,147.0,379.0,147.0,379.0,133.0,365.0,133.0,1,2,0
277,92,191.0,138.0,229.0,128.0,224.0,106.0,186.0,116.0,1,7,0
277,94,167.0,339.0,183.0,339.0,183.0,326.0,167.0,326.0,1,2,0
277,95,506.0,33.0,538.0,28.0,534.0,2.0,501.0,7.0,1,7,0
277,96,187.0,32.0,213.0,29.0,208.0,-14.0,181.0,-10.0,1,7,0
278,61,451.0,765.0,462.0,765.0,462.0,753.0,451.0,753.0,1,2,0
278,64,442.0,865.0,455.0,865.0,455.0,846.0,442.0,846.0,1,2,0
278,71,426.0,567.0,436.0,567.0,436.0,554.0,426.0,554.0,1,2,0
278,76,187.0,737.0,230.0,728.0,225.0,704.0,181.0,713.0,1,7,0
278,77,681.0,853.0,686.0,831.0,673.0,828.0,667.0,850.0,1,2,0
278,78,342.0,689.0,375.0,684.0,371.0,660.0,338.0,665.0,1,7,0
278,80,370.0,634.0,378.0,615.0,346.0,600.0,337.0,619.0,1,7,0
278,82,354.0,596.0,360.0,558.0,347.0,556.0,341.0,594.0,1,1,0
278,83,350.0,553.0,368.0,538.0,344.0,510.0,326.0,525.0,1,7,0
278,85,340.0,475.0,371.0,475.0,370.0,409.0,338.0,409.0,1,6,0
278,87,266.0,763.0,267.0,745.0,253.0,744.0,252.0,762.0,1,2,0
278,88,356.0,327.0,359.0,305.0,317.0,300.0,315.0,322.0,1,7,0
278,89,484.0,345.0,499.0,345.0,499.0,303.0,484.0,303.0,1,1,0
278,90,370.0,281.0,371.0,259.0,336.0,256.0,335.0,278.0,1,7,0
278,91,374.0,154.0,374.0,138.0,356.0,138.0,356.0,154.0,1,2,0
278,92,173.0,148.0,213.0,139.0,208.0,117.0,168.0,126.0,1,7,0
278,94,149.0,350.0,165.0,350.0,165.0,337.0,149.0,337.0,1,2,0
278,95,486.0,42.0,520.0,38.0,518.0,15.0,484.0,19.0,1,7,0
278,96,170.0,41.0,197.0,40.0,194.0,-10.0,167.0,-9.0,1,7,0
279,61,449.0,768.0,460.0,768.0,460.0,748.0,449.0,748.0,1,2,0
279,64,440.0,865.0,453.0,865.0,453.0,843.0,440.0,843.0,1,2,0
279,71,424.0,569.0,434.0,569.0,434.0,550.0,424.0,550.0,1,2,0
279,76,185.0,743.0,226.0,735.0,222.0,710.0,181.0,718.0,1,7,0
279,77,672.0,848.0,687.0,847.0,686.0,828.0,671.0,829.0,1,2,0
279,78,340.0,694.0,372.0,691.0,370.0,667.0,338.0,670.0,1,7,0
279,80,368.0,640.0,377.0,619.0,343.0,606.0,334.0,627.0,1,7,0
279,82,351.0,603.0,358.0,564.0,347.0,562.0,339.0,601.0,1,1,0
279,83,347.0,560.0,366.0,545.0,342.0,517.0,324.0,532.0,1,7,0
279,85,339.0,483.0,370.0,482.0,367.0,415.0,336.0,416.0,1,6,0
279,87,265.0,774.0,266.0,753.0,250.0,752.0,249.0,773.0,1,2,0
279,88,355.0,333.0,357.0,311.0,317.0,306.0,314.0,328.0,1,7,0
279,89,482.0,351.0,497.0,351.0,497.0,310.0,482.0,310.0,1,1,0
279,90,368.0,288.0,371.0,267.0,334.0,262.0,332.0,283.0,1,7,0
279,91,366.0,155.0,385.0,155.0,385.0,140.0,366.0,140.0,1,2,0
279,92,171.0,155.0,211.0,144.0,206.0,123.0,165.0,134.0,1,7,0
279,94,149.0,357.0,163.0,357.0,163.0,343.0,149.0,343.0,1,2,0
279,95,486.0,49.0,517.0,47.0,515.0,21.0,484.0,23.0,1,7,0
279,96,165.0,48.0,194.0,47.0,193.0,-3.0,164.0,-2.0,1,7,0
280,61,450.0,787.0,462.0,787.0,462.0,774.0,450.0,774.0,1,2,0
280,64,441.0,884.0,458.0,884.0,458.0,867.0,441.0,867.0,1,2,0
280,71,427.0,590.0,437.0,590.0,437.0,576.0,427.0,576.0,1,2,0
280,76,192.0,769.0,232.0,753.0,224.0,733.0,184.0,749.0,1,7,0
280,77,679.0,863.0,696.0,863.0,696.0,844.0,679.0,844.0,1,2,0
280,78,344.0,719.0,378.0,712.0,374.0,689.0,340.0,696.0,1,7,0
280,80,371.0,668.0,381.0,648.0,347.0,630.0,337.0,650.0,1,7,0
280,82,354.0,628.0,363.0,587.0,350.0,584.0,341.0,625.0,1,1,0
280,83,350.0,584.0,368.0,568.0,346.0,541.0,327.0,557.0,1,7,0
280,85,341.0,506.0,374.0,505.0,372.0,435.0,339.0,436.0,1,6,0
280,87,249.0,803.0,262.0,803.0,262.0,780.0,249.0,780.0,1,2,0
280,88,356.0,357.0,359.0,334.0,318.0,330.0,315.0,353.0,1,7,0
280,89,485.0,374.0,499.0,374.0,499.0,334.0,485.0,334.0,1,1,0
280,90,371.0,313.0,374.0,291.0,337.0,286.0,334.0,308.0,1,7,0
280,91,375.0,177.0,391.0,177.0,391.0,162.0,375.0,162.0,1,2,0
280,92,173.0,179.0,213.0,172.0,208.0,148.0,168.0,155.0,1,7,0
280,94,151.0,382.0,167.0,382.0,167.0,369.0,151.0,369.0,1,2,0
280,95,483.0,71.0,517.0,70.0,516.0,47.0,482.0,48.0,1,7,0
280,96,168.0,75.0,196.0,75.0,196.0,16.0,168.0,16.0,1,7,0
281,61,446.0,794.0,457.0,793.0,456.0,774.0,445.0,775.0,1,2,0
281,64,454.0,890.0,455.0,870.0,441.0,869.0,439.0,889.0,1,2,0
281,71,423.0,599.0,434.0,599.0,434.0,581.0,423.0,581.0,1,2,0
281,76,187.0,780.0,228.0,771.0,222.0,747.0,181.0,756.0,1,7,0
281,77,680.0,868.0,697.0,868.0,697.0,848.0,680.0,848.0,1,2,0
281,78,340.0,731.0,372.0,728.0,370.0,705.0,338.0,708.0,1,7,0
281,80,367.0,679.0,376.0,659.0,344.0,644.0,335.0,664.0,1,7,0
281,82,352.0,640.0,358.0,601.0,345.0,599.0,339.0,638.0,1,1,0
281,83,348.0,596.0,366.0,581.0,342.0,554.0,325.0,569.0,1,7,0
281,85,340.0,520.0,369.0,519.0,366.0,453.0,337.0,454.0,1,6,0
281,87,258.0,818.0,260.0,801.0,246.0,800.0,244.0,817.0,1,2,0
281,88,355.0,370.0,357.0,349.0,317.0,344.0,314.0,365.0,1,7,0
281,89,481.0,388.0,496.0,388.0,496.0,347.0,481.0,347.0,1,1,0
281,90,369.0,325.0,371.0,304.0,335.0,299.0,332.0,320.0,1,7,0
281,91,381.0,188.0,400.0,188.0,400.0,170.0,381.0,170.0,1,2,0
281,92,171.0,192.0,210.0,183.0,206.0,162.0,166.0,171.0,1,7,0
281,94,149.0,393.0,165.0,393.0,165.0,380.0,149.0,380.0,1,2,0
281,95,487.0,88.0,520.0,78.0,513.0,57.0,480.0,67.0,1,7,0
281,96,166.0,86.0,194.0,85.0,192.0,33.0,164.0,34.0,1,7,0
281,97,432.0,804.0,442.0,804.0,442.0,788.0,432.0,788.0,1,2,0
281,98,325.0,258.0,340.0,258.0,340.0,247.0,325.0,247.0,1,2,0
281,99,342.0,251.0,354.0,251.0,354.0,240.0,342.0,240.0,1,2,0
282,61,458.0,793.0,459.0,770.0,446.0,769.0,445.0,792.0,1,2,0
282,64,443.0,888.0,456.0,888.0,456.0,872.0,443.0,872.0,1,2,0
282,71,422.0,596.0,434.0,596.0,434.0,580.0,422.0,580.0,1,2,0
282,76,187.0,787.0,227.0,778.0,221.0,755.0,181.0,764.0,1,7,0
282,77,688.0,863.0,702.0,863.0,702.0,846.0,688.0,846.0,1,2,0
282,78,340.0,737.0,373.0,733.0,370.0,710.0,338.0,714.0,1,7,0
282,80,367.0,684.0,376.0,663.0,344.0,649.0,335.0,670.0,1,7,0
282,82,351.0,646.0,358.0,606.0,345.0,604.0,338.0,644.0,1,1,0
282,83,347.0,603.0,366.0,588.0,342.0,558.0,323.0,573.0,1,7,0
282,85,338.0,526.0,368.0,525.0,365.0,461.0,334.0,462.0,1,6,0
282,87,244.0,831.0,257.0,831.0,257.0,811.0,244.0,811.0,1,2,0
282,88,351.0,376.0,352.0,353.0,312.0,350.0,311.0,373.0,1,7,0
282,89,478.0,393.0,493.0,393.0,493.0,352.0,478.0,352.0,1,1,0
282,90,364.0,331.0,367.0,310.0,332.0,305.0,329.0,326.0,1,7,0
282,91,387.0,186.0,403.0,186.0,403.0,171.0,387.0,171.0,1,2,0
282,92,167.0,200.0,206.0,190.0,201.0,168.0,162.0,178.0,1,7,0
282,94,150.0,398.0,166.0,398.0,166.0,384.0,150.0,384.0,1,2,0
282,95,481.0,92.0,514.0,87.0,510.0,63.0,477.0,68.0,1,7,0
282,96,161.0,93.0,188.0,92.0,185.0,40.0,158.0,41.0,1,7,0
282,97,434.0,803.0,445.0,803.0,445.0,789.0,434.0,789.0,1,2,0
282,98,318.0,262.0,336.0,262.0,336.0,251.0,318.0,251.0,1,2,0
282,99,335.0,260.0,347.0,260.0,347.0,248.0,335.0,248.0,1,2,0
283,61,448.0,807.0,461.0,807.0,461.0,789.0,448.0,789.0,1,2,0
283,71,433.0,614.0,433.0,600.0,420.0,600.0,420.0,614.0,1,2,0
283,76,191.0,814.0,232.0,804.0,227.0,781.0,186.0,791.0,1,7,0
283,77,712.0,873.0,713.0,852.0,698.0,851.0,696.0,872.0,1,2,0
283,78,344.0,762.0,377.0,757.0,374.0,734.0,340.0,739.0,1,7,0
283,80,371.0,708.0,379.0,687.0,346.0,674.0,338.0,695.0,1,7,0
283,82,353.0,669.0,357.0,630.0,345.0,629.0,340.0,668.0,1,1,0
283,83,349.0,626.0,365.0,610.0,340.0,585.0,324.0,601.0,1,7,0
283,85,336.0,549.0,368.0,547.0,363.0,484.0,332.0,486.0,1,6,0
283,87,248.0,861.0,261.0,861.0,261.0,841.0,248.0,841.0,1,2,0
283,88,350.0,400.0,351.0,379.0,310.0,376.0,309.0,397.0,1,7,0
283,89,476.0,415.0,492.0,415.0,492.0,374.0,476.0,374.0,1,1,0
283,90,360.0,355.0,363.0,334.0,328.0,330.0,325.0,351.0,1,7,0
283,91,388.0,204.0,404.0,204.0,404.0,190.0,388.0,190.0,1,2,0
283,92,162.0,228.0,201.0,218.0,195.0,196.0,156.0,206.0,1,7,0
283,94,153.0,423.0,167.0,423.0,167.0,410.0,153.0,410.0,1,2,0
283,95,474.0,115.0,507.0,106.0,501.0,85.0,469.0,94.0,1,7,0
283,96,155.0,121.0,181.0,120.0,179.0,70.0,152.0,71.0,1,7,0
283,97,450.0,820.0,451.0,805.0,438.0,804.0,436.0,819.0,1,2,0
283,98,314.0,288.0,331.0,288.0,331.0,277.0,314.0,277.0,1,2,0
283,99,332.0,288.0,343.0,288.0,343.0,275.0,332.0,275.0,1,2,0
284,61,468.0,822.0,480.0,822.0,480.0,805.0,468.0,805.0,1,2,0
284,71,440.0,633.0,453.0,632.0,452.0,613.0,439.0,614.0,1,2,0
284,76,211.0,836.0,253.0,825.0,247.0,801.0,205.0,812.0,1,7,0
284,77,735.0,887.0,738.0,867.0,724.0,866.0,721.0,886.0,1,2,0
284,78,364.0,783.0,397.0,779.0,395.0,757.0,362.0,761.0,1,7,0
284,80,393.0,729.0,400.0,709.0,365.0,697.0,358.0,717.0,1,7,0
284,82,374.0,692.0,381.0,653.0,369.0,651.0,361.0,690.0,1,1,0
284,83,369.0,649.0,387.0,633.0,363.0,606.0,345.0,622.0,1,7,0
284,85,360.0,571.0,391.0,569.0,387.0,507.0,356.0,509.0,1,6,0
284,87,266.0,887.0,283.0,887.0,283.0,865.0,266.0,865.0,1,2,0
284,88,372.0,422.0,373.0,401.0,332.0,398.0,331.0,419.0,1,7,0
284,89,497.0,438.0,513.0,438.0,512.0,396.0,496.0,396.0,1,1,0
284,90,383.0,378.0,386.0,357.0,351.0,352.0,348.0,373.0,1,7,0
284,91,437.0,225.0,439.0,205.0,420.0,204.0,418.0,224.0,1,2,0
284,92,185.0,250.0,224.0,241.0,219.0,219.0,180.0,228.0,1,7,0
284,94,185.0,443.0,199.0,443.0,199.0,429.0,185.0,429.0,1,2,0
284,95,499.0,140.0,531.0,127.0,523.0,106.0,491.0,119.0,1,7,0
284,96,179.0,145.0,206.0,144.0,203.0,92.0,176.0,93.0,1,7,0
284,97,459.0,836.0,471.0,836.0,471.0,819.0,459.0,819.0,1,2,0
284,98,350.0,313.0,353.0,303.0,337.0,299.0,335.0,309.0,1,2,0
284,99,361.0,312.0,361.0,303.0,351.0,302.0,351.0,311.0,1,2,0
284,100,756.0,38.0,786.0,21.0,781.0,11.0,750.0,28.0,1,1,0
285,61,472.0,830.0,485.0,830.0,485.0,812.0,472.0,812.0,1,2,0
285,71,444.0,642.0,458.0,642.0,458.0,626.0,444.0,626.0,1,2,0
285,76,227.0,849.0,261.0,834.0,251.0,812.0,217.0,827.0,1,7,0
285,77,731.0,890.0,746.0,890.0,746.0,874.0,731.0,874.0,1,2,0
285,78,374.0,797.0,403.0,788.0,396.0,766.0,367.0,775.0,1,7,0
285,80,396.0,743.0,405.0,722.0,373.0,709.0,364.0,730.0,1,7,0
285,82,382.0,702.0,389.0,662.0,376.0,660.0,369.0,699.0,1,1,0
285,83,371.0,662.0,392.0,648.0,372.0,618.0,351.0,632.0,1,7,0
285,85,364.0,584.0,392.0,582.0,388.0,520.0,359.0,522.0,1,6,0
285,87,270.0,903.0,290.0,903.0,290.0,882.0,270.0,882.0,1,2,0
285,88,375.0,436.0,377.0,415.0,338.0,411.0,336.0,432.0,1,7,0
285,89,502.0,451.0,519.0,450.0,517.0,407.0,500.0,408.0,1,1,0
285,90,388.0,392.0,391.0,371.0,355.0,367.0,352.0,388.0,1,7,0
285,91,434.0,227.0,450.0,227.0,450.0,214.0,434.0,214.0,1,2,0
285,92,191.0,266.0,229.0,254.0,223.0,232.0,185.0,244.0,1,7,0
285,94,196.0,450.0,213.0,450.0,213.0,437.0,196.0,437.0,1,2,0
285,95,505.0,153.0,535.0,139.0,526.0,119.0,496.0,133.0,1,7,0
285,96,185.0,161.0,212.0,158.0,206.0,106.0,179.0,109.0,1,7,0
285,97,465.0,842.0,476.0,842.0,476.0,825.0,465.0,825.0,1,2,0
285,98,340.0,329.0,359.0,326.0,357.0,315.0,339.0,318.0,1,2,0
285,99,366.0,327.0,366.0,318.0,356.0,317.0,355.0,326.0,1,2,0
285,100,759.0,50.0,791.0,33.0,785.0,23.0,754.0,40.0,1,1,0
286,61,499.0,833.0,500.0,818.0,487.0,817.0,486.0,832.0,1,2,0
286,71,461.0,647.0,472.0,647.0,472.0,627.0,461.0,627.0,1,2,0
286,76,237.0,860.0,274.0,848.0,267.0,825.0,230.0,837.0,1,7,0
286,77,750.0,893.0,768.0,893.0,768.0,870.0,750.0,870.0,1,2,0
286,78,385.0,807.0,418.0,802.0,414.0,779.0,382.0,784.0,1,7,0
286,80,411.0,754.0,420.0,734.0,387.0,720.0,378.0,740.0,1,7,0
286,82,394.0,716.0,400.0,675.0,388.0,673.0,382.0,714.0,1,1,0
286,83,390.0,674.0,408.0,658.0,383.0,631.0,365.0,647.0,1,7,0
286,85,377.0,595.0,408.0,593.0,405.0,532.0,374.0,534.0,1,6,0
286,88,389.0,448.0,392.0,427.0,350.0,423.0,348.0,444.0,1,7,0
286,89,516.0,462.0,532.0,462.0,532.0,421.0,516.0,421.0,1,1,0
286,90,401.0,401.0,403.0,380.0,367.0,378.0,366.0,399.0,1,7,0
286,91,453.0,233.0,470.0,232.0,470.0,218.0,453.0,219.0,1,2,0
286,92,203.0,275.0,241.0,266.0,236.0,245.0,198.0,254.0,1,7,0
286,94,216.0,459.0,235.0,459.0,235.0,444.0,216.0,444.0,1,2,0
286,95,512.0,162.0,547.0,156.0,542.0,132.0,508.0,138.0,1,7,0
286,96,197.0,172.0,222.0,171.0,219.0,120.0,194.0,121.0,1,7,0
286,97,479.0,846.0,491.0,846.0,491.0,830.0,479.0,830.0,1,2,0
286,98,353.0,345.0,368.0,345.0,368.0,330.0,353.0,330.0,1,2,0
286,100,773.0,60.0,802.0,41.0,795.0,31.0,766.0,50.0,1,1,0
287,61,500.0,838.0,500.0,824.0,487.0,824.0,487.0,838.0,1,2,0
287,71,457.0,654.0,469.0,654.0,469.0,640.0,457.0,640.0,1,2,0
287,76,233.0,871.0,272.0,860.0,265.0,837.0,226.0,848.0,1,7,0
287,77,767.0,893.0,767.0,874.0,753.0,874.0,753.0,893.0,1,2,0
287,78,382.0,818.0,415.0,814.0,413.0,791.0,380.0,795.0,1,7,0
287,80,409.0,764.0,417.0,742.0,385.0,730.0,377.0,752.0,1,7,0
287,82,392.0,728.0,398.0,688.0,385.0,686.0,379.0,726.0,1,1,0
287,83,387.0,685.0,405.0,668.0,380.0,642.0,362.0,659.0,1,7,0
287,85,375.0,605.0,406.0,603.0,401.0,543.0,371.0,545.0,1,6,0
287,88,387.0,459.0,388.0,437.0,347.0,435.0,346.0,457.0,1,7,0
287,89,514.0,473.0,528.0,473.0,527.0,432.0,512.0,432.0,1,1,0
287,90,399.0,414.0,401.0,393.0,365.0,390.0,363.0,411.0,1,7,0
287,91,459.0,239.0,478.0,238.0,477.0,220.0,458.0,221.0,1,2,0
287,92,200.0,288.0,239.0,278.0,234.0,257.0,195.0,267.0,1,7,0
287,94,219.0,465.0,235.0,465.0,235.0,451.0,219.0,451.0,1,2,0
287,95,513.0,175.0,545.0,166.0,538.0,143.0,506.0,152.0,1,7,0
287,96,192.0,183.0,218.0,182.0,216.0,133.0,190.0,134.0,1,7,0
287,97,477.0,850.0,490.0,850.0,490.0,836.0,477.0,836.0,1,2,0
287,98,366.0,358.0,366.0,346.0,348.0,346.0,348.0,358.0,1,2,0
287,100,768.0,71.0,798.0,54.0,792.0,44.0,762.0,61.0,1,1,0
288,61,485.0,860.0,498.0,860.0,498.0,841.0,485.0,841.0,1,2,0
288,71,457.0,677.0,469.0,677.0,469.0,665.0,457.0,665.0,1,2,0
288,76,233.0,901.0,274.0,888.0,265.0,861.0,224.0,874.0,1,7,0
288,78,382.0,846.0,414.0,842.0,411.0,819.0,379.0,823.0,1,7,0
288,80,408.0,792.0,417.0,771.0,386.0,758.0,377.0,779.0,1,7,0
288,82,392.0,755.0,397.0,714.0,384.0,712.0,379.0,753.0,1,1,0
288,83,391.0,715.0,409.0,697.0,379.0,669.0,362.0,688.0,1,7,0
288,85,376.0,633.0,405.0,631.0,401.0,572.0,371.0,574.0,1,6,0
288,88,389.0,486.0,389.0,463.0,349.0,462.0,349.0,485.0,1,7,0
288,89,513.0,502.0,529.0,502.0,527.0,460.0,512.0,460.0,1,1,0
288,90,366.0,440.0,401.0,440.0,401.0,420.0,366.0,420.0,1,7,0
288,91,470.0,259.0,484.0,259.0,484.0,245.0,470.0,245.0,1,2,0
288,92,201.0,316.0,240.0,305.0,235.0,284.0,196.0,295.0,1,7,0
288,94,223.0,489.0,242.0,489.0,242.0,470.0,223.0,470.0,1,2,0
288,95,512.0,201.0,543.0,197.0,540.0,174.0,509.0,178.0,1,7,0
288,96,195.0,210.0,221.0,209.0,218.0,160.0,192.0,161.0,1,7,0
288,97,475.0,872.0,487.0,872.0,487.0,858.0,475.0,858.0,1,2,0
288,98,361.0,394.0,361.0,377.0,348.0,377.0,348.0,394.0,1,2,0
288,99,361.0,393.0,374.0,393.0,374.0,383.0,361.0,383.0,1,2,0
288,100,770.0,101.0,800.0,82.0,793.0,72.0,763.0,91.0,1,1,0
289,61,458.0,869.0,473.0,869.0,473.0,856.0,458.0,856.0,1,2,0
289,71,433.0,690.0,444.0,690.0,444.0,675.0,433.0,675.0,1,2,0
289,76,209.0,918.0,245.0,900.0,233.0,878.0,197.0,896.0,1,7,0
289,78,360.0,865.0,391.0,853.0,384.0,833.0,352.0,845.0,1,7,0
289,80,381.0,810.0,391.0,788.0,361.0,775.0,351.0,797.0,1,7,0
289,82,369.0,772.0,374.0,731.0,358.0,729.0,353.0,770.0,1,1,0
289,83,374.0,736.0,390.0,714.0,352.0,687.0,336.0,709.0,1,7,0
289,85,352.0,650.0,379.0,648.0,374.0,589.0,347.0,591.0,1,6,0
289,88,363.0,504.0,365.0,484.0,325.0,480.0,323.0,500.0,1,7,0
289,89,490.0,519.0,505.0,519.0,505.0,478.0,490.0,478.0,1,1,0
289,90,375.0,459.0,377.0,438.0,342.0,435.0,341.0,456.0,1,7,0
289,91,452.0,272.0,472.0,272.0,472.0,257.0,452.0,257.0,1,2,0
289,92,178.0,331.0,216.0,324.0,211.0,302.0,173.0,309.0,1,7,0
289,94,199.0,496.0,219.0,496.0,219.0,484.0,199.0,484.0,1,2,0
289,95,516.0,220.0,520.0,195.0,487.0,191.0,483.0,216.0,1,7,0
289,96,174.0,228.0,199.0,225.0,193.0,176.0,169.0,179.0,1,7,0
289,97,447.0,882.0,462.0,882.0,462.0,873.0,447.0,873.0,1,2,0
289,98,331.0,413.0,339.0,397.0,327.0,391.0,319.0,407.0,1,2,0
289,99,342.0,417.0,350.0,405.0,338.0,398.0,331.0,410.0,1,2,0
289,100,746.0,118.0,776.0,102.0,771.0,92.0,741.0,108.0,1,1,0
290,61,489.0,868.0,501.0,868.0,501.0,851.0,489.0,851.0,1,2,0
290,71,458.0,691.0,471.0,691.0,471.0,669.0,458.0,669.0,1,2,0
290,78,383.0,868.0,418.0,862.0,414.0,841.0,380.0,847.0,1,7,0
290,80,409.0,819.0,422.0,796.0,386.0,776.0,373.0,799.0,1,7,0
290,82,392.0,777.0,397.0,735.0,384.0,733.0,378.0,775.0,1,1,0
290,83,397.0,741.0,415.0,721.0,378.0,689.0,360.0,709.0,1,7,0
290,85,371.0,656.0,402.0,656.0,402.0,592.0,371.0,592.0,1,6,0
290,88,387.0,507.0,387.0,485.0,347.0,485.0,347.0,507.0,1,7,0
290,89,515.0,525.0,528.0,525.0,526.0,482.0,513.0,482.0,1,1,0
290,90,399.0,464.0,401.0,443.0,368.0,440.0,367.0,461.0,1,7,0
290,91,486.0,272.0,507.0,266.0,502.0,251.0,481.0,257.0,1,2,0
290,92,203.0,339.0,241.0,328.0,234.0,305.0,197.0,316.0,1,7,0
290,94,228.0,497.0,245.0,497.0,245.0,480.0,228.0,480.0,1,2,0
290,95,513.0,227.0,544.0,214.0,536.0,193.0,504.0,206.0,1,7,0
290,96,195.0,235.0,220.0,235.0,220.0,185.0,195.0,185.0,1,7,0
290,97,465.0,856.0,478.0,856.0,478.0,835.0,465.0,835.0,1,2,0
290,98,343.0,423.0,356.0,423.0,356.0,409.0,343.0,409.0,1,2,0
290,99,357.0,424.0,371.0,424.0,371.0,412.0,357.0,412.0,1,2,0
290,100,767.0,123.0,799.0,105.0,793.0,94.0,761.0,112.0,1,1,0
291,61,487.0,872.0,500.0,872.0,500.0,853.0,487.0,853.0,1,2,0
291,71,456.0,693.0,468.0,693.0,468.0,678.0,456.0,678.0,1,2,0
291,78,381.0,877.0,414.0,873.0,411.0,850.0,378.0,854.0,1,7,0
291,80,406.0,824.0,416.0,802.0,382.0,788.0,372.0,810.0,1,7,0
291,82,390.0,785.0,396.0,746.0,383.0,744.0,377.0,783.0,1,1,0
291,83,386.0,745.0,405.0,728.0,379.0,700.0,360.0,717.0,1,7,0
291,85,373.0,665.0,404.0,663.0,400.0,602.0,369.0,604.0,1,6,0
291,88,389.0,517.0,389.0,494.0,347.0,494.0,347.0,517.0,1,7,0
291,89,513.0,533.0,528.0,533.0,526.0,491.0,512.0,491.0,1,1,0
291,90,397.0,474.0,400.0,453.0,363.0,449.0,360.0,470.0,1,7,0
291,91,495.0,272.0,509.0,272.0,509.0,258.0,495.0,258.0,1,2,0
291,92,200.0,348.0,238.0,338.0,233.0,317.0,195.0,327.0,1,7,0
291,94,227.0,502.0,245.0,502.0,245.0,489.0,227.0,489.0,1,2,0
291,95,508.0,233.0,541.0,229.0,539.0,206.0,506.0,210.0,1,7,0
291,96,193.0,241.0,220.0,239.0,217.0,192.0,190.0,194.0,1,7,0
291,97,473.0,856.0,474.0,835.0,460.0,834.0,459.0,855.0,1,2,0
291,98,353.0,433.0,353.0,420.0,340.0,420.0,340.0,433.0,1,2,0
291,99,353.0,438.0,364.0,438.0,364.0,425.0,353.0,425.0,1,2,0
291,100,768.0,132.0,797.0,114.0,791.0,104.0,762.0,122.0,1,1,0
292,61,469.0,882.0,481.0,882.0,481.0,869.0,469.0,869.0,1,2,0
292,71,434.0,704.0,446.0,704.0,446.0,690.0,434.0,690.0,1,2,0
292,78,360.0,894.0,392.0,891.0,390.0,867.0,358.0,870.0,1,7,0
292,80,385.0,841.0,395.0,819.0,363.0,805.0,353.0,827.0,1,7,0
292,82,369.0,802.0,376.0,763.0,363.0,761.0,356.0,800.0,1,1,0
292,83,367.0,764.0,387.0,747.0,360.0,716.0,340.0,733.0,1,7,0
292,85,354.0,681.0,384.0,678.0,379.0,619.0,349.0,622.0,1,6,0
292,88,367.0,534.0,367.0,512.0,327.0,511.0,327.0,533.0,1,7,0
292,89,493.0,548.0,509.0,548.0,508.0,508.0,492.0,508.0,1,1,0
292,90,379.0,490.0,381.0,469.0,344.0,467.0,343.0,488.0,1,7,0
292,91,483.0,286.0,505.0,284.0,504.0,268.0,482.0,270.0,1,2,0
292,92,182.0,364.0,220.0,353.0,214.0,332.0,175.0,343.0,1,7,0
292,94,225.0,515.0,227.0,495.0,209.0,493.0,207.0,513.0,1,2,0
292,95,491.0,252.0,526.0,244.0,521.0,222.0,486.0,230.0,1,7,0
292,96,174.0,257.0,200.0,256.0,198.0,208.0,172.0,209.0,1,7,0
292,97,454.0,870.0,455.0,849.0,441.0,848.0,440.0,869.0,1,2,0
292,98,327.0,457.0,328.0,440.0,317.0,439.0,316.0,456.0,1,2,0
292,99,329.0,459.0,340.0,459.0,340.0,445.0,329.0,445.0,1,2,0
292,100,751.0,150.0,782.0,131.0,776.0,121.0,744.0,140.0,1,1,0
293,61,506.0,898.0,518.0,898.0,518.0,879.0,506.0,879.0,1,2,0
293,71,474.0,722.0,485.0,722.0,485.0,705.0,474.0,705.0,1,2,0
293,80,423.0,863.0,434.0,842.0,403.0,827.0,392.0,848.0,1,7,0
293,82,409.0,824.0,415.0,786.0,402.0,784.0,396.0,822.0,1,1,0
293,83,408.0,787.0,428.0,768.0,399.0,738.0,379.0,757.0,1,7,0
293,85,393.0,705.0,424.0,702.0,418.0,642.0,387.0,645.0,1,6,0
293,88,367.0,556.0,406.0,556.0,406.0,535.0,367.0,535.0,1,7,0
293,89,530.0,572.0,545.0,572.0,545.0,531.0,530.0,531.0,1,1,0
293,90,418.0,513.0,420.0,492.0,384.0,489.0,382.0,510.0,1,7,0
293,91,532.0,302.0,554.0,300.0,553.0,283.0,531.0,285.0,1,2,0
293,92,221.0,388.0,260.0,376.0,253.0,355.0,214.0,367.0,1,7,0
293,94,250.0,531.0,268.0,530.0,267.0,516.0,249.0,517.0,1,2,0
293,95,531.0,275.0,563.0,266.0,557.0,244.0,525.0,253.0,1,7,0
293,96,214.0,281.0,241.0,280.0,239.0,232.0,212.0,233.0,1,7,0
293,97,479.0,884.0,492.0,884.0,492.0,867.0,479.0,867.0,1,2,0
293,98,366.0,487.0,368.0,468.0,355.0,467.0,353.0,486.0,1,2,0
293,99,368.0,486.0,381.0,486.0,381.0,473.0,368.0,473.0,1,2,0
293,100,786.0,172.0,818.0,154.0,813.0,144.0,781.0,162.0,1,1,0
294,71,493.0,735.0,507.0,735.0,507.0,723.0,493.0,723.0,1,2,0
294,80,448.0,883.0,458.0,861.0,421.0,846.0,412.0,868.0,1,7,0
294,82,429.0,844.0,435.0,805.0,422.0,803.0,416.0,842.0,1,1,0
294,83,422.0,801.0,443.0,786.0,423.0,757.0,402.0,772.0,1,7,0
294,85,411.0,726.0,447.0,723.0,442.0,659.0,406.0,662.0,1,6,0
294,88,385.0,577.0,427.0,577.0,427.0,555.0,385.0,555.0,1,7,0
294,89,551.0,591.0,566.0,591.0,565.0,550.0,549.0,550.0,1,1,0
294,90,437.0,533.0,440.0,512.0,401.0,508.0,398.0,529.0,1,7,0
294,91,563.0,314.0,577.0,314.0,577.0,297.0,563.0,297.0,1,2,0
294,92,240.0,408.0,277.0,396.0,270.0,375.0,233.0,387.0,1,7,0
294,94,272.0,545.0,287.0,545.0,287.0,526.0,272.0,526.0,1,2,0
294,95,551.0,295.0,583.0,282.0,574.0,262.0,542.0,275.0,1,7,0
294,96,234.0,301.0,262.0,298.0,258.0,253.0,230.0,256.0,1,7,0
294,97,500.0,893.0,511.0,893.0,511.0,879.0,500.0,879.0,1,2,0
294,98,367.0,510.0,384.0,510.0,384.0,497.0,367.0,497.0,1,2,0
294,99,385.0,508.0,399.0,508.0,399.0,497.0,385.0,497.0,1,2,0
294,100,805.0,191.0,835.0,170.0,828.0,160.0,797.0,181.0,1,1,0
295,71,480.0,736.0,493.0,736.0,493.0,724.0,480.0,724.0,1,2,0
295,80,431.0,890.0,442.0,868.0,411.0,852.0,400.0,874.0,1,7,0
295,82,417.0,850.0,423.0,811.0,411.0,809.0,405.0,848.0,1,1,0
295,83,409.0,808.0,429.0,793.0,409.0,765.0,389.0,780.0,1,7,0
295,85,401.0,732.0,432.0,728.0,424.0,666.0,394.0,670.0,1,6,0
295,88,373.0,583.0,413.0,582.0,413.0,560.0,373.0,561.0,1,7,0
295,89,537.0,597.0,553.0,597.0,553.0,555.0,537.0,555.0,1,1,0
295,90,425.0,539.0,427.0,518.0,389.0,515.0,388.0,536.0,1,7,0
295,91,559.0,319.0,577.0,303.0,567.0,293.0,550.0,309.0,1,2,0
295,92,228.0,415.0,266.0,403.0,259.0,382.0,222.0,394.0,1,7,0
295,94,261.0,547.0,275.0,547.0,275.0,529.0,261.0,529.0,1,2,0
295,95,535.0,302.0,569.0,292.0,563.0,270.0,529.0,280.0,1,7,0
295,96,218.0,309.0,245.0,308.0,243.0,259.0,217.0,260.0,1,7,0
295,97,488.0,896.0,499.0,896.0,499.0,875.0,488.0,875.0,1,2,0
295,98,356.0,522.0,369.0,521.0,368.0,505.0,354.0,506.0,1,2,0
295,99,368.0,517.0,381.0,517.0,381.0,508.0,368.0,508.0,1,2,0
295,100,791.0,197.0,824.0,178.0,818.0,168.0,785.0,187.0,1,1,0
296,71,465.0,754.0,478.0,754.0,478.0,741.0,465.0,741.0,1,2,0
296,80,416.0,912.0,428.0,894.0,399.0,874.0,387.0,892.0,1,7,0
296,82,402.0,872.0,411.0,832.0,398.0,829.0,389.0,869.0,1,1,0
296,83,397.0,831.0,417.0,815.0,394.0,787.0,374.0,803.0,1,7,0
296,85,385.0,752.0,416.0,750.0,413.0,689.0,382.0,691.0,1,6,0
296,88,360.0,603.0,399.0,603.0,399.0,583.0,360.0,583.0,1,7,0
296,89,524.0,618.0,541.0,618.0,541.0,579.0,524.0,579.0,1,1,0
296,90,412.0,561.0,414.0,539.0,375.0,536.0,374.0,558.0,1,7,0
296,91,553.0,330.0,570.0,330.0,570.0,313.0,553.0,313.0,1,2,0
296,92,213.0,436.0,251.0,428.0,247.0,406.0,208.0,414.0,1,7,0
296,94,251.0,561.0,270.0,561.0,270.0,545.0,251.0,545.0,1,2,0
296,95,525.0,326.0,557.0,312.0,549.0,291.0,517.0,305.0,1,7,0
296,96,206.0,329.0,231.0,329.0,231.0,284.0,206.0,284.0,1,7,0
296,98,342.0,549.0,353.0,549.0,353.0,538.0,342.0,538.0,1,2,0
296,99,352.0,546.0,364.0,546.0,364.0,534.0,352.0,534.0,1,2,0
296,100,778.0,220.0,814.0,200.0,807.0,189.0,771.0,209.0,1,1,0
297,71,464.0,761.0,475.0,761.0,475.0,744.0,464.0,744.0,1,2,0
297,82,401.0,887.0,407.0,846.0,393.0,844.0,387.0,885.0,1,1,0
297,83,392.0,843.0,413.0,828.0,391.0,799.0,371.0,814.0,1,7,0
297,85,384.0,766.0,414.0,763.0,408.0,703.0,378.0,706.0,1,6,0
297,88,357.0,618.0,396.0,618.0,396.0,596.0,357.0,596.0,1,7,0
297,89,521.0,631.0,536.0,631.0,535.0,592.0,519.0,592.0,1,1,0
297,90,408.0,575.0,410.0,553.0,373.0,549.0,371.0,571.0,1,7,0
297,91,557.0,335.0,570.0,335.0,570.0,321.0,557.0,321.0,1,2,0
297,92,210.0,451.0,248.0,439.0,242.0,418.0,203.0,430.0,1,7,0
297,94,252.0,569.0,267.0,569.0,267.0,554.0,252.0,554.0,1,2,0
297,95,520.0,335.0,550.0,330.0,546.0,307.0,516.0,312.0,1,7,0
297,96,202.0,344.0,228.0,343.0,227.0,295.0,201.0,296.0,1,7,0
297,98,348.0,568.0,348.0,555.0,336.0,555.0,336.0,568.0,1,2,0
297,99,345.0,567.0,357.0,567.0,357.0,556.0,345.0,556.0,1,2,0
297,100,773.0,232.0,804.0,216.0,799.0,206.0,768.0,222.0,1,1,0
298,71,449.0,783.0,462.0,783.0,462.0,770.0,449.0,770.0,1,2,0
298,82,392.0,907.0,396.0,870.0,381.0,868.0,377.0,905.0,1,1,0
298,83,381.0,869.0,401.0,856.0,381.0,825.0,361.0,838.0,1,7,0
298,85,373.0,791.0,403.0,788.0,398.0,726.0,367.0,729.0,1,6,0
298,88,345.0,643.0,385.0,643.0,385.0,621.0,345.0,621.0,1,7,0
298,89,512.0,658.0,527.0,657.0,524.0,614.0,510.0,615.0,1,1,0
298,90,397.0,598.0,398.0,576.0,362.0,575.0,361.0,597.0,1,7,0
298,91,561.0,358.0,570.0,337.0,555.0,330.0,546.0,351.0,1,2,0
298,92,200.0,476.0,237.0,464.0,231.0,443.0,194.0,455.0,1,7,0
298,94,259.0,588.0,260.0,570.0,244.0,569.0,243.0,587.0,1,2,0
298,95,510.0,362.0,540.0,356.0,536.0,332.0,506.0,338.0,1,7,0
298,96,192.0,368.0,216.0,367.0,215.0,319.0,191.0,320.0,1,7,0
298,98,325.0,601.0,334.0,601.0,334.0,589.0,325.0,589.0,1,2,0
298,99,335.0,598.0,345.0,598.0,345.0,587.0,335.0,587.0,1,2,0
298,100,763.0,257.0,793.0,239.0,788.0,230.0,758.0,248.0,1,1,0
299,71,464.0,794.0,475.0,794.0,475.0,777.0,464.0,777.0,1,2,0
299,83,394.0,885.0,413.0,870.0,391.0,841.0,372.0,856.0,1,7,0
299,85,383.0,803.0,413.0,802.0,411.0,745.0,381.0,746.0,1,6,0
299,88,359.0,661.0,396.0,659.0,395.0,637.0,358.0,639.0,1,7,0
299,89,523.0,673.0,538.0,673.0,538.0,633.0,523.0,633.0,1,1,0
299,90,409.0,618.0,411.0,596.0,375.0,592.0,373.0,614.0,1,7,0
299,91,571.0,360.0,585.0,359.0,584.0,341.0,570.0,342.0,1,2,0
299,92,214.0,493.0,251.0,481.0,244.0,460.0,207.0,472.0,1,7,0
299,94,261.0,598.0,275.0,598.0,275.0,584.0,261.0,584.0,1,2,0
299,95,524.0,381.0,556.0,368.0,547.0,346.0,515.0,359.0,1,7,0
299,96,204.0,386.0,230.0,385.0,229.0,335.0,203.0,336.0,1,7,0
299,98,333.0,623.0,343.0,623.0,343.0,611.0,333.0,611.0,1,2,0
299,99,345.0,621.0,356.0,621.0,356.0,605.0,345.0,605.0,1,2,0
299,100,775.0,275.0,804.0,260.0,798.0,250.0,769.0,265.0,1,1,0
300,71,468.0,799.0,478.0,799.0,478.0,785.0,468.0,785.0,1,2,0
300,83,394.0,895.0,416.0,879.0,395.0,852.0,374.0,868.0,1,7,0
300,85,384.0,812.0,415.0,810.0,412.0,755.0,381.0,757.0,1,6,0
300,88,361.0,671.0,397.0,669.0,395.0,647.0,359.0,649.0,1,7,0
300,89,524.0,684.0,540.0,683.0,538.0,641.0,522.0,642.0,1,1,0
300,90,410.0,627.0,412.0,603.0,377.0,600.0,375.0,624.0,1,7,0
300,91,579.0,361.0,592.0,361.0,592.0,346.0,579.0,346.0,1,2,0
300,92,216.0,503.0,253.0,491.0,246.0,470.0,209.0,482.0,1,7,0
300,94,267.0,603.0,284.0,603.0,284.0,586.0,267.0,586.0,1,2,0
300,95,525.0,391.0,557.0,377.0,548.0,355.0,516.0,369.0,1,7,0
300,96,207.0,395.0,233.0,394.0,230.0,347.0,204.0,348.0,1,7,0
300,98,345.0,639.0,345.0,624.0,333.0,624.0,333.0,639.0,1,2,0
300,99,346.0,638.0,357.0,638.0,357.0,625.0,346.0,625.0,1,2,0
300,100,778.0,284.0,807.0,269.0,802.0,259.0,772.0,274.0,1,1,0
300,101,411.0,19.0,432.0,18.0,431.0,1.0,411.0,2.0,1,2,0
300,102,63.0,220.0,64.0,197.0,21.0,196.0,20.0,218.0,1,7,0
301,71,472.0,794.0,482.0,794.0,482.0,779.0,472.0,779.0,1,2,0
301,83,397.0,896.0,418.0,882.0,398.0,852.0,377.0,866.0,1,7,0
301,85,389.0,815.0,420.0,812.0,415.0,755.0,384.0,758.0,1,6,0
301,88,361.0,674.0,399.0,670.0,396.0,648.0,359.0,652.0,1,7,0
301,89,526.0,685.0,542.0,684.0,539.0,643.0,523.0,644.0,1,1,0
301,90,413.0,628.0,413.0,605.0,377.0,604.0,376.0,627.0,1,7,0
301,91,588.0,360.0,603.0,341.0,591.0,331.0,576.0,350.0,1,2,0
301,92,215.0,507.0,252.0,494.0,245.0,473.0,208.0,486.0,1,7,0
301,94,270.0,600.0,285.0,600.0,285.0,585.0,270.0,585.0,1,2,0
301,95,524.0,392.0,557.0,379.0,549.0,358.0,516.0,371.0,1,7,0
301,96,206.0,400.0,232.0,398.0,229.0,349.0,203.0,351.0,1,7,0
301,98,342.0,648.0,346.0,633.0,335.0,630.0,331.0,645.0,1,2,0
301,99,356.0,647.0,357.0,637.0,344.0,636.0,344.0,646.0,1,2,0
301,100,775.0,283.0,803.0,270.0,799.0,261.0,770.0,274.0,1,1,0
301,101,430.0,19.0,430.0,4.0,407.0,4.0,407.0,19.0,1,2,0
301,102,62.0,226.0,63.0,203.0,20.0,202.0,19.0,224.0,1,7,0
302,71,477.0,806.0,489.0,805.0,488.0,785.0,476.0,786.0,1,2,0
302,83,405.0,912.0,426.0,898.0,407.0,868.0,385.0,881.0,1,7,0
302,85,398.0,830.0,428.0,827.0,423.0,770.0,392.0,773.0,1,6,0
302,88,369.0,688.0,408.0,686.0,406.0,664.0,367.0,666.0,1,7,0
302,89,535.0,700.0,550.0,699.0,548.0,659.0,532.0,660.0,1,1,0
302,90,419.0,644.0,421.0,622.0,386.0,619.0,385.0,641.0,1,7,0
302,91,600.0,359.0,613.0,359.0,613.0,345.0,600.0,345.0,1,2,0
302,92,222.0,522.0,261.0,509.0,253.0,488.0,215.0,501.0,1,7,0
302,94,280.0,608.0,294.0,608.0,294.0,591.0,280.0,591.0,1,2,0
302,95,534.0,407.0,565.0,393.0,555.0,373.0,524.0,387.0,1,7,0
302,96,214.0,415.0,240.0,413.0,235.0,362.0,210.0,364.0,1,7,0
302,98,348.0,671.0,350.0,654.0,337.0,653.0,336.0,670.0,1,2,0
302,99,350.0,670.0,361.0,670.0,361.0,657.0,350.0,657.0,1,2,0
302,100,784.0,298.0,812.0,285.0,807.0,276.0,780.0,289.0,1,1,0
302,101,415.0,34.0,437.0,33.0,437.0,20.0,415.0,21.0,1,2,0
302,102,67.0,242.0,70.0,219.0,27.0,213.0,24.0,236.0,1,7,0
303,71,478.0,814.0,489.0,814.0,489.0,800.0,478.0,800.0,1,2,0
303,85,398.0,845.0,430.0,842.0,425.0,781.0,393.0,784.0,1,6,0
303,88,372.0,701.0,411.0,699.0,410.0,677.0,371.0,679.0,1,7,0
303,89,536.0,712.0,552.0,711.0,550.0,671.0,534.0,672.0,1,1,0
303,90,422.0,656.0,423.0,635.0,389.0,633.0,388.0,654.0,1,7,0
303,91,607.0,366.0,621.0,366.0,621.0,351.0,607.0,351.0,1,2,0
303,92,225.0,535.0,262.0,523.0,255.0,502.0,218.0,514.0,1,7,0
303,94,285.0,613.0,301.0,613.0,301.0,599.0,285.0,599.0,1,2,0
303,95,537.0,419.0,566.0,405.0,557.0,386.0,527.0,400.0,1,7,0
303,96,218.0,429.0,243.0,427.0,240.0,379.0,215.0,381.0,1,7,0
303,98,350.0,688.0,350.0,674.0,338.0,674.0,338.0,688.0,1,2,0
303,99,352.0,687.0,364.0,687.0,364.0,675.0,352.0,675.0,1,2,0
303,100,786.0,313.0,813.0,298.0,807.0,289.0,781.0,304.0,1,1,0
303,101,418.0,47.0,440.0,46.0,439.0,33.0,417.0,34.0,1,2,0
303,102,69.0,255.0,72.0,233.0,29.0,227.0,26.0,250.0,1,7,0
304,71,486.0,803.0,499.0,803.0,499.0,783.0,486.0,783.0,1,2,0
304,85,406.0,840.0,437.0,838.0,432.0,778.0,402.0,780.0,1,6,0
304,88,380.0,696.0,419.0,694.0,418.0,672.0,379.0,674.0,1,7,0
304,89,542.0,708.0,558.0,707.0,556.0,665.0,540.0,666.0,1,1,0
304,90,427.0,654.0,432.0,632.0,397.0,624.0,391.0,646.0,1,7,0
304,91,630.0,359.0,642.0,340.0,628.0,332.0,617.0,351.0,1,2,0
304,92,233.0,530.0,271.0,518.0,264.0,498.0,227.0,510.0,1,7,0
304,94,310.0,602.0,311.0,586.0,297.0,585.0,295.0,601.0,1,2,0
304,95,542.0,416.0,574.0,403.0,565.0,383.0,533.0,396.0,1,7,0
304,96,224.0,423.0,250.0,421.0,247.0,374.0,221.0,376.0,1,7,0
304,98,356.0,690.0,357.0,672.0,345.0,671.0,344.0,689.0,1,2,0
304,99,357.0,690.0,374.0,690.0,374.0,678.0,357.0,678.0,1,2,0
304,100,793.0,309.0,822.0,294.0,816.0,283.0,787.0,298.0,1,1,0
304,101,424.0,44.0,445.0,43.0,445.0,28.0,424.0,29.0,1,2,0
304,102,76.0,254.0,81.0,232.0,38.0,222.0,33.0,244.0,1,7,0
305,71,492.0,846.0,503.0,846.0,503.0,831.0,492.0,831.0,1,2,0
305,85,411.0,887.0,440.0,886.0,437.0,825.0,408.0,826.0,1,6,0
305,88,383.0,745.0,426.0,741.0,424.0,718.0,381.0,722.0,1,7,0
305,89,547.0,754.0,564.0,754.0,562.0,711.0,545.0,711.0,1,1,0
305,90,431.0,701.0,436.0,678.0,402.0,671.0,397.0,694.0,1,7,0
305,91,637.0,391.0,648.0,391.0,648.0,376.0,637.0,376.0,1,2,0
305,92,237.0,576.0,275.0,566.0,270.0,546.0,232.0,556.0,1,7,0
305,94,304.0,642.0,315.0,642.0,315.0,623.0,304.0,623.0,1,2,0
305,95,547.0,463.0,581.0,449.0,572.0,428.0,539.0,442.0,1,7,0
305,96,230.0,470.0,253.0,470.0,253.0,423.0,230.0,423.0,1,7,0
305,98,349.0,745.0,360.0,745.0,360.0,730.0,349.0,730.0,1,2,0
305,99,363.0,746.0,375.0,746.0,375.0,732.0,363.0,732.0,1,2,0
305,100,796.0,358.0,823.0,343.0,818.0,333.0,791.0,348.0,1,1,0
305,101,433.0,92.0,454.0,86.0,451.0,73.0,429.0,79.0,1,2,0
305,102,82.0,303.0,89.0,282.0,46.0,269.0,39.0,290.0,1,7,0
305,103,472.0,62.0,485.0,59.0,477.0,25.0,465.0,28.0,1,1,0
305,104,468.0,42.0,480.0,40.0,478.0,30.0,466.0,32.0,1,2,0
306,71,504.0,844.0,515.0,844.0,515.0,832.0,504.0,832.0,1,2,0
306,85,422.0,891.0,454.0,889.0,450.0,828.0,418.0,830.0,1,6,0
306,88,397.0,747.0,436.0,745.0,434.0,722.0,395.0,724.0,1,7,0
306,89,560.0,757.0,575.0,756.0,571.0,715.0,557.0,716.0,1,1,0
306,90,444.0,702.0,445.0,681.0,411.0,679.0,410.0,700.0,1,7,0
306,91,664.0,388.0,666.0,372.0,651.0,371.0,649.0,387.0,1,2,0
306,92,250.0,581.0,287.0,568.0,280.0,547.0,243.0,560.0,1,7,0
306,94,317.0,637.0,330.0,637.0,330.0,621.0,317.0,621.0,1,2,0
306,95,559.0,465.0,590.0,451.0,580.0,431.0,549.0,445.0,1,7,0
306,96,241.0,475.0,265.0,474.0,264.0,427.0,240.0,428.0,1,7,0
306,98,362.0,753.0,374.0,753.0,374.0,736.0,362.0,736.0,1,2,0
306,99,374.0,749.0,388.0,749.0,388.0,733.0,374.0,733.0,1,2,0
306,100,809.0,358.0,836.0,343.0,831.0,334.0,804.0,349.0,1,1,0
306,101,442.0,92.0,464.0,91.0,463.0,79.0,441.0,80.0,1,2,0
306,102,94.0,301.0,96.0,279.0,54.0,276.0,52.0,298.0,1,7,0
306,103,492.0,78.0,504.0,73.0,489.0,39.0,477.0,44.0,1,1,0
306,104,487.0,63.0,500.0,56.0,495.0,46.0,482.0,53.0,1,2,0
307,71,510.0,863.0,516.0,841.0,506.0,838.0,500.0,860.0,1,2,0
307,85,420.0,905.0,450.0,904.0,447.0,842.0,417.0,843.0,1,6,0
307,88,395.0,764.0,436.0,762.0,434.0,739.0,393.0,741.0,1,7,0
307,89,558.0,774.0,573.0,774.0,572.0,733.0,557.0,733.0,1,1,0
307,90,443.0,719.0,444.0,695.0,409.0,694.0,408.0,718.0,1,7,0
307,91,669.0,398.0,673.0,378.0,656.0,375.0,652.0,395.0,1,2,0
307,92,247.0,598.0,285.0,586.0,279.0,566.0,241.0,578.0,1,7,0
307,94,322.0,651.0,335.0,633.0,325.0,626.0,312.0,644.0,1,2,0
307,95,557.0,484.0,589.0,469.0,579.0,448.0,547.0,463.0,1,7,0
307,96,240.0,491.0,265.0,489.0,261.0,442.0,237.0,444.0,1,7,0
307,98,360.0,777.0,375.0,776.0,374.0,762.0,359.0,763.0,1,2,0
307,99,377.0,774.0,387.0,774.0,387.0,757.0,377.0,757.0,1,2,0
307,100,807.0,374.0,834.0,360.0,829.0,351.0,803.0,365.0,1,1,0
307,101,440.0,111.0,462.0,109.0,460.0,96.0,438.0,98.0,1,2,0
307,102,92.0,321.0,96.0,299.0,53.0,293.0,49.0,315.0,1,7,0
307,103,503.0,110.0,515.0,103.0,498.0,77.0,486.0,84.0,1,1,0
307,104,497.0,100.0,509.0,91.0,499.0,79.0,487.0,88.0,1,2,0
308,71,521.0,868.0,521.0,849.0,509.0,849.0,509.0,868.0,1,2,0
308,85,426.0,915.0,457.0,914.0,454.0,855.0,423.0,856.0,1,6,0
308,88,400.0,779.0,440.0,778.0,439.0,755.0,399.0,756.0,1,7,0
308,89,564.0,789.0,579.0,788.0,577.0,747.0,562.0,748.0,1,1,0
308,90,449.0,735.0,452.0,712.0,418.0,708.0,415.0,731.0,1,7,0
308,91,669.0,400.0,682.0,400.0,682.0,387.0,669.0,387.0,1,2,0
308,92,254.0,614.0,293.0,600.0,285.0,580.0,246.0,594.0,1,7,0
308,94,333.0,659.0,343.0,644.0,331.0,636.0,321.0,651.0,1,2,0
308,95,564.0,499.0,595.0,484.0,585.0,463.0,553.0,478.0,1,7,0
308,96,246.0,506.0,270.0,505.0,268.0,458.0,244.0,459.0,1,7,0
308,98,381.0,800.0,381.0,779.0,367.0,779.0,367.0,800.0,1,2,0
308,99,380.0,794.0,395.0,792.0,394.0,780.0,379.0,782.0,1,2,0
308,100,813.0,388.0,839.0,375.0,834.0,366.0,809.0,379.0,1,1,0
308,101,445.0,127.0,467.0,125.0,466.0,111.0,444.0,113.0,1,2,0
308,102,101.0,335.0,102.0,314.0,58.0,310.0,57.0,331.0,1,7,0
308,103,523.0,143.0,535.0,134.0,514.0,108.0,502.0,117.0,1,1,0
308,104,516.0,131.0,526.0,120.0,518.0,112.0,508.0,123.0,1,2,0
309,71,511.0,884.0,524.0,884.0,524.0,868.0,511.0,868.0,1,2,0
309,88,402.0,799.0,441.0,798.0,440.0,775.0,401.0,776.0,1,7,0
309,89,565.0,809.0,581.0,808.0,578.0,767.0,563.0,768.0,1,1,0
309,90,451.0,755.0,453.0,732.0,419.0,728.0,417.0,751.0,1,7,0
309,91,675.0,415.0,689.0,415.0,689.0,396.0,675.0,396.0,1,2,0
309,92,255.0,634.0,293.0,621.0,287.0,601.0,248.0,614.0,1,7,0
309,94,326.0,670.0,340.0,670.0,340.0,649.0,326.0,649.0,1,2,0
309,95,565.0,519.0,597.0,504.0,587.0,483.0,555.0,498.0,1,7,0
309,96,247.0,527.0,273.0,526.0,271.0,478.0,245.0,479.0,1,7,0
309,98,381.0,827.0,384.0,811.0,370.0,809.0,367.0,825.0,1,2,0
309,99,381.0,822.0,395.0,822.0,395.0,810.0,381.0,810.0,1,2,0
309,100,813.0,410.0,840.0,395.0,835.0,386.0,808.0,401.0,1,1,0
309,101,446.0,146.0,466.0,145.0,465.0,131.0,445.0,132.0,1,2,0
309,102,101.0,355.0,103.0,333.0,59.0,330.0,58.0,352.0,1,7,0
309,103,535.0,180.0,548.0,171.0,529.0,145.0,516.0,154.0,1,1,0
309,104,528.0,171.0,540.0,161.0,533.0,152.0,520.0,162.0,1,2,0
310,71,508.0,897.0,522.0,897.0,522.0,879.0,508.0,879.0,1,2,0
310,88,398.0,814.0,438.0,813.0,438.0,791.0,398.0,792.0,1,7,0
310,89,564.0,825.0,577.0,824.0,575.0,782.0,562.0,783.0,1,1,0
310,90,448.0,771.0,452.0,748.0,416.0,743.0,413.0,766.0,1,7,0
310,91,686.0,426.0,699.0,407.0,685.0,398.0,672.0,417.0,1,2,0
310,92,254.0,651.0,292.0,637.0,284.0,616.0,246.0,630.0,1,7,0
310,94,339.0,679.0,339.0,663.0,324.0,663.0,324.0,679.0,1,2,0
310,95,563.0,535.0,595.0,518.0,584.0,498.0,553.0,515.0,1,7,0
310,96,244.0,542.0,269.0,541.0,268.0,496.0,243.0,497.0,1,7,0
310,98,377.0,849.0,379.0,827.0,368.0,826.0,367.0,848.0,1,2,0
310,99,378.0,845.0,388.0,845.0,388.0,827.0,378.0,827.0,1,2,0
310,100,812.0,425.0,837.0,411.0,831.0,402.0,806.0,416.0,1,1,0
310,101,445.0,163.0,465.0,161.0,463.0,147.0,443.0,149.0,1,2,0
310,102,100.0,371.0,101.0,350.0,57.0,348.0,56.0,369.0,1,7,0
310,103,546.0,217.0,558.0,210.0,541.0,182.0,529.0,189.0,1,1,0
310,104,538.0,205.0,552.0,198.0,545.0,187.0,531.0,194.0,1,2,0
311,88,447.0,836.0,448.0,814.0,408.0,812.0,407.0,834.0,1,7,0
311,89,571.0,846.0,586.0,846.0,585.0,803.0,570.0,803.0,1,1,0
311,90,455.0,795.0,459.0,773.0,423.0,766.0,419.0,788.0,1,7,0
311,91,696.0,434.0,709.0,434.0,709.0,419.0,696.0,419.0,1,2,0
311,92,261.0,671.0,299.0,659.0,292.0,638.0,254.0,650.0,1,7,0
311,94,342.0,696.0,353.0,676.0,341.0,670.0,330.0,690.0,1,2,0
311,95,572.0,556.0,602.0,539.0,591.0,519.0,561.0,536.0,1,7,0
311,96,256.0,565.0,280.0,562.0,274.0,514.0,251.0,517.0,1,7,0
311,98,376.0,876.0,386.0,876.0,385.0,856.0,375.0,856.0,1,2,0
311,99,385.0,873.0,396.0,873.0,396.0,859.0,385.0,859.0,1,2,0
311,100,820.0,445.0,844.0,433.0,840.0,423.0,816.0,435.0,1,1,0
311,101,455.0,185.0,475.0,177.0,470.0,165.0,450.0,173.0,1,2,0
311,102,108.0,394.0,111.0,371.0,68.0,367.0,66.0,390.0,1,7,0
311,103,566.0,259.0,577.0,253.0,562.0,226.0,551.0,232.0,1,1,0
311,104,560.0,252.0,573.0,243.0,564.0,230.0,551.0,239.0,1,2,0
312,88,400.0,845.0,440.0,845.0,440.0,822.0,400.0,822.0,1,7,0
312,89,562.0,855.0,577.0,855.0,577.0,814.0,562.0,814.0,1,1,0
312,90,449.0,803.0,453.0,780.0,417.0,775.0,413.0,798.0,1,7,0
312,91,692.0,438.0,707.0,438.0,707.0,419.0,692.0,419.0,1,2,0
312,92,254.0,682.0,292.0,668.0,284.0,648.0,246.0,662.0,1,7,0
312,94,327.0,700.0,345.0,700.0,345.0,683.0,327.0,683.0,1,2,0
312,95,563.0,566.0,595.0,550.0,585.0,530.0,553.0,546.0,1,7,0
312,96,246.0,574.0,270.0,573.0,267.0,527.0,243.0,528.0,1,7,0
312,98,366.0,894.0,381.0,894.0,381.0,875.0,366.0,875.0,1,2,0
312,99,377.0,889.0,391.0,889.0,391.0,870.0,377.0,870.0,1,2,0
312,100,811.0,455.0,838.0,441.0,833.0,432.0,806.0,446.0,1,1,0
312,101,444.0,194.0,466.0,192.0,465.0,177.0,443.0,179.0,1,2,0
312,102,100.0,404.0,101.0,382.0,57.0,380.0,56.0,402.0,1,7,0
312,103,566.0,295.0,580.0,290.0,569.0,258.0,555.0,263.0,1,1,0
312,104,562.0,283.0,576.0,278.0,571.0,263.0,556.0,268.0,1,2,0
313,88,400.0,871.0,439.0,869.0,438.0,845.0,399.0,847.0,1,7,0
313,89,565.0,878.0,579.0,877.0,576.0,836.0,562.0,837.0,1,1,0
313,90,449.0,826.0,452.0,803.0,417.0,799.0,415.0,822.0,1,7,0
313,91,705.0,457.0,721.0,440.0,710.0,431.0,694.0,448.0,1,2,0
313,92,255.0,708.0,293.0,693.0,284.0,672.0,246.0,687.0,1,7,0
313,94,345.0,719.0,346.0,696.0,330.0,695.0,329.0,718.0,1,2,0
313,95,563.0,591.0,596.0,574.0,585.0,554.0,553.0,571.0,1,7,0
313,96,246.0,599.0,270.0,598.0,268.0,550.0,243.0,551.0,1,7,0
313,100,812.0,480.0,837.0,466.0,831.0,457.0,806.0,471.0,1,1,0
313,101,445.0,219.0,468.0,216.0,467.0,202.0,443.0,205.0,1,2,0
313,102,57.0,426.0,99.0,426.0,99.0,403.0,57.0,403.0,1,7,0
313,103,576.0,344.0,590.0,340.0,581.0,308.0,567.0,312.0,1,1,0
313,104,574.0,335.0,588.0,330.0,582.0,314.0,568.0,319.0,1,2,0
313,105,246.0,36.0,323.0,11.0,311.0,-28.0,233.0,-3.0,1,0,0
314,88,405.0,888.0,446.0,885.0,445.0,861.0,404.0,864.0,1,7,0
314,89,570.0,894.0,585.0,893.0,581.0,853.0,567.0,854.0,1,1,0
314,90,454.0,843.0,456.0,819.0,422.0,815.0,420.0,839.0,1,7,0
314,91,712.0,459.0,726.0,459.0,726.0,446.0,712.0,446.0,1,2,0
314,92,262.0,724.0,298.0,709.0,289.0,689.0,253.0,704.0,1,7,0
314,94,337.0,728.0,356.0,728.0,356.0,709.0,337.0,709.0,1,2,0
314,95,570.0,607.0,601.0,591.0,589.0,570.0,559.0,586.0,1,7,0
314,96,252.0,615.0,276.0,615.0,276.0,566.0,252.0,566.0,1,7,0
314,100,818.0,497.0,843.0,482.0,837.0,473.0,812.0,488.0,1,1,0
314,101,451.0,234.0,475.0,231.0,473.0,219.0,449.0,222.0,1,2,0
314,102,106.0,444.0,106.0,420.0,63.0,420.0,63.0,444.0,1,7,0
314,103,593.0,388.0,607.0,384.0,599.0,352.0,584.0,356.0,1,1,0
314,104,589.0,378.0,603.0,373.0,598.0,357.0,584.0,362.0,1,2,0
314,105,268.0,48.0,346.0,22.0,333.0,-18.0,255.0,8.0,1,0,0
315,88,467.0,892.0,467.0,868.0,427.0,867.0,427.0,891.0,1,7,0
315,89,591.0,900.0,605.0,899.0,602.0,859.0,588.0,860.0,1,1,0
315,90,477.0,848.0,477.0,823.0,444.0,822.0,443.0,847.0,1,7,0
315,91,741.0,463.0,754.0,463.0,754.0,440.0,741.0,440.0,1,2,0
315,92,284.0,728.0,320.0,713.0,311.0,693.0,275.0,708.0,1,7,0
315,94,378.0,730.0,379.0,712.0,362.0,711.0,361.0,729.0,1,2,0
315,95,592.0,614.0,622.0,595.0,610.0,575.0,579.0,594.0,1,7,0
315,96,274.0,620.0,299.0,619.0,297.0,571.0,272.0,572.0,1,7,0
315,100,840.0,502.0,865.0,488.0,859.0,479.0,834.0,493.0,1,1,0
315,101,473.0,241.0,494.0,238.0,492.0,224.0,471.0,227.0,1,2,0
315,102,127.0,449.0,127.0,426.0,86.0,426.0,86.0,449.0,1,7,0
315,103,622.0,422.0,637.0,419.0,629.0,387.0,615.0,390.0,1,1,0
315,104,621.0,414.0,636.0,409.0,630.0,392.0,616.0,397.0,1,2,0
315,105,306.0,48.0,386.0,23.0,374.0,-16.0,294.0,9.0,1,0,0
316,88,412.0,901.0,457.0,897.0,454.0,874.0,410.0,878.0,1,7,0
316,89,579.0,912.0,594.0,911.0,590.0,867.0,574.0,869.0,1,1,0
316,90,429.0,859.0,466.0,855.0,463.0,833.0,426.0,837.0,1,7,0
316,91,731.0,460.0,746.0,460.0,746.0,442.0,731.0,442.0,1,2,0
316,92,269.0,738.0,307.0,726.0,300.0,706.0,262.0,718.0,1,7,0
316,94,350.0,735.0,370.0,735.0,370.0,716.0,350.0,716.0,1,2,0
316,95,581.0,626.0,609.0,605.0,595.0,586.0,567.0,607.0,1,7,0
316,96,263.0,633.0,286.0,632.0,283.0,583.0,260.0,584.0,1,7,0
316,100,825.0,514.0,851.0,499.0,845.0,489.0,819.0,504.0,1,1,0
316,101,462.0,252.0,481.0,245.0,476.0,233.0,457.0,240.0,1,2,0
316,102,71.0,460.0,114.0,458.0,113.0,436.0,70.0,438.0,1,7,0
316,103,621.0,465.0,634.0,460.0,621.0,425.0,609.0,430.0,1,1,0
316,104,616.0,455.0,630.0,449.0,625.0,435.0,611.0,441.0,1,2,0
316,105,308.0,52.0,384.0,31.0,374.0,-7.0,298.0,14.0,1,0,0
317,90,430.0,875.0,463.0,875.0,463.0,851.0,430.0,851.0,1,7,0
317,91,737.0,470.0,752.0,470.0,752.0,457.0,737.0,457.0,1,2,0
317,92,269.0,759.0,307.0,743.0,299.0,723.0,261.0,739.0,1,7,0
317,94,353.0,751.0,370.0,751.0,370.0,731.0,353.0,731.0,1,2,0
317,95,576.0,644.0,610.0,627.0,599.0,605.0,565.0,622.0,1,7,0
317,96,261.0,650.0,284.0,649.0,283.0,603.0,259.0,604.0,1,7,0
317,100,826.0,532.0,851.0,517.0,845.0,508.0,820.0,523.0,1,1,0
317,101,460.0,270.0,482.0,267.0,479.0,252.0,457.0,255.0,1,2,0
317,102,73.0,481.0,114.0,478.0,112.0,455.0,71.0,458.0,1,7,0
317,103,623.0,513.0,637.0,511.0,633.0,477.0,619.0,479.0,1,1,0
317,104,623.0,501.0,637.0,501.0,637.0,486.0,623.0,486.0,1,2,0
317,105,325.0,66.0,402.0,47.0,393.0,7.0,316.0,26.0,1,0,0
318,90,462.0,899.0,464.0,874.0,431.0,871.0,429.0,896.0,1,7,0
318,91,756.0,486.0,756.0,466.0,739.0,466.0,739.0,486.0,1,2,0
318,92,270.0,781.0,307.0,764.0,298.0,744.0,260.0,761.0,1,7,0
318,94,373.0,767.0,374.0,747.0,355.0,746.0,354.0,766.0,1,2,0
318,95,578.0,665.0,610.0,645.0,597.0,625.0,565.0,645.0,1,7,0
318,96,260.0,671.0,284.0,670.0,282.0,624.0,258.0,625.0,1,7,0
318,100,824.0,552.0,850.0,537.0,845.0,529.0,819.0,544.0,1,1,0
318,101,460.0,293.0,481.0,285.0,476.0,273.0,455.0,281.0,1,2,0
318,102,72.0,503.0,114.0,500.0,112.0,476.0,71.0,479.0,1,7,0
318,103,630.0,569.0,643.0,568.0,639.0,529.0,626.0,530.0,1,1,0
318,104,629.0,556.0,643.0,556.0,643.0,540.0,629.0,540.0,1,2,0
318,105,341.0,85.0,419.0,65.0,408.0,23.0,330.0,43.0,1,0,0
318,106,505.0,42.0,588.0,10.0,571.0,-32.0,489.0,0.0,1,0,0
318,107,189.0,17.0,202.0,12.0,194.0,-6.0,181.0,-1.0,1,2,0
319,91,766.0,502.0,787.0,502.0,787.0,482.0,766.0,482.0,1,2,0
319,92,291.0,807.0,328.0,791.0,319.0,771.0,282.0,787.0,1,7,0
319,94,385.0,792.0,402.0,781.0,392.0,766.0,375.0,777.0,1,2,0
319,95,596.0,690.0,627.0,676.0,617.0,655.0,586.0,669.0,1,7,0
319,96,282.0,699.0,305.0,699.0,305.0,650.0,282.0,650.0,1,7,0
319,100,847.0,580.0,873.0,565.0,867.0,556.0,842.0,571.0,1,1,0
319,101,477.0,320.0,504.0,317.0,502.0,301.0,476.0,304.0,1,2,0
319,102,93.0,526.0,135.0,526.0,135.0,505.0,93.0,505.0,1,7,0
319,103,654.0,626.0,668.0,624.0,663.0,591.0,650.0,593.0,1,1,0
319,104,654.0,619.0,667.0,616.0,663.0,600.0,650.0,603.0,1,2,0
319,105,379.0,109.0,458.0,88.0,447.0,45.0,368.0,66.0,1,0,0
319,106,538.0,64.0,623.0,31.0,606.0,-10.0,521.0,23.0,1,0,0
319,107,212.0,44.0,224.0,37.0,216.0,22.0,204.0,29.0,1,2,0
319,108,171.0,22.0,180.0,16.0,172.0,1.0,162.0,7.0,1,2,0
320,91,770.0,511.0,786.0,511.0,786.0,499.0,770.0,499.0,1,2,0
320,92,286.0,825.0,325.0,812.0,318.0,790.0,279.0,803.0,1,7,0
320,94,395.0,803.0,397.0,783.0,381.0,781.0,379.0,801.0,1,2,0
320,95,597.0,710.0,628.0,692.0,616.0,671.0,584.0,689.0,1,7,0
320,96,279.0,716.0,303.0,715.0,301.0,664.0,277.0,665.0,1,7,0
320,100,842.0,596.0,868.0,582.0,862.0,573.0,837.0,587.0,1,1,0
320,101,480.0,337.0,500.0,329.0,494.0,317.0,474.0,325.0,1,2,0
320,102,91.0,545.0,134.0,542.0,133.0,521.0,89.0,524.0,1,7,0
320,103,655.0,677.0,667.0,677.0,667.0,643.0,655.0,643.0,1,1,0
320,104,653.0,667.0,667.0,667.0,667.0,655.0,653.0,655.0,1,2,0
320,105,391.0,120.0,468.0,104.0,459.0,64.0,383.0,80.0,1,0,0
320,106,551.0,77.0,629.0,41.0,611.0,1.0,533.0,37.0,1,0,0
320,107,212.0,61.0,221.0,54.0,211.0,42.0,202.0,49.0,1,2,0
320,108,171.0,35.0,189.0,27.0,182.0,13.0,164.0,21.0,1,2,0
321,91,795.0,520.0,797.0,501.0,781.0,500.0,779.0,519.0,1,2,0
321,92,293.0,841.0,331.0,824.0,321.0,803.0,283.0,820.0,1,7,0
321,94,404.0,815.0,406.0,798.0,390.0,797.0,388.0,814.0,1,2,0
321,95,599.0,724.0,631.0,708.0,620.0,686.0,588.0,702.0,1,7,0
321,96,285.0,730.0,308.0,729.0,305.0,683.0,282.0,684.0,1,7,0
321,100,847.0,612.0,874.0,597.0,868.0,588.0,842.0,603.0,1,1,0
321,101,482.0,352.0,503.0,349.0,501.0,335.0,480.0,338.0,1,2,0
321,102,96.0,562.0,140.0,559.0,138.0,537.0,95.0,540.0,1,7,0
321,103,673.0,728.0,673.0,693.0,659.0,693.0,659.0,728.0,1,1,0
321,104,661.0,719.0,674.0,719.0,674.0,702.0,661.0,702.0,1,2,0
321,105,408.0,132.0,485.0,113.0,476.0,75.0,399.0,94.0,1,0,0
321,106,563.0,86.0,641.0,48.0,623.0,10.0,545.0,48.0,1,0,0
321,107,209.0,75.0,223.0,75.0,223.0,60.0,209.0,60.0,1,2,0
321,108,177.0,44.0,192.0,43.0,191.0,26.0,176.0,27.0,1,2,0
321,109,-6.0,282.0,24.0,256.0,12.0,242.0,-18.0,267.0,1,7,0
322,91,810.0,535.0,811.0,517.0,793.0,516.0,792.0,534.0,1,2,0
322,92,301.0,866.0,338.0,849.0,329.0,828.0,291.0,845.0,1,7,0
322,94,416.0,834.0,417.0,813.0,400.0,812.0,399.0,833.0,1,2,0
322,95,607.0,749.0,639.0,731.0,626.0,710.0,594.0,728.0,1,7,0
322,96,292.0,754.0,315.0,753.0,313.0,708.0,290.0,709.0,1,7,0
322,100,856.0,637.0,883.0,622.0,877.0,612.0,850.0,627.0,1,1,0
322,101,490.0,376.0,510.0,373.0,508.0,360.0,488.0,363.0,1,2,0
322,102,105.0,588.0,146.0,585.0,144.0,561.0,102.0,564.0,1,7,0
322,103,668.0,789.0,681.0,789.0,681.0,754.0,668.0,754.0,1,1,0
322,104,669.0,779.0,683.0,779.0,683.0,764.0,669.0,764.0,1,2,0
322,105,427.0,154.0,503.0,136.0,494.0,98.0,418.0,116.0,1,0,0
322,106,582.0,106.0,658.0,66.0,638.0,30.0,562.0,70.0,1,0,0
322,107,218.0,100.0,231.0,100.0,231.0,85.0,218.0,85.0,1,2,0
322,108,211.0,66.0,211.0,47.0,191.0,46.0,191.0,65.0,1,2,0
322,109,17.0,298.0,48.0,277.0,36.0,258.0,4.0,279.0,1,7,0
323,91,805.0,554.0,818.0,554.0,818.0,541.0,805.0,541.0,1,2,0
323,92,304.0,896.0,339.0,876.0,328.0,858.0,293.0,877.0,1,7,0
323,94,405.0,857.0,420.0,857.0,420.0,843.0,405.0,843.0,1,2,0
323,95,610.0,780.0,640.0,761.0,627.0,739.0,596.0,758.0,1,7,0
323,96,294.0,786.0,317.0,786.0,317.0,738.0,294.0,738.0,1,7,0
323,100,857.0,667.0,882.0,653.0,877.0,644.0,852.0,658.0,1,1,0
323,101,492.0,407.0,514.0,402.0,511.0,389.0,489.0,394.0,1,2,0
323,102,107.0,617.0,149.0,612.0,146.0,591.0,105.0,596.0,1,7,0
323,103,675.0,856.0,684.0,855.0,682.0,819.0,672.0,820.0,1,1,0
323,104,672.0,848.0,687.0,847.0,686.0,831.0,671.0,832.0,1,2,0
323,105,440.0,183.0,515.0,165.0,505.0,124.0,430.0,142.0,1,0,0
323,106,593.0,133.0,668.0,88.0,646.0,51.0,571.0,96.0,1,0,0
323,107,228.0,132.0,237.0,125.0,227.0,112.0,218.0,119.0,1,2,0
323,108,210.0,93.0,219.0,87.0,208.0,72.0,199.0,78.0,1,2,0
323,109,35.0,319.0,63.0,295.0,47.0,278.0,20.0,302.0,1,7,0
324,91,821.0,548.0,823.0,526.0,806.0,525.0,805.0,547.0,1,2,0
324,92,301.0,891.0,338.0,876.0,330.0,855.0,293.0,870.0,1,7,0
324,94,425.0,851.0,427.0,830.0,409.0,828.0,407.0,849.0,1,2,0
324,95,608.0,776.0,640.0,758.0,628.0,736.0,596.0,754.0,1,7,0
324,96,293.0,782.0,318.0,781.0,317.0,733.0,292.0,734.0,1,7,0
324,100,857.0,664.0,882.0,650.0,876.0,641.0,851.0,655.0,1,1,0
324,101,491.0,403.0,514.0,398.0,511.0,385.0,488.0,390.0,1,2,0
324,102,106.0,613.0,149.0,609.0,147.0,589.0,104.0,593.0,1,7,0
324,103,674.0,890.0,689.0,890.0,689.0,853.0,674.0,853.0,1,1,0
324,104,674.0,880.0,688.0,880.0,688.0,864.0,674.0,864.0,1,2,0
324,105,448.0,177.0,524.0,157.0,514.0,117.0,438.0,137.0,1,0,0
324,106,603.0,124.0,678.0,76.0,655.0,41.0,581.0,89.0,1,0,0
324,107,221.0,124.0,234.0,124.0,234.0,111.0,221.0,111.0,1,2,0
324,108,222.0,84.0,224.0,67.0,210.0,66.0,208.0,83.0,1,2,0
324,109,48.0,308.0,77.0,283.0,62.0,265.0,32.0,291.0,1,7,0
325,91,821.0,541.0,838.0,541.0,838.0,524.0,821.0,524.0,1,2,0
325,92,313.0,898.0,351.0,883.0,342.0,862.0,304.0,877.0,1,7,0
325,94,424.0,854.0,439.0,854.0,439.0,837.0,424.0,837.0,1,2,0
325,95,619.0,782.0,651.0,765.0,640.0,744.0,608.0,761.0,1,7,0
325,96,305.0,788.0,329.0,788.0,329.0,741.0,305.0,741.0,1,7,0
325,100,867.0,672.0,892.0,658.0,886.0,648.0,861.0,662.0,1,1,0
325,101,504.0,409.0,523.0,407.0,521.0,394.0,502.0,396.0,1,2,0
325,102,119.0,622.0,161.0,618.0,159.0,594.0,116.0,598.0,1,7,0
325,105,466.0,183.0,541.0,163.0,531.0,123.0,455.0,143.0,1,0,0
325,106,621.0,127.0,692.0,77.0,667.0,43.0,597.0,93.0,1,0,0
325,107,231.0,133.0,244.0,133.0,244.0,119.0,231.0,119.0,1,2,0
325,108,224.0,84.0,243.0,84.0,243.0,67.0,224.0,67.0,1,2,0
325,109,71.0,309.0,96.0,281.0,78.0,266.0,54.0,294.0,1,7,0
326,91,809.0,554.0,825.0,554.0,825.0,541.0,809.0,541.0,1,2,0
326,94,408.0,871.0,424.0,871.0,424.0,848.0,408.0,848.0,1,2,0
326,95,602.0,805.0,632.0,788.0,619.0,766.0,589.0,783.0,1,7,0
326,96,286.0,812.0,310.0,812.0,310.0,762.0,286.0,762.0,1,7,0
326,100,849.0,693.0,876.0,678.0,870.0,669.0,843.0,684.0,1,1,0
326,101,486.0,432.0,504.0,429.0,501.0,415.0,483.0,418.0,1,2,0
326,102,99.0,643.0,140.0,641.0,139.0,619.0,98.0,621.0,1,7,0
326,105,455.0,204.0,529.0,182.0,518.0,143.0,443.0,165.0,1,0,0
326,106,610.0,145.0,677.0,95.0,652.0,62.0,585.0,112.0,1,0,0
326,107,213.0,155.0,226.0,155.0,226.0,141.0,213.0,141.0,1,2,0
326,108,228.0,103.0,229.0,85.0,211.0,84.0,210.0,102.0,1,2,0
326,109,64.0,322.0,85.0,292.0,66.0,278.0,45.0,308.0,1,7,0
326,110,906.0,143.0,917.0,143.0,917.0,132.0,906.0,132.0,1,2,0
327,91,832.0,567.0,833.0,545.0,816.0,544.0,814.0,566.0,1,2,0
327,94,415.0,882.0,430.0,882.0,430.0,865.0,415.0,865.0,1,2,0
327,95,605.0,823.0,637.0,805.0,624.0,783.0,592.0,801.0,1,7,0
327,96,291.0,829.0,315.0,828.0,314.0,781.0,290.0,782.0,1,7,0
327,100,852.0,709.0,878.0,696.0,873.0,687.0,847.0,700.0,1,1,0
327,101,490.0,450.0,509.0,447.0,506.0,433.0,487.0,436.0,1,2,0
327,102,103.0,661.0,145.0,657.0,143.0,636.0,101.0,640.0,1,7,0
327,105,465.0,219.0,539.0,194.0,527.0,157.0,452.0,182.0,1,0,0
327,106,617.0,159.0,686.0,107.0,661.0,74.0,592.0,126.0,1,0,0
327,107,217.0,174.0,230.0,174.0,230.0,159.0,217.0,159.0,1,2,0
327,108,223.0,116.0,239.0,116.0,239.0,100.0,223.0,100.0,1,2,0
327,109,77.0,331.0,96.0,299.0,75.0,287.0,56.0,319.0,1,7,0
327,110,909.0,155.0,920.0,155.0,920.0,143.0,909.0,143.0,1,2,0
328,91,839.0,574.0,840.0,556.0,824.0,555.0,822.0,573.0,1,2,0
328,94,433.0,899.0,437.0,878.0,421.0,875.0,417.0,896.0,1,2,0
328,95,604.0,843.0,638.0,827.0,627.0,804.0,593.0,820.0,1,7,0
328,96,293.0,850.0,316.0,850.0,315.0,801.0,292.0,801.0,1,7,0
328,100,853.0,731.0,880.0,716.0,874.0,706.0,847.0,721.0,1,1,0
328,101,490.0,470.0,509.0,468.0,508.0,454.0,489.0,456.0,1,2,0
328,102,105.0,681.0,146.0,678.0,145.0,657.0,103.0,660.0,1,7,0
328,105,476.0,236.0,548.0,208.0,533.0,171.0,461.0,199.0,1,0,0
328,106,624.0,175.0,692.0,123.0,666.0,90.0,598.0,142.0,1,0,0
328,107,218.0,194.0,232.0,194.0,232.0,179.0,218.0,179.0,1,2,0
328,108,228.0,133.0,243.0,133.0,243.0,116.0,228.0,116.0,1,2,0
328,109,87.0,341.0,102.0,307.0,81.0,298.0,66.0,332.0,1,7,0
328,110,910.0,172.0,923.0,172.0,923.0,160.0,910.0,160.0,1,2,0
329,91,840.0,577.0,854.0,577.0,854.0,561.0,840.0,561.0,1,2,0
329,94,431.0,907.0,443.0,909.0,447.0,889.0,435.0,887.0,1,2,0
329,95,615.0,854.0,649.0,844.0,641.0,817.0,607.0,827.0,1,7,0
329,96,304.0,862.0,329.0,862.0,329.0,813.0,304.0,813.0,1,7,0
329,100,865.0,744.0,892.0,729.0,887.0,720.0,860.0,735.0,1,1,0
329,101,501.0,483.0,517.0,483.0,517.0,470.0,501.0,470.0,1,2,0
329,102,116.0,693.0,158.0,693.0,158.0,673.0,116.0,673.0,1,7,0
329,105,499.0,247.0,568.0,214.0,551.0,178.0,481.0,211.0,1,0,0
329,106,642.0,186.0,705.0,129.0,678.0,100.0,615.0,157.0,1,0,0
329,107,231.0,207.0,245.0,207.0,245.0,195.0,231.0,195.0,1,2,0
329,108,265.0,143.0,268.0,126.0,249.0,122.0,246.0,139.0,1,2,0
329,109,107.0,345.0,119.0,311.0,96.0,303.0,84.0,337.0,1,7,0
329,110,924.0,176.0,937.0,176.0,937.0,163.0,924.0,163.0,1,2,0
330,91,861.0,597.0,862.0,574.0,848.0,573.0,847.0,596.0,1,2,0
330,95,624.0,881.0,654.0,863.0,641.0,841.0,611.0,859.0,1,7,0
330,96,309.0,887.0,332.0,887.0,332.0,837.0,309.0,837.0,1,7,0
330,100,870.0,769.0,896.0,753.0,889.0,743.0,863.0,759.0,1,1,0
330,101,505.0,508.0,525.0,506.0,524.0,491.0,504.0,493.0,1,2,0
330,102,121.0,719.0,163.0,716.0,161.0,695.0,119.0,698.0,1,7,0
330,105,511.0,267.0,578.0,229.0,558.0,195.0,491.0,233.0,1,0,0
330,106,647.0,209.0,714.0,151.0,688.0,120.0,621.0,178.0,1,0,0
330,107,241.0,233.0,250.0,227.0,242.0,215.0,233.0,221.0,1,2,0
330,108,258.0,162.0,273.0,162.0,273.0,146.0,258.0,146.0,1,2,0
330,109,117.0,358.0,123.0,321.0,99.0,318.0,94.0,355.0,1,7,0
330,110,929.0,198.0,942.0,198.0,942.0,183.0,929.0,183.0,1,2,0
330,111,154.0,35.0,166.0,29.0,150.0,-6.0,138.0,0.0,1,1,0
330,112,209.0,19.0,219.0,7.0,194.0,-15.0,184.0,-3.0,1,7,0
330,113,164.0,24.0,176.0,18.0,165.0,-5.0,153.0,1.0,1,2,0
330,114,173.0,18.0,189.0,11.0,180.0,-9.0,164.0,-2.0,1,2,0
331,91,859.0,597.0,874.0,597.0,874.0,581.0,859.0,581.0,1,2,0
331,95,624.0,891.0,656.0,887.0,653.0,860.0,621.0,864.0,1,7,0
331,96,317.0,898.0,341.0,897.0,339.0,851.0,315.0,852.0,1,7,0
331,100,875.0,783.0,903.0,768.0,897.0,758.0,870.0,773.0,1,1,0
331,101,512.0,521.0,531.0,520.0,531.0,507.0,511.0,508.0,1,2,0
331,102,128.0,733.0,170.0,730.0,169.0,709.0,127.0,712.0,1,7,0
331,105,532.0,273.0,593.0,228.0,571.0,197.0,509.0,242.0,1,0,0
331,106,658.0,222.0,725.0,163.0,697.0,131.0,630.0,190.0,1,0,0
331,107,243.0,246.0,256.0,245.0,255.0,231.0,242.0,232.0,1,2,0
331,108,290.0,174.0,290.0,156.0,273.0,156.0,273.0,174.0,1,2,0
331,109,105.0,360.0,130.0,359.0,128.0,320.0,104.0,321.0,1,7,0
331,110,950.0,205.0,951.0,190.0,938.0,189.0,936.0,204.0,1,2,0
331,111,163.0,48.0,175.0,41.0,154.0,6.0,143.0,13.0,1,1,0
331,112,209.0,37.0,228.0,25.0,207.0,-8.0,188.0,4.0,1,7,0
331,113,169.0,39.0,183.0,33.0,174.0,13.0,160.0,19.0,1,2,0
331,114,175.0,29.0,192.0,29.0,192.0,8.0,175.0,8.0,1,2,0
331,115,120.0,28.0,142.0,25.0,136.0,-13.0,114.0,-10.0,1,7,0
331,116,184.0,32.0,198.0,26.0,183.0,-11.0,169.0,-5.0,1,1,0
332,91,857.0,599.0,873.0,599.0,873.0,585.0,857.0,585.0,1,2,0
332,95,621.0,908.0,650.0,906.0,648.0,872.0,619.0,874.0,1,7,0
332,96,313.0,914.0,339.0,913.0,337.0,863.0,311.0,864.0,1,7,0
332,100,871.0,793.0,896.0,780.0,890.0,770.0,865.0,783.0,1,1,0
332,101,507.0,533.0,525.0,531.0,524.0,518.0,505.0,520.0,1,2,0
332,102,122.0,744.0,166.0,741.0,165.0,721.0,121.0,724.0,1,7,0
332,105,541.0,278.0,595.0,223.0,568.0,195.0,513.0,250.0,1,0,0
332,106,655.0,231.0,719.0,174.0,691.0,143.0,628.0,200.0,1,0,0
332,107,238.0,256.0,252.0,256.0,252.0,241.0,238.0,241.0,1,2,0
332,108,287.0,178.0,287.0,161.0,274.0,161.0,274.0,178.0,1,2,0
332,109,101.0,361.0,126.0,359.0,123.0,322.0,98.0,324.0,1,7,0
332,110,947.0,209.0,947.0,195.0,933.0,195.0,933.0,209.0,1,2,0
332,111,157.0,58.0,169.0,52.0,151.0,16.0,139.0,22.0,1,1,0
332,112,202.0,51.0,223.0,38.0,200.0,2.0,179.0,15.0,1,7,0
332,113,166.0,49.0,178.0,44.0,169.0,26.0,158.0,31.0,1,2,0
332,114,171.0,39.0,185.0,39.0,185.0,19.0,171.0,19.0,1,2,0
332,115,111.0,40.0,135.0,39.0,133.0,-4.0,109.0,-3.0,1,7,0
332,116,175.0,43.0,189.0,40.0,181.0,7.0,167.0,10.0,1,1,0
333,91,868.0,615.0,884.0,615.0,884.0,594.0,868.0,594.0,1,2,0
333,100,877.0,816.0,905.0,802.0,899.0,791.0,872.0,805.0,1,1,0
333,101,516.0,558.0,537.0,547.0,532.0,537.0,511.0,548.0,1,2,0
333,102,130.0,765.0,174.0,765.0,174.0,746.0,130.0,746.0,1,7,0
333,105,559.0,289.0,608.0,232.0,578.0,206.0,529.0,263.0,1,0,0
333,106,665.0,254.0,726.0,196.0,698.0,166.0,636.0,224.0,1,0,0
333,107,245.0,280.0,258.0,280.0,258.0,268.0,245.0,268.0,1,2,0
333,108,290.0,198.0,307.0,198.0,307.0,180.0,290.0,180.0,1,2,0
333,109,110.0,373.0,134.0,370.0,128.0,335.0,105.0,338.0,1,7,0
333,110,941.0,227.0,955.0,227.0,955.0,211.0,941.0,211.0,1,2,0
333,111,163.0,82.0,176.0,76.0,162.0,45.0,149.0,51.0,1,1,0
333,112,207.0,74.0,227.0,66.0,211.0,29.0,191.0,37.0,1,7,0
333,113,171.0,74.0,185.0,68.0,177.0,49.0,163.0,55.0,1,2,0
333,114,178.0,57.0,193.0,57.0,193.0,42.0,178.0,42.0,1,2,0
333,115,142.0,63.0,147.0,22.0,118.0,19.0,114.0,60.0,1,7,0
333,116,181.0,69.0,198.0,67.0,193.0,29.0,176.0,31.0,1,1,0
333,117,714.0,901.0,736.0,897.0,728.0,856.0,706.0,860.0,1,7,0
334,91,861.0,628.0,878.0,628.0,878.0,615.0,861.0,615.0,1,2,0
334,100,869.0,843.0,893.0,830.0,888.0,819.0,864.0,832.0,1,1,0
334,101,507.0,582.0,527.0,574.0,523.0,564.0,503.0,572.0,1,2,0
334,102,122.0,793.0,165.0,793.0,165.0,774.0,122.0,774.0,1,7,0
334,105,562.0,304.0,606.0,241.0,572.0,217.0,528.0,280.0,1,0,0
334,106,654.0,276.0,716.0,221.0,690.0,192.0,628.0,247.0,1,0,0
334,107,237.0,306.0,248.0,306.0,248.0,295.0,237.0,295.0,1,2,0
334,108,284.0,220.0,301.0,220.0,301.0,206.0,284.0,206.0,1,2,0
334,109,103.0,389.0,122.0,385.0,114.0,347.0,95.0,351.0,1,7,0
334,110,934.0,243.0,948.0,243.0,948.0,231.0,934.0,231.0,1,2,0
334,111,155.0,109.0,168.0,104.0,154.0,72.0,141.0,77.0,1,1,0
334,112,194.0,99.0,218.0,91.0,205.0,55.0,181.0,63.0,1,7,0
334,113,163.0,100.0,175.0,95.0,167.0,78.0,155.0,83.0,1,2,0
334,114,170.0,86.0,185.0,82.0,182.0,69.0,167.0,73.0,1,2,0
334,115,110.0,87.0,133.0,87.0,133.0,46.0,110.0,46.0,1,7,0
334,116,174.0,94.0,188.0,91.0,181.0,57.0,167.0,60.0,1,1,0
334,117,697.0,885.0,717.0,880.0,705.0,838.0,686.0,843.0,1,7,0
334,118,365.0,20.0,373.0,10.0,357.0,-2.0,349.0,8.0,1,2,0
335,91,895.0,620.0,909.0,620.0,909.0,606.0,895.0,606.0,1,2,0
335,100,898.0,841.0,925.0,826.0,919.0,815.0,891.0,830.0,1,1,0
335,101,534.0,582.0,556.0,580.0,554.0,567.0,532.0,569.0,1,2,0
335,102,151.0,794.0,194.0,791.0,192.0,770.0,150.0,773.0,1,7,0
335,105,599.0,288.0,639.0,224.0,606.0,203.0,565.0,267.0,1,0,0
335,106,681.0,278.0,743.0,219.0,715.0,189.0,653.0,248.0,1,0,0
335,107,263.0,307.0,277.0,307.0,277.0,294.0,263.0,294.0,1,2,0
335,108,318.0,218.0,334.0,218.0,334.0,202.0,318.0,202.0,1,2,0
335,109,125.0,378.0,148.0,376.0,144.0,341.0,121.0,343.0,1,7,0
335,110,978.0,235.0,978.0,223.0,961.0,223.0,961.0,235.0,1,2,0
335,111,181.0,110.0,193.0,105.0,178.0,75.0,167.0,80.0,1,1,0
335,112,223.0,101.0,245.0,92.0,229.0,55.0,207.0,64.0,1,7,0
335,113,189.0,101.0,202.0,96.0,194.0,78.0,182.0,83.0,1,2,0
335,114,198.0,86.0,213.0,86.0,213.0,70.0,198.0,70.0,1,2,0
335,115,135.0,91.0,160.0,91.0,160.0,49.0,135.0,49.0,1,7,0
335,116,201.0,96.0,213.0,94.0,207.0,59.0,195.0,61.0,1,1,0
335,117,712.0,842.0,731.0,837.0,721.0,796.0,702.0,801.0,1,7,0
335,118,393.0,17.0,394.0,5.0,382.0,4.0,381.0,16.0,1,2,0
335,119,25.0,339.0,27.0,304.0,3.0,303.0,1.0,338.0,1,7,0
335,120,4.0,296.0,46.0,289.0,43.0,273.0,1.0,280.0,1,1,0
335,121,29.0,637.0,46.0,637.0,46.0,617.0,29.0,617.0,1,2,0
336,91,888.0,655.0,905.0,655.0,905.0,640.0,888.0,640.0,1,2,0
336,100,886.0,883.0,911.0,870.0,905.0,859.0,881.0,872.0,1,1,0
336,101,524.0,623.0,544.0,620.0,541.0,606.0,521.0,609.0,1,2,0
336,102,140.0,834.0,183.0,831.0,181.0,811.0,138.0,814.0,1,7,0
336,105,598.0,315.0,638.0,249.0,604.0,229.0,564.0,295.0,1,0,0
336,106,673.0,321.0,737.0,261.0,707.0,229.0,643.0,289.0,1,0,0
336,107,255.0,346.0,268.0,346.0,268.0,333.0,255.0,333.0,1,2,0
336,108,318.0,252.0,336.0,252.0,336.0,234.0,318.0,234.0,1,2,0
336,109,114.0,406.0,138.0,403.0,132.0,366.0,108.0,369.0,1,7,0
336,110,956.0,273.0,969.0,273.0,969.0,260.0,956.0,260.0,1,2,0
336,111,173.0,150.0,186.0,144.0,171.0,113.0,158.0,119.0,1,1,0
336,112,215.0,140.0,237.0,132.0,222.0,94.0,200.0,102.0,1,7,0
336,113,182.0,140.0,194.0,135.0,185.0,117.0,174.0,122.0,1,2,0
336,114,189.0,125.0,203.0,125.0,203.0,110.0,189.0,110.0,1,2,0
336,115,129.0,129.0,153.0,128.0,152.0,88.0,127.0,89.0,1,7,0
336,116,194.0,135.0,206.0,133.0,200.0,98.0,188.0,100.0,1,1,0
336,117,686.0,843.0,706.0,839.0,697.0,800.0,677.0,804.0,1,7,0
336,118,373.0,58.0,386.0,58.0,386.0,45.0,373.0,45.0,1,2,0
336,119,13.0,378.0,18.0,344.0,-6.0,340.0,-11.0,374.0,1,7,0
336,120,1.0,336.0,39.0,327.0,34.0,310.0,-3.0,319.0,1,1,0
336,121,23.0,671.0,39.0,671.0,39.0,655.0,23.0,655.0,1,2,0
336,122,1095.0,193.0,1104.0,193.0,1104.0,180.0,1095.0,180.0,1,2,0
337,91,885.0,666.0,895.0,666.0,895.0,649.0,885.0,649.0,1,2,0
337,100,870.0,902.0,899.0,890.0,895.0,879.0,866.0,891.0,1,1,0
337,101,509.0,643.0,531.0,642.0,530.0,628.0,509.0,629.0,1,2,0
337,102,126.0,857.0,168.0,852.0,165.0,830.0,124.0,835.0,1,7,0
337,105,594.0,319.0,634.0,254.0,601.0,234.0,561.0,299.0,1,0,0
337,106,659.0,340.0,721.0,282.0,692.0,252.0,630.0,310.0,1,0,0
337,107,241.0,367.0,254.0,367.0,254.0,354.0,241.0,354.0,1,2,0
337,108,324.0,269.0,324.0,252.0,310.0,252.0,310.0,269.0,1,2,0
337,109,99.0,413.0,123.0,409.0,116.0,372.0,92.0,376.0,1,7,0
337,110,942.0,287.0,958.0,287.0,958.0,275.0,942.0,275.0,1,2,0
337,111,162.0,170.0,174.0,162.0,154.0,133.0,142.0,141.0,1,1,0
337,112,202.0,160.0,222.0,152.0,208.0,116.0,188.0,124.0,1,7,0
337,113,169.0,160.0,183.0,154.0,174.0,135.0,160.0,141.0,1,2,0
337,114,177.0,144.0,192.0,144.0,192.0,130.0,177.0,130.0,1,2,0
337,115,116.0,149.0,140.0,149.0,140.0,108.0,116.0,108.0,1,7,0
337,116,180.0,156.0,195.0,153.0,187.0,118.0,172.0,121.0,1,1,0
337,117,659.0,827.0,679.0,822.0,669.0,783.0,649.0,788.0,1,7,0
337,118,362.0,80.0,375.0,80.0,375.0,68.0,362.0,68.0,1,2,0
337,121,17.0,686.0,34.0,686.0,34.0,670.0,17.0,670.0,1,2,0
337,122,1081.0,210.0,1095.0,210.0,1095.0,196.0,1081.0,196.0,1,2,0
337,123,571.0,60.0,629.0,-2.0,598.0,-30.0,541.0,32.0,1,0,0
338,91,867.0,657.0,888.0,657.0,888.0,639.0,867.0,639.0,1,2,0
338,100,857.0,899.0,880.0,888.0,876.0,878.0,852.0,889.0,1,1,0
338,101,495.0,642.0,518.0,641.0,517.0,625.0,494.0,626.0,1,2,0
338,102,113.0,855.0,155.0,850.0,152.0,829.0,110.0,834.0,1,7,0
338,105,593.0,298.0,633.0,233.0,599.0,212.0,559.0,277.0,1,0,0
338,106,648.0,336.0,709.0,278.0,681.0,248.0,620.0,306.0,1,0,0
338,107,228.0,364.0,240.0,364.0,240.0,352.0,228.0,352.0,1,2,0
338,108,301.0,264.0,318.0,264.0,318.0,248.0,301.0,248.0,1,2,0
338,109,80.0,398.0,105.0,394.0,99.0,356.0,74.0,360.0,1,7,0
338,110,932.0,278.0,946.0,278.0,946.0,266.0,932.0,266.0,1,2,0
338,111,145.0,168.0,156.0,163.0,142.0,132.0,130.0,137.0,1,1,0
338,112,188.0,158.0,210.0,149.0,194.0,112.0,172.0,121.0,1,7,0
338,113,157.0,158.0,169.0,150.0,156.0,133.0,144.0,141.0,1,2,0
338,114,161.0,143.0,175.0,143.0,175.0,127.0,161.0,127.0,1,2,0
338,115,100.0,146.0,124.0,146.0,124.0,105.0,100.0,105.0,1,7,0
338,116,164.0,153.0,179.0,150.0,171.0,116.0,157.0,119.0,1,1,0
338,117,632.0,790.0,651.0,784.0,639.0,745.0,620.0,751.0,1,7,0
338,118,352.0,79.0,365.0,79.0,365.0,67.0,352.0,67.0,1,2,0
338,121,9.0,680.0,28.0,680.0,28.0,661.0,9.0,661.0,1,2,0
338,122,1067.0,203.0,1083.0,203.0,1083.0,187.0,1067.0,187.0,1,2,0
338,123,556.0,57.0,611.0,-1.0,581.0,-30.0,526.0,28.0,1,0,0
339,91,896.0,664.0,910.0,664.0,910.0,648.0,896.0,648.0,1,2,0
339,101,514.0,664.0,535.0,664.0,535.0,649.0,514.0,649.0,1,2,0
339,102,132.0,876.0,173.0,871.0,171.0,850.0,130.0,855.0,1,7,0
339,105,621.0,305.0,659.0,240.0,625.0,220.0,587.0,285.0,1,0,0
339,106,664.0,361.0,725.0,303.0,696.0,272.0,635.0,330.0,1,0,0
339,107,245.0,386.0,258.0,386.0,258.0,374.0,245.0,374.0,1,2,0
339,108,325.0,282.0,342.0,282.0,342.0,264.0,325.0,264.0,1,2,0
339,109,97.0,405.0,123.0,399.0,114.0,363.0,89.0,369.0,1,7,0
339,110,952.0,295.0,966.0,295.0,966.0,281.0,952.0,281.0,1,2,0
339,111,164.0,190.0,176.0,185.0,162.0,156.0,150.0,161.0,1,1,0
339,112,207.0,183.0,228.0,174.0,212.0,137.0,191.0,146.0,1,7,0
339,113,174.0,182.0,186.0,173.0,177.0,160.0,164.0,169.0,1,2,0
339,114,179.0,164.0,193.0,164.0,193.0,152.0,179.0,152.0,1,2,0
339,115,121.0,171.0,142.0,171.0,142.0,130.0,121.0,130.0,1,7,0
339,116,184.0,176.0,198.0,174.0,192.0,138.0,178.0,140.0,1,1,0
339,117,636.0,782.0,657.0,776.0,645.0,737.0,624.0,743.0,1,7,0
339,118,375.0,103.0,387.0,103.0,387.0,90.0,375.0,90.0,1,2,0
339,121,37.0,698.0,56.0,698.0,56.0,681.0,37.0,681.0,1,2,0
339,122,1089.0,217.0,1106.0,217.0,1106.0,203.0,1089.0,203.0,1,2,0
339,123,575.0,78.0,637.0,13.0,607.0,-16.0,544.0,49.0,1,0,0
340,91,910.0,691.0,923.0,691.0,923.0,672.0,910.0,672.0,1,2,0
340,101,524.0,695.0,544.0,693.0,542.0,678.0,522.0,680.0,1,2,0
340,102,138.0,904.0,184.0,904.0,184.0,883.0,138.0,883.0,1,7,0
340,105,639.0,317.0,678.0,253.0,644.0,233.0,606.0,297.0,1,0,0
340,106,673.0,390.0,734.0,333.0,705.0,303.0,644.0,359.0,1,0,0
340,107,255.0,417.0,268.0,417.0,268.0,405.0,255.0,405.0,1,2,0
340,108,357.0,310.0,358.0,294.0,340.0,293.0,339.0,309.0,1,2,0
340,109,106.0,422.0,128.0,416.0,118.0,379.0,95.0,385.0,1,7,0
340,110,962.0,317.0,978.0,317.0,978.0,305.0,962.0,305.0,1,2,0
340,111,173.0,222.0,186.0,216.0,172.0,183.0,158.0,189.0,1,1,0
340,112,215.0,212.0,237.0,204.0,224.0,167.0,201.0,175.0,1,7,0
340,113,187.0,211.0,196.0,198.0,183.0,189.0,174.0,202.0,1,2,0
340,114,188.0,199.0,202.0,199.0,202.0,180.0,188.0,180.0,1,2,0
340,115,131.0,201.0,153.0,201.0,153.0,160.0,131.0,160.0,1,7,0
340,116,194.0,206.0,207.0,204.0,200.0,170.0,188.0,172.0,1,1,0
340,117,632.0,782.0,650.0,775.0,636.0,739.0,618.0,746.0,1,7,0
340,118,389.0,134.0,401.0,134.0,401.0,122.0,389.0,122.0,1,2,0
340,119,15.0,450.0,21.0,415.0,1.0,412.0,-5.0,447.0,1,7,0
340,120,0.0,406.0,39.0,399.0,35.0,382.0,-3.0,389.0,1,1,0
340,121,56.0,722.0,72.0,722.0,72.0,707.0,56.0,707.0,1,2,0
340,122,1103.0,241.0,1121.0,241.0,1121.0,227.0,1103.0,227.0,1,2,0
340,123,583.0,110.0,643.0,46.0,614.0,18.0,553.0,82.0,1,0,0
340,124,20.0,401.0,16.0,387.0,-1.0,391.0,2.0,405.0,1,2,0
340,125,574.0,48.0,641.0,-10.0,612.0,-43.0,545.0,16.0,1,0,0
341,91,902.0,702.0,903.0,683.0,887.0,682.0,886.0,701.0,1,2,0
341,101,502.0,716.0,521.0,714.0,519.0,699.0,500.0,701.0,1,2,0
341,105,627.0,321.0,665.0,254.0,631.0,235.0,593.0,302.0,1,0,0
341,106,651.0,410.0,713.0,353.0,685.0,323.0,623.0,380.0,1,0,0
341,107,233.0,438.0,246.0,438.0,246.0,426.0,233.0,426.0,1,2,0
341,108,323.0,328.0,337.0,328.0,337.0,313.0,323.0,313.0,1,2,0
341,109,78.0,431.0,100.0,424.0,89.0,388.0,66.0,395.0,1,7,0
341,110,942.0,332.0,958.0,331.0,958.0,320.0,942.0,321.0,1,2,0
341,111,150.0,242.0,161.0,237.0,148.0,206.0,136.0,211.0,1,1,0
341,112,194.0,233.0,215.0,224.0,199.0,187.0,178.0,196.0,1,7,0
341,113,158.0,231.0,170.0,228.0,165.0,209.0,153.0,212.0,1,2,0
341,114,171.0,227.0,184.0,224.0,179.0,202.0,166.0,205.0,1,2,0
341,115,130.0,222.0,130.0,181.0,106.0,181.0,106.0,222.0,1,7,0
341,116,170.0,227.0,184.0,225.0,178.0,190.0,164.0,192.0,1,1,0
341,117,596.0,776.0,614.0,768.0,598.0,732.0,580.0,740.0,1,7,0
341,118,383.0,155.0,383.0,141.0,369.0,141.0,369.0,155.0,1,2,0
341,121,55.0,741.0,57.0,723.0,40.0,722.0,38.0,740.0,1,2,0
341,122,1087.0,257.0,1103.0,257.0,1103.0,242.0,1087.0,242.0,1,2,0
341,123,562.0,132.0,622.0,68.0,592.0,39.0,532.0,103.0,1,0,0
341,125,551.0,71.0,617.0,9.0,586.0,-23.0,520.0,38.0,1,0,0
342,91,899.0,700.0,914.0,700.0,914.0,684.0,899.0,684.0,1,2,0
342,101,511.0,724.0,531.0,724.0,531.0,709.0,511.0,709.0,1,2,0
342,105,647.0,311.0,684.0,243.0,649.0,224.0,612.0,292.0,1,0,0
342,106,657.0,419.0,720.0,361.0,692.0,332.0,629.0,390.0,1,0,0
342,107,241.0,448.0,255.0,448.0,255.0,437.0,241.0,437.0,1,2,0
342,108,345.0,338.0,354.0,320.0,345.0,315.0,336.0,333.0,1,2,0
342,109,84.0,427.0,106.0,417.0,91.0,383.0,69.0,393.0,1,7,0
342,110,954.0,332.0,968.0,332.0,968.0,319.0,954.0,319.0,1,2,0
342,111,161.0,251.0,172.0,246.0,157.0,213.0,147.0,218.0,1,1,0
342,112,201.0,243.0,224.0,234.0,210.0,199.0,187.0,208.0,1,7,0
342,113,167.0,244.0,180.0,238.0,174.0,223.0,160.0,229.0,1,2,0
342,114,175.0,230.0,189.0,227.0,187.0,213.0,173.0,216.0,1,2,0
342,115,115.0,232.0,138.0,232.0,138.0,191.0,115.0,191.0,1,7,0
342,116,177.0,237.0,192.0,235.0,187.0,201.0,172.0,203.0,1,1,0
342,117,592.0,762.0,611.0,752.0,590.0,715.0,571.0,725.0,1,7,0
342,118,382.0,159.0,395.0,159.0,395.0,148.0,382.0,148.0,1,2,0
342,121,60.0,749.0,80.0,735.0,72.0,724.0,52.0,738.0,1,2,0
342,122,1099.0,258.0,1116.0,258.0,1116.0,242.0,1099.0,242.0,1,2,0
342,123,569.0,139.0,630.0,76.0,600.0,48.0,540.0,111.0,1,0,0
342,125,557.0,77.0,624.0,18.0,595.0,-14.0,528.0,44.0,1,0,0
343,91,906.0,689.0,920.0,689.0,920.0,673.0,906.0,673.0,1,2,0
343,101,512.0,724.0,532.0,713.0,527.0,702.0,507.0,713.0,1,2,0
343,105,661.0,288.0,693.0,220.0,658.0,203.0,626.0,271.0,1,0,0
343,106,662.0,417.0,723.0,359.0,695.0,330.0,634.0,388.0,1,0,0
343,107,242.0,446.0,255.0,446.0,255.0,433.0,242.0,433.0,1,2,0
343,108,343.0,327.0,357.0,327.0,357.0,312.0,343.0,312.0,1,2,0
343,109,80.0,416.0,105.0,405.0,88.0,368.0,63.0,379.0,1,7,0
343,110,959.0,325.0,973.0,325.0,973.0,314.0,959.0,314.0,1,2,0
343,111,157.0,252.0,171.0,246.0,157.0,211.0,143.0,217.0,1,1,0
343,112,203.0,240.0,226.0,230.0,210.0,195.0,187.0,205.0,1,7,0
343,113,168.0,239.0,181.0,233.0,174.0,217.0,161.0,223.0,1,2,0
343,114,176.0,227.0,190.0,224.0,187.0,210.0,173.0,213.0,1,2,0
343,115,115.0,229.0,140.0,229.0,140.0,187.0,115.0,187.0,1,7,0
343,116,179.0,237.0,193.0,235.0,188.0,196.0,174.0,198.0,1,1,0
343,117,583.0,736.0,598.0,726.0,577.0,694.0,561.0,704.0,1,7,0
343,118,385.0,154.0,399.0,154.0,399.0,141.0,385.0,141.0,1,2,0
343,121,69.0,738.0,84.0,738.0,84.0,721.0,69.0,721.0,1,2,0
343,122,1106.0,248.0,1123.0,248.0,1123.0,236.0,1106.0,236.0,1,2,0
343,123,572.0,137.0,631.0,73.0,600.0,45.0,541.0,109.0,1,0,0
343,125,560.0,75.0,626.0,16.0,596.0,-16.0,530.0,43.0,1,0,0
344,91,927.0,688.0,939.0,688.0,939.0,675.0,927.0,675.0,1,2,0
344,101,526.0,731.0,547.0,728.0,545.0,714.0,524.0,717.0,1,2,0
344,105,683.0,278.0,716.0,209.0,682.0,193.0,649.0,262.0,1,0,0
344,106,675.0,426.0,736.0,370.0,709.0,340.0,647.0,397.0,1,0,0
344,107,259.0,456.0,271.0,456.0,271.0,443.0,259.0,443.0,1,2,0
344,108,364.0,334.0,380.0,334.0,380.0,322.0,364.0,322.0,1,2,0
344,109,94.0,416.0,113.0,403.0,93.0,373.0,74.0,386.0,1,7,0
344,110,976.0,329.0,993.0,329.0,993.0,317.0,976.0,317.0,1,2,0
344,111,177.0,261.0,189.0,255.0,173.0,223.0,161.0,229.0,1,1,0
344,112,220.0,249.0,240.0,240.0,225.0,205.0,205.0,214.0,1,7,0
344,113,192.0,249.0,198.0,235.0,185.0,230.0,179.0,244.0,1,2,0
344,114,192.0,235.0,205.0,235.0,205.0,220.0,192.0,220.0,1,2,0
344,115,132.0,241.0,155.0,240.0,154.0,199.0,131.0,200.0,1,7,0
344,116,197.0,247.0,211.0,244.0,204.0,207.0,190.0,210.0,1,1,0
344,117,585.0,727.0,601.0,717.0,581.0,686.0,565.0,696.0,1,7,0
344,118,403.0,158.0,415.0,158.0,415.0,145.0,403.0,145.0,1,2,0
344,119,17.0,487.0,23.0,454.0,2.0,451.0,-3.0,484.0,1,7,0
344,120,1.0,442.0,41.0,435.0,38.0,419.0,-2.0,426.0,1,1,0
344,121,109.0,743.0,110.0,725.0,94.0,724.0,92.0,742.0,1,2,0
344,122,1128.0,252.0,1147.0,252.0,1147.0,236.0,1128.0,236.0,1,2,0
344,123,586.0,146.0,646.0,81.0,617.0,54.0,556.0,119.0,1,0,0
344,124,24.0,437.0,21.0,423.0,3.0,428.0,7.0,442.0,1,2,0
344,125,573.0,86.0,640.0,25.0,610.0,-7.0,543.0,54.0,1,0,0
345,101,517.0,750.0,538.0,747.0,536.0,732.0,515.0,735.0,1,2,0
345,105,683.0,274.0,714.0,205.0,679.0,190.0,649.0,259.0,1,0,0
345,106,664.0,446.0,726.0,388.0,697.0,358.0,636.0,416.0,1,0,0
345,107,249.0,475.0,261.0,475.0,261.0,462.0,249.0,462.0,1,2,0
345,108,362.0,348.0,373.0,348.0,373.0,336.0,362.0,336.0,1,2,0
345,109,78.0,428.0,97.0,413.0,72.0,384.0,54.0,399.0,1,7,0
345,110,972.0,343.0,987.0,343.0,987.0,329.0,972.0,329.0,1,2,0
345,111,164.0,279.0,176.0,274.0,163.0,241.0,151.0,246.0,1,1,0
345,112,209.0,269.0,230.0,260.0,214.0,224.0,193.0,233.0,1,7,0
345,113,182.0,268.0,186.0,254.0,172.0,250.0,168.0,264.0,1,2,0
345,114,184.0,253.0,197.0,253.0,197.0,238.0,184.0,238.0,1,2,0
345,115,121.0,259.0,146.0,259.0,146.0,218.0,121.0,218.0,1,7,0
345,116,185.0,265.0,198.0,263.0,193.0,228.0,179.0,230.0,1,1,0
345,117,563.0,728.0,582.0,717.0,563.0,686.0,544.0,697.0,1,7,0
345,118,396.0,174.0,409.0,174.0,409.0,162.0,396.0,162.0,1,2,0
345,120,-8.0,464.0,30.0,457.0,26.0,440.0,-12.0,447.0,1,1,0
345,121,108.0,758.0,110.0,740.0,93.0,739.0,91.0,757.0,1,2,0
345,122,1120.0,263.0,1139.0,262.0,1138.0,249.0,1119.0,250.0,1,2,0
345,123,576.0,165.0,635.0,101.0,605.0,73.0,545.0,137.0,1,0,0
345,125,562.0,105.0,629.0,45.0,599.0,12.0,532.0,72.0,1,0,0
345,126,778.0,24.0,818.0,24.0,818.0,7.0,778.0,7.0,1,1,0
346,101,564.0,768.0,584.0,758.0,578.0,748.0,558.0,758.0,1,2,0
346,105,730.0,266.0,752.0,195.0,717.0,184.0,695.0,255.0,1,0,0
346,106,702.0,460.0,764.0,402.0,737.0,373.0,675.0,431.0,1,0,0
346,107,290.0,497.0,301.0,497.0,301.0,485.0,290.0,485.0,1,2,0
346,108,414.0,370.0,419.0,353.0,407.0,350.0,402.0,367.0,1,2,0
346,109,115.0,447.0,131.0,429.0,104.0,406.0,88.0,424.0,1,7,0
346,110,1015.0,347.0,1029.0,347.0,1029.0,334.0,1015.0,334.0,1,2,0
346,111,204.0,306.0,217.0,301.0,203.0,269.0,190.0,274.0,1,1,0
346,112,246.0,293.0,267.0,286.0,253.0,248.0,233.0,255.0,1,7,0
346,113,208.0,294.0,223.0,291.0,219.0,273.0,205.0,276.0,1,2,0
346,114,218.0,280.0,234.0,279.0,233.0,266.0,217.0,267.0,1,2,0
346,115,160.0,285.0,182.0,285.0,182.0,246.0,160.0,246.0,1,7,0
346,116,223.0,292.0,237.0,290.0,232.0,254.0,218.0,256.0,1,1,0
346,117,601.0,730.0,619.0,720.0,598.0,683.0,580.0,693.0,1,7,0
346,118,433.0,192.0,445.0,192.0,445.0,179.0,433.0,179.0,1,2,0
346,119,48.0,538.0,57.0,502.0,35.0,496.0,25.0,532.0,1,7,0
346,120,30.0,493.0,72.0,486.0,70.0,470.0,28.0,477.0,1,1,0
346,121,149.0,778.0,164.0,778.0,164.0,757.0,149.0,757.0,1,2,0
346,122,1161.0,262.0,1183.0,262.0,1183.0,249.0,1161.0,249.0,1,2,0
346,123,608.0,182.0,668.0,117.0,637.0,89.0,577.0,154.0,1,0,0
346,124,40.0,489.0,55.0,486.0,52.0,471.0,37.0,474.0,1,2,0
346,125,595.0,121.0,661.0,60.0,633.0,29.0,567.0,90.0,1,0,0
346,126,814.0,37.0,850.0,37.0,850.0,22.0,814.0,22.0,1,1,0
346,127,15.0,488.0,22.0,478.0,9.0,469.0,3.0,479.0,1,2,0
346,128,8.0,498.0,26.0,469.0,15.0,462.0,-3.0,491.0,1,1,0
346,129,1068.0,17.0,1078.0,17.0,1078.0,4.0,1068.0,4.0,1,2,0
346,130,592.0,54.0,653.0,-15.0,623.0,-41.0,562.0,28.0,1,0,0
347,101,660.0,778.0,661.0,761.0,644.0,760.0,643.0,777.0,1,2,0
347,105,787.0,244.0,803.0,171.0,767.0,163.0,751.0,236.0,1,0,0
347,106,767.0,464.0,823.0,402.0,792.0,374.0,736.0,436.0,1,0,0
347,107,356.0,525.0,368.0,525.0,368.0,512.0,356.0,512.0,1,2,0
347,108,468.0,383.0,481.0,383.0,481.0,368.0,468.0,368.0,1,2,0
347,109,177.0,479.0,189.0,459.0,158.0,441.0,146.0,461.0,1,7,0
347,110,1095.0,327.0,1095.0,315.0,1080.0,315.0,1080.0,327.0,1,2,0
347,111,258.0,339.0,271.0,332.0,254.0,303.0,242.0,310.0,1,1,0
347,112,301.0,323.0,321.0,313.0,305.0,281.0,285.0,291.0,1,7,0
347,113,272.0,328.0,280.0,315.0,267.0,307.0,259.0,320.0,1,2,0
347,114,273.0,312.0,287.0,312.0,287.0,298.0,273.0,298.0,1,2,0
347,115,214.0,322.0,238.0,321.0,236.0,280.0,212.0,281.0,1,7,0
347,116,278.0,323.0,290.0,320.0,282.0,287.0,269.0,290.0,1,1,0
347,117,665.0,721.0,685.0,713.0,671.0,677.0,651.0,685.0,1,7,0
347,118,480.0,206.0,493.0,206.0,493.0,195.0,480.0,195.0,1,2,0
347,119,123.0,575.0,125.0,542.0,104.0,541.0,102.0,574.0,1,7,0
347,120,99.0,535.0,141.0,525.0,137.0,509.0,96.0,519.0,1,1,0
347,121,254.0,803.0,254.0,786.0,239.0,786.0,239.0,803.0,1,2,0
347,123,656.0,192.0,710.0,123.0,679.0,98.0,625.0,167.0,1,0,0
347,124,105.0,529.0,116.0,529.0,116.0,521.0,105.0,521.0,1,2,0
347,125,637.0,132.0,700.0,67.0,669.0,38.0,607.0,103.0,1,0,0
347,126,852.0,34.0,890.0,31.0,888.0,16.0,850.0,19.0,1,1,0
347,127,77.0,527.0,90.0,527.0,90.0,515.0,77.0,515.0,1,2,0
347,128,80.0,539.0,97.0,511.0,86.0,504.0,69.0,532.0,1,1,0
347,129,1110.0,14.0,1118.0,14.0,1118.0,3.0,1110.0,3.0,1,2,0
347,130,633.0,63.0,686.0,-12.0,654.0,-35.0,600.0,39.0,1,0,0
347,131,57.0,571.0,81.0,571.0,81.0,538.0,57.0,538.0,1,7,0
347,132,45.0,564.0,58.0,528.0,38.0,521.0,25.0,557.0,1,7,0
347,133,22.0,557.0,25.0,520.0,9.0,519.0,6.0,556.0,1,1,0
347,134,65.0,536.0,79.0,507.0,68.0,502.0,54.0,531.0,1,1,0
347,135,46.0,590.0,65.0,584.0,55.0,552.0,36.0,558.0,1,7,0
347,136,32.0,602.0,51.0,595.0,39.0,565.0,20.0,572.0,1,7,0
347,137,16.0,606.0,27.0,600.0,11.0,573.0,1.0,579.0,1,1,0
347,138,7.0,544.0,24.0,544.0,24.0,532.0,7.0,532.0,1,2,0
347,139,59.0,527.0,72.0,527.0,72.0,516.0,59.0,516.0,1,2,0
348,101,650.0,797.0,664.0,785.0,655.0,775.0,641.0,787.0,1,2,0
348,105,774.0,233.0,785.0,158.0,747.0,152.0,736.0,227.0,1,0,0
348,106,757.0,478.0,812.0,413.0,780.0,386.0,725.0,451.0,1,0,0
348,107,349.0,554.0,361.0,554.0,361.0,540.0,349.0,540.0,1,2,0
348,108,460.0,402.0,472.0,402.0,472.0,387.0,460.0,387.0,1,2,0
348,109,164.0,509.0,171.0,488.0,137.0,476.0,130.0,497.0,1,7,0
348,110,1069.0,324.0,1082.0,324.0,1082.0,312.0,1069.0,312.0,1,2,0
348,111,247.0,372.0,258.0,365.0,240.0,336.0,229.0,343.0,1,1,0
348,112,286.0,355.0,307.0,343.0,288.0,311.0,267.0,323.0,1,7,0
348,113,258.0,359.0,266.0,348.0,254.0,339.0,245.0,350.0,1,2,0
348,114,258.0,343.0,272.0,343.0,272.0,330.0,258.0,330.0,1,2,0
348,115,199.0,354.0,224.0,352.0,220.0,313.0,195.0,315.0,1,7,0
348,116,263.0,355.0,275.0,351.0,265.0,317.0,253.0,321.0,1,1,0
348,117,658.0,717.0,677.0,713.0,668.0,673.0,649.0,677.0,1,7,0
348,118,463.0,229.0,475.0,229.0,475.0,216.0,463.0,216.0,1,2,0
348,119,117.0,615.0,120.0,581.0,98.0,579.0,94.0,613.0,1,7,0
348,120,92.0,573.0,134.0,561.0,130.0,546.0,88.0,558.0,1,1,0
348,121,250.0,830.0,267.0,830.0,267.0,812.0,250.0,812.0,1,2,0
348,123,636.0,207.0,688.0,137.0,655.0,113.0,603.0,183.0,1,0,0
348,124,100.0,566.0,112.0,566.0,112.0,557.0,100.0,557.0,1,2,0
348,125,616.0,150.0,675.0,82.0,643.0,54.0,584.0,122.0,1,0,0
348,126,824.0,44.0,862.0,40.0,860.0,25.0,822.0,29.0,1,1,0
348,127,71.0,567.0,84.0,567.0,84.0,554.0,71.0,554.0,1,2,0
348,128,74.0,579.0,88.0,549.0,75.0,544.0,62.0,574.0,1,1,0
348,129,1084.0,19.0,1098.0,19.0,1098.0,2.0,1084.0,2.0,1,2,0
348,130,606.0,87.0,660.0,12.0,627.0,-11.0,573.0,64.0,1,0,0
348,131,51.0,612.0,75.0,611.0,73.0,576.0,50.0,577.0,1,7,0
348,132,36.0,605.0,51.0,569.0,32.0,561.0,18.0,597.0,1,7,0
348,133,14.0,599.0,17.0,560.0,3.0,559.0,0.0,598.0,1,1,0
348,134,58.0,575.0,71.0,547.0,60.0,542.0,47.0,570.0,1,1,0
348,135,41.0,631.0,61.0,623.0,49.0,591.0,28.0,599.0,1,7,0
348,136,29.0,644.0,46.0,636.0,31.0,607.0,15.0,615.0,1,7,0
348,137,8.0,652.0,21.0,645.0,5.0,616.0,-8.0,623.0,1,1,0
348,138,3.0,584.0,15.0,584.0,15.0,573.0,3.0,573.0,1,2,0
348,139,52.0,567.0,64.0,567.0,64.0,556.0,52.0,556.0,1,2,0
348,140,690.0,84.0,732.0,76.0,716.0,-8.0,674.0,0.0,1,0,0
348,141,825.0,20.0,852.0,5.0,846.0,-7.0,819.0,8.0,1,1,0
349,101,605.0,822.0,620.0,808.0,612.0,799.0,597.0,813.0,1,2,0
349,105,731.0,232.0,739.0,157.0,702.0,153.0,694.0,228.0,1,0,0
349,106,711.0,501.0,765.0,436.0,734.0,410.0,680.0,475.0,1,0,0
349,107,303.0,579.0,316.0,579.0,316.0,565.0,303.0,565.0,1,2,0
349,108,419.0,423.0,433.0,423.0,433.0,406.0,419.0,406.0,1,2,0
349,109,112.0,531.0,118.0,509.0,81.0,500.0,76.0,522.0,1,7,0
349,111,198.0,395.0,210.0,389.0,195.0,359.0,183.0,365.0,1,1,0
349,112,240.0,381.0,260.0,370.0,240.0,336.0,220.0,347.0,1,7,0
349,113,211.0,388.0,221.0,379.0,210.0,366.0,200.0,375.0,1,2,0
349,114,213.0,369.0,226.0,369.0,226.0,356.0,213.0,356.0,1,2,0
349,115,152.0,381.0,176.0,379.0,173.0,338.0,149.0,340.0,1,7,0
349,116,217.0,380.0,230.0,376.0,219.0,340.0,205.0,344.0,1,1,0
349,117,606.0,721.0,628.0,720.0,626.0,680.0,605.0,681.0,1,7,0
349,118,419.0,247.0,434.0,247.0,434.0,237.0,419.0,237.0,1,2,0
349,119,69.0,639.0,71.0,607.0,48.0,606.0,47.0,638.0,1,7,0
349,120,45.0,599.0,86.0,587.0,82.0,571.0,41.0,583.0,1,1,0
349,121,209.0,851.0,227.0,851.0,227.0,827.0,209.0,827.0,1,2,0
349,122,1158.0,237.0,1179.0,236.0,1178.0,220.0,1157.0,221.0,1,2,0
349,123,590.0,232.0,642.0,162.0,609.0,138.0,557.0,208.0,1,0,0
349,124,49.0,593.0,63.0,593.0,63.0,583.0,49.0,583.0,1,2,0
349,125,569.0,174.0,629.0,107.0,598.0,79.0,538.0,146.0,1,0,0
349,126,777.0,69.0,815.0,64.0,813.0,48.0,775.0,53.0,1,1,0
349,127,23.0,593.0,35.0,593.0,35.0,580.0,23.0,580.0,1,2,0
349,128,26.0,604.0,39.0,575.0,28.0,570.0,14.0,599.0,1,1,0
349,129,1046.0,43.0,1058.0,43.0,1058.0,25.0,1046.0,25.0,1,2,0
349,130,561.0,111.0,614.0,36.0,581.0,13.0,528.0,88.0,1,0,0
349,131,24.0,639.0,29.0,602.0,5.0,599.0,0.0,636.0,1,7,0
349,134,8.0,604.0,23.0,572.0,11.0,567.0,-4.0,599.0,1,1,0
349,139,3.0,593.0,15.0,593.0,15.0,582.0,3.0,582.0,1,2,0
349,140,646.0,137.0,688.0,131.0,675.0,38.0,632.0,44.0,1,0,0
349,141,782.0,45.0,810.0,23.0,802.0,12.0,774.0,34.0,1,1,0
349,142,541.0,54.0,593.0,2.0,567.0,-24.0,515.0,28.0,1,3,0
349,143,775.0,25.0,807.0,6.0,796.0,-12.0,764.0,7.0,1,7,0
350,101,601.0,832.0,618.0,818.0,610.0,808.0,593.0,822.0,1,2,0
350,105,730.0,219.0,733.0,144.0,697.0,143.0,694.0,218.0,1,0,0
350,106,710.0,513.0,763.0,447.0,731.0,421.0,678.0,487.0,1,0,0
350,107,300.0,593.0,312.0,593.0,312.0,579.0,300.0,579.0,1,2,0
350,108,417.0,428.0,433.0,428.0,433.0,415.0,417.0,415.0,1,2,0
350,109,101.0,540.0,106.0,518.0,70.0,511.0,65.0,533.0,1,7,0
350,111,197.0,406.0,207.0,397.0,182.0,366.0,171.0,375.0,1,1,0
350,112,235.0,391.0,255.0,383.0,240.0,347.0,220.0,355.0,1,7,0
350,113,201.0,399.0,215.0,394.0,210.0,379.0,196.0,384.0,1,2,0
350,114,206.0,381.0,221.0,381.0,221.0,369.0,206.0,369.0,1,2,0
350,115,149.0,393.0,172.0,393.0,172.0,350.0,149.0,350.0,1,7,0
350,116,213.0,391.0,227.0,387.0,217.0,354.0,203.0,358.0,1,1,0
350,117,604.0,714.0,626.0,713.0,624.0,671.0,602.0,672.0,1,7,0
350,118,417.0,260.0,433.0,260.0,433.0,243.0,417.0,243.0,1,2,0
350,119,65.0,651.0,66.0,619.0,45.0,618.0,44.0,650.0,1,7,0
350,120,40.0,613.0,82.0,600.0,78.0,584.0,36.0,597.0,1,1,0
350,121,214.0,856.0,230.0,856.0,230.0,838.0,214.0,838.0,1,2,0
350,122,1158.0,241.0,1178.0,241.0,1178.0,224.0,1158.0,224.0,1,2,0
350,123,586.0,243.0,639.0,174.0,606.0,149.0,553.0,218.0,1,0,0
350,124,50.0,607.0,65.0,603.0,61.0,591.0,46.0,595.0,1,2,0
350,125,567.0,185.0,626.0,119.0,594.0,91.0,535.0,157.0,1,0,0
350,126,772.0,78.0,811.0,78.0,811.0,64.0,772.0,64.0,1,1,0
350,127,26.0,609.0,33.0,599.0,20.0,591.0,13.0,601.0,1,2,0
350,128,21.0,618.0,35.0,588.0,24.0,583.0,10.0,613.0,1,1,0
350,129,1053.0,50.0,1064.0,50.0,1064.0,34.0,1053.0,34.0,1,2,0
350,130,558.0,123.0,610.0,47.0,578.0,25.0,526.0,101.0,1,0,0
350,131,21.0,648.0,23.0,615.0,2.0,614.0,1.0,647.0,1,7,0
350,134,3.0,611.0,20.0,586.0,8.0,578.0,-9.0,603.0,1,1,0
350,139,-2.0,608.0,9.0,608.0,9.0,596.0,-2.0,596.0,1,2,0
350,140,644.0,178.0,684.0,174.0,675.0,82.0,635.0,86.0,1,0,0
350,141,779.0,56.0,807.0,33.0,798.0,22.0,770.0,45.0,1,1,0
350,142,535.0,65.0,588.0,12.0,565.0,-12.0,512.0,41.0,1,3,0
350,143,770.0,31.0,803.0,21.0,798.0,4.0,764.0,14.0,1,7,0
351,101,613.0,852.0,628.0,839.0,619.0,829.0,604.0,842.0,1,2,0
351,105,705.0,216.0,743.0,215.0,742.0,140.0,704.0,141.0,1,0,0
351,106,721.0,532.0,774.0,467.0,742.0,441.0,689.0,506.0,1,0,0
351,107,313.0,615.0,326.0,615.0,326.0,600.0,313.0,600.0,1,2,0
351,108,435.0,445.0,452.0,445.0,452.0,429.0,435.0,429.0,1,2,0
351,109,107.0,559.0,112.0,537.0,75.0,529.0,70.0,551.0,1,7,0
351,111,208.0,430.0,220.0,423.0,203.0,394.0,191.0,401.0,1,1,0
351,112,247.0,413.0,267.0,402.0,249.0,368.0,228.0,379.0,1,7,0
351,113,222.0,418.0,226.0,404.0,213.0,400.0,209.0,414.0,1,2,0
351,114,220.0,401.0,234.0,401.0,234.0,387.0,220.0,387.0,1,2,0
351,115,159.0,414.0,183.0,413.0,181.0,371.0,158.0,372.0,1,7,0
351,116,226.0,412.0,239.0,408.0,228.0,374.0,215.0,378.0,1,1,0
351,117,617.0,709.0,639.0,708.0,638.0,670.0,615.0,671.0,1,7,0
351,118,431.0,274.0,444.0,274.0,444.0,261.0,431.0,261.0,1,2,0
351,119,78.0,672.0,80.0,639.0,57.0,638.0,55.0,671.0,1,7,0
351,120,55.0,631.0,94.0,620.0,90.0,604.0,50.0,614.0,1,1,0
351,121,235.0,871.0,250.0,871.0,250.0,852.0,235.0,852.0,1,2,0
351,122,1173.0,251.0,1192.0,251.0,1192.0,237.0,1173.0,237.0,1,2,0
351,123,598.0,264.0,651.0,193.0,618.0,169.0,565.0,240.0,1,0,0
351,124,63.0,628.0,80.0,624.0,76.0,609.0,59.0,613.0,1,2,0
351,125,578.0,206.0,636.0,140.0,605.0,112.0,547.0,178.0,1,0,0
351,126,787.0,101.0,824.0,96.0,822.0,81.0,785.0,86.0,1,1,0
351,127,31.0,625.0,44.0,625.0,44.0,614.0,31.0,614.0,1,2,0
351,128,34.0,636.0,50.0,607.0,38.0,601.0,22.0,630.0,1,1,0
351,129,1072.0,70.0,1085.0,70.0,1085.0,53.0,1072.0,53.0,1,2,0
351,130,568.0,143.0,621.0,69.0,588.0,46.0,535.0,120.0,1,0,0
351,131,33.0,669.0,36.0,635.0,13.0,633.0,10.0,667.0,1,7,0
351,134,16.0,637.0,31.0,605.0,19.0,599.0,4.0,631.0,1,1,0
351,135,3.0,689.0,24.0,681.0,10.0,648.0,-10.0,656.0,1,7,0
351,139,13.0,627.0,23.0,627.0,23.0,615.0,13.0,615.0,1,2,0
351,140,654.0,229.0,696.0,227.0,691.0,135.0,649.0,137.0,1,0,0
351,141,790.0,77.0,816.0,56.0,808.0,45.0,781.0,66.0,1,1,0
351,142,546.0,85.0,600.0,33.0,576.0,9.0,522.0,61.0,1,3,0
351,143,783.0,57.0,816.0,37.0,804.0,18.0,771.0,38.0,1,7,0
351,144,1045.0,19.0,1055.0,19.0,1055.0,9.0,1045.0,9.0,1,2,0
352,101,606.0,874.0,617.0,859.0,605.0,851.0,594.0,866.0,1,2,0
352,105,694.0,213.0,731.0,211.0,727.0,137.0,690.0,139.0,1,0,0
352,106,709.0,554.0,763.0,490.0,732.0,463.0,678.0,527.0,1,0,0
352,107,300.0,635.0,313.0,635.0,313.0,620.0,300.0,620.0,1,2,0
352,108,431.0,460.0,444.0,460.0,444.0,446.0,431.0,446.0,1,2,0
352,109,90.0,579.0,95.0,556.0,57.0,548.0,52.0,571.0,1,7,0
352,111,195.0,450.0,206.0,443.0,189.0,414.0,178.0,421.0,1,1,0
352,112,236.0,434.0,257.0,423.0,238.0,390.0,218.0,401.0,1,7,0
352,113,209.0,440.0,216.0,427.0,202.0,419.0,194.0,432.0,1,2,0
352,114,209.0,423.0,224.0,423.0,224.0,409.0,209.0,409.0,1,2,0
352,115,149.0,435.0,173.0,434.0,170.0,392.0,146.0,393.0,1,7,0
352,116,213.0,434.0,227.0,430.0,217.0,394.0,203.0,398.0,1,1,0
352,117,629.0,709.0,632.0,670.0,610.0,668.0,607.0,707.0,1,7,0
352,118,422.0,289.0,436.0,289.0,436.0,278.0,422.0,278.0,1,2,0
352,119,65.0,694.0,69.0,661.0,46.0,659.0,42.0,692.0,1,7,0
352,120,40.0,652.0,81.0,642.0,78.0,627.0,37.0,637.0,1,1,0
352,121,248.0,888.0,249.0,864.0,230.0,863.0,229.0,887.0,1,2,0
352,122,1161.0,267.0,1181.0,266.0,1181.0,251.0,1161.0,252.0,1,2,0
352,123,586.0,287.0,639.0,216.0,606.0,191.0,553.0,262.0,1,0,0
352,124,44.0,647.0,63.0,647.0,63.0,636.0,44.0,636.0,1,2,0
352,125,566.0,228.0,626.0,161.0,594.0,133.0,535.0,200.0,1,0,0
352,126,777.0,124.0,813.0,118.0,810.0,103.0,774.0,109.0,1,1,0
352,127,18.0,647.0,30.0,647.0,30.0,636.0,18.0,636.0,1,2,0
352,128,24.0,659.0,36.0,628.0,24.0,623.0,11.0,654.0,1,1,0
352,129,1069.0,90.0,1083.0,90.0,1083.0,73.0,1069.0,73.0,1,2,0
352,130,557.0,164.0,610.0,90.0,578.0,67.0,525.0,141.0,1,0,0
352,131,21.0,691.0,23.0,655.0,1.0,654.0,-1.0,690.0,1,7,0
352,134,5.0,656.0,19.0,625.0,8.0,620.0,-7.0,651.0,1,1,0
352,139,-1.0,649.0,11.0,649.0,11.0,635.0,-1.0,635.0,1,2,0
352,140,640.0,282.0,682.0,282.0,681.0,188.0,639.0,188.0,1,0,0
352,141,778.0,100.0,806.0,79.0,797.0,67.0,769.0,88.0,1,1,0
352,142,536.0,107.0,589.0,54.0,565.0,30.0,512.0,83.0,1,3,0
352,143,770.0,78.0,804.0,60.0,795.0,43.0,761.0,61.0,1,7,0
352,144,1032.0,37.0,1045.0,37.0,1045.0,24.0,1032.0,24.0,1,2,0
352,145,521.0,54.0,565.0,-20.0,527.0,-43.0,482.0,31.0,1,0,0
352,146,1039.0,16.0,1055.0,16.0,1055.0,0.0,1039.0,0.0,1,2,0
353,101,612.0,883.0,615.0,866.0,600.0,864.0,597.0,881.0,1,2,0
353,105,693.0,200.0,731.0,196.0,723.0,122.0,685.0,126.0,1,0,0
353,106,711.0,565.0,764.0,499.0,731.0,473.0,678.0,539.0,1,0,0
353,107,314.0,649.0,315.0,632.0,300.0,631.0,299.0,648.0,1,2,0
353,108,448.0,468.0,450.0,452.0,435.0,451.0,433.0,467.0,1,2,0
353,109,86.0,587.0,89.0,564.0,52.0,558.0,49.0,581.0,1,7,0
353,111,196.0,460.0,206.0,454.0,189.0,426.0,179.0,432.0,1,1,0
353,112,237.0,444.0,256.0,433.0,238.0,401.0,218.0,412.0,1,7,0
353,113,213.0,448.0,214.0,434.0,199.0,432.0,198.0,446.0,1,2,0
353,114,209.0,434.0,224.0,434.0,224.0,420.0,209.0,420.0,1,2,0
353,115,151.0,447.0,174.0,445.0,169.0,402.0,147.0,404.0,1,7,0
353,116,215.0,446.0,228.0,442.0,218.0,405.0,204.0,409.0,1,1,0
353,117,633.0,697.0,637.0,657.0,617.0,655.0,613.0,695.0,1,7,0
353,118,426.0,297.0,438.0,297.0,438.0,285.0,426.0,285.0,1,2,0
353,119,66.0,706.0,69.0,672.0,48.0,670.0,45.0,704.0,1,7,0
353,120,41.0,663.0,84.0,653.0,79.0,636.0,37.0,646.0,1,1,0
353,121,258.0,895.0,260.0,871.0,239.0,870.0,238.0,894.0,1,2,0
353,122,1163.0,269.0,1181.0,269.0,1181.0,251.0,1163.0,251.0,1,2,0
353,123,587.0,297.0,639.0,227.0,607.0,203.0,554.0,273.0,1,0,0
353,124,46.0,657.0,63.0,657.0,63.0,647.0,46.0,647.0,1,2,0
353,125,569.0,238.0,627.0,171.0,594.0,143.0,536.0,210.0,1,0,0
353,126,775.0,134.0,814.0,129.0,812.0,114.0,773.0,119.0,1,1,0
353,127,18.0,657.0,34.0,657.0,34.0,647.0,18.0,647.0,1,2,0
353,128,26.0,667.0,38.0,638.0,26.0,633.0,13.0,662.0,1,1,0
353,129,1094.0,98.0,1094.0,80.0,1079.0,80.0,1079.0,98.0,1,2,0
353,130,558.0,174.0,612.0,100.0,580.0,77.0,526.0,151.0,1,0,0
353,131,1.0,703.0,24.0,703.0,24.0,666.0,1.0,666.0,1,7,0
353,134,6.0,668.0,20.0,636.0,7.0,631.0,-7.0,663.0,1,1,0
353,139,-1.0,659.0,12.0,659.0,12.0,648.0,-1.0,648.0,1,2,0
353,140,680.0,325.0,682.0,233.0,641.0,233.0,640.0,325.0,1,0,0
353,141,779.0,110.0,805.0,90.0,797.0,79.0,771.0,99.0,1,1,0
353,142,537.0,117.0,590.0,64.0,566.0,40.0,513.0,93.0,1,3,0
353,143,772.0,90.0,805.0,70.0,794.0,52.0,761.0,72.0,1,7,0
353,144,1047.0,42.0,1047.0,27.0,1032.0,27.0,1032.0,42.0,1,2,0
353,145,517.0,62.0,560.0,-13.0,524.0,-33.0,482.0,42.0,1,0,0
353,146,1042.0,22.0,1057.0,22.0,1057.0,6.0,1042.0,6.0,1,2,0
353,147,681.0,914.0,699.0,913.0,697.0,883.0,679.0,884.0,1,1,0
354,101,600.0,900.0,622.0,899.0,621.0,883.0,600.0,884.0,1,2,0
354,105,694.0,195.0,731.0,189.0,718.0,115.0,681.0,121.0,1,0,0
354,106,712.0,585.0,767.0,520.0,735.0,493.0,680.0,558.0,1,0,0
354,107,306.0,664.0,319.0,664.0,319.0,651.0,306.0,651.0,1,2,0
354,108,444.0,479.0,458.0,479.0,458.0,464.0,444.0,464.0,1,2,0
354,109,84.0,607.0,88.0,584.0,51.0,576.0,46.0,599.0,1,7,0
354,111,201.0,482.0,212.0,475.0,195.0,448.0,183.0,455.0,1,1,0
354,112,240.0,465.0,261.0,454.0,244.0,421.0,222.0,432.0,1,7,0
354,113,210.0,471.0,219.0,460.0,207.0,451.0,198.0,462.0,1,2,0
354,114,213.0,455.0,227.0,455.0,227.0,441.0,213.0,441.0,1,2,0
354,115,154.0,468.0,177.0,465.0,172.0,423.0,149.0,426.0,1,7,0
354,116,218.0,465.0,231.0,461.0,220.0,427.0,207.0,431.0,1,1,0
354,117,642.0,694.0,649.0,655.0,629.0,652.0,623.0,691.0,1,7,0
354,118,431.0,311.0,443.0,311.0,443.0,300.0,431.0,300.0,1,2,0
354,119,71.0,725.0,72.0,692.0,50.0,691.0,49.0,724.0,1,7,0
354,120,44.0,682.0,86.0,673.0,82.0,657.0,41.0,666.0,1,1,0
354,121,266.0,899.0,266.0,886.0,252.0,886.0,252.0,899.0,1,2,0
354,122,1186.0,279.0,1186.0,265.0,1167.0,265.0,1167.0,279.0,1,2,0
354,123,591.0,316.0,643.0,246.0,610.0,222.0,558.0,292.0,1,0,0
354,124,50.0,679.0,66.0,679.0,66.0,665.0,50.0,665.0,1,2,0
354,125,571.0,259.0,630.0,193.0,598.0,165.0,539.0,231.0,1,0,0
354,126,780.0,154.0,816.0,149.0,814.0,134.0,777.0,139.0,1,1,0
354,127,21.0,679.0,36.0,679.0,36.0,667.0,21.0,667.0,1,2,0
354,128,27.0,690.0,43.0,660.0,30.0,654.0,15.0,684.0,1,1,0
354,129,1094.0,115.0,1109.0,115.0,1109.0,98.0,1094.0,98.0,1,2,0
354,130,561.0,194.0,614.0,121.0,581.0,98.0,528.0,171.0,1,0,0
354,131,25.0,725.0,30.0,690.0,4.0,686.0,-1.0,721.0,1,7,0
354,134,9.0,690.0,24.0,658.0,12.0,653.0,-3.0,685.0,1,1,0
354,139,5.0,681.0,16.0,681.0,16.0,669.0,5.0,669.0,1,2,0
354,140,679.0,379.0,685.0,287.0,642.0,284.0,636.0,376.0,1,0,0
354,141,782.0,130.0,809.0,110.0,801.0,99.0,774.0,119.0,1,1,0
354,142,538.0,138.0,592.0,86.0,568.0,62.0,515.0,114.0,1,3,0
354,143,774.0,109.0,809.0,91.0,799.0,72.0,764.0,90.0,1,7,0
354,144,1035.0,59.0,1051.0,59.0,1051.0,41.0,1035.0,41.0,1,2,0
354,145,521.0,82.0,566.0,4.0,531.0,-16.0,486.0,62.0,1,0,0
354,146,1045.0,38.0,1062.0,38.0,1062.0,23.0,1045.0,23.0,1,2,0
354,147,677.0,907.0,689.0,897.0,669.0,873.0,657.0,883.0,1,1,0
355,105,695.0,190.0,731.0,182.0,715.0,109.0,679.0,117.0,1,0,0
355,106,718.0,607.0,772.0,543.0,740.0,517.0,687.0,581.0,1,0,0
355,107,313.0,685.0,327.0,685.0,327.0,672.0,313.0,672.0,1,2,0
355,108,457.0,497.0,469.0,497.0,469.0,485.0,457.0,485.0,1,2,0
355,109,86.0,629.0,91.0,605.0,54.0,597.0,49.0,621.0,1,7,0
355,111,205.0,505.0,217.0,498.0,200.0,469.0,188.0,476.0,1,1,0
355,112,246.0,488.0,267.0,478.0,250.0,445.0,230.0,455.0,1,7,0
355,113,216.0,493.0,225.0,484.0,215.0,474.0,206.0,483.0,1,2,0
355,114,217.0,478.0,233.0,478.0,233.0,464.0,217.0,464.0,1,2,0
355,115,160.0,490.0,183.0,488.0,179.0,446.0,156.0,448.0,1,7,0
355,116,223.0,489.0,237.0,485.0,228.0,450.0,214.0,454.0,1,1,0
355,117,655.0,694.0,661.0,654.0,640.0,651.0,634.0,691.0,1,7,0
355,118,438.0,331.0,451.0,331.0,451.0,319.0,438.0,319.0,1,2,0
355,119,76.0,748.0,78.0,714.0,57.0,713.0,55.0,747.0,1,7,0
355,120,51.0,707.0,94.0,696.0,89.0,679.0,46.0,690.0,1,1,0
355,122,1173.0,296.0,1194.0,295.0,1193.0,279.0,1172.0,280.0,1,2,0
355,123,597.0,339.0,649.0,269.0,617.0,245.0,564.0,315.0,1,0,0
355,124,56.0,705.0,77.0,699.0,74.0,685.0,53.0,691.0,1,2,0
355,125,577.0,281.0,636.0,215.0,604.0,187.0,545.0,253.0,1,0,0
355,126,785.0,177.0,820.0,171.0,817.0,157.0,782.0,163.0,1,1,0
355,127,34.0,705.0,43.0,691.0,30.0,684.0,22.0,698.0,1,2,0
355,128,32.0,713.0,50.0,684.0,38.0,677.0,20.0,706.0,1,1,0
355,129,1109.0,135.0,1123.0,134.0,1122.0,116.0,1108.0,117.0,1,2,0
355,130,566.0,217.0,619.0,144.0,588.0,121.0,535.0,194.0,1,0,0
355,131,32.0,746.0,34.0,711.0,11.0,710.0,8.0,745.0,1,7,0
355,134,15.0,713.0,29.0,682.0,18.0,677.0,4.0,708.0,1,1,0
355,135,3.0,766.0,19.0,757.0,5.0,732.0,-11.0,741.0,1,7,0
355,139,10.0,703.0,22.0,703.0,22.0,692.0,10.0,692.0,1,2,0
355,140,678.0,435.0,688.0,344.0,647.0,339.0,637.0,430.0,1,0,0
355,141,789.0,153.0,815.0,130.0,805.0,119.0,779.0,142.0,1,1,0
355,142,544.0,160.0,597.0,108.0,575.0,85.0,521.0,137.0,1,3,0
355,143,779.0,132.0,814.0,114.0,804.0,96.0,769.0,114.0,1,7,0
355,144,1042.0,73.0,1058.0,73.0,1058.0,56.0,1042.0,56.0,1,2,0
355,145,526.0,105.0,571.0,29.0,536.0,9.0,491.0,85.0,1,0,0
355,146,1057.0,56.0,1071.0,56.0,1071.0,42.0,1057.0,42.0,1,2,0
355,147,675.0,916.0,688.0,903.0,655.0,872.0,643.0,885.0,1,1,0
355,148,654.0,900.0,671.0,900.0,671.0,885.0,654.0,885.0,1,2,0
355,149,1006.0,728.0,1021.0,728.0,1021.0,715.0,1006.0,715.0,1,2,0
356,105,682.0,165.0,718.0,156.0,700.0,84.0,663.0,93.0,1,0,0
356,106,713.0,612.0,766.0,546.0,735.0,521.0,681.0,587.0,1,0,0
356,107,309.0,689.0,326.0,688.0,325.0,674.0,309.0,675.0,1,2,0
356,108,467.0,496.0,467.0,479.0,452.0,479.0,452.0,496.0,1,2,0
356,109,75.0,633.0,82.0,611.0,45.0,601.0,39.0,623.0,1,7,0
356,111,201.0,509.0,212.0,503.0,195.0,476.0,184.0,482.0,1,1,0
356,112,238.0,493.0,260.0,483.0,244.0,449.0,222.0,459.0,1,7,0
356,113,215.0,496.0,219.0,484.0,206.0,479.0,201.0,491.0,1,2,0
356,115,155.0,496.0,179.0,494.0,175.0,452.0,151.0,454.0,1,7,0
356,116,218.0,493.0,231.0,489.0,220.0,454.0,207.0,458.0,1,1,0
356,117,654.0,673.0,660.0,633.0,641.0,630.0,634.0,670.0,1,7,0
356,118,434.0,330.0,446.0,330.0,446.0,319.0,434.0,319.0,1,2,0
356,119,70.0,753.0,73.0,719.0,51.0,718.0,49.0,752.0,1,7,0
356,120,46.0,712.0,87.0,701.0,83.0,685.0,41.0,696.0,1,1,0
356,122,1166.0,292.0,1187.0,292.0,1187.0,275.0,1166.0,275.0,1,2,0
356,123,590.0,344.0,642.0,273.0,610.0,249.0,558.0,320.0,1,0,0
356,124,51.0,706.0,66.0,706.0,66.0,694.0,51.0,694.0,1,2,0
356,125,572.0,286.0,629.0,219.0,597.0,191.0,540.0,258.0,1,0,0
356,126,778.0,181.0,815.0,176.0,813.0,161.0,776.0,166.0,1,1,0
356,127,22.0,706.0,36.0,706.0,36.0,693.0,22.0,693.0,1,2,0
356,128,27.0,717.0,44.0,687.0,31.0,680.0,14.0,710.0,1,1,0
356,129,1110.0,136.0,1127.0,136.0,1127.0,120.0,1110.0,120.0,1,2,0
356,130,560.0,222.0,614.0,149.0,582.0,126.0,529.0,199.0,1,0,0
356,131,25.0,753.0,30.0,718.0,5.0,714.0,0.0,749.0,1,7,0
356,134,9.0,717.0,23.0,688.0,13.0,683.0,-2.0,712.0,1,1,0
356,139,4.0,708.0,15.0,708.0,15.0,696.0,4.0,696.0,1,2,0
356,140,664.0,472.0,679.0,382.0,637.0,375.0,622.0,465.0,1,0,0
356,141,783.0,156.0,808.0,135.0,799.0,124.0,774.0,145.0,1,1,0
356,142,540.0,165.0,592.0,113.0,568.0,89.0,516.0,141.0,1,3,0
356,143,773.0,136.0,808.0,120.0,799.0,101.0,764.0,117.0,1,7,0
356,144,1036.0,73.0,1055.0,72.0,1054.0,56.0,1035.0,57.0,1,2,0
356,145,520.0,110.0,566.0,34.0,531.0,13.0,485.0,89.0,1,0,0
356,146,1054.0,56.0,1068.0,56.0,1068.0,43.0,1054.0,43.0,1,2,0
356,147,644.0,896.0,657.0,888.0,637.0,859.0,625.0,867.0,1,1,0
356,148,637.0,887.0,651.0,887.0,651.0,870.0,637.0,870.0,1,2,0
356,149,1001.0,729.0,1016.0,729.0,1016.0,716.0,1001.0,716.0,1,2,0
357,105,674.0,157.0,710.0,146.0,688.0,73.0,652.0,84.0,1,0,0
357,106,713.0,634.0,767.0,568.0,735.0,543.0,682.0,609.0,1,0,0
357,107,312.0,709.0,325.0,709.0,325.0,696.0,312.0,696.0,1,2,0
357,108,457.0,510.0,470.0,510.0,470.0,498.0,457.0,498.0,1,2,0
357,109,73.0,654.0,78.0,632.0,43.0,623.0,38.0,645.0,1,7,0
357,111,201.0,531.0,211.0,525.0,193.0,498.0,183.0,504.0,1,1,0
357,112,240.0,515.0,261.0,505.0,244.0,471.0,223.0,481.0,1,7,0
357,113,214.0,519.0,219.0,508.0,207.0,502.0,201.0,513.0,1,2,0
357,114,213.0,505.0,227.0,505.0,227.0,492.0,213.0,492.0,1,2,0
357,115,153.0,519.0,177.0,517.0,173.0,474.0,149.0,476.0,1,7,0
357,116,218.0,517.0,231.0,514.0,222.0,478.0,209.0,481.0,1,1,0
357,117,661.0,670.0,667.0,629.0,647.0,626.0,641.0,667.0,1,7,0
357,118,436.0,348.0,448.0,348.0,448.0,337.0,436.0,337.0,1,2,0
357,119,71.0,774.0,73.0,742.0,50.0,741.0,48.0,773.0,1,7,0
357,120,46.0,735.0,87.0,723.0,83.0,706.0,42.0,718.0,1,1,0
357,122,1168.0,305.0,1187.0,305.0,1187.0,291.0,1168.0,291.0,1,2,0
357,123,591.0,366.0,642.0,296.0,609.0,272.0,558.0,342.0,1,0,0
357,124,54.0,728.0,70.0,728.0,70.0,715.0,54.0,715.0,1,2,0
357,125,570.0,306.0,629.0,240.0,598.0,213.0,540.0,279.0,1,0,0
357,126,777.0,203.0,815.0,198.0,812.0,183.0,775.0,188.0,1,1,0
357,127,31.0,731.0,37.0,719.0,26.0,714.0,20.0,726.0,1,2,0
357,128,25.0,743.0,44.0,710.0,31.0,703.0,13.0,736.0,1,1,0
357,129,1122.0,156.0,1136.0,156.0,1136.0,139.0,1122.0,139.0,1,2,0
357,130,561.0,244.0,614.0,170.0,581.0,147.0,528.0,221.0,1,0,0
357,131,24.0,776.0,30.0,740.0,5.0,736.0,-1.0,772.0,1,7,0
357,134,8.0,739.0,23.0,710.0,12.0,705.0,-3.0,734.0,1,1,0
357,139,11.0,732.0,15.0,722.0,5.0,719.0,2.0,729.0,1,2,0
357,140,655.0,526.0,674.0,436.0,632.0,427.0,613.0,517.0,1,0,0
357,141,781.0,180.0,807.0,158.0,798.0,147.0,772.0,169.0,1,1,0
357,142,539.0,187.0,591.0,136.0,568.0,112.0,516.0,163.0,1,3,0
357,143,773.0,159.0,806.0,142.0,797.0,123.0,764.0,140.0,1,7,0
357,144,1050.0,92.0,1052.0,72.0,1040.0,71.0,1038.0,91.0,1,2,0
357,145,520.0,131.0,565.0,55.0,531.0,35.0,486.0,111.0,1,0,0
357,146,1067.0,77.0,1069.0,63.0,1058.0,62.0,1056.0,76.0,1,2,0
357,147,633.0,901.0,646.0,892.0,626.0,862.0,613.0,871.0,1,1,0
357,148,627.0,886.0,639.0,886.0,639.0,875.0,627.0,875.0,1,2,0
357,149,1004.0,741.0,1018.0,741.0,1018.0,728.0,1004.0,728.0,1,2,0
357,150,501.0,76.0,544.0,2.0,508.0,-19.0,465.0,55.0,1,0,0
357,151,711.0,18.0,746.0,18.0,746.0,-3.0,711.0,-3.0,1,7,0
357,152,1147.0,12.0,1148.0,-1.0,1133.0,-2.0,1132.0,11.0,1,2,0
358,105,660.0,140.0,694.0,130.0,672.0,58.0,638.0,68.0,1,0,0
358,106,715.0,649.0,766.0,583.0,733.0,557.0,682.0,623.0,1,0,0
358,107,311.0,726.0,322.0,726.0,322.0,713.0,311.0,713.0,1,2,0
358,108,459.0,525.0,476.0,525.0,476.0,506.0,459.0,506.0,1,2,0
358,109,64.0,674.0,75.0,651.0,42.0,636.0,31.0,659.0,1,7,0
358,111,197.0,549.0,208.0,543.0,192.0,514.0,181.0,520.0,1,1,0
358,112,235.0,532.0,255.0,524.0,241.0,489.0,221.0,497.0,1,7,0
358,113,202.0,537.0,217.0,534.0,213.0,518.0,198.0,521.0,1,2,0
358,114,211.0,526.0,226.0,518.0,220.0,507.0,205.0,515.0,1,2,0
358,115,152.0,536.0,175.0,534.0,172.0,491.0,149.0,493.0,1,7,0
358,116,217.0,533.0,229.0,529.0,217.0,494.0,205.0,498.0,1,1,0
358,117,664.0,662.0,673.0,626.0,653.0,621.0,643.0,657.0,1,7,0
358,118,436.0,363.0,447.0,363.0,447.0,350.0,436.0,350.0,1,2,0
358,119,66.0,795.0,72.0,762.0,52.0,758.0,46.0,791.0,1,7,0
358,120,42.0,752.0,83.0,744.0,79.0,728.0,38.0,736.0,1,1,0
358,122,1164.0,317.0,1186.0,317.0,1186.0,301.0,1164.0,301.0,1,2,0
358,123,588.0,384.0,640.0,313.0,607.0,289.0,555.0,360.0,1,0,0
358,124,51.0,748.0,68.0,743.0,64.0,732.0,47.0,737.0,1,2,0
358,125,569.0,325.0,630.0,256.0,598.0,227.0,537.0,296.0,1,0,0
358,126,776.0,219.0,812.0,216.0,810.0,202.0,774.0,205.0,1,1,0
358,127,30.0,752.0,36.0,739.0,22.0,732.0,15.0,745.0,1,2,0
358,128,24.0,762.0,39.0,728.0,26.0,722.0,11.0,756.0,1,1,0
358,129,1140.0,171.0,1143.0,154.0,1130.0,152.0,1127.0,169.0,1,2,0
358,130,558.0,260.0,611.0,187.0,579.0,164.0,526.0,237.0,1,0,0
358,131,3.0,791.0,25.0,791.0,25.0,756.0,3.0,756.0,1,7,0
358,134,6.0,757.0,21.0,730.0,10.0,723.0,-6.0,750.0,1,1,0
358,139,7.0,752.0,15.0,741.0,6.0,735.0,-2.0,746.0,1,2,0
358,140,639.0,574.0,665.0,486.0,626.0,474.0,600.0,562.0,1,0,0
358,141,781.0,196.0,804.0,176.0,795.0,166.0,772.0,186.0,1,1,0
358,142,536.0,206.0,594.0,151.0,571.0,127.0,513.0,182.0,1,3,0
358,143,768.0,173.0,806.0,162.0,800.0,141.0,762.0,152.0,1,7,0
358,144,1038.0,97.0,1052.0,97.0,1052.0,84.0,1038.0,84.0,1,2,0
358,145,516.0,150.0,562.0,71.0,529.0,52.0,483.0,131.0,1,0,0
358,146,1052.0,93.0,1067.0,93.0,1067.0,77.0,1052.0,77.0,1,2,0
358,147,614.0,898.0,633.0,895.0,627.0,862.0,608.0,865.0,1,1,0
358,148,617.0,894.0,633.0,889.0,627.0,872.0,611.0,877.0,1,2,0
358,150,498.0,93.0,542.0,19.0,506.0,-2.0,462.0,72.0,1,0,0
358,151,710.0,34.0,746.0,34.0,746.0,11.0,710.0,11.0,1,7,0
358,152,1123.0,22.0,1141.0,22.0,1141.0,9.0,1123.0,9.0,1,2,0
358,153,419.0,24.0,433.0,24.0,433.0,4.0,419.0,4.0,1,2,0
359,105,657.0,118.0,691.0,106.0,667.0,34.0,633.0,46.0,1,0,0
359,106,724.0,657.0,773.0,592.0,740.0,567.0,691.0,632.0,1,0,0
359,107,322.0,735.0,333.0,735.0,333.0,717.0,322.0,717.0,1,2,0
359,108,472.0,529.0,486.0,529.0,486.0,516.0,472.0,516.0,1,2,0
359,109,77.0,681.0,80.0,658.0,45.0,653.0,42.0,676.0,1,7,0
359,111,206.0,559.0,217.0,552.0,201.0,527.0,190.0,534.0,1,1,0
359,112,243.0,543.0,265.0,534.0,251.0,501.0,229.0,510.0,1,7,0
359,113,207.0,548.0,223.0,546.0,222.0,533.0,206.0,535.0,1,2,0
359,114,218.0,535.0,233.0,532.0,230.0,519.0,215.0,522.0,1,2,0
359,115,161.0,546.0,182.0,544.0,178.0,502.0,157.0,504.0,1,7,0
359,116,226.0,545.0,238.0,541.0,226.0,505.0,214.0,509.0,1,1,0
359,117,682.0,647.0,688.0,608.0,666.0,605.0,660.0,644.0,1,7,0
359,118,444.0,368.0,458.0,368.0,458.0,358.0,444.0,358.0,1,2,0
359,119,76.0,804.0,80.0,770.0,58.0,768.0,54.0,802.0,1,7,0
359,120,50.0,764.0,92.0,755.0,89.0,737.0,47.0,746.0,1,1,0
359,122,1176.0,317.0,1196.0,317.0,1196.0,303.0,1176.0,303.0,1,2,0
359,123,597.0,395.0,648.0,325.0,615.0,301.0,564.0,371.0,1,0,0
359,124,60.0,758.0,77.0,755.0,74.0,743.0,58.0,746.0,1,2,0
359,125,576.0,335.0,635.0,268.0,602.0,240.0,544.0,307.0,1,0,0
359,126,785.0,230.0,819.0,226.0,817.0,211.0,783.0,215.0,1,1,0
359,127,38.0,763.0,44.0,750.0,30.0,743.0,24.0,756.0,1,2,0
359,128,33.0,769.0,48.0,741.0,36.0,735.0,21.0,763.0,1,1,0
359,129,1145.0,180.0,1159.0,180.0,1159.0,162.0,1145.0,162.0,1,2,0
359,130,565.0,271.0,618.0,197.0,587.0,175.0,534.0,249.0,1,0,0
359,131,10.0,802.0,31.0,802.0,31.0,765.0,10.0,765.0,1,7,0
359,134,13.0,769.0,29.0,738.0,19.0,732.0,3.0,763.0,1,1,0
359,135,2.0,822.0,20.0,816.0,9.0,782.0,-9.0,788.0,1,7,0
359,139,17.0,761.0,20.0,750.0,12.0,747.0,9.0,758.0,1,2,0
359,140,632.0,614.0,664.0,529.0,624.0,514.0,592.0,599.0,1,0,0
359,141,787.0,207.0,813.0,184.0,803.0,174.0,777.0,197.0,1,1,0
359,142,544.0,215.0,597.0,163.0,575.0,140.0,521.0,192.0,1,3,0
359,143,776.0,183.0,812.0,172.0,806.0,154.0,770.0,165.0,1,7,0
359,144,1045.0,105.0,1063.0,105.0,1063.0,87.0,1045.0,87.0,1,2,0
359,145,526.0,159.0,569.0,83.0,536.0,64.0,493.0,140.0,1,0,0
359,146,1064.0,98.0,1078.0,98.0,1078.0,86.0,1064.0,86.0,1,2,0
359,147,622.0,892.0,638.0,890.0,634.0,855.0,618.0,857.0,1,1,0
359,148,622.0,886.0,637.0,882.0,634.0,867.0,618.0,871.0,1,2,0
359,150,505.0,103.0,548.0,28.0,514.0,8.0,471.0,83.0,1,0,0
359,151,714.0,43.0,756.0,43.0,756.0,23.0,714.0,23.0,1,7,0
359,152,1130.0,29.0,1147.0,29.0,1147.0,16.0,1130.0,16.0,1,2,0
359,153,430.0,42.0,443.0,42.0,443.0,21.0,430.0,21.0,1,2,0
360,105,634.0,102.0,669.0,90.0,645.0,19.0,610.0,31.0,1,0,0
360,106,714.0,676.0,765.0,609.0,733.0,584.0,682.0,651.0,1,0,0
360,107,312.0,752.0,324.0,752.0,324.0,739.0,312.0,739.0,1,2,0
360,108,463.0,546.0,479.0,546.0,479.0,530.0,463.0,530.0,1,2,0
360,109,64.0,703.0,69.0,681.0,33.0,672.0,27.0,694.0,1,7,0
360,111,195.0,582.0,206.0,576.0,189.0,547.0,178.0,553.0,1,1,0
360,112,235.0,564.0,255.0,554.0,239.0,522.0,219.0,532.0,1,7,0
360,113,211.0,570.0,216.0,558.0,201.0,552.0,196.0,564.0,1,2,0
360,114,207.0,555.0,220.0,555.0,220.0,539.0,207.0,539.0,1,2,0
360,115,149.0,569.0,173.0,567.0,170.0,523.0,146.0,525.0,1,7,0
360,116,213.0,567.0,228.0,563.0,218.0,526.0,203.0,530.0,1,1,0
360,117,678.0,644.0,689.0,606.0,667.0,600.0,656.0,638.0,1,7,0
360,118,438.0,384.0,450.0,384.0,450.0,373.0,438.0,373.0,1,2,0
360,119,67.0,827.0,68.0,793.0,46.0,792.0,45.0,826.0,1,7,0
360,120,41.0,785.0,83.0,775.0,79.0,758.0,36.0,768.0,1,1,0
360,122,1166.0,329.0,1185.0,329.0,1185.0,316.0,1166.0,316.0,1,2,0
360,123,585.0,415.0,638.0,344.0,605.0,320.0,552.0,391.0,1,0,0
360,124,45.0,781.0,64.0,777.0,61.0,766.0,42.0,770.0,1,2,0
360,125,565.0,357.0,624.0,290.0,592.0,263.0,534.0,330.0,1,0,0
360,126,772.0,252.0,810.0,247.0,808.0,233.0,770.0,238.0,1,1,0
360,127,18.0,781.0,31.0,781.0,31.0,768.0,18.0,768.0,1,2,0
360,128,25.0,789.0,39.0,759.0,26.0,753.0,12.0,783.0,1,1,0
360,129,1144.0,198.0,1158.0,198.0,1158.0,181.0,1144.0,181.0,1,2,0
360,130,556.0,293.0,608.0,220.0,576.0,197.0,523.0,270.0,1,0,0
360,131,23.0,825.0,25.0,789.0,2.0,788.0,0.0,824.0,1,7,0
360,134,5.0,791.0,21.0,759.0,9.0,753.0,-7.0,785.0,1,1,0
360,139,10.0,785.0,15.0,772.0,3.0,767.0,-2.0,780.0,1,2,0
360,140,599.0,663.0,642.0,582.0,606.0,562.0,563.0,643.0,1,0,0
360,141,777.0,228.0,802.0,207.0,793.0,197.0,768.0,218.0,1,1,0
360,142,533.0,236.0,586.0,184.0,563.0,160.0,510.0,212.0,1,3,0
360,143,766.0,207.0,802.0,194.0,794.0,174.0,758.0,187.0,1,7,0
360,144,1062.0,118.0,1062.0,102.0,1040.0,102.0,1040.0,118.0,1,2,0
360,145,514.0,181.0,559.0,105.0,525.0,85.0,480.0,161.0,1,0,0
360,146,1054.0,117.0,1073.0,116.0,1072.0,101.0,1053.0,102.0,1,2,0
360,147,611.0,893.0,630.0,892.0,628.0,856.0,609.0,857.0,1,1,0
360,148,612.0,885.0,629.0,885.0,629.0,868.0,612.0,868.0,1,2,0
360,150,495.0,125.0,538.0,50.0,503.0,30.0,460.0,105.0,1,0,0
360,151,704.0,67.0,741.0,66.0,741.0,45.0,704.0,46.0,1,7,0
360,152,1119.0,49.0,1133.0,49.0,1133.0,31.0,1119.0,31.0,1,2,0
360,153,423.0,71.0,435.0,71.0,435.0,50.0,423.0,50.0,1,2,0
361,105,628.0,76.0,663.0,64.0,638.0,-9.0,604.0,3.0,1,0,0
361,106,725.0,683.0,774.0,613.0,739.0,589.0,690.0,659.0,1,0,0
361,107,321.0,761.0,334.0,761.0,334.0,748.0,321.0,748.0,1,2,0
361,108,475.0,550.0,489.0,550.0,489.0,533.0,475.0,533.0,1,2,0
361,109,71.0,713.0,76.0,691.0,40.0,682.0,35.0,704.0,1,7,0
361,111,203.0,593.0,215.0,586.0,196.0,557.0,185.0,564.0,1,1,0
361,112,242.0,577.0,263.0,565.0,245.0,532.0,224.0,544.0,1,7,0
361,113,218.0,581.0,222.0,569.0,208.0,563.0,204.0,575.0,1,2,0
361,114,214.0,567.0,230.0,567.0,230.0,551.0,214.0,551.0,1,2,0
361,115,156.0,578.0,181.0,576.0,177.0,535.0,152.0,537.0,1,7,0
361,116,221.0,578.0,234.0,574.0,224.0,538.0,211.0,542.0,1,1,0
361,117,693.0,627.0,702.0,589.0,681.0,584.0,671.0,622.0,1,7,0
361,118,445.0,391.0,458.0,391.0,458.0,376.0,445.0,376.0,1,2,0
361,119,73.0,838.0,77.0,803.0,55.0,801.0,51.0,836.0,1,7,0
361,120,49.0,796.0,90.0,783.0,85.0,767.0,43.0,780.0,1,1,0
361,122,1172.0,334.0,1192.0,334.0,1192.0,318.0,1172.0,318.0,1,2,0
361,123,592.0,425.0,643.0,355.0,612.0,332.0,560.0,402.0,1,0,0
361,124,52.0,790.0,72.0,790.0,72.0,778.0,52.0,778.0,1,2,0
361,125,573.0,367.0,630.0,300.0,599.0,273.0,541.0,340.0,1,0,0
361,126,778.0,263.0,816.0,257.0,814.0,242.0,776.0,248.0,1,1,0
361,127,27.0,791.0,38.0,791.0,38.0,779.0,27.0,779.0,1,2,0
361,128,28.0,803.0,46.0,770.0,34.0,764.0,17.0,797.0,1,1,0
361,129,1159.0,206.0,1174.0,206.0,1174.0,189.0,1159.0,189.0,1,2,0
361,130,562.0,304.0,614.0,230.0,581.0,207.0,529.0,281.0,1,0,0
361,131,30.0,834.0,32.0,800.0,7.0,799.0,5.0,833.0,1,7,0
361,134,11.0,803.0,28.0,770.0,16.0,764.0,-1.0,797.0,1,1,0
361,135,-3.0,854.0,15.0,849.0,5.0,812.0,-13.0,817.0,1,7,0
361,139,15.0,795.0,21.0,783.0,11.0,778.0,5.0,790.0,1,2,0
361,140,581.0,699.0,633.0,624.0,599.0,600.0,546.0,675.0,1,0,0
361,141,782.0,239.0,807.0,219.0,799.0,208.0,774.0,228.0,1,1,0
361,142,540.0,248.0,592.0,196.0,569.0,172.0,516.0,224.0,1,3,0
361,143,772.0,218.0,808.0,204.0,800.0,184.0,764.0,198.0,1,7,0
361,144,1062.0,126.0,1063.0,108.0,1046.0,107.0,1045.0,125.0,1,2,0
361,145,522.0,191.0,565.0,116.0,531.0,96.0,487.0,171.0,1,0,0
361,146,1069.0,121.0,1083.0,121.0,1083.0,108.0,1069.0,108.0,1,2,0
361,147,638.0,881.0,638.0,846.0,619.0,846.0,619.0,881.0,1,1,0
361,148,623.0,874.0,637.0,874.0,637.0,857.0,623.0,857.0,1,2,0
361,150,502.0,136.0,545.0,61.0,509.0,40.0,466.0,115.0,1,0,0
361,151,746.0,77.0,747.0,56.0,712.0,55.0,711.0,76.0,1,7,0
361,152,1124.0,53.0,1139.0,52.0,1137.0,36.0,1122.0,37.0,1,2,0
361,153,432.0,85.0,443.0,85.0,443.0,68.0,432.0,68.0,1,2,0
362,105,626.0,54.0,663.0,42.0,639.0,-33.0,602.0,-21.0,1,0,0
362,106,740.0,694.0,787.0,622.0,752.0,600.0,705.0,672.0,1,0,0
362,107,333.0,776.0,349.0,776.0,349.0,761.0,333.0,761.0,1,2,0
362,108,488.0,561.0,505.0,561.0,505.0,546.0,488.0,546.0,1,2,0
362,109,80.0,730.0,88.0,707.0,51.0,696.0,44.0,719.0,1,7,0
362,111,214.0,610.0,226.0,603.0,209.0,574.0,197.0,581.0,1,1,0
362,112,253.0,592.0,274.0,582.0,257.0,549.0,236.0,559.0,1,7,0
362,113,227.0,598.0,233.0,587.0,221.0,580.0,215.0,591.0,1,2,0
362,114,227.0,584.0,240.0,584.0,240.0,568.0,227.0,568.0,1,2,0
362,115,167.0,595.0,190.0,594.0,188.0,551.0,165.0,552.0,1,7,0
362,116,233.0,594.0,246.0,590.0,234.0,555.0,222.0,559.0,1,1,0
362,117,712.0,614.0,722.0,576.0,703.0,571.0,693.0,609.0,1,7,0
362,118,472.0,399.0,472.0,388.0,458.0,388.0,458.0,399.0,1,2,0
362,119,85.0,853.0,87.0,818.0,65.0,817.0,63.0,852.0,1,7,0
362,120,61.0,810.0,102.0,799.0,97.0,783.0,56.0,794.0,1,1,0
362,122,1185.0,342.0,1201.0,342.0,1201.0,326.0,1185.0,326.0,1,2,0
362,123,603.0,442.0,655.0,372.0,622.0,348.0,570.0,418.0,1,0,0
362,124,69.0,803.0,88.0,803.0,88.0,790.0,69.0,790.0,1,2,0
362,125,582.0,384.0,642.0,318.0,610.0,290.0,550.0,356.0,1,0,0
362,126,789.0,279.0,828.0,275.0,826.0,259.0,787.0,263.0,1,1,0
362,127,39.0,806.0,52.0,806.0,52.0,789.0,39.0,789.0,1,2,0
362,128,43.0,816.0,57.0,785.0,44.0,780.0,31.0,811.0,1,1,0
362,129,1196.0,221.0,1196.0,204.0,1181.0,204.0,1181.0,221.0,1,2,0
362,130,573.0,320.0,626.0,247.0,595.0,224.0,542.0,297.0,1,0,0
362,131,42.0,850.0,44.0,817.0,20.0,816.0,18.0,849.0,1,7,0
362,134,24.0,816.0,40.0,785.0,29.0,780.0,14.0,811.0,1,1,0
362,135,7.0,870.0,29.0,863.0,17.0,829.0,-4.0,836.0,1,7,0
362,139,28.0,810.0,31.0,799.0,20.0,796.0,17.0,807.0,1,2,0
362,140,563.0,739.0,624.0,670.0,592.0,642.0,531.0,711.0,1,0,0
362,141,794.0,256.0,820.0,233.0,811.0,223.0,785.0,246.0,1,1,0
362,142,551.0,264.0,604.0,212.0,581.0,189.0,528.0,241.0,1,3,0
362,143,784.0,233.0,817.0,219.0,810.0,201.0,777.0,215.0,1,7,0
362,144,1063.0,131.0,1080.0,131.0,1080.0,116.0,1063.0,116.0,1,2,0
362,145,531.0,208.0,578.0,132.0,544.0,112.0,497.0,188.0,1,0,0
362,146,1083.0,132.0,1099.0,132.0,1099.0,119.0,1083.0,119.0,1,2,0
362,147,650.0,873.0,654.0,837.0,636.0,836.0,632.0,872.0,1,1,0
362,148,637.0,863.0,652.0,863.0,652.0,847.0,637.0,847.0,1,2,0
362,150,514.0,151.0,557.0,76.0,522.0,56.0,479.0,131.0,1,0,0
362,151,724.0,94.0,760.0,94.0,760.0,72.0,724.0,72.0,1,7,0
362,152,1132.0,64.0,1148.0,64.0,1148.0,48.0,1132.0,48.0,1,2,0
362,153,447.0,116.0,462.0,115.0,460.0,93.0,444.0,94.0,1,2,0
362,154,717.0,60.0,769.0,-9.0,735.0,-35.0,682.0,34.0,1,0,0
363,106,734.0,697.0,776.0,624.0,740.0,604.0,698.0,677.0,1,0,0
363,107,332.0,787.0,339.0,771.0,326.0,766.0,319.0,782.0,1,2,0
363,108,496.0,565.0,496.0,547.0,481.0,547.0,481.0,565.0,1,2,0
363,109,70.0,740.0,76.0,717.0,39.0,707.0,33.0,730.0,1,7,0
363,111,202.0,620.0,214.0,613.0,195.0,583.0,184.0,590.0,1,1,0
363,112,239.0,602.0,261.0,593.0,246.0,560.0,225.0,569.0,1,7,0
363,113,216.0,609.0,224.0,597.0,211.0,590.0,204.0,602.0,1,2,0
363,114,214.0,595.0,229.0,595.0,229.0,576.0,214.0,576.0,1,2,0
363,115,156.0,605.0,179.0,604.0,177.0,563.0,153.0,564.0,1,7,0
363,116,220.0,605.0,234.0,601.0,224.0,565.0,209.0,569.0,1,1,0
363,117,708.0,594.0,717.0,555.0,699.0,551.0,689.0,590.0,1,7,0
363,118,447.0,405.0,461.0,405.0,461.0,392.0,447.0,392.0,1,2,0
363,119,72.0,865.0,74.0,829.0,53.0,828.0,51.0,864.0,1,7,0
363,120,46.0,822.0,89.0,811.0,84.0,795.0,42.0,806.0,1,1,0
363,122,1174.0,344.0,1191.0,344.0,1191.0,331.0,1174.0,331.0,1,2,0
363,123,592.0,452.0,643.0,381.0,611.0,358.0,560.0,429.0,1,0,0
363,124,52.0,815.0,66.0,815.0,66.0,807.0,52.0,807.0,1,2,0
363,125,572.0,394.0,631.0,328.0,600.0,300.0,541.0,366.0,1,0,0
363,126,778.0,290.0,816.0,283.0,814.0,270.0,776.0,277.0,1,1,0
363,127,25.0,819.0,38.0,819.0,38.0,804.0,25.0,804.0,1,2,0
363,128,29.0,829.0,45.0,797.0,32.0,791.0,16.0,823.0,1,1,0
363,129,1178.0,232.0,1192.0,232.0,1192.0,214.0,1178.0,214.0,1,2,0
363,130,562.0,331.0,615.0,256.0,583.0,233.0,529.0,308.0,1,0,0
363,131,26.0,864.0,32.0,828.0,7.0,824.0,1.0,860.0,1,7,0
363,134,11.0,829.0,27.0,797.0,15.0,791.0,-1.0,823.0,1,1,0
363,139,6.0,819.0,18.0,819.0,18.0,808.0,6.0,808.0,1,2,0
363,140,516.0,768.0,587.0,710.0,561.0,679.0,491.0,737.0,1,0,0
363,141,782.0,265.0,807.0,245.0,799.0,235.0,774.0,255.0,1,1,0
363,142,540.0,274.0,592.0,222.0,570.0,199.0,518.0,251.0,1,3,0
363,143,771.0,244.0,807.0,231.0,800.0,213.0,764.0,226.0,1,7,0
363,144,1054.0,135.0,1070.0,135.0,1070.0,120.0,1054.0,120.0,1,2,0
363,145,521.0,218.0,566.0,142.0,532.0,122.0,487.0,198.0,1,0,0
363,146,1072.0,139.0,1088.0,139.0,1088.0,123.0,1072.0,123.0,1,2,0
363,147,645.0,859.0,649.0,822.0,631.0,821.0,628.0,858.0,1,1,0
363,148,634.0,848.0,647.0,848.0,647.0,834.0,634.0,834.0,1,2,0
363,150,500.0,163.0,545.0,88.0,510.0,67.0,466.0,142.0,1,0,0
363,151,713.0,106.0,748.0,103.0,746.0,82.0,711.0,85.0,1,7,0
363,152,1120.0,69.0,1135.0,69.0,1135.0,55.0,1120.0,55.0,1,2,0
363,153,439.0,128.0,451.0,128.0,451.0,111.0,439.0,111.0,1,2,0
363,154,705.0,69.0,754.0,3.0,722.0,-20.0,673.0,46.0,1,0,0
364,106,756.0,703.0,794.0,628.0,757.0,610.0,719.0,685.0,1,0,0
364,107,356.0,801.0,356.0,787.0,340.0,787.0,340.0,801.0,1,2,0
364,108,499.0,573.0,515.0,573.0,515.0,559.0,499.0,559.0,1,2,0
364,109,85.0,755.0,91.0,732.0,55.0,723.0,49.0,746.0,1,7,0
364,111,219.0,636.0,229.0,630.0,212.0,599.0,202.0,605.0,1,1,0
364,112,256.0,617.0,277.0,608.0,261.0,575.0,241.0,584.0,1,7,0
364,113,232.0,624.0,237.0,611.0,224.0,606.0,219.0,619.0,1,2,0
364,114,234.0,610.0,247.0,610.0,247.0,593.0,234.0,593.0,1,2,0
364,115,174.0,622.0,198.0,619.0,192.0,578.0,168.0,581.0,1,7,0
364,116,236.0,620.0,251.0,616.0,241.0,580.0,227.0,584.0,1,1,0
364,117,733.0,577.0,739.0,539.0,720.0,536.0,714.0,574.0,1,7,0
364,118,462.0,414.0,475.0,414.0,475.0,400.0,462.0,400.0,1,2,0
364,119,88.0,880.0,93.0,845.0,72.0,842.0,67.0,877.0,1,7,0
364,120,66.0,837.0,107.0,826.0,103.0,808.0,61.0,819.0,1,1,0
364,122,1200.0,354.0,1202.0,338.0,1190.0,337.0,1189.0,353.0,1,2,0
364,123,608.0,468.0,659.0,397.0,625.0,373.0,574.0,444.0,1,0,0
364,124,74.0,829.0,91.0,829.0,91.0,817.0,74.0,817.0,1,2,0
364,125,587.0,410.0,646.0,344.0,615.0,316.0,556.0,382.0,1,0,0
364,126,794.0,305.0,831.0,298.0,829.0,284.0,791.0,291.0,1,1,0
364,127,42.0,832.0,56.0,832.0,56.0,817.0,42.0,817.0,1,2,0
364,128,47.0,841.0,63.0,812.0,51.0,806.0,36.0,835.0,1,1,0
364,130,577.0,347.0,630.0,272.0,597.0,249.0,544.0,324.0,1,0,0
364,131,44.0,876.0,47.0,842.0,26.0,841.0,23.0,875.0,1,7,0
364,132,10.0,866.0,23.0,834.0,5.0,827.0,-8.0,859.0,1,7,0
364,134,30.0,842.0,45.0,811.0,33.0,806.0,18.0,837.0,1,1,0
364,135,11.0,899.0,35.0,892.0,23.0,854.0,-1.0,861.0,1,7,0
364,139,25.0,833.0,35.0,833.0,35.0,823.0,25.0,823.0,1,2,0
364,140,498.0,803.0,574.0,750.0,550.0,715.0,474.0,768.0,1,0,0
364,141,799.0,281.0,822.0,259.0,812.0,249.0,790.0,271.0,1,1,0
364,142,555.0,289.0,607.0,237.0,584.0,214.0,532.0,266.0,1,3,0
364,143,787.0,260.0,821.0,246.0,813.0,228.0,779.0,242.0,1,7,0
364,144,1071.0,144.0,1086.0,144.0,1086.0,127.0,1071.0,127.0,1,2,0
364,145,537.0,234.0,581.0,159.0,547.0,139.0,502.0,214.0,1,0,0
364,146,1089.0,147.0,1104.0,147.0,1104.0,132.0,1089.0,132.0,1,2,0
364,147,665.0,847.0,670.0,812.0,655.0,810.0,650.0,845.0,1,1,0
364,148,668.0,838.0,669.0,821.0,652.0,820.0,651.0,837.0,1,2,0
364,150,516.0,177.0,560.0,103.0,525.0,83.0,482.0,157.0,1,0,0
364,151,728.0,121.0,763.0,118.0,761.0,97.0,727.0,100.0,1,7,0
364,152,1149.0,82.0,1149.0,64.0,1134.0,64.0,1134.0,82.0,1,2,0
364,153,457.0,153.0,469.0,152.0,468.0,133.0,456.0,134.0,1,2,0
364,154,722.0,84.0,769.0,15.0,737.0,-7.0,689.0,62.0,1,0,0
364,155,475.0,67.0,532.0,0.0,500.0,-27.0,443.0,40.0,1,0,0
364,156,1068.0,10.0,1083.0,10.0,1083.0,-2.0,1068.0,-2.0,1,2,0
365,106,753.0,718.0,787.0,641.0,749.0,625.0,715.0,702.0,1,0,0
365,107,333.0,824.0,349.0,824.0,349.0,806.0,333.0,806.0,1,2,0
365,108,496.0,591.0,513.0,591.0,513.0,573.0,496.0,573.0,1,2,0
365,109,78.0,780.0,84.0,756.0,47.0,747.0,41.0,771.0,1,7,0
365,111,211.0,659.0,221.0,653.0,206.0,627.0,195.0,633.0,1,1,0
365,112,249.0,642.0,270.0,633.0,256.0,600.0,234.0,609.0,1,7,0
365,113,221.0,649.0,231.0,639.0,220.0,629.0,210.0,638.0,1,2,0
365,114,224.0,634.0,237.0,634.0,237.0,617.0,224.0,617.0,1,2,0
365,115,164.0,646.0,187.0,645.0,185.0,601.0,162.0,602.0,1,7,0
365,116,228.0,644.0,243.0,640.0,233.0,603.0,218.0,607.0,1,1,0
365,117,732.0,567.0,737.0,528.0,717.0,526.0,713.0,565.0,1,7,0
365,118,453.0,429.0,466.0,429.0,466.0,417.0,453.0,417.0,1,2,0
365,119,84.0,906.0,85.0,869.0,61.0,868.0,59.0,905.0,1,7,0
365,120,55.0,861.0,97.0,851.0,92.0,834.0,51.0,844.0,1,1,0
365,122,1199.0,368.0,1200.0,353.0,1183.0,352.0,1182.0,367.0,1,2,0
365,123,600.0,492.0,652.0,422.0,619.0,398.0,567.0,468.0,1,0,0
365,124,59.0,856.0,76.0,856.0,76.0,844.0,59.0,844.0,1,2,0
365,125,578.0,433.0,639.0,367.0,608.0,339.0,548.0,405.0,1,0,0
365,126,785.0,328.0,824.0,322.0,822.0,308.0,783.0,314.0,1,1,0
365,127,34.0,858.0,49.0,858.0,49.0,845.0,34.0,845.0,1,2,0
365,128,38.0,867.0,54.0,836.0,42.0,830.0,26.0,861.0,1,1,0
365,130,568.0,371.0,621.0,296.0,589.0,273.0,536.0,348.0,1,0,0
365,131,16.0,899.0,39.0,899.0,39.0,867.0,16.0,867.0,1,7,0
365,134,20.0,867.0,35.0,836.0,23.0,831.0,9.0,862.0,1,1,0
365,139,14.0,860.0,24.0,860.0,24.0,849.0,14.0,849.0,1,2,0
365,140,455.0,846.0,536.0,797.0,514.0,760.0,433.0,809.0,1,0,0
365,141,790.0,305.0,814.0,284.0,805.0,274.0,781.0,295.0,1,1,0
365,142,547.0,313.0,600.0,261.0,577.0,238.0,524.0,290.0,1,3,0
365,143,780.0,285.0,815.0,271.0,807.0,251.0,772.0,265.0,1,7,0
365,144,1064.0,161.0,1078.0,161.0,1078.0,147.0,1064.0,147.0,1,2,0
365,145,529.0,257.0,573.0,182.0,539.0,162.0,494.0,237.0,1,0,0
365,146,1080.0,164.0,1096.0,164.0,1096.0,148.0,1080.0,148.0,1,2,0
365,147,666.0,847.0,673.0,811.0,655.0,808.0,648.0,844.0,1,1,0
365,148,667.0,836.0,670.0,817.0,655.0,815.0,652.0,834.0,1,2,0
365,150,509.0,202.0,552.0,127.0,516.0,107.0,473.0,182.0,1,0,0
365,151,719.0,144.0,755.0,144.0,755.0,122.0,719.0,122.0,1,7,0
365,152,1123.0,97.0,1139.0,97.0,1139.0,84.0,1123.0,84.0,1,2,0
365,153,451.0,187.0,465.0,186.0,463.0,166.0,449.0,167.0,1,2,0
365,154,717.0,110.0,773.0,26.0,737.0,2.0,681.0,86.0,1,0,0
365,155,467.0,90.0,527.0,20.0,495.0,-7.0,435.0,63.0,1,0,0
365,156,1071.0,28.0,1073.0,10.0,1060.0,9.0,1058.0,27.0,1,2,0
366,105,686.0,37.0,766.0,13.0,755.0,-23.0,675.0,1.0,1,0,0
366,106,765.0,725.0,792.0,646.0,754.0,633.0,726.0,712.0,1,0,0
366,107,339.0,841.0,356.0,841.0,356.0,824.0,339.0,824.0,1,2,0
366,108,519.0,603.0,519.0,588.0,505.0,588.0,505.0,603.0,1,2,0
366,109,83.0,798.0,89.0,774.0,52.0,764.0,45.0,788.0,1,7,0
366,111,215.0,679.0,226.0,672.0,211.0,645.0,199.0,652.0,1,1,0
366,112,253.0,660.0,274.0,650.0,257.0,618.0,237.0,628.0,1,7,0
366,113,225.0,667.0,234.0,656.0,223.0,648.0,214.0,659.0,1,2,0
366,114,230.0,651.0,241.0,651.0,241.0,637.0,230.0,637.0,1,2,0
366,115,169.0,666.0,192.0,664.0,188.0,619.0,166.0,621.0,1,7,0
366,116,232.0,663.0,245.0,659.0,235.0,622.0,221.0,626.0,1,1,0
366,117,741.0,553.0,744.0,513.0,725.0,511.0,721.0,551.0,1,7,0
366,118,459.0,440.0,471.0,440.0,471.0,430.0,459.0,430.0,1,2,0
366,120,61.0,878.0,103.0,867.0,98.0,851.0,56.0,862.0,1,1,0
366,122,1200.0,379.0,1201.0,365.0,1190.0,364.0,1188.0,378.0,1,2,0
366,123,604.0,510.0,655.0,440.0,622.0,416.0,571.0,486.0,1,0,0
366,124,63.0,875.0,79.0,875.0,79.0,864.0,63.0,864.0,1,2,0
366,125,583.0,451.0,642.0,386.0,611.0,359.0,553.0,424.0,1,0,0
366,126,791.0,348.0,828.0,341.0,826.0,326.0,788.0,333.0,1,1,0
366,127,38.0,877.0,52.0,877.0,52.0,862.0,38.0,862.0,1,2,0
366,128,44.0,882.0,57.0,854.0,45.0,849.0,33.0,877.0,1,1,0
366,130,575.0,388.0,627.0,315.0,595.0,292.0,542.0,365.0,1,0,0
366,134,25.0,885.0,39.0,854.0,27.0,849.0,13.0,880.0,1,1,0
366,139,19.0,879.0,29.0,879.0,29.0,868.0,19.0,868.0,1,2,0
366,140,426.0,883.0,506.0,835.0,484.0,799.0,404.0,847.0,1,0,0
366,141,794.0,324.0,818.0,301.0,809.0,291.0,785.0,314.0,1,1,0
366,142,552.0,331.0,604.0,280.0,582.0,257.0,530.0,308.0,1,3,0
366,143,784.0,302.0,816.0,287.0,808.0,270.0,776.0,285.0,1,7,0
366,144,1083.0,175.0,1084.0,159.0,1069.0,158.0,1067.0,174.0,1,2,0
366,145,532.0,276.0,578.0,200.0,544.0,180.0,498.0,256.0,1,0,0
366,146,1083.0,176.0,1099.0,176.0,1099.0,162.0,1083.0,162.0,1,2,0
366,147,675.0,841.0,684.0,807.0,667.0,803.0,659.0,837.0,1,1,0
366,148,663.0,831.0,680.0,831.0,680.0,813.0,663.0,813.0,1,2,0
366,150,514.0,220.0,557.0,146.0,522.0,126.0,479.0,200.0,1,0,0
366,151,724.0,164.0,759.0,163.0,759.0,141.0,723.0,142.0,1,7,0
366,152,1127.0,112.0,1142.0,112.0,1142.0,98.0,1127.0,98.0,1,2,0
366,153,472.0,209.0,472.0,193.0,459.0,193.0,459.0,209.0,1,2,0
366,154,718.0,126.0,767.0,57.0,733.0,34.0,685.0,103.0,1,0,0
366,155,471.0,108.0,530.0,39.0,500.0,13.0,441.0,82.0,1,0,0
366,156,1077.0,36.0,1078.0,22.0,1065.0,21.0,1064.0,35.0,1,2,0
366,157,444.0,49.0,500.0,-10.0,472.0,-37.0,416.0,22.0,1,0,0
367,105,692.0,41.0,764.0,22.0,755.0,-13.0,683.0,6.0,1,0,0
367,106,773.0,717.0,798.0,637.0,760.0,625.0,735.0,705.0,1,0,0
367,107,344.0,841.0,358.0,841.0,358.0,826.0,344.0,826.0,1,2,0
367,108,510.0,601.0,527.0,601.0,527.0,583.0,510.0,583.0,1,2,0
367,109,88.0,800.0,94.0,777.0,58.0,769.0,52.0,792.0,1,7,0
367,111,221.0,681.0,232.0,675.0,216.0,648.0,205.0,654.0,1,1,0
367,112,259.0,663.0,280.0,653.0,263.0,620.0,242.0,630.0,1,7,0
367,113,232.0,669.0,240.0,659.0,229.0,651.0,221.0,661.0,1,2,0
367,114,233.0,657.0,248.0,657.0,248.0,639.0,233.0,639.0,1,2,0
367,115,174.0,667.0,196.0,666.0,195.0,622.0,173.0,623.0,1,7,0
367,116,238.0,666.0,253.0,661.0,242.0,626.0,226.0,631.0,1,1,0
367,117,750.0,520.0,752.0,481.0,731.0,480.0,730.0,519.0,1,7,0
367,118,462.0,438.0,475.0,438.0,475.0,426.0,462.0,426.0,1,2,0
367,120,68.0,880.0,108.0,870.0,104.0,854.0,64.0,864.0,1,1,0
367,122,1201.0,377.0,1203.0,358.0,1195.0,358.0,1193.0,377.0,1,2,0
367,123,609.0,512.0,660.0,442.0,627.0,419.0,577.0,489.0,1,0,0
367,124,70.0,877.0,86.0,877.0,86.0,866.0,70.0,866.0,1,2,0
367,125,589.0,455.0,648.0,389.0,617.0,361.0,558.0,427.0,1,0,0
367,126,796.0,351.0,833.0,344.0,830.0,329.0,793.0,336.0,1,1,0
367,127,45.0,878.0,58.0,878.0,58.0,865.0,45.0,865.0,1,2,0
367,128,51.0,884.0,64.0,857.0,53.0,851.0,40.0,878.0,1,1,0
367,130,577.0,393.0,631.0,318.0,599.0,295.0,545.0,370.0,1,0,0
367,134,33.0,887.0,47.0,857.0,35.0,851.0,20.0,881.0,1,1,0
367,139,26.0,880.0,36.0,880.0,36.0,869.0,26.0,869.0,1,2,0
367,140,395.0,906.0,476.0,859.0,454.0,823.0,374.0,870.0,1,0,0
367,141,801.0,326.0,823.0,305.0,814.0,295.0,792.0,316.0,1,1,0
367,142,559.0,333.0,610.0,282.0,587.0,259.0,536.0,310.0,1,3,0
367,143,788.0,306.0,821.0,293.0,814.0,275.0,781.0,288.0,1,7,0
367,144,1088.0,169.0,1089.0,155.0,1074.0,154.0,1073.0,168.0,1,2,0
367,145,539.0,278.0,583.0,203.0,549.0,183.0,504.0,258.0,1,0,0
367,146,1089.0,174.0,1103.0,174.0,1103.0,159.0,1089.0,159.0,1,2,0
367,147,688.0,823.0,695.0,789.0,678.0,786.0,671.0,820.0,1,1,0
367,148,690.0,812.0,693.0,798.0,678.0,795.0,675.0,809.0,1,2,0
367,150,518.0,223.0,561.0,149.0,527.0,129.0,484.0,203.0,1,0,0
367,151,730.0,167.0,764.0,164.0,763.0,144.0,728.0,147.0,1,7,0
367,152,1133.0,109.0,1147.0,109.0,1147.0,91.0,1133.0,91.0,1,2,0
367,153,468.0,223.0,480.0,222.0,479.0,202.0,467.0,203.0,1,2,0
367,154,723.0,129.0,773.0,61.0,741.0,38.0,692.0,106.0,1,0,0
367,155,477.0,111.0,536.0,42.0,505.0,15.0,445.0,84.0,1,0,0
367,156,1083.0,35.0,1083.0,17.0,1069.0,17.0,1069.0,35.0,1,2,0
367,157,451.0,55.0,504.0,0.0,473.0,-29.0,420.0,26.0,1,0,0
368,105,688.0,47.0,762.0,31.0,755.0,-1.0,681.0,15.0,1,0,0
368,106,777.0,712.0,799.0,630.0,759.0,620.0,738.0,702.0,1,0,0
368,107,345.0,851.0,361.0,851.0,361.0,835.0,345.0,835.0,1,2,0
368,108,517.0,603.0,530.0,603.0,530.0,588.0,517.0,588.0,1,2,0
368,109,88.0,809.0,94.0,786.0,58.0,778.0,52.0,801.0,1,7,0
368,111,222.0,691.0,231.0,685.0,215.0,659.0,205.0,665.0,1,1,0
368,112,258.0,672.0,279.0,663.0,265.0,631.0,244.0,640.0,1,7,0
368,113,232.0,679.0,240.0,669.0,230.0,660.0,221.0,670.0,1,2,0
368,114,233.0,665.0,245.0,665.0,245.0,649.0,233.0,649.0,1,2,0
368,115,173.0,677.0,196.0,676.0,194.0,632.0,171.0,633.0,1,7,0
368,116,238.0,675.0,251.0,671.0,240.0,635.0,227.0,639.0,1,1,0
368,117,731.0,494.0,751.0,494.0,751.0,454.0,731.0,454.0,1,7,0
368,118,461.0,442.0,474.0,442.0,474.0,426.0,461.0,426.0,1,2,0
368,120,64.0,890.0,107.0,881.0,103.0,865.0,60.0,874.0,1,1,0
368,122,1195.0,374.0,1202.0,374.0,1202.0,361.0,1195.0,361.0,1,2,0
368,123,608.0,521.0,659.0,451.0,628.0,428.0,576.0,498.0,1,0,0
368,124,70.0,885.0,84.0,885.0,84.0,876.0,70.0,876.0,1,2,0
368,125,587.0,463.0,647.0,397.0,616.0,370.0,557.0,436.0,1,0,0
368,126,794.0,360.0,831.0,354.0,829.0,339.0,792.0,345.0,1,1,0
368,127,45.0,888.0,59.0,888.0,59.0,874.0,45.0,874.0,1,2,0
368,128,49.0,898.0,65.0,866.0,53.0,860.0,37.0,892.0,1,1,0
368,130,578.0,400.0,630.0,327.0,598.0,304.0,545.0,377.0,1,0,0
368,134,31.0,896.0,46.0,866.0,35.0,861.0,20.0,891.0,1,1,0
368,139,24.0,888.0,37.0,888.0,37.0,878.0,24.0,878.0,1,2,0
368,140,364.0,932.0,440.0,887.0,420.0,852.0,343.0,897.0,1,0,0
368,141,798.0,336.0,822.0,315.0,813.0,305.0,789.0,326.0,1,1,0
368,142,555.0,343.0,607.0,293.0,585.0,270.0,533.0,320.0,1,3,0
368,143,789.0,316.0,821.0,301.0,812.0,283.0,780.0,298.0,1,7,0
368,144,1072.0,175.0,1087.0,175.0,1087.0,158.0,1072.0,158.0,1,2,0
368,145,538.0,287.0,582.0,211.0,548.0,191.0,503.0,267.0,1,0,0
368,146,1087.0,175.0,1100.0,175.0,1100.0,161.0,1087.0,161.0,1,2,0
368,147,692.0,812.0,697.0,776.0,679.0,774.0,675.0,810.0,1,1,0
368,148,682.0,801.0,696.0,801.0,696.0,786.0,682.0,786.0,1,2,0
368,150,517.0,232.0,560.0,158.0,525.0,137.0,482.0,211.0,1,0,0
368,151,727.0,175.0,762.0,174.0,761.0,152.0,726.0,153.0,1,7,0
368,152,1130.0,113.0,1144.0,113.0,1144.0,98.0,1130.0,98.0,1,2,0
368,153,467.0,235.0,480.0,235.0,480.0,219.0,467.0,219.0,1,2,0
368,154,721.0,138.0,770.0,70.0,738.0,47.0,689.0,115.0,1,0,0
368,155,475.0,120.0,533.0,51.0,503.0,25.0,444.0,94.0,1,0,0
368,156,1068.0,34.0,1083.0,34.0,1083.0,17.0,1068.0,17.0,1,2,0
368,157,450.0,62.0,508.0,1.0,479.0,-27.0,420.0,34.0,1,0,0
369,105,693.0,66.0,766.0,51.0,759.0,16.0,686.0,31.0,1,0,0
369,106,783.0,715.0,799.0,634.0,759.0,626.0,743.0,707.0,1,0,0
369,107,348.0,867.0,362.0,867.0,362.0,852.0,348.0,852.0,1,2,0
369,108,519.0,615.0,537.0,615.0,537.0,596.0,519.0,596.0,1,2,0
369,109,89.0,827.0,95.0,804.0,60.0,794.0,54.0,817.0,1,7,0
369,111,222.0,708.0,233.0,701.0,215.0,673.0,204.0,680.0,1,1,0
369,112,260.0,689.0,281.0,679.0,265.0,647.0,244.0,657.0,1,7,0
369,113,235.0,696.0,241.0,683.0,229.0,677.0,222.0,690.0,1,2,0
369,114,235.0,680.0,248.0,680.0,248.0,667.0,235.0,667.0,1,2,0
369,115,174.0,694.0,199.0,693.0,197.0,651.0,172.0,652.0,1,7,0
369,116,238.0,692.0,253.0,688.0,242.0,651.0,227.0,655.0,1,1,0
369,117,732.0,476.0,751.0,475.0,750.0,435.0,730.0,436.0,1,7,0
369,118,463.0,450.0,476.0,450.0,476.0,439.0,463.0,439.0,1,2,0
369,120,70.0,909.0,110.0,895.0,104.0,879.0,64.0,893.0,1,1,0
369,123,609.0,539.0,661.0,468.0,628.0,445.0,577.0,516.0,1,0,0
369,125,589.0,481.0,648.0,416.0,616.0,387.0,557.0,452.0,1,0,0
369,126,796.0,376.0,834.0,370.0,831.0,355.0,793.0,361.0,1,1,0
369,128,52.0,911.0,65.0,881.0,53.0,876.0,40.0,906.0,1,1,0
369,130,580.0,416.0,632.0,343.0,601.0,321.0,549.0,394.0,1,0,0
369,134,35.0,908.0,49.0,878.0,38.0,873.0,24.0,903.0,1,1,0
369,141,803.0,352.0,824.0,330.0,814.0,321.0,793.0,343.0,1,1,0
369,142,558.0,361.0,610.0,309.0,587.0,287.0,536.0,338.0,1,3,0
369,143,790.0,331.0,822.0,317.0,814.0,300.0,782.0,314.0,1,7,0
369,144,1086.0,185.0,1087.0,169.0,1073.0,168.0,1072.0,184.0,1,2,0
369,145,538.0,305.0,584.0,229.0,550.0,209.0,505.0,285.0,1,0,0
369,146,1087.0,186.0,1100.0,186.0,1100.0,172.0,1087.0,172.0,1,2,0
369,147,696.0,811.0,701.0,776.0,684.0,774.0,679.0,809.0,1,1,0
369,148,686.0,801.0,703.0,801.0,703.0,788.0,686.0,788.0,1,2,0
369,150,519.0,248.0,563.0,175.0,529.0,154.0,485.0,227.0,1,0,0
369,151,729.0,193.0,765.0,191.0,764.0,169.0,728.0,171.0,1,7,0
369,152,1126.0,124.0,1143.0,124.0,1143.0,109.0,1126.0,109.0,1,2,0
369,153,472.0,264.0,485.0,263.0,484.0,243.0,471.0,244.0,1,2,0
369,154,722.0,155.0,770.0,89.0,739.0,67.0,692.0,133.0,1,0,0
369,155,477.0,138.0,536.0,69.0,504.0,42.0,445.0,111.0,1,0,0
369,156,1072.0,42.0,1086.0,42.0,1086.0,27.0,1072.0,27.0,1,2,0
369,157,451.0,79.0,516.0,14.0,487.0,-15.0,422.0,50.0,1,0,0
369,158,-2.0,788.0,11.0,788.0,11.0,773.0,-2.0,773.0,1,2,0
369,159,1019.0,790.0,1032.0,790.0,1032.0,777.0,1019.0,777.0,1,2,0
370,105,707.0,80.0,782.0,63.0,774.0,27.0,699.0,44.0,1,0,0
370,106,801.0,713.0,811.0,630.0,772.0,625.0,761.0,708.0,1,0,0
370,107,375.0,882.0,376.0,866.0,363.0,865.0,362.0,881.0,1,2,0
370,108,538.0,622.0,554.0,622.0,554.0,606.0,538.0,606.0,1,2,0
370,109,104.0,840.0,110.0,816.0,76.0,807.0,69.0,831.0,1,7,0
370,111,237.0,721.0,248.0,714.0,230.0,688.0,219.0,695.0,1,1,0
370,112,274.0,702.0,294.0,692.0,279.0,661.0,258.0,671.0,1,7,0
370,113,245.0,711.0,255.0,702.0,246.0,690.0,235.0,699.0,1,2,0
370,114,251.0,695.0,262.0,695.0,262.0,680.0,251.0,680.0,1,2,0
370,115,190.0,707.0,212.0,706.0,210.0,663.0,188.0,664.0,1,7,0
370,116,253.0,706.0,268.0,702.0,257.0,665.0,242.0,669.0,1,1,0
370,117,744.0,452.0,763.0,451.0,761.0,414.0,742.0,415.0,1,7,0
370,118,475.0,457.0,489.0,457.0,489.0,444.0,475.0,444.0,1,2,0
370,123,624.0,552.0,675.0,481.0,643.0,458.0,591.0,529.0,1,0,0
370,125,602.0,494.0,662.0,429.0,631.0,400.0,571.0,465.0,1,0,0
370,126,808.0,390.0,846.0,383.0,844.0,369.0,806.0,376.0,1,1,0
370,130,594.0,432.0,645.0,359.0,612.0,336.0,561.0,409.0,1,0,0
370,141,816.0,365.0,837.0,344.0,827.0,334.0,806.0,355.0,1,1,0
370,142,571.0,375.0,623.0,323.0,600.0,301.0,549.0,352.0,1,3,0
370,143,803.0,346.0,836.0,332.0,828.0,314.0,796.0,328.0,1,7,0
370,144,1087.0,192.0,1102.0,192.0,1102.0,176.0,1087.0,176.0,1,2,0
370,145,553.0,318.0,597.0,242.0,563.0,222.0,518.0,298.0,1,0,0
370,146,1101.0,193.0,1114.0,193.0,1114.0,178.0,1101.0,178.0,1,2,0
370,147,715.0,809.0,722.0,773.0,704.0,770.0,697.0,806.0,1,1,0
370,148,702.0,799.0,718.0,799.0,718.0,782.0,702.0,782.0,1,2,0
370,150,532.0,262.0,576.0,189.0,542.0,169.0,499.0,242.0,1,0,0
370,151,743.0,206.0,779.0,204.0,778.0,182.0,743.0,184.0,1,7,0
370,152,1139.0,133.0,1155.0,133.0,1155.0,119.0,1139.0,119.0,1,2,0
370,153,489.0,281.0,502.0,281.0,502.0,263.0,489.0,263.0,1,2,0
370,154,737.0,168.0,782.0,102.0,751.0,81.0,706.0,147.0,1,0,0
370,155,490.0,152.0,549.0,82.0,518.0,55.0,459.0,125.0,1,0,0
370,156,1086.0,52.0,1100.0,52.0,1100.0,34.0,1086.0,34.0,1,2,0
370,157,464.0,94.0,528.0,30.0,499.0,1.0,435.0,65.0,1,0,0
370,158,16.0,797.0,34.0,797.0,34.0,781.0,16.0,781.0,1,2,0
370,159,1033.0,801.0,1046.0,801.0,1046.0,788.0,1033.0,788.0,1,2,0
370,160,1146.0,625.0,1147.0,610.0,1133.0,609.0,1132.0,624.0,1,2,0
371,105,696.0,104.0,773.0,88.0,765.0,52.0,689.0,68.0,1,0,0
371,106,793.0,721.0,799.0,638.0,758.0,635.0,752.0,718.0,1,0,0
371,107,350.0,902.0,362.0,902.0,362.0,888.0,350.0,888.0,1,2,0
371,108,529.0,642.0,546.0,642.0,546.0,625.0,529.0,625.0,1,2,0
371,109,91.0,866.0,98.0,841.0,63.0,831.0,56.0,856.0,1,7,0
371,111,224.0,745.0,235.0,739.0,219.0,711.0,208.0,717.0,1,1,0
371,112,261.0,727.0,283.0,717.0,269.0,686.0,247.0,696.0,1,7,0
371,113,239.0,733.0,244.0,721.0,229.0,716.0,225.0,728.0,1,2,0
371,114,241.0,720.0,251.0,720.0,251.0,705.0,241.0,705.0,1,2,0
371,115,180.0,732.0,203.0,730.0,200.0,685.0,177.0,687.0,1,7,0
371,116,242.0,731.0,257.0,727.0,246.0,689.0,231.0,693.0,1,1,0
371,117,730.0,443.0,751.0,441.0,748.0,402.0,727.0,404.0,1,7,0
371,118,462.0,477.0,477.0,477.0,477.0,461.0,462.0,461.0,1,2,0
371,123,613.0,576.0,664.0,506.0,631.0,483.0,581.0,553.0,1,0,0
371,125,592.0,518.0,650.0,454.0,620.0,426.0,561.0,490.0,1,0,0
371,126,799.0,415.0,836.0,409.0,834.0,394.0,797.0,400.0,1,1,0
371,130,582.0,455.0,636.0,384.0,604.0,360.0,550.0,431.0,1,0,0
371,141,806.0,391.0,828.0,369.0,818.0,359.0,796.0,381.0,1,1,0
371,142,560.0,399.0,613.0,348.0,590.0,325.0,538.0,376.0,1,3,0
371,143,795.0,371.0,823.0,355.0,813.0,339.0,785.0,355.0,1,7,0
371,144,1073.0,214.0,1088.0,213.0,1087.0,194.0,1072.0,195.0,1,2,0
371,145,542.0,342.0,587.0,267.0,554.0,247.0,509.0,322.0,1,0,0
371,146,1100.0,210.0,1100.0,197.0,1088.0,197.0,1088.0,210.0,1,2,0
371,147,707.0,817.0,717.0,782.0,700.0,777.0,690.0,812.0,1,1,0
371,148,696.0,806.0,712.0,806.0,712.0,788.0,696.0,788.0,1,2,0
371,150,523.0,287.0,565.0,214.0,531.0,194.0,489.0,267.0,1,0,0
371,151,733.0,232.0,769.0,229.0,767.0,208.0,731.0,211.0,1,7,0
371,152,1126.0,156.0,1140.0,156.0,1140.0,140.0,1126.0,140.0,1,2,0
371,153,493.0,315.0,493.0,296.0,481.0,296.0,481.0,315.0,1,2,0
371,154,727.0,193.0,773.0,125.0,740.0,103.0,694.0,171.0,1,0,0
371,155,481.0,175.0,539.0,106.0,509.0,80.0,450.0,149.0,1,0,0
371,156,1074.0,68.0,1088.0,68.0,1088.0,53.0,1074.0,53.0,1,2,0
371,157,454.0,118.0,518.0,54.0,489.0,26.0,426.0,89.0,1,0,0
371,158,11.0,816.0,24.0,816.0,24.0,801.0,11.0,801.0,1,2,0
371,159,1016.0,817.0,1031.0,817.0,1031.0,803.0,1016.0,803.0,1,2,0
371,160,1137.0,646.0,1139.0,631.0,1125.0,630.0,1123.0,645.0,1,2,0
371,161,443.0,62.0,493.0,-11.0,458.0,-35.0,408.0,38.0,1,0,0
372,105,697.0,111.0,773.0,94.0,766.0,59.0,689.0,76.0,1,0,0
372,106,795.0,711.0,797.0,627.0,756.0,626.0,753.0,710.0,1,0,0
372,108,535.0,643.0,550.0,643.0,550.0,627.0,535.0,627.0,1,2,0
372,109,92.0,874.0,99.0,849.0,63.0,840.0,57.0,865.0,1,7,0
372,111,223.0,752.0,235.0,746.0,221.0,719.0,209.0,725.0,1,1,0
372,112,261.0,735.0,283.0,726.0,268.0,693.0,247.0,702.0,1,7,0
372,113,237.0,743.0,246.0,734.0,234.0,722.0,225.0,731.0,1,2,0
372,114,240.0,727.0,252.0,727.0,252.0,713.0,240.0,713.0,1,2,0
372,115,181.0,740.0,204.0,737.0,199.0,697.0,175.0,700.0,1,7,0
372,116,243.0,738.0,256.0,734.0,245.0,697.0,231.0,701.0,1,1,0
372,117,725.0,415.0,744.0,413.0,741.0,373.0,721.0,375.0,1,7,0
372,118,464.0,478.0,478.0,478.0,478.0,464.0,464.0,464.0,1,2,0
372,123,613.0,584.0,663.0,514.0,631.0,491.0,580.0,561.0,1,0,0
372,125,592.0,526.0,651.0,461.0,620.0,433.0,561.0,498.0,1,0,0
372,126,799.0,422.0,835.0,416.0,833.0,402.0,796.0,408.0,1,1,0
372,130,582.0,463.0,635.0,391.0,603.0,368.0,550.0,440.0,1,0,0
372,141,803.0,398.0,828.0,378.0,818.0,367.0,794.0,387.0,1,1,0
372,142,560.0,406.0,612.0,355.0,590.0,332.0,538.0,383.0,1,3,0
372,143,792.0,379.0,823.0,365.0,815.0,347.0,784.0,361.0,1,7,0
372,144,1088.0,213.0,1089.0,198.0,1075.0,197.0,1074.0,212.0,1,2,0
372,145,541.0,351.0,588.0,275.0,554.0,254.0,507.0,330.0,1,0,0
372,146,1087.0,210.0,1099.0,210.0,1099.0,197.0,1087.0,197.0,1,2,0
372,147,714.0,806.0,724.0,771.0,707.0,766.0,697.0,801.0,1,1,0
372,148,707.0,794.0,723.0,794.0,723.0,781.0,707.0,781.0,1,2,0
372,150,522.0,295.0,565.0,220.0,530.0,201.0,488.0,276.0,1,0,0
372,151,732.0,240.0,767.0,236.0,764.0,216.0,729.0,220.0,1,7,0
372,152,1125.0,156.0,1139.0,156.0,1139.0,142.0,1125.0,142.0,1,2,0
372,153,480.0,331.0,494.0,330.0,493.0,311.0,479.0,312.0,1,2,0
372,154,725.0,200.0,770.0,135.0,739.0,114.0,694.0,179.0,1,0,0
372,155,480.0,182.0,538.0,114.0,508.0,88.0,450.0,156.0,1,0,0
372,156,1086.0,70.0,1088.0,53.0,1074.0,52.0,1072.0,69.0,1,2,0
372,157,454.0,125.0,517.0,61.0,489.0,33.0,425.0,96.0,1,0,0
372,158,19.0,818.0,34.0,818.0,34.0,803.0,19.0,803.0,1,2,0
372,159,1014.0,817.0,1028.0,816.0,1027.0,796.0,1013.0,797.0,1,2,0
372,160,1125.0,651.0,1141.0,651.0,1141.0,635.0,1125.0,635.0,1,2,0
372,161,441.0,69.0,491.0,-1.0,458.0,-25.0,408.0,45.0,1,0,0
372,162,525.0,34.0,549.0,25.0,530.0,-26.0,505.0,-17.0,1,6,0
373,105,703.0,120.0,781.0,106.0,774.0,70.0,696.0,84.0,1,0,0
373,106,763.0,703.0,802.0,702.0,799.0,616.0,760.0,617.0,1,0,0
373,108,546.0,647.0,561.0,647.0,561.0,632.0,546.0,632.0,1,2,0
373,109,101.0,881.0,107.0,857.0,72.0,848.0,66.0,872.0,1,7,0
373,111,233.0,762.0,244.0,756.0,228.0,727.0,217.0,733.0,1,1,0
373,112,270.0,742.0,290.0,733.0,276.0,702.0,256.0,711.0,1,7,0
373,113,245.0,751.0,254.0,741.0,240.0,730.0,232.0,740.0,1,2,0
373,114,247.0,736.0,259.0,736.0,259.0,721.0,247.0,721.0,1,2,0
373,115,188.0,749.0,212.0,746.0,207.0,703.0,182.0,706.0,1,7,0
373,116,250.0,747.0,265.0,743.0,255.0,707.0,240.0,711.0,1,1,0
373,117,724.0,387.0,747.0,384.0,742.0,347.0,719.0,350.0,1,7,0
373,118,472.0,477.0,485.0,477.0,485.0,466.0,472.0,466.0,1,2,0
373,123,620.0,592.0,671.0,522.0,639.0,498.0,588.0,568.0,1,0,0
373,125,600.0,535.0,658.0,470.0,627.0,442.0,569.0,507.0,1,0,0
373,126,805.0,432.0,844.0,426.0,841.0,411.0,802.0,417.0,1,1,0
373,130,590.0,472.0,642.0,399.0,610.0,376.0,558.0,449.0,1,0,0
373,141,810.0,408.0,834.0,387.0,825.0,377.0,801.0,398.0,1,1,0
373,142,567.0,415.0,620.0,364.0,597.0,341.0,545.0,392.0,1,3,0
373,143,801.0,388.0,831.0,375.0,823.0,358.0,793.0,371.0,1,7,0
373,144,1081.0,216.0,1095.0,216.0,1095.0,199.0,1081.0,199.0,1,2,0
373,145,550.0,358.0,595.0,282.0,561.0,262.0,516.0,338.0,1,0,0
373,146,1095.0,213.0,1107.0,213.0,1107.0,199.0,1095.0,199.0,1,2,0
373,147,729.0,795.0,739.0,761.0,723.0,757.0,714.0,791.0,1,1,0
373,148,721.0,785.0,738.0,785.0,738.0,770.0,721.0,770.0,1,2,0
373,150,529.0,304.0,573.0,230.0,539.0,210.0,495.0,284.0,1,0,0
373,151,739.0,248.0,776.0,246.0,774.0,225.0,738.0,227.0,1,7,0
373,152,1146.0,160.0,1146.0,144.0,1130.0,144.0,1130.0,160.0,1,2,0
373,153,503.0,345.0,503.0,328.0,491.0,328.0,491.0,345.0,1,2,0
373,154,732.0,209.0,778.0,145.0,748.0,124.0,702.0,188.0,1,0,0
373,155,488.0,192.0,547.0,124.0,516.0,98.0,457.0,166.0,1,0,0
373,156,1080.0,72.0,1095.0,72.0,1095.0,55.0,1080.0,55.0,1,2,0
373,157,462.0,134.0,524.0,71.0,495.0,43.0,433.0,106.0,1,0,0
373,158,36.0,819.0,52.0,819.0,52.0,802.0,36.0,802.0,1,2,0
373,159,1018.0,815.0,1033.0,814.0,1032.0,796.0,1017.0,797.0,1,2,0
373,160,1133.0,653.0,1150.0,653.0,1150.0,637.0,1133.0,637.0,1,2,0
373,161,448.0,78.0,502.0,3.0,467.0,-21.0,413.0,54.0,1,0,0
373,162,547.0,86.0,570.0,78.0,552.0,25.0,529.0,33.0,1,6,0
374,105,708.0,137.0,786.0,122.0,779.0,87.0,701.0,102.0,1,0,0
374,106,764.0,702.0,806.0,700.0,802.0,614.0,760.0,616.0,1,0,0
374,108,552.0,658.0,566.0,658.0,566.0,642.0,552.0,642.0,1,2,0
374,109,103.0,899.0,108.0,875.0,74.0,868.0,69.0,892.0,1,7,0
374,111,236.0,779.0,247.0,772.0,224.0,740.0,214.0,747.0,1,1,0
374,112,272.0,759.0,292.0,750.0,278.0,718.0,257.0,727.0,1,7,0
374,113,236.0,768.0,254.0,765.0,252.0,750.0,233.0,753.0,1,2,0
374,114,250.0,757.0,263.0,751.0,257.0,739.0,244.0,745.0,1,2,0
374,115,189.0,764.0,210.0,764.0,210.0,721.0,189.0,721.0,1,7,0
374,116,255.0,765.0,266.0,761.0,255.0,727.0,243.0,731.0,1,1,0
374,117,721.0,372.0,743.0,365.0,731.0,329.0,709.0,335.0,1,7,0
374,118,473.0,491.0,487.0,491.0,487.0,473.0,473.0,473.0,1,2,0
374,123,622.0,611.0,673.0,541.0,642.0,518.0,591.0,588.0,1,0,0
374,125,603.0,553.0,660.0,487.0,628.0,458.0,571.0,524.0,1,0,0
374,126,807.0,450.0,846.0,442.0,843.0,427.0,804.0,435.0,1,1,0
374,130,593.0,489.0,645.0,417.0,613.0,394.0,561.0,466.0,1,0,0
374,141,813.0,425.0,839.0,398.0,828.0,388.0,802.0,415.0,1,1,0
374,142,571.0,432.0,624.0,380.0,601.0,357.0,548.0,409.0,1,3,0
374,143,805.0,409.0,833.0,389.0,822.0,373.0,794.0,393.0,1,7,0
374,144,1086.0,228.0,1099.0,223.0,1095.0,213.0,1082.0,218.0,1,2,0
374,145,553.0,376.0,597.0,302.0,562.0,282.0,519.0,356.0,1,0,0
374,146,1098.0,225.0,1109.0,221.0,1105.0,209.0,1094.0,213.0,1,2,0
374,147,737.0,792.0,747.0,756.0,736.0,753.0,725.0,789.0,1,1,0
374,148,741.0,783.0,746.0,769.0,735.0,765.0,730.0,779.0,1,2,0
374,150,534.0,322.0,574.0,248.0,540.0,229.0,499.0,303.0,1,0,0
374,151,745.0,264.0,779.0,264.0,779.0,246.0,745.0,246.0,1,7,0
374,152,1133.0,173.0,1145.0,173.0,1145.0,161.0,1133.0,161.0,1,2,0
374,153,494.0,374.0,507.0,374.0,507.0,352.0,494.0,352.0,1,2,0
374,154,735.0,228.0,782.0,163.0,752.0,141.0,704.0,206.0,1,0,0
374,155,492.0,209.0,549.0,141.0,518.0,115.0,461.0,183.0,1,0,0
374,156,1081.0,78.0,1095.0,78.0,1095.0,66.0,1081.0,66.0,1,2,0
374,157,466.0,152.0,527.0,88.0,499.0,61.0,438.0,125.0,1,0,0
374,158,45.0,832.0,59.0,832.0,59.0,812.0,45.0,812.0,1,2,0
374,159,1018.0,823.0,1033.0,823.0,1033.0,809.0,1018.0,809.0,1,2,0
374,160,1152.0,666.0,1156.0,655.0,1139.0,648.0,1135.0,659.0,1,2,0
374,161,451.0,97.0,504.0,22.0,470.0,-2.0,417.0,73.0,1,0,0
374,162,564.0,146.0,586.0,139.0,569.0,86.0,547.0,93.0,1,6,0
374,163,683.0,38.0,756.0,23.0,749.0,-11.0,676.0,4.0,1,0,0
374,164,1053.0,13.0,1067.0,13.0,1067.0,1.0,1053.0,1.0,1,2,0
374,165,1071.0,20.0,1082.0,15.0,1075.0,-1.0,1063.0,4.0,1,2,0
375,105,708.0,161.0,782.0,148.0,776.0,113.0,702.0,126.0,1,0,0
375,106,763.0,705.0,805.0,702.0,799.0,617.0,756.0,620.0,1,0,0
375,108,555.0,680.0,570.0,680.0,570.0,664.0,555.0,664.0,1,2,0
375,111,236.0,802.0,246.0,795.0,228.0,772.0,219.0,779.0,1,1,0
375,112,270.0,784.0,293.0,777.0,283.0,743.0,259.0,750.0,1,7,0
375,113,238.0,790.0,254.0,790.0,254.0,778.0,238.0,778.0,1,2,0
375,114,248.0,779.0,261.0,779.0,261.0,766.0,248.0,766.0,1,2,0
375,115,189.0,788.0,212.0,788.0,212.0,745.0,189.0,745.0,1,7,0
375,116,255.0,789.0,268.0,785.0,256.0,749.0,243.0,753.0,1,1,0
375,117,711.0,357.0,731.0,352.0,722.0,315.0,701.0,320.0,1,7,0
375,118,475.0,505.0,486.0,505.0,486.0,493.0,475.0,493.0,1,2,0
375,123,624.0,634.0,675.0,565.0,641.0,540.0,590.0,609.0,1,0,0
375,125,604.0,577.0,663.0,510.0,630.0,482.0,572.0,549.0,1,0,0
375,126,808.0,471.0,845.0,468.0,844.0,454.0,806.0,457.0,1,1,0
375,130,594.0,512.0,647.0,441.0,614.0,417.0,562.0,488.0,1,0,0
375,141,815.0,449.0,837.0,426.0,827.0,417.0,805.0,440.0,1,1,0
375,142,573.0,457.0,623.0,405.0,598.0,381.0,548.0,433.0,1,3,0
375,143,802.0,430.0,835.0,416.0,828.0,399.0,795.0,413.0,1,7,0
375,144,1080.0,248.0,1096.0,248.0,1096.0,232.0,1080.0,232.0,1,2,0
375,145,555.0,400.0,599.0,325.0,564.0,304.0,520.0,379.0,1,0,0
375,146,1096.0,242.0,1108.0,239.0,1103.0,222.0,1092.0,225.0,1,2,0
375,147,751.0,791.0,762.0,756.0,745.0,751.0,734.0,786.0,1,1,0
375,148,752.0,782.0,758.0,769.0,746.0,763.0,740.0,776.0,1,2,0
375,150,532.0,345.0,575.0,272.0,543.0,253.0,499.0,326.0,1,0,0
375,151,746.0,289.0,782.0,286.0,780.0,265.0,744.0,268.0,1,7,0
375,152,1130.0,193.0,1144.0,193.0,1144.0,176.0,1130.0,176.0,1,2,0
375,153,502.0,402.0,511.0,399.0,506.0,383.0,497.0,386.0,1,2,0
375,154,736.0,251.0,784.0,184.0,753.0,162.0,705.0,229.0,1,0,0
375,155,492.0,234.0,549.0,164.0,517.0,138.0,461.0,208.0,1,0,0
375,156,1081.0,97.0,1095.0,97.0,1095.0,82.0,1081.0,82.0,1,2,0
375,157,468.0,175.0,529.0,111.0,500.0,84.0,439.0,148.0,1,0,0
375,158,51.0,848.0,66.0,848.0,66.0,833.0,51.0,833.0,1,2,0
375,159,1018.0,838.0,1032.0,838.0,1032.0,818.0,1018.0,818.0,1,2,0
375,160,1145.0,681.0,1161.0,681.0,1161.0,669.0,1145.0,669.0,1,2,0
375,161,451.0,119.0,503.0,46.0,470.0,22.0,418.0,95.0,1,0,0
375,162,581.0,212.0,603.0,205.0,586.0,153.0,564.0,160.0,1,6,0
375,163,686.0,66.0,776.0,41.0,766.0,3.0,675.0,27.0,1,0,0
375,164,1050.0,31.0,1064.0,31.0,1064.0,20.0,1050.0,20.0,1,2,0
375,165,1063.0,32.0,1074.0,28.0,1069.0,15.0,1058.0,19.0,1,2,0
376,105,707.0,190.0,784.0,177.0,778.0,141.0,700.0,154.0,1,0,0
376,106,765.0,713.0,805.0,708.0,794.0,624.0,754.0,629.0,1,0,0
376,108,562.0,702.0,576.0,702.0,576.0,686.0,562.0,686.0,1,2,0
376,111,238.0,832.0,248.0,826.0,231.0,800.0,221.0,806.0,1,1,0
376,112,275.0,814.0,296.0,804.0,281.0,771.0,260.0,781.0,1,7,0
376,113,248.0,823.0,256.0,811.0,245.0,804.0,237.0,816.0,1,2,0
376,114,252.0,808.0,263.0,808.0,263.0,792.0,252.0,792.0,1,2,0
376,115,191.0,819.0,213.0,818.0,211.0,774.0,189.0,775.0,1,7,0
376,116,256.0,819.0,269.0,815.0,258.0,779.0,244.0,783.0,1,1,0
376,117,700.0,349.0,721.0,343.0,711.0,308.0,690.0,314.0,1,7,0
376,118,475.0,527.0,488.0,527.0,488.0,516.0,475.0,516.0,1,2,0
376,123,624.0,662.0,675.0,592.0,644.0,569.0,592.0,639.0,1,0,0
376,125,604.0,604.0,664.0,538.0,633.0,511.0,573.0,577.0,1,0,0
376,126,810.0,501.0,848.0,494.0,845.0,479.0,807.0,486.0,1,1,0
376,130,595.0,541.0,647.0,468.0,614.0,445.0,562.0,518.0,1,0,0
376,141,818.0,476.0,837.0,454.0,826.0,444.0,807.0,466.0,1,1,0
376,142,574.0,484.0,625.0,433.0,601.0,410.0,551.0,460.0,1,3,0
376,143,805.0,457.0,834.0,443.0,827.0,427.0,797.0,441.0,1,7,0
376,144,1082.0,266.0,1096.0,266.0,1096.0,253.0,1082.0,253.0,1,2,0
376,145,555.0,428.0,600.0,354.0,565.0,333.0,520.0,407.0,1,0,0
376,146,1094.0,262.0,1108.0,262.0,1108.0,249.0,1094.0,249.0,1,2,0
376,147,760.0,797.0,771.0,763.0,754.0,758.0,744.0,792.0,1,1,0
376,148,752.0,783.0,767.0,783.0,767.0,771.0,752.0,771.0,1,2,0
376,150,534.0,373.0,578.0,300.0,543.0,280.0,499.0,353.0,1,0,0
376,151,743.0,319.0,780.0,315.0,778.0,294.0,741.0,298.0,1,7,0
376,153,502.0,439.0,514.0,438.0,513.0,419.0,501.0,420.0,1,2,0
376,154,736.0,280.0,783.0,217.0,753.0,195.0,706.0,258.0,1,0,0
376,155,492.0,262.0,551.0,193.0,520.0,167.0,461.0,236.0,1,0,0
376,156,1080.0,120.0,1094.0,119.0,1093.0,101.0,1079.0,102.0,1,2,0
376,157,467.0,204.0,529.0,141.0,500.0,113.0,438.0,176.0,1,0,0
376,158,77.0,872.0,79.0,855.0,63.0,854.0,61.0,871.0,1,2,0
376,159,1034.0,856.0,1034.0,840.0,1018.0,840.0,1018.0,856.0,1,2,0
376,160,1149.0,703.0,1165.0,703.0,1165.0,687.0,1149.0,687.0,1,2,0
376,161,453.0,148.0,506.0,75.0,473.0,51.0,419.0,124.0,1,0,0
376,162,596.0,282.0,620.0,274.0,601.0,222.0,578.0,230.0,1,6,0
376,163,685.0,96.0,778.0,68.0,766.0,29.0,674.0,57.0,1,0,0
376,164,1063.0,54.0,1063.0,40.0,1049.0,40.0,1049.0,54.0,1,2,0
376,165,1065.0,51.0,1076.0,51.0,1076.0,39.0,1065.0,39.0,1,2,0
376,166,670.0,35.0,771.0,11.0,762.0,-28.0,661.0,-4.0,1,0,0
377,105,705.0,216.0,780.0,205.0,775.0,169.0,700.0,180.0,1,0,0
377,106,762.0,719.0,801.0,713.0,787.0,629.0,748.0,635.0,1,0,0
377,108,561.0,726.0,575.0,726.0,575.0,712.0,561.0,712.0,1,2,0
377,111,235.0,860.0,245.0,854.0,229.0,826.0,219.0,832.0,1,1,0
377,112,273.0,841.0,294.0,832.0,279.0,800.0,258.0,809.0,1,7,0
377,113,245.0,850.0,255.0,841.0,244.0,828.0,234.0,837.0,1,2,0
377,114,248.0,835.0,261.0,835.0,261.0,819.0,248.0,819.0,1,2,0
377,115,189.0,847.0,212.0,845.0,208.0,803.0,186.0,805.0,1,7,0
377,116,253.0,845.0,267.0,841.0,257.0,805.0,243.0,809.0,1,1,0
377,117,688.0,341.0,707.0,335.0,696.0,301.0,677.0,307.0,1,7,0
377,118,473.0,548.0,485.0,548.0,485.0,533.0,473.0,533.0,1,2,0
377,123,623.0,689.0,674.0,619.0,641.0,596.0,591.0,666.0,1,0,0
377,125,602.0,632.0,661.0,567.0,631.0,539.0,571.0,604.0,1,0,0
377,126,808.0,528.0,846.0,522.0,843.0,507.0,805.0,513.0,1,1,0
377,130,594.0,569.0,645.0,496.0,612.0,473.0,561.0,546.0,1,0,0
377,141,816.0,504.0,836.0,480.0,825.0,471.0,805.0,495.0,1,1,0
377,142,570.0,511.0,622.0,461.0,600.0,439.0,548.0,489.0,1,3,0
377,143,803.0,483.0,834.0,467.0,826.0,452.0,795.0,468.0,1,7,0
377,144,1077.0,290.0,1090.0,290.0,1090.0,277.0,1077.0,277.0,1,2,0
377,145,553.0,455.0,597.0,381.0,564.0,361.0,519.0,435.0,1,0,0
377,146,1089.0,285.0,1103.0,284.0,1102.0,268.0,1088.0,269.0,1,2,0
377,147,767.0,800.0,777.0,765.0,761.0,760.0,751.0,795.0,1,1,0
377,148,760.0,787.0,776.0,787.0,776.0,777.0,760.0,777.0,1,2,0
377,150,532.0,400.0,576.0,327.0,542.0,307.0,499.0,380.0,1,0,0
377,151,742.0,346.0,779.0,344.0,778.0,322.0,741.0,324.0,1,7,0
377,153,504.0,470.0,516.0,470.0,516.0,454.0,504.0,454.0,1,2,0
377,154,735.0,307.0,781.0,244.0,750.0,222.0,704.0,285.0,1,0,0
377,155,492.0,289.0,549.0,221.0,518.0,195.0,461.0,263.0,1,0,0
377,156,1089.0,136.0,1090.0,122.0,1076.0,121.0,1075.0,135.0,1,2,0
377,157,466.0,230.0,528.0,168.0,500.0,140.0,438.0,202.0,1,0,0
377,158,82.0,894.0,84.0,874.0,68.0,872.0,66.0,892.0,1,2,0
377,159,1017.0,876.0,1033.0,875.0,1031.0,857.0,1015.0,858.0,1,2,0
377,160,1150.0,723.0,1164.0,723.0,1164.0,711.0,1150.0,711.0,1,2,0
377,161,450.0,177.0,504.0,104.0,470.0,79.0,416.0,152.0,1,0,0
377,162,609.0,350.0,632.0,342.0,614.0,291.0,591.0,299.0,1,6,0
377,163,682.0,124.0,773.0,97.0,761.0,58.0,671.0,85.0,1,0,0
377,164,1044.0,78.0,1056.0,78.0,1056.0,64.0,1044.0,64.0,1,2,0
377,165,1058.0,75.0,1072.0,75.0,1072.0,61.0,1058.0,61.0,1,2,0
377,166,667.0,62.0,754.0,36.0,743.0,-3.0,656.0,23.0,1,0,0
378,105,712.0,233.0,788.0,220.0,782.0,184.0,705.0,197.0,1,0,0
378,106,765.0,713.0,805.0,706.0,789.0,622.0,749.0,629.0,1,0,0
378,108,582.0,741.0,582.0,726.0,567.0,726.0,567.0,741.0,1,2,0
378,111,243.0,876.0,253.0,870.0,237.0,843.0,226.0,849.0,1,1,0
378,112,280.0,859.0,302.0,850.0,287.0,817.0,266.0,826.0,1,7,0
378,113,255.0,867.0,262.0,855.0,250.0,848.0,243.0,860.0,1,2,0
378,114,258.0,853.0,269.0,853.0,269.0,836.0,258.0,836.0,1,2,0
378,115,195.0,865.0,218.0,864.0,217.0,819.0,194.0,820.0,1,7,0
378,116,262.0,863.0,275.0,859.0,264.0,822.0,251.0,826.0,1,1,0
378,117,680.0,322.0,700.0,316.0,690.0,281.0,670.0,287.0,1,7,0
378,118,478.0,557.0,491.0,557.0,491.0,544.0,478.0,544.0,1,2,0
378,123,629.0,705.0,680.0,635.0,649.0,612.0,597.0,682.0,1,0,0
378,125,610.0,648.0,668.0,582.0,637.0,555.0,579.0,621.0,1,0,0
378,126,814.0,544.0,852.0,537.0,850.0,522.0,811.0,529.0,1,1,0
378,130,601.0,585.0,652.0,512.0,619.0,489.0,568.0,562.0,1,0,0
378,141,821.0,519.0,842.0,493.0,832.0,485.0,811.0,511.0,1,1,0
378,142,578.0,528.0,629.0,477.0,606.0,455.0,555.0,506.0,1,3,0
378,143,810.0,499.0,841.0,482.0,832.0,466.0,801.0,483.0,1,7,0
378,144,1082.0,297.0,1095.0,297.0,1095.0,281.0,1082.0,281.0,1,2,0
378,145,560.0,472.0,604.0,396.0,570.0,376.0,525.0,452.0,1,0,0
378,146,1110.0,291.0,1110.0,278.0,1097.0,278.0,1097.0,291.0,1,2,0
378,147,783.0,792.0,791.0,755.0,774.0,752.0,766.0,789.0,1,1,0
378,148,776.0,778.0,790.0,778.0,790.0,766.0,776.0,766.0,1,2,0
378,150,539.0,417.0,583.0,344.0,549.0,324.0,506.0,397.0,1,0,0
378,151,749.0,362.0,785.0,361.0,785.0,338.0,748.0,339.0,1,7,0
378,152,1132.0,246.0,1142.0,246.0,1142.0,235.0,1132.0,235.0,1,2,0
378,153,525.0,494.0,525.0,478.0,513.0,478.0,513.0,494.0,1,2,0
378,154,741.0,323.0,789.0,261.0,760.0,238.0,712.0,300.0,1,0,0
378,155,498.0,305.0,556.0,237.0,525.0,211.0,467.0,279.0,1,0,0
378,156,1094.0,147.0,1094.0,130.0,1080.0,130.0,1080.0,147.0,1,2,0
378,157,472.0,248.0,532.0,185.0,504.0,158.0,444.0,221.0,1,0,0
378,158,82.0,905.0,97.0,905.0,97.0,888.0,82.0,888.0,1,2,0
378,159,1024.0,883.0,1040.0,882.0,1039.0,861.0,1023.0,862.0,1,2,0
378,160,1157.0,733.0,1174.0,733.0,1174.0,719.0,1157.0,719.0,1,2,0
378,161,457.0,192.0,511.0,120.0,478.0,96.0,424.0,168.0,1,0,0
378,162,630.0,407.0,652.0,399.0,634.0,346.0,612.0,354.0,1,6,0
378,163,690.0,138.0,776.0,106.0,763.0,71.0,677.0,103.0,1,0,0
378,164,1049.0,85.0,1062.0,85.0,1062.0,70.0,1049.0,70.0,1,2,0
378,165,1075.0,86.0,1075.0,70.0,1062.0,70.0,1062.0,86.0,1,2,0
378,166,673.0,79.0,759.0,53.0,748.0,14.0,662.0,40.0,1,0,0
379,105,697.0,257.0,771.0,246.0,766.0,210.0,692.0,221.0,1,0,0
379,106,746.0,714.0,785.0,706.0,767.0,623.0,728.0,631.0,1,0,0
379,108,554.0,765.0,566.0,765.0,566.0,752.0,554.0,752.0,1,2,0
379,111,228.0,902.0,240.0,895.0,222.0,865.0,210.0,872.0,1,1,0
379,112,264.0,886.0,286.0,877.0,272.0,845.0,250.0,854.0,1,7,0
379,113,240.0,895.0,248.0,882.0,235.0,874.0,227.0,887.0,1,2,0
379,114,242.0,879.0,252.0,879.0,252.0,864.0,242.0,864.0,1,2,0
379,115,182.0,891.0,204.0,890.0,202.0,846.0,180.0,847.0,1,7,0
379,116,246.0,890.0,260.0,886.0,249.0,849.0,235.0,853.0,1,1,0
379,117,650.0,311.0,671.0,307.0,663.0,270.0,642.0,274.0,1,7,0
379,118,461.0,575.0,474.0,575.0,474.0,564.0,461.0,564.0,1,2,0
379,123,615.0,731.0,666.0,661.0,634.0,638.0,583.0,708.0,1,0,0
379,125,594.0,673.0,653.0,607.0,623.0,580.0,564.0,646.0,1,0,0
379,126,799.0,569.0,837.0,561.0,834.0,547.0,796.0,555.0,1,1,0
379,130,584.0,610.0,636.0,537.0,604.0,514.0,552.0,587.0,1,0,0
379,141,808.0,543.0,827.0,517.0,816.0,510.0,798.0,536.0,1,1,0
379,142,563.0,553.0,614.0,504.0,591.0,481.0,540.0,530.0,1,3,0
379,143,796.0,524.0,821.0,506.0,812.0,494.0,787.0,512.0,1,7,0
379,144,1066.0,316.0,1079.0,316.0,1079.0,303.0,1066.0,303.0,1,2,0
379,145,544.0,497.0,589.0,422.0,554.0,402.0,510.0,477.0,1,0,0
379,146,1079.0,310.0,1093.0,310.0,1093.0,296.0,1079.0,296.0,1,2,0
379,147,775.0,789.0,780.0,756.0,767.0,754.0,762.0,787.0,1,1,0
379,148,768.0,778.0,778.0,778.0,778.0,765.0,768.0,765.0,1,2,0
379,150,524.0,442.0,567.0,369.0,532.0,349.0,490.0,422.0,1,0,0
379,151,734.0,386.0,770.0,384.0,768.0,364.0,733.0,366.0,1,7,0
379,153,499.0,526.0,511.0,526.0,511.0,511.0,499.0,511.0,1,2,0
379,154,725.0,348.0,774.0,287.0,744.0,264.0,695.0,325.0,1,0,0
379,155,484.0,331.0,540.0,262.0,508.0,237.0,452.0,306.0,1,0,0
379,156,1060.0,164.0,1074.0,164.0,1074.0,147.0,1060.0,147.0,1,2,0
379,157,455.0,273.0,517.0,210.0,490.0,183.0,428.0,246.0,1,0,0
379,159,1021.0,898.0,1028.0,886.0,1012.0,877.0,1005.0,889.0,1,2,0
379,160,1143.0,750.0,1159.0,750.0,1159.0,733.0,1143.0,733.0,1,2,0
379,161,441.0,217.0,495.0,144.0,462.0,120.0,408.0,193.0,1,0,0
379,162,628.0,472.0,651.0,465.0,634.0,411.0,611.0,418.0,1,6,0
379,163,675.0,165.0,761.0,134.0,748.0,97.0,662.0,128.0,1,0,0
379,164,1041.0,104.0,1042.0,90.0,1030.0,89.0,1029.0,103.0,1,2,0
379,165,1044.0,103.0,1056.0,103.0,1056.0,88.0,1044.0,88.0,1,2,0
379,166,657.0,103.0,743.0,78.0,732.0,40.0,646.0,65.0,1,0,0
379,167,387.0,73.0,424.0,-1.0,386.0,-20.0,349.0,54.0,1,0,0
379,168,659.0,48.0,737.0,7.0,719.0,-29.0,641.0,12.0,1,0,0
380,105,688.0,280.0,764.0,270.0,759.0,234.0,684.0,244.0,1,0,0
380,106,733.0,713.0,772.0,704.0,753.0,622.0,714.0,631.0,1,0,0
380,108,546.0,789.0,558.0,789.0,558.0,776.0,546.0,776.0,1,2,0
380,112,255.0,910.0,279.0,899.0,265.0,869.0,241.0,880.0,1,7,0
380,115,171.0,909.0,196.0,908.0,195.0,871.0,170.0,872.0,1,7,0
380,117,631.0,299.0,650.0,294.0,642.0,258.0,623.0,263.0,1,7,0
380,118,463.0,594.0,463.0,578.0,451.0,578.0,451.0,594.0,1,2,0
380,123,608.0,755.0,658.0,684.0,625.0,661.0,575.0,732.0,1,0,0
380,125,586.0,696.0,645.0,631.0,613.0,603.0,555.0,668.0,1,0,0
380,126,791.0,592.0,828.0,585.0,825.0,571.0,788.0,578.0,1,1,0
380,130,576.0,634.0,628.0,562.0,596.0,539.0,544.0,611.0,1,0,0
380,141,796.0,568.0,821.0,546.0,811.0,536.0,787.0,558.0,1,1,0
380,142,555.0,577.0,606.0,526.0,583.0,503.0,532.0,554.0,1,3,0
380,143,786.0,548.0,816.0,535.0,810.0,519.0,779.0,532.0,1,7,0
380,144,1068.0,336.0,1069.0,320.0,1055.0,319.0,1054.0,335.0,1,2,0
380,145,535.0,521.0,580.0,446.0,547.0,426.0,501.0,501.0,1,0,0
380,146,1081.0,328.0,1082.0,314.0,1066.0,313.0,1066.0,327.0,1,2,0
380,147,769.0,795.0,773.0,757.0,756.0,755.0,752.0,793.0,1,1,0
380,148,769.0,785.0,771.0,764.0,757.0,763.0,754.0,784.0,1,2,0
380,150,516.0,466.0,558.0,392.0,523.0,373.0,481.0,447.0,1,0,0
380,151,725.0,409.0,763.0,409.0,763.0,388.0,725.0,388.0,1,7,0
380,153,494.0,558.0,506.0,558.0,506.0,542.0,494.0,542.0,1,2,0
380,154,721.0,376.0,781.0,303.0,747.0,275.0,686.0,348.0,1,0,0
380,155,474.0,354.0,532.0,285.0,502.0,259.0,443.0,328.0,1,0,0
380,156,1050.0,177.0,1063.0,177.0,1063.0,164.0,1050.0,164.0,1,2,0
380,157,448.0,297.0,510.0,234.0,481.0,206.0,419.0,269.0,1,0,0
380,160,1136.0,767.0,1152.0,767.0,1152.0,755.0,1136.0,755.0,1,2,0
380,161,434.0,242.0,486.0,168.0,452.0,145.0,400.0,219.0,1,0,0
380,162,632.0,534.0,656.0,526.0,639.0,474.0,615.0,482.0,1,6,0
380,163,663.0,187.0,750.0,162.0,740.0,124.0,652.0,149.0,1,0,0
380,164,1020.0,123.0,1034.0,123.0,1034.0,108.0,1020.0,108.0,1,2,0
380,165,1034.0,120.0,1046.0,120.0,1046.0,107.0,1034.0,107.0,1,2,0
380,166,648.0,128.0,734.0,104.0,723.0,65.0,637.0,89.0,1,0,0
380,167,378.0,97.0,421.0,15.0,382.0,-5.0,339.0,77.0,1,0,0
380,168,650.0,71.0,732.0,31.0,715.0,-3.0,633.0,37.0,1,0,0
380,169,1183.0,520.0,1199.0,520.0,1199.0,506.0,1183.0,506.0,1,2,0
380,170,192.0,28.0,208.0,28.0,208.0,13.0,192.0,13.0,1,2,0
381,105,692.0,280.0,766.0,270.0,761.0,234.0,687.0,244.0,1,0,0
381,106,733.0,687.0,771.0,678.0,752.0,596.0,713.0,605.0,1,0,0
381,108,549.0,788.0,561.0,788.0,561.0,775.0,549.0,775.0,1,2,0
381,112,255.0,913.0,282.0,909.0,276.0,870.0,249.0,874.0,1,7,0
381,115,175.0,913.0,199.0,913.0,199.0,867.0,175.0,867.0,1,7,0
381,117,623.0,261.0,643.0,257.0,635.0,220.0,614.0,224.0,1,7,0
381,118,455.0,585.0,469.0,585.0,469.0,571.0,455.0,571.0,1,2,0
381,123,611.0,754.0,662.0,683.0,629.0,660.0,579.0,731.0,1,0,0
381,125,592.0,696.0,649.0,630.0,617.0,602.0,560.0,668.0,1,0,0
381,126,796.0,591.0,832.0,584.0,830.0,569.0,793.0,576.0,1,1,0
381,130,581.0,633.0,633.0,561.0,600.0,538.0,548.0,610.0,1,0,0
381,141,805.0,566.0,823.0,541.0,811.0,533.0,793.0,558.0,1,1,0
381,142,560.0,577.0,611.0,526.0,588.0,503.0,537.0,554.0,1,3,0
381,143,792.0,546.0,816.0,529.0,806.0,516.0,782.0,533.0,1,7,0
381,144,1057.0,325.0,1073.0,325.0,1073.0,312.0,1057.0,312.0,1,2,0
381,145,540.0,521.0,585.0,445.0,550.0,425.0,506.0,501.0,1,0,0
381,146,1072.0,320.0,1085.0,320.0,1085.0,308.0,1072.0,308.0,1,2,0
381,147,776.0,768.0,778.0,732.0,764.0,731.0,762.0,767.0,1,1,0
381,148,765.0,755.0,777.0,755.0,777.0,744.0,765.0,744.0,1,2,0
381,150,519.0,465.0,562.0,392.0,529.0,372.0,485.0,445.0,1,0,0
381,151,728.0,410.0,766.0,408.0,764.0,386.0,727.0,388.0,1,7,0
381,153,500.0,568.0,512.0,568.0,512.0,550.0,500.0,550.0,1,2,0
381,154,720.0,373.0,771.0,313.0,742.0,288.0,691.0,348.0,1,0,0
381,155,478.0,355.0,537.0,286.0,505.0,259.0,446.0,328.0,1,0,0
381,156,1066.0,174.0,1067.0,156.0,1052.0,155.0,1051.0,173.0,1,2,0
381,157,451.0,296.0,514.0,233.0,487.0,206.0,424.0,269.0,1,0,0
381,159,1008.0,898.0,1025.0,898.0,1025.0,876.0,1008.0,876.0,1,2,0
381,160,1141.0,759.0,1160.0,759.0,1160.0,744.0,1141.0,744.0,1,2,0
381,161,438.0,240.0,491.0,168.0,457.0,144.0,404.0,216.0,1,0,0
381,162,650.0,572.0,672.0,565.0,656.0,513.0,634.0,520.0,1,6,0
381,163,669.0,186.0,757.0,160.0,747.0,123.0,658.0,149.0,1,0,0
381,164,1034.0,112.0,1035.0,100.0,1023.0,99.0,1022.0,111.0,1,2,0
381,165,1035.0,118.0,1048.0,117.0,1047.0,99.0,1034.0,100.0,1,2,0
381,166,654.0,127.0,740.0,101.0,728.0,63.0,642.0,89.0,1,0,0
381,167,381.0,95.0,425.0,13.0,386.0,-7.0,343.0,75.0,1,0,0
381,168,653.0,69.0,735.0,30.0,719.0,-4.0,637.0,35.0,1,0,0
381,169,1186.0,511.0,1201.0,511.0,1201.0,496.0,1186.0,496.0,1,2,0
381,170,187.0,29.0,202.0,29.0,202.0,14.0,187.0,14.0,1,2,0
382,105,699.0,284.0,772.0,273.0,767.0,240.0,694.0,251.0,1,0,0
382,106,734.0,668.0,772.0,659.0,752.0,577.0,714.0,586.0,1,0,0
382,108,555.0,794.0,569.0,794.0,569.0,781.0,555.0,781.0,1,2,0
382,115,200.0,921.0,205.0,876.0,184.0,873.0,179.0,919.0,1,7,0
382,117,617.0,230.0,639.0,225.0,630.0,189.0,608.0,194.0,1,7,0
382,118,462.0,584.0,474.0,584.0,474.0,573.0,462.0,573.0,1,2,0
382,123,617.0,760.0,669.0,689.0,637.0,666.0,585.0,737.0,1,0,0
382,125,598.0,701.0,655.0,636.0,625.0,609.0,568.0,674.0,1,0,0
382,126,802.0,598.0,840.0,590.0,837.0,576.0,799.0,584.0,1,1,0
382,130,587.0,639.0,640.0,567.0,608.0,544.0,555.0,616.0,1,0,0
382,141,810.0,573.0,829.0,550.0,819.0,541.0,799.0,564.0,1,1,0
382,142,566.0,584.0,618.0,533.0,594.0,509.0,542.0,560.0,1,3,0
382,143,796.0,552.0,826.0,539.0,819.0,524.0,790.0,537.0,1,7,0
382,144,1061.0,331.0,1075.0,330.0,1074.0,313.0,1060.0,314.0,1,2,0
382,145,547.0,527.0,592.0,450.0,558.0,430.0,512.0,507.0,1,0,0
382,146,1075.0,323.0,1089.0,323.0,1089.0,307.0,1075.0,307.0,1,2,0
382,147,768.0,752.0,784.0,751.0,781.0,713.0,765.0,714.0,1,1,0
382,148,773.0,737.0,784.0,737.0,784.0,726.0,773.0,726.0,1,2,0
382,150,527.0,472.0,570.0,398.0,536.0,378.0,492.0,452.0,1,0,0
382,151,734.0,416.0,773.0,414.0,772.0,393.0,733.0,395.0,1,7,0
382,153,507.0,580.0,519.0,580.0,519.0,565.0,507.0,565.0,1,2,0
382,154,728.0,379.0,778.0,317.0,748.0,293.0,698.0,355.0,1,0,0
382,155,484.0,360.0,543.0,292.0,513.0,266.0,454.0,334.0,1,0,0
382,156,1058.0,169.0,1072.0,169.0,1072.0,155.0,1058.0,155.0,1,2,0
382,157,459.0,302.0,521.0,239.0,493.0,212.0,431.0,275.0,1,0,0
382,159,1033.0,899.0,1033.0,885.0,1016.0,884.0,1016.0,898.0,1,2,0
382,160,1151.0,760.0,1167.0,760.0,1167.0,743.0,1151.0,743.0,1,2,0
382,161,445.0,246.0,498.0,174.0,464.0,150.0,412.0,222.0,1,0,0
382,162,667.0,618.0,690.0,612.0,675.0,560.0,652.0,566.0,1,6,0
382,163,677.0,191.0,762.0,164.0,751.0,129.0,666.0,156.0,1,0,0
382,164,1029.0,113.0,1040.0,113.0,1040.0,100.0,1029.0,100.0,1,2,0
382,165,1042.0,114.0,1053.0,114.0,1053.0,100.0,1042.0,100.0,1,2,0
382,166,660.0,133.0,746.0,107.0,734.0,69.0,649.0,95.0,1,0,0
382,167,388.0,101.0,431.0,19.0,395.0,0.0,352.0,82.0,1,0,0
382,168,661.0,75.0,742.0,35.0,726.0,2.0,645.0,42.0,1,0,0
382,169,1190.0,511.0,1202.0,511.0,1202.0,499.0,1190.0,499.0,1,2,0
382,170,187.0,38.0,200.0,38.0,200.0,23.0,187.0,23.0,1,2,0
383,105,690.0,305.0,763.0,295.0,758.0,261.0,685.0,271.0,1,0,0
383,106,716.0,662.0,754.0,654.0,736.0,572.0,698.0,580.0,1,0,0
383,108,546.0,815.0,558.0,815.0,558.0,802.0,546.0,802.0,1,2,0
383,117,596.0,213.0,617.0,208.0,608.0,173.0,587.0,178.0,1,7,0
383,118,452.0,599.0,463.0,599.0,463.0,584.0,452.0,584.0,1,2,0
383,123,608.0,780.0,657.0,710.0,625.0,687.0,575.0,757.0,1,0,0
383,125,587.0,722.0,645.0,657.0,614.0,630.0,557.0,695.0,1,0,0
383,126,792.0,617.0,829.0,611.0,826.0,597.0,789.0,603.0,1,1,0
383,130,578.0,659.0,630.0,587.0,598.0,564.0,546.0,636.0,1,0,0
383,141,798.0,593.0,819.0,571.0,810.0,562.0,789.0,584.0,1,1,0
383,142,555.0,603.0,606.0,551.0,584.0,529.0,533.0,581.0,1,3,0
383,143,788.0,572.0,813.0,558.0,806.0,545.0,781.0,559.0,1,7,0
383,144,1049.0,342.0,1064.0,342.0,1064.0,329.0,1049.0,329.0,1,2,0
383,145,536.0,547.0,581.0,471.0,547.0,451.0,502.0,527.0,1,0,0
383,146,1063.0,338.0,1078.0,337.0,1077.0,324.0,1062.0,325.0,1,2,0
383,147,756.0,747.0,772.0,745.0,767.0,710.0,751.0,712.0,1,1,0
383,148,755.0,737.0,769.0,737.0,769.0,720.0,755.0,720.0,1,2,0
383,150,516.0,492.0,560.0,419.0,525.0,399.0,481.0,472.0,1,0,0
383,151,725.0,436.0,762.0,436.0,762.0,415.0,725.0,415.0,1,7,0
383,153,496.0,611.0,509.0,610.0,508.0,592.0,495.0,593.0,1,2,0
383,154,717.0,399.0,768.0,341.0,739.0,316.0,688.0,374.0,1,0,0
383,155,475.0,380.0,534.0,312.0,503.0,286.0,445.0,354.0,1,0,0
383,156,1047.0,183.0,1060.0,183.0,1060.0,169.0,1047.0,169.0,1,2,0
383,157,449.0,323.0,510.0,261.0,481.0,233.0,420.0,295.0,1,0,0
383,160,1142.0,774.0,1158.0,774.0,1158.0,760.0,1142.0,760.0,1,2,0
383,161,435.0,267.0,488.0,195.0,454.0,171.0,401.0,243.0,1,0,0
383,162,664.0,677.0,687.0,672.0,677.0,618.0,653.0,623.0,1,6,0
383,163,668.0,213.0,753.0,181.0,739.0,146.0,654.0,178.0,1,0,0
383,164,1017.0,129.0,1029.0,129.0,1029.0,116.0,1017.0,116.0,1,2,0
383,165,1040.0,131.0,1041.0,115.0,1028.0,114.0,1027.0,130.0,1,2,0
383,166,650.0,154.0,736.0,129.0,725.0,90.0,638.0,115.0,1,0,0
383,167,378.0,122.0,422.0,41.0,384.0,21.0,341.0,102.0,1,0,0
383,168,651.0,96.0,731.0,57.0,715.0,23.0,634.0,62.0,1,0,0
383,169,1177.0,527.0,1193.0,526.0,1193.0,510.0,1177.0,511.0,1,2,0
383,170,166.0,60.0,181.0,60.0,181.0,47.0,166.0,47.0,1,2,0
383,171,360.0,61.0,410.0,-15.0,375.0,-38.0,325.0,38.0,1,0,0
383,172,626.0,42.0,717.0,11.0,705.0,-27.0,613.0,4.0,1,0,0
384,105,693.0,321.0,771.0,311.0,766.0,275.0,688.0,285.0,1,0,0
384,106,717.0,651.0,755.0,642.0,734.0,560.0,697.0,569.0,1,0,0
384,108,551.0,829.0,563.0,829.0,563.0,816.0,551.0,816.0,1,2,0
384,117,589.0,190.0,610.0,184.0,600.0,149.0,579.0,155.0,1,7,0
384,118,455.0,606.0,468.0,606.0,468.0,592.0,455.0,592.0,1,2,0
384,123,612.0,795.0,664.0,725.0,631.0,701.0,579.0,771.0,1,0,0
384,125,592.0,737.0,650.0,671.0,619.0,643.0,561.0,709.0,1,0,0
384,126,796.0,631.0,832.0,626.0,830.0,612.0,794.0,617.0,1,1,0
384,130,582.0,674.0,633.0,602.0,601.0,579.0,549.0,651.0,1,0,0
384,141,804.0,608.0,825.0,587.0,815.0,577.0,794.0,598.0,1,1,0
384,142,559.0,617.0,612.0,566.0,590.0,543.0,537.0,594.0,1,3,0
384,143,794.0,586.0,817.0,570.0,807.0,556.0,784.0,572.0,1,7,0
384,144,1052.0,352.0,1065.0,352.0,1065.0,337.0,1052.0,337.0,1,2,0
384,145,541.0,561.0,586.0,486.0,552.0,466.0,507.0,541.0,1,0,0
384,146,1066.0,347.0,1079.0,347.0,1079.0,334.0,1066.0,334.0,1,2,0
384,147,757.0,737.0,773.0,734.0,767.0,698.0,751.0,701.0,1,1,0
384,148,759.0,724.0,773.0,724.0,773.0,712.0,759.0,712.0,1,2,0
384,150,522.0,507.0,565.0,433.0,530.0,413.0,487.0,487.0,1,0,0
384,151,730.0,451.0,767.0,451.0,767.0,429.0,730.0,429.0,1,7,0
384,153,503.0,631.0,515.0,631.0,515.0,616.0,503.0,616.0,1,2,0
384,154,722.0,415.0,772.0,354.0,742.0,329.0,691.0,390.0,1,0,0
384,155,479.0,394.0,538.0,327.0,507.0,301.0,448.0,368.0,1,0,0
384,156,1050.0,193.0,1064.0,193.0,1064.0,175.0,1050.0,175.0,1,2,0
384,157,454.0,337.0,515.0,275.0,486.0,247.0,425.0,309.0,1,0,0
384,160,1146.0,783.0,1165.0,783.0,1165.0,765.0,1146.0,765.0,1,2,0
384,161,441.0,282.0,493.0,210.0,458.0,185.0,406.0,257.0,1,0,0
384,162,675.0,729.0,698.0,725.0,689.0,672.0,666.0,676.0,1,6,0
384,163,673.0,228.0,756.0,198.0,743.0,162.0,660.0,192.0,1,0,0
384,164,1019.0,135.0,1031.0,135.0,1031.0,123.0,1019.0,123.0,1,2,0
384,165,1031.0,138.0,1044.0,138.0,1044.0,123.0,1031.0,123.0,1,2,0
384,166,655.0,167.0,741.0,142.0,729.0,104.0,643.0,129.0,1,0,0
384,167,384.0,136.0,427.0,54.0,388.0,34.0,345.0,116.0,1,0,0
384,168,657.0,110.0,737.0,70.0,720.0,36.0,640.0,76.0,1,0,0
384,169,1198.0,532.0,1198.0,517.0,1181.0,516.0,1181.0,531.0,1,2,0
384,170,175.0,77.0,176.0,63.0,163.0,62.0,162.0,76.0,1,2,0
384,171,364.0,75.0,414.0,1.0,379.0,-23.0,329.0,51.0,1,0,0
384,172,629.0,56.0,719.0,26.0,707.0,-12.0,617.0,18.0,1,0,0
384,173,763.0,74.0,775.0,74.0,775.0,61.0,763.0,61.0,1,2,0
384,174,784.0,87.0,795.0,87.0,795.0,76.0,784.0,76.0,1,2,0
385,105,712.0,336.0,791.0,327.0,788.0,292.0,709.0,301.0,1,0,0
385,106,728.0,640.0,767.0,631.0,746.0,549.0,708.0,558.0,1,0,0
385,108,567.0,844.0,580.0,844.0,580.0,831.0,567.0,831.0,1,2,0
385,117,595.0,166.0,615.0,162.0,608.0,127.0,588.0,131.0,1,7,0
385,118,472.0,615.0,485.0,615.0,485.0,603.0,472.0,603.0,1,2,0
385,123,632.0,811.0,683.0,741.0,648.0,716.0,598.0,786.0,1,0,0
385,125,612.0,754.0,670.0,686.0,638.0,658.0,579.0,726.0,1,0,0
385,126,815.0,648.0,852.0,642.0,849.0,628.0,812.0,634.0,1,1,0
385,130,602.0,689.0,652.0,616.0,619.0,594.0,569.0,667.0,1,0,0
385,141,821.0,625.0,842.0,602.0,833.0,594.0,812.0,617.0,1,1,0
385,142,578.0,633.0,630.0,582.0,608.0,559.0,555.0,610.0,1,3,0
385,143,811.0,603.0,835.0,587.0,824.0,571.0,800.0,587.0,1,7,0
385,144,1070.0,360.0,1084.0,360.0,1084.0,348.0,1070.0,348.0,1,2,0
385,145,559.0,577.0,604.0,501.0,570.0,481.0,526.0,557.0,1,0,0
385,146,1082.0,357.0,1095.0,357.0,1095.0,345.0,1082.0,345.0,1,2,0
385,147,768.0,726.0,785.0,724.0,780.0,688.0,763.0,690.0,1,1,0
385,148,770.0,714.0,784.0,714.0,784.0,700.0,770.0,700.0,1,2,0
385,150,539.0,522.0,582.0,449.0,548.0,429.0,505.0,502.0,1,0,0
385,151,748.0,467.0,786.0,467.0,786.0,446.0,748.0,446.0,1,7,0
385,153,523.0,656.0,534.0,656.0,534.0,639.0,523.0,639.0,1,2,0
385,154,739.0,430.0,791.0,372.0,763.0,346.0,710.0,404.0,1,0,0
385,155,498.0,410.0,556.0,342.0,526.0,316.0,467.0,384.0,1,0,0
385,156,1068.0,198.0,1082.0,198.0,1082.0,183.0,1068.0,183.0,1,2,0
385,157,472.0,352.0,534.0,289.0,506.0,262.0,444.0,325.0,1,0,0
385,160,1170.0,793.0,1187.0,793.0,1187.0,777.0,1170.0,777.0,1,2,0
385,161,458.0,297.0,512.0,225.0,479.0,200.0,425.0,272.0,1,0,0
385,162,693.0,782.0,718.0,782.0,717.0,727.0,692.0,727.0,1,6,0
385,163,691.0,243.0,776.0,212.0,762.0,176.0,678.0,207.0,1,0,0
385,164,1034.0,147.0,1047.0,147.0,1047.0,133.0,1034.0,133.0,1,2,0
385,165,1048.0,146.0,1060.0,146.0,1060.0,133.0,1048.0,133.0,1,2,0
385,166,674.0,184.0,759.0,158.0,748.0,120.0,662.0,146.0,1,0,0
385,167,402.0,152.0,445.0,70.0,407.0,50.0,364.0,132.0,1,0,0
385,168,674.0,127.0,754.0,87.0,737.0,53.0,657.0,93.0,1,0,0
385,170,174.0,94.0,186.0,94.0,186.0,81.0,174.0,81.0,1,2,0
385,171,381.0,89.0,434.0,16.0,400.0,-8.0,347.0,65.0,1,0,0
385,172,650.0,71.0,737.0,43.0,725.0,5.0,637.0,33.0,1,0,0
385,173,782.0,97.0,795.0,97.0,795.0,85.0,782.0,85.0,1,2,0
385,174,804.0,101.0,815.0,101.0,815.0,90.0,804.0,90.0,1,2,0
386,105,710.0,340.0,792.0,328.0,786.0,292.0,704.0,304.0,1,0,0
386,106,721.0,616.0,759.0,605.0,735.0,524.0,697.0,535.0,1,0,0
386,108,566.0,845.0,578.0,845.0,578.0,833.0,566.0,833.0,1,2,0
386,117,582.0,132.0,603.0,127.0,593.0,90.0,573.0,95.0,1,7,0
386,118,469.0,612.0,481.0,612.0,481.0,598.0,469.0,598.0,1,2,0
386,123,628.0,813.0,679.0,743.0,646.0,720.0,596.0,790.0,1,0,0
386,125,607.0,755.0,666.0,690.0,634.0,662.0,576.0,727.0,1,0,0
386,126,813.0,651.0,849.0,643.0,845.0,629.0,809.0,637.0,1,1,0
386,130,599.0,692.0,649.0,620.0,616.0,597.0,566.0,669.0,1,0,0
386,141,819.0,626.0,841.0,605.0,831.0,594.0,808.0,615.0,1,1,0
386,142,577.0,636.0,629.0,584.0,605.0,561.0,553.0,613.0,1,3,0
386,143,807.0,605.0,831.0,589.0,822.0,575.0,798.0,591.0,1,7,0
386,144,1063.0,358.0,1076.0,358.0,1076.0,346.0,1063.0,346.0,1,2,0
386,145,557.0,579.0,602.0,505.0,568.0,485.0,524.0,559.0,1,0,0
386,146,1074.0,356.0,1089.0,356.0,1089.0,341.0,1074.0,341.0,1,2,0
386,147,760.0,700.0,776.0,698.0,771.0,663.0,755.0,665.0,1,1,0
386,148,761.0,689.0,777.0,685.0,773.0,672.0,757.0,676.0,1,2,0
386,150,537.0,524.0,580.0,451.0,546.0,431.0,503.0,504.0,1,0,0
386,151,748.0,470.0,786.0,467.0,784.0,446.0,746.0,449.0,1,7,0
386,152,1113.0,314.0,1125.0,314.0,1125.0,302.0,1113.0,302.0,1,2,0
386,153,521.0,667.0,533.0,667.0,533.0,651.0,521.0,651.0,1,2,0
386,154,736.0,432.0,788.0,373.0,759.0,348.0,707.0,407.0,1,0,0
386,155,496.0,412.0,554.0,344.0,523.0,318.0,465.0,386.0,1,0,0
386,156,1065.0,195.0,1080.0,195.0,1080.0,179.0,1065.0,179.0,1,2,0
386,157,469.0,355.0,531.0,293.0,504.0,266.0,442.0,328.0,1,0,0
386,160,1168.0,789.0,1185.0,789.0,1185.0,773.0,1168.0,773.0,1,2,0
386,161,455.0,298.0,509.0,226.0,476.0,202.0,422.0,274.0,1,0,0
386,162,694.0,824.0,718.0,823.0,715.0,768.0,691.0,769.0,1,6,0
386,163,689.0,245.0,773.0,215.0,760.0,180.0,676.0,210.0,1,0,0
386,164,1042.0,143.0,1042.0,130.0,1028.0,129.0,1028.0,142.0,1,2,0
386,165,1041.0,145.0,1055.0,145.0,1055.0,129.0,1041.0,129.0,1,2,0
386,166,671.0,186.0,757.0,162.0,746.0,123.0,660.0,147.0,1,0,0
386,167,398.0,155.0,443.0,73.0,406.0,53.0,361.0,135.0,1,0,0
386,168,672.0,128.0,752.0,88.0,736.0,55.0,655.0,95.0,1,0,0
386,170,160.0,98.0,173.0,98.0,173.0,86.0,160.0,86.0,1,2,0
386,171,378.0,92.0,431.0,19.0,397.0,-5.0,344.0,68.0,1,0,0
386,172,647.0,72.0,735.0,44.0,723.0,7.0,636.0,35.0,1,0,0
386,173,781.0,108.0,795.0,108.0,795.0,93.0,781.0,93.0,1,2,0
386,174,802.0,98.0,815.0,98.0,815.0,86.0,802.0,86.0,1,2,0
387,105,722.0,365.0,799.0,354.0,794.0,320.0,717.0,331.0,1,0,0
387,106,725.0,617.0,762.0,607.0,739.0,524.0,702.0,534.0,1,0,0
387,108,579.0,871.0,593.0,871.0,593.0,857.0,579.0,857.0,1,2,0
387,117,583.0,118.0,604.0,114.0,596.0,78.0,575.0,82.0,1,7,0
387,118,476.0,631.0,492.0,631.0,492.0,612.0,476.0,612.0,1,2,0
387,123,640.0,839.0,690.0,768.0,657.0,744.0,607.0,815.0,1,0,0
387,125,619.0,783.0,680.0,715.0,648.0,686.0,587.0,754.0,1,0,0
387,126,821.0,677.0,861.0,672.0,859.0,657.0,820.0,662.0,1,1,0
387,130,610.0,718.0,662.0,643.0,629.0,621.0,578.0,696.0,1,0,0
387,141,827.0,653.0,851.0,635.0,843.0,625.0,820.0,643.0,1,1,0
387,142,588.0,662.0,643.0,607.0,620.0,584.0,565.0,639.0,1,3,0
387,143,820.0,631.0,842.0,616.0,833.0,602.0,811.0,617.0,1,7,0
387,144,1074.0,379.0,1088.0,379.0,1088.0,363.0,1074.0,363.0,1,2,0
387,145,569.0,605.0,614.0,529.0,580.0,509.0,535.0,585.0,1,0,0
387,146,1100.0,376.0,1100.0,363.0,1087.0,363.0,1087.0,376.0,1,2,0
387,147,767.0,701.0,783.0,698.0,776.0,663.0,760.0,666.0,1,1,0
387,148,769.0,691.0,781.0,688.0,778.0,675.0,766.0,678.0,1,2,0
387,150,549.0,550.0,592.0,477.0,558.0,457.0,515.0,530.0,1,0,0
387,151,757.0,496.0,794.0,495.0,794.0,474.0,757.0,475.0,1,7,0
387,152,1122.0,336.0,1139.0,336.0,1139.0,322.0,1122.0,322.0,1,2,0
387,153,533.0,700.0,544.0,700.0,544.0,685.0,533.0,685.0,1,2,0
387,154,750.0,459.0,799.0,397.0,768.0,373.0,719.0,435.0,1,0,0
387,155,510.0,438.0,568.0,368.0,536.0,342.0,478.0,412.0,1,0,0
387,156,1076.0,216.0,1092.0,216.0,1092.0,198.0,1076.0,198.0,1,2,0
387,157,482.0,380.0,546.0,316.0,518.0,288.0,454.0,352.0,1,0,0
387,160,1181.0,810.0,1199.0,810.0,1199.0,793.0,1181.0,793.0,1,2,0
387,161,468.0,326.0,524.0,251.0,490.0,226.0,434.0,301.0,1,0,0
387,162,705.0,889.0,731.0,888.0,729.0,832.0,702.0,833.0,1,6,0
387,163,701.0,272.0,785.0,240.0,771.0,205.0,687.0,237.0,1,0,0
387,164,1038.0,163.0,1053.0,163.0,1053.0,150.0,1038.0,150.0,1,2,0
387,165,1065.0,163.0,1066.0,150.0,1052.0,149.0,1052.0,162.0,1,2,0
387,166,682.0,212.0,768.0,187.0,757.0,149.0,671.0,174.0,1,0,0
387,167,414.0,180.0,457.0,97.0,418.0,77.0,375.0,160.0,1,0,0
387,168,684.0,156.0,766.0,115.0,749.0,80.0,667.0,121.0,1,0,0
387,170,164.0,126.0,179.0,126.0,179.0,113.0,164.0,113.0,1,2,0
387,171,392.0,118.0,445.0,42.0,411.0,19.0,358.0,95.0,1,0,0
387,172,658.0,99.0,748.0,71.0,736.0,34.0,647.0,62.0,1,0,0
387,173,797.0,138.0,809.0,138.0,809.0,128.0,797.0,128.0,1,2,0
387,174,816.0,123.0,827.0,122.0,826.0,112.0,815.0,113.0,1,2,0
387,175,361.0,64.0,423.0,-3.0,395.0,-29.0,332.0,38.0,1,0,0
387,176,653.0,49.0,740.0,12.0,724.0,-26.0,636.0,11.0,1,0,0
387,177,1152.0,291.0,1164.0,291.0,1164.0,277.0,1152.0,277.0,1,2,0
387,178,335.0,20.0,367.0,4.0,357.0,-16.0,325.0,0.0,1,7,0
388,105,720.0,387.0,800.0,375.0,794.0,338.0,715.0,350.0,1,0,0
388,106,718.0,611.0,755.0,601.0,731.0,519.0,695.0,529.0,1,0,0
388,108,581.0,890.0,595.0,890.0,595.0,877.0,581.0,877.0,1,2,0
388,117,569.0,99.0,590.0,93.0,580.0,61.0,559.0,67.0,1,7,0
388,118,476.0,642.0,487.0,642.0,487.0,632.0,476.0,632.0,1,2,0
388,123,641.0,860.0,690.0,788.0,657.0,765.0,608.0,837.0,1,0,0
388,125,621.0,801.0,677.0,735.0,644.0,708.0,588.0,774.0,1,0,0
388,126,821.0,696.0,859.0,691.0,857.0,677.0,819.0,682.0,1,1,0
388,130,606.0,738.0,660.0,662.0,629.0,640.0,575.0,716.0,1,0,0
388,141,828.0,672.0,851.0,651.0,842.0,641.0,819.0,662.0,1,1,0
388,142,586.0,682.0,638.0,631.0,616.0,608.0,564.0,659.0,1,3,0
388,143,821.0,653.0,843.0,633.0,829.0,619.0,808.0,639.0,1,7,0
388,144,1068.0,391.0,1084.0,391.0,1084.0,380.0,1068.0,380.0,1,2,0
388,145,568.0,625.0,613.0,548.0,579.0,529.0,535.0,606.0,1,0,0
388,146,1084.0,390.0,1097.0,384.0,1093.0,374.0,1080.0,380.0,1,2,0
388,147,758.0,697.0,774.0,695.0,769.0,659.0,752.0,661.0,1,1,0
388,148,758.0,686.0,773.0,683.0,771.0,669.0,756.0,672.0,1,2,0
388,150,548.0,570.0,592.0,497.0,558.0,477.0,514.0,550.0,1,0,0
388,151,759.0,518.0,798.0,513.0,795.0,491.0,757.0,496.0,1,7,0
388,152,1120.0,351.0,1134.0,351.0,1134.0,340.0,1120.0,340.0,1,2,0
388,153,542.0,731.0,544.0,713.0,535.0,712.0,533.0,730.0,1,2,0
388,154,748.0,475.0,794.0,416.0,766.0,395.0,720.0,454.0,1,0,0
388,155,509.0,459.0,564.0,389.0,532.0,364.0,477.0,434.0,1,0,0
388,156,1074.0,224.0,1088.0,224.0,1088.0,209.0,1074.0,209.0,1,2,0
388,157,479.0,400.0,542.0,338.0,515.0,310.0,452.0,372.0,1,0,0
388,160,1198.0,826.0,1204.0,816.0,1187.0,806.0,1181.0,816.0,1,2,0
388,161,465.0,345.0,518.0,273.0,486.0,249.0,433.0,321.0,1,0,0
388,163,699.0,290.0,784.0,264.0,772.0,228.0,687.0,254.0,1,0,0
388,164,1035.0,178.0,1049.0,178.0,1049.0,163.0,1035.0,163.0,1,2,0
388,165,1046.0,180.0,1060.0,180.0,1060.0,164.0,1046.0,164.0,1,2,0
388,166,682.0,231.0,767.0,208.0,757.0,171.0,671.0,194.0,1,0,0
388,167,410.0,200.0,454.0,119.0,417.0,99.0,372.0,180.0,1,0,0
388,168,681.0,172.0,762.0,134.0,748.0,103.0,667.0,141.0,1,0,0
388,170,154.0,150.0,167.0,150.0,167.0,136.0,154.0,136.0,1,2,0
388,171,390.0,139.0,442.0,65.0,408.0,42.0,357.0,116.0,1,0,0
388,172,658.0,120.0,745.0,93.0,734.0,55.0,647.0,82.0,1,0,0
388,174,812.0,139.0,823.0,139.0,823.0,128.0,812.0,128.0,1,2,0
388,175,359.0,85.0,421.0,21.0,392.0,-7.0,330.0,57.0,1,0,0
388,176,649.0,66.0,732.0,33.0,718.0,0.0,636.0,33.0,1,0,0
388,177,1141.0,304.0,1159.0,304.0,1159.0,292.0,1141.0,292.0,1,2,0
388,178,334.0,42.0,367.0,22.0,353.0,1.0,321.0,21.0,1,7,0
388,179,956.0,15.0,973.0,15.0,973.0,1.0,956.0,1.0,1,2,0
389,105,738.0,395.0,817.0,383.0,811.0,350.0,733.0,362.0,1,0,0
389,106,729.0,593.0,767.0,582.0,742.0,501.0,704.0,512.0,1,0,0
389,108,608.0,899.0,621.0,899.0,621.0,883.0,608.0,883.0,1,2,0
389,117,578.0,70.0,597.0,64.0,586.0,30.0,567.0,36.0,1,7,0
389,118,493.0,647.0,507.0,647.0,507.0,633.0,493.0,633.0,1,2,0
389,123,658.0,870.0,708.0,799.0,677.0,777.0,627.0,848.0,1,0,0
389,125,639.0,813.0,697.0,747.0,665.0,719.0,607.0,785.0,1,0,0
389,126,842.0,707.0,880.0,701.0,878.0,688.0,840.0,694.0,1,1,0
389,130,630.0,749.0,680.0,676.0,647.0,654.0,597.0,727.0,1,0,0
389,141,850.0,683.0,872.0,661.0,862.0,651.0,840.0,673.0,1,1,0
389,142,605.0,693.0,658.0,641.0,636.0,618.0,583.0,670.0,1,3,0
389,143,837.0,662.0,861.0,648.0,852.0,634.0,828.0,648.0,1,7,0
389,144,1102.0,399.0,1103.0,384.0,1088.0,383.0,1087.0,398.0,1,2,0
389,145,588.0,635.0,633.0,560.0,599.0,540.0,554.0,615.0,1,0,0
389,146,1101.0,395.0,1115.0,395.0,1115.0,379.0,1101.0,379.0,1,2,0
389,147,772.0,682.0,788.0,679.0,781.0,643.0,765.0,646.0,1,1,0
389,148,771.0,672.0,785.0,666.0,780.0,652.0,766.0,658.0,1,2,0
389,150,567.0,582.0,611.0,509.0,577.0,489.0,533.0,562.0,1,0,0
389,151,778.0,527.0,815.0,524.0,813.0,503.0,776.0,506.0,1,7,0
389,152,1140.0,363.0,1156.0,362.0,1155.0,344.0,1139.0,345.0,1,2,0
389,153,565.0,748.0,565.0,731.0,553.0,731.0,553.0,748.0,1,2,0
389,154,766.0,488.0,818.0,428.0,790.0,403.0,738.0,463.0,1,0,0
389,155,525.0,469.0,584.0,402.0,554.0,376.0,495.0,443.0,1,0,0
389,156,1093.0,223.0,1106.0,223.0,1106.0,210.0,1093.0,210.0,1,2,0
389,157,500.0,411.0,560.0,350.0,533.0,323.0,473.0,384.0,1,0,0
389,161,487.0,357.0,538.0,284.0,505.0,260.0,454.0,333.0,1,0,0
389,163,718.0,302.0,804.0,273.0,791.0,237.0,706.0,266.0,1,0,0
389,164,1054.0,180.0,1066.0,180.0,1066.0,167.0,1054.0,167.0,1,2,0
389,165,1063.0,182.0,1077.0,182.0,1077.0,166.0,1063.0,166.0,1,2,0
389,166,700.0,242.0,786.0,217.0,775.0,180.0,690.0,205.0,1,0,0
389,167,430.0,212.0,473.0,131.0,436.0,111.0,393.0,192.0,1,0,0
389,168,701.0,184.0,783.0,144.0,766.0,111.0,685.0,151.0,1,0,0
389,170,166.0,163.0,178.0,163.0,178.0,150.0,166.0,150.0,1,2,0
389,171,410.0,150.0,461.0,77.0,426.0,53.0,375.0,126.0,1,0,0
389,172,675.0,131.0,764.0,102.0,751.0,64.0,663.0,93.0,1,0,0
389,174,842.0,147.0,842.0,137.0,830.0,137.0,830.0,147.0,1,2,0
389,175,379.0,97.0,439.0,32.0,409.0,5.0,349.0,70.0,1,0,0
389,176,667.0,80.0,752.0,44.0,737.0,7.0,652.0,43.0,1,0,0
389,177,1160.0,308.0,1174.0,308.0,1174.0,296.0,1160.0,296.0,1,2,0
389,178,351.0,54.0,384.0,38.0,374.0,16.0,340.0,32.0,1,7,0
389,179,973.0,19.0,988.0,19.0,988.0,1.0,973.0,1.0,1,2,0
390,105,727.0,397.0,805.0,385.0,799.0,352.0,721.0,364.0,1,0,0
390,106,708.0,569.0,745.0,557.0,718.0,477.0,682.0,489.0,1,0,0
390,117,552.0,32.0,574.0,27.0,566.0,-6.0,544.0,-1.0,1,7,0
390,118,478.0,646.0,490.0,640.0,483.0,626.0,471.0,632.0,1,2,0
390,123,645.0,872.0,696.0,801.0,664.0,778.0,612.0,849.0,1,0,0
390,125,625.0,815.0,684.0,748.0,652.0,721.0,594.0,788.0,1,0,0
390,126,828.0,711.0,866.0,705.0,864.0,690.0,825.0,696.0,1,1,0
390,130,615.0,751.0,667.0,679.0,635.0,656.0,583.0,728.0,1,0,0
390,141,837.0,686.0,858.0,663.0,848.0,653.0,827.0,676.0,1,1,0
390,142,592.0,695.0,645.0,644.0,623.0,621.0,570.0,672.0,1,3,0
390,143,823.0,664.0,848.0,653.0,841.0,638.0,816.0,649.0,1,7,0
390,144,1073.0,394.0,1087.0,394.0,1087.0,382.0,1073.0,382.0,1,2,0
390,145,575.0,639.0,619.0,563.0,585.0,543.0,540.0,619.0,1,0,0
390,146,1087.0,392.0,1100.0,392.0,1100.0,377.0,1087.0,377.0,1,2,0
390,147,751.0,660.0,765.0,658.0,758.0,621.0,744.0,623.0,1,1,0
390,148,753.0,647.0,763.0,647.0,763.0,633.0,753.0,633.0,1,2,0
390,150,554.0,584.0,598.0,511.0,564.0,491.0,520.0,564.0,1,0,0
390,151,765.0,530.0,803.0,526.0,800.0,505.0,762.0,509.0,1,7,0
390,152,1125.0,359.0,1140.0,359.0,1140.0,345.0,1125.0,345.0,1,2,0
390,153,541.0,757.0,555.0,757.0,555.0,740.0,541.0,740.0,1,2,0
390,154,755.0,491.0,812.0,421.0,782.0,397.0,725.0,467.0,1,0,0
390,155,514.0,472.0,571.0,404.0,540.0,378.0,483.0,446.0,1,0,0
390,156,1076.0,221.0,1090.0,221.0,1090.0,207.0,1076.0,207.0,1,2,0
390,157,486.0,413.0,550.0,352.0,523.0,325.0,460.0,386.0,1,0,0
390,161,473.0,359.0,526.0,286.0,493.0,262.0,440.0,335.0,1,0,0
390,163,704.0,303.0,789.0,278.0,779.0,243.0,693.0,268.0,1,0,0
390,164,1036.0,180.0,1050.0,180.0,1050.0,164.0,1036.0,164.0,1,2,0
390,165,1063.0,177.0,1063.0,163.0,1049.0,163.0,1049.0,177.0,1,2,0
390,166,687.0,245.0,774.0,220.0,763.0,182.0,676.0,207.0,1,0,0
390,167,417.0,213.0,459.0,132.0,423.0,113.0,380.0,194.0,1,0,0
390,168,689.0,188.0,769.0,148.0,753.0,115.0,672.0,155.0,1,0,0
390,170,143.0,167.0,156.0,167.0,156.0,153.0,143.0,153.0,1,2,0
390,171,396.0,151.0,448.0,78.0,415.0,55.0,364.0,128.0,1,0,0
390,172,664.0,132.0,752.0,104.0,740.0,66.0,652.0,94.0,1,0,0
390,174,817.0,147.0,829.0,147.0,829.0,136.0,817.0,136.0,1,2,0
390,175,367.0,98.0,427.0,33.0,397.0,6.0,337.0,71.0,1,0,0
390,176,656.0,81.0,740.0,47.0,725.0,11.0,641.0,45.0,1,0,0
390,177,1158.0,306.0,1158.0,292.0,1144.0,292.0,1144.0,306.0,1,2,0
390,178,337.0,55.0,371.0,40.0,361.0,19.0,327.0,34.0,1,7,0
390,179,958.0,12.0,973.0,11.0,973.0,-2.0,957.0,-1.0,1,2,0
391,105,734.0,417.0,815.0,405.0,810.0,372.0,729.0,384.0,1,0,0
391,106,708.0,561.0,745.0,548.0,718.0,468.0,680.0,481.0,1,0,0
391,118,482.0,658.0,493.0,658.0,493.0,648.0,482.0,648.0,1,2,0
391,123,655.0,893.0,704.0,822.0,671.0,799.0,621.0,870.0,1,0,0
391,125,634.0,835.0,692.0,769.0,660.0,742.0,602.0,808.0,1,0,0
391,126,836.0,731.0,875.0,725.0,872.0,710.0,833.0,716.0,1,1,0
391,130,625.0,771.0,675.0,699.0,642.0,677.0,592.0,749.0,1,0,0
391,141,846.0,708.0,867.0,681.0,855.0,672.0,834.0,699.0,1,1,0
391,142,602.0,715.0,654.0,663.0,632.0,640.0,580.0,692.0,1,3,0
391,144,1090.0,410.0,1090.0,397.0,1078.0,397.0,1078.0,410.0,1,2,0
391,145,582.0,658.0,627.0,583.0,594.0,563.0,549.0,638.0,1,0,0
391,146,1105.0,405.0,1105.0,391.0,1091.0,391.0,1091.0,405.0,1,2,0
391,147,753.0,656.0,768.0,652.0,758.0,615.0,742.0,619.0,1,1,0
391,148,757.0,644.0,768.0,639.0,761.0,624.0,751.0,629.0,1,2,0
391,150,562.0,604.0,605.0,531.0,572.0,511.0,529.0,584.0,1,0,0
391,151,773.0,551.0,810.0,546.0,807.0,525.0,771.0,530.0,1,7,0
391,152,1130.0,373.0,1147.0,373.0,1147.0,358.0,1130.0,358.0,1,2,0
391,153,554.0,784.0,564.0,784.0,564.0,769.0,554.0,769.0,1,2,0
391,154,760.0,510.0,812.0,452.0,785.0,428.0,733.0,486.0,1,0,0
391,155,520.0,492.0,579.0,425.0,548.0,399.0,490.0,466.0,1,0,0
391,156,1079.0,233.0,1095.0,233.0,1095.0,219.0,1079.0,219.0,1,2,0
391,157,494.0,435.0,557.0,373.0,530.0,345.0,467.0,407.0,1,0,0
391,161,481.0,379.0,533.0,308.0,500.0,284.0,448.0,355.0,1,0,0
391,163,712.0,323.0,796.0,298.0,785.0,263.0,701.0,288.0,1,0,0
391,164,1042.0,193.0,1057.0,193.0,1057.0,177.0,1042.0,177.0,1,2,0
391,165,1058.0,192.0,1071.0,192.0,1071.0,178.0,1058.0,178.0,1,2,0
391,166,696.0,266.0,781.0,241.0,770.0,203.0,684.0,228.0,1,0,0
391,167,425.0,233.0,468.0,152.0,431.0,133.0,389.0,214.0,1,0,0
391,168,696.0,209.0,779.0,167.0,762.0,133.0,679.0,175.0,1,0,0
391,170,143.0,189.0,155.0,189.0,155.0,176.0,143.0,176.0,1,2,0
391,171,405.0,172.0,456.0,98.0,422.0,75.0,371.0,149.0,1,0,0
391,172,672.0,154.0,761.0,124.0,748.0,86.0,660.0,116.0,1,0,0
391,175,374.0,119.0,435.0,54.0,405.0,26.0,344.0,91.0,1,0,0
391,176,664.0,102.0,748.0,67.0,732.0,31.0,648.0,66.0,1,0,0
391,177,1149.0,320.0,1164.0,320.0,1164.0,306.0,1149.0,306.0,1,2,0
391,178,345.0,76.0,378.0,61.0,367.0,39.0,335.0,54.0,1,7,0
391,179,960.0,19.0,975.0,19.0,975.0,4.0,960.0,4.0,1,2,0
391,180,652.0,51.0,728.0,4.0,708.0,-29.0,632.0,18.0,1,0,0
391,181,989.0,9.0,989.0,-1.0,977.0,-2.0,976.0,8.0,1,2,0
392,105,723.0,447.0,807.0,435.0,802.0,399.0,717.0,411.0,1,0,0
392,106,689.0,558.0,725.0,546.0,699.0,465.0,663.0,477.0,1,0,0
392,118,470.0,679.0,481.0,679.0,481.0,665.0,470.0,665.0,1,2,0
392,123,645.0,918.0,694.0,848.0,661.0,826.0,612.0,896.0,1,0,0
392,125,625.0,862.0,681.0,796.0,650.0,769.0,593.0,835.0,1,0,0
392,126,827.0,757.0,864.0,751.0,861.0,737.0,824.0,743.0,1,1,0
392,130,613.0,799.0,665.0,727.0,633.0,704.0,581.0,776.0,1,0,0
392,141,833.0,734.0,858.0,714.0,848.0,703.0,824.0,723.0,1,1,0
392,142,591.0,744.0,644.0,692.0,621.0,668.0,568.0,720.0,1,3,0
392,144,1067.0,429.0,1078.0,429.0,1078.0,418.0,1067.0,418.0,1,2,0
392,145,574.0,686.0,618.0,611.0,584.0,591.0,539.0,666.0,1,0,0
392,146,1080.0,424.0,1092.0,424.0,1092.0,412.0,1080.0,412.0,1,2,0
392,147,733.0,654.0,748.0,651.0,740.0,616.0,725.0,619.0,1,1,0
392,148,731.0,647.0,746.0,647.0,746.0,629.0,731.0,629.0,1,2,0
392,150,553.0,631.0,596.0,557.0,561.0,537.0,518.0,611.0,1,0,0
392,151,766.0,579.0,801.0,572.0,797.0,552.0,762.0,559.0,1,7,0
392,152,1119.0,396.0,1134.0,396.0,1134.0,384.0,1119.0,384.0,1,2,0
392,153,544.0,820.0,557.0,820.0,557.0,802.0,544.0,802.0,1,2,0
392,154,749.0,538.0,800.0,480.0,773.0,457.0,723.0,515.0,1,0,0
392,155,511.0,519.0,569.0,450.0,539.0,424.0,480.0,493.0,1,0,0
392,156,1064.0,253.0,1079.0,253.0,1079.0,240.0,1064.0,240.0,1,2,0
392,157,485.0,460.0,546.0,399.0,519.0,372.0,458.0,433.0,1,0,0
392,161,472.0,406.0,525.0,334.0,491.0,309.0,438.0,381.0,1,0,0
392,163,702.0,351.0,786.0,326.0,775.0,291.0,691.0,316.0,1,0,0
392,164,1030.0,215.0,1042.0,215.0,1042.0,201.0,1030.0,201.0,1,2,0
392,165,1045.0,214.0,1057.0,214.0,1057.0,200.0,1045.0,200.0,1,2,0
392,166,684.0,292.0,771.0,267.0,760.0,230.0,674.0,255.0,1,0,0
392,167,414.0,262.0,458.0,180.0,421.0,160.0,378.0,242.0,1,0,0
392,168,687.0,235.0,767.0,195.0,750.0,162.0,670.0,202.0,1,0,0
392,170,123.0,218.0,138.0,218.0,138.0,205.0,123.0,205.0,1,2,0
392,171,395.0,199.0,446.0,127.0,413.0,103.0,361.0,175.0,1,0,0
392,172,662.0,180.0,750.0,152.0,738.0,114.0,649.0,142.0,1,0,0
392,175,362.0,145.0,425.0,81.0,397.0,54.0,335.0,118.0,1,0,0
392,176,653.0,129.0,736.0,94.0,721.0,58.0,638.0,93.0,1,0,0
392,177,1135.0,339.0,1149.0,339.0,1149.0,326.0,1135.0,326.0,1,2,0
392,178,336.0,104.0,368.0,88.0,358.0,67.0,325.0,83.0,1,7,0
392,179,945.0,41.0,960.0,41.0,960.0,25.0,945.0,25.0,1,2,0
392,180,642.0,79.0,720.0,32.0,699.0,-2.0,621.0,45.0,1,0,0
392,181,963.0,31.0,977.0,25.0,969.0,6.0,955.0,12.0,1,2,0
392,182,352.0,72.0,411.0,3.0,378.0,-25.0,319.0,44.0,1,0,0
392,183,17.0,12.0,33.0,12.0,33.0,-2.0,17.0,-2.0,1,2,0
393,105,741.0,439.0,823.0,426.0,817.0,392.0,735.0,405.0,1,0,0
393,106,696.0,523.0,733.0,512.0,708.0,430.0,671.0,441.0,1,0,0
393,123,660.0,913.0,710.0,841.0,677.0,819.0,627.0,891.0,1,0,0
393,125,640.0,854.0,698.0,788.0,666.0,761.0,608.0,827.0,1,0,0
393,126,843.0,751.0,880.0,744.0,877.0,730.0,840.0,737.0,1,1,0
393,130,629.0,792.0,681.0,720.0,648.0,697.0,597.0,769.0,1,0,0
393,141,847.0,725.0,875.0,709.0,868.0,697.0,840.0,713.0,1,1,0
393,142,608.0,737.0,664.0,682.0,639.0,657.0,583.0,712.0,1,3,0
393,144,1094.0,416.0,1094.0,405.0,1081.0,405.0,1081.0,416.0,1,2,0
393,145,588.0,679.0,633.0,603.0,601.0,583.0,555.0,659.0,1,0,0
393,146,1094.0,411.0,1109.0,411.0,1109.0,398.0,1094.0,398.0,1,2,0
393,147,743.0,621.0,758.0,617.0,749.0,582.0,734.0,586.0,1,1,0
393,148,742.0,615.0,757.0,610.0,752.0,596.0,737.0,601.0,1,2,0
393,150,569.0,624.0,613.0,551.0,579.0,531.0,535.0,604.0,1,0,0
393,151,780.0,573.0,816.0,567.0,812.0,547.0,776.0,553.0,1,7,0
393,152,1137.0,387.0,1151.0,387.0,1151.0,373.0,1137.0,373.0,1,2,0
393,153,562.0,821.0,574.0,821.0,574.0,804.0,562.0,804.0,1,2,0
393,154,766.0,532.0,817.0,475.0,790.0,451.0,739.0,508.0,1,0,0
393,155,528.0,512.0,586.0,445.0,555.0,419.0,498.0,486.0,1,0,0
393,156,1080.0,244.0,1095.0,243.0,1094.0,225.0,1079.0,226.0,1,2,0
393,157,502.0,453.0,563.0,392.0,537.0,365.0,476.0,426.0,1,0,0
393,161,488.0,399.0,541.0,326.0,508.0,302.0,454.0,375.0,1,0,0
393,163,718.0,343.0,802.0,319.0,791.0,283.0,707.0,307.0,1,0,0
393,164,1060.0,203.0,1060.0,188.0,1045.0,187.0,1045.0,202.0,1,2,0
393,165,1059.0,203.0,1074.0,203.0,1074.0,187.0,1059.0,187.0,1,2,0
393,166,703.0,286.0,790.0,261.0,779.0,223.0,691.0,248.0,1,0,0
393,167,433.0,253.0,475.0,172.0,438.0,153.0,396.0,234.0,1,0,0
393,168,704.0,227.0,783.0,188.0,767.0,155.0,688.0,194.0,1,0,0
393,170,133.0,212.0,148.0,212.0,148.0,198.0,133.0,198.0,1,2,0
393,171,412.0,191.0,463.0,118.0,429.0,95.0,378.0,168.0,1,0,0
393,172,677.0,174.0,766.0,145.0,754.0,107.0,665.0,136.0,1,0,0
393,175,381.0,139.0,442.0,74.0,412.0,46.0,351.0,111.0,1,0,0
393,176,671.0,122.0,755.0,87.0,740.0,51.0,656.0,86.0,1,0,0
393,177,1153.0,326.0,1167.0,326.0,1167.0,312.0,1153.0,312.0,1,2,0
393,178,353.0,95.0,386.0,79.0,375.0,59.0,343.0,75.0,1,7,0
393,179,960.0,26.0,976.0,26.0,976.0,8.0,960.0,8.0,1,2,0
393,180,660.0,71.0,737.0,24.0,717.0,-9.0,639.0,38.0,1,0,0
393,181,989.0,8.0,989.0,-3.0,976.0,-3.0,976.0,8.0,1,2,0
393,182,368.0,66.0,430.0,-6.0,399.0,-33.0,337.0,39.0,1,0,0
393,183,42.0,15.0,53.0,7.0,42.0,-8.0,31.0,0.0,1,2,0
394,105,744.0,461.0,828.0,447.0,823.0,412.0,738.0,426.0,1,0,0
394,106,689.0,513.0,726.0,503.0,703.0,421.0,666.0,431.0,1,0,0
394,118,495.0,680.0,496.0,669.0,486.0,668.0,485.0,679.0,1,2,0
394,123,669.0,930.0,717.0,864.0,682.0,839.0,634.0,905.0,1,0,0
394,125,642.0,877.0,701.0,812.0,669.0,784.0,611.0,849.0,1,0,0
394,126,847.0,773.0,886.0,765.0,883.0,750.0,844.0,758.0,1,1,0
394,130,633.0,812.0,684.0,742.0,653.0,719.0,601.0,789.0,1,0,0
394,141,851.0,747.0,882.0,731.0,875.0,717.0,844.0,733.0,1,1,0
394,142,611.0,758.0,664.0,705.0,640.0,682.0,587.0,735.0,1,3,0
394,144,1083.0,432.0,1094.0,432.0,1094.0,421.0,1083.0,421.0,1,2,0
394,145,592.0,700.0,637.0,625.0,603.0,605.0,558.0,680.0,1,0,0
394,146,1096.0,426.0,1109.0,426.0,1109.0,414.0,1096.0,414.0,1,2,0
394,147,736.0,616.0,753.0,611.0,742.0,576.0,725.0,581.0,1,1,0
394,148,735.0,608.0,750.0,603.0,745.0,588.0,730.0,593.0,1,2,0
394,150,572.0,646.0,616.0,573.0,581.0,552.0,537.0,625.0,1,0,0
394,151,782.0,594.0,820.0,587.0,817.0,566.0,778.0,573.0,1,7,0
394,152,1139.0,403.0,1154.0,403.0,1154.0,389.0,1139.0,389.0,1,2,0
394,153,567.0,850.0,579.0,850.0,579.0,831.0,567.0,831.0,1,2,0
394,154,769.0,553.0,820.0,497.0,794.0,473.0,743.0,529.0,1,0,0
394,155,530.0,534.0,589.0,466.0,558.0,440.0,499.0,508.0,1,0,0
394,156,1078.0,254.0,1093.0,254.0,1093.0,240.0,1078.0,240.0,1,2,0
394,157,505.0,475.0,567.0,413.0,540.0,386.0,478.0,448.0,1,0,0
394,161,491.0,421.0,544.0,349.0,511.0,324.0,458.0,396.0,1,0,0
394,163,721.0,364.0,802.0,340.0,791.0,306.0,710.0,330.0,1,0,0
394,164,1047.0,216.0,1061.0,216.0,1061.0,203.0,1047.0,203.0,1,2,0
394,165,1062.0,215.0,1075.0,215.0,1075.0,202.0,1062.0,202.0,1,2,0
394,166,705.0,307.0,792.0,282.0,781.0,245.0,695.0,270.0,1,0,0
394,167,434.0,276.0,477.0,194.0,441.0,174.0,398.0,256.0,1,0,0
394,168,707.0,249.0,787.0,209.0,770.0,175.0,690.0,215.0,1,0,0
394,170,126.0,235.0,138.0,235.0,138.0,223.0,126.0,223.0,1,2,0
394,171,414.0,213.0,465.0,141.0,431.0,118.0,380.0,190.0,1,0,0
394,172,681.0,195.0,770.0,165.0,757.0,128.0,669.0,158.0,1,0,0
394,175,382.0,160.0,444.0,96.0,415.0,69.0,354.0,133.0,1,0,0
394,176,673.0,143.0,757.0,108.0,741.0,72.0,658.0,107.0,1,0,0
394,177,1154.0,341.0,1168.0,341.0,1168.0,329.0,1154.0,329.0,1,2,0
394,178,355.0,116.0,387.0,102.0,378.0,81.0,346.0,95.0,1,7,0
394,179,959.0,33.0,973.0,33.0,973.0,20.0,959.0,20.0,1,2,0
394,180,660.0,92.0,739.0,45.0,719.0,12.0,641.0,59.0,1,0,0
394,181,984.0,20.0,984.0,5.0,971.0,5.0,971.0,20.0,1,2,0
394,182,369.0,86.0,430.0,19.0,399.0,-9.0,338.0,58.0,1,0,0
394,183,51.0,40.0,51.0,26.0,36.0,25.0,36.0,39.0,1,2,0
395,105,749.0,468.0,832.0,453.0,825.0,418.0,743.0,433.0,1,0,0
395,106,685.0,489.0,724.0,478.0,700.0,397.0,662.0,408.0,1,0,0
395,118,487.0,680.0,498.0,680.0,498.0,666.0,487.0,666.0,1,2,0
395,123,671.0,941.0,721.0,868.0,686.0,845.0,637.0,918.0,1,0,0
395,125,650.0,885.0,709.0,817.0,675.0,788.0,616.0,856.0,1,0,0
395,126,849.0,780.0,888.0,773.0,886.0,758.0,847.0,765.0,1,1,0
395,130,638.0,820.0,689.0,749.0,656.0,725.0,605.0,796.0,1,0,0
395,141,854.0,753.0,881.0,742.0,877.0,731.0,850.0,742.0,1,1,0
395,142,615.0,764.0,670.0,709.0,648.0,686.0,593.0,741.0,1,3,0
395,144,1087.0,431.0,1098.0,431.0,1098.0,420.0,1087.0,420.0,1,2,0
395,145,597.0,708.0,642.0,632.0,607.0,612.0,562.0,688.0,1,0,0
395,146,1099.0,426.0,1110.0,426.0,1110.0,415.0,1099.0,415.0,1,2,0
395,147,732.0,596.0,748.0,590.0,736.0,556.0,719.0,562.0,1,1,0
395,148,733.0,591.0,747.0,584.0,737.0,565.0,724.0,572.0,1,2,0
395,150,577.0,653.0,622.0,578.0,587.0,557.0,542.0,632.0,1,0,0
395,151,788.0,602.0,827.0,592.0,821.0,572.0,783.0,582.0,1,7,0
395,152,1140.0,405.0,1157.0,405.0,1157.0,390.0,1140.0,390.0,1,2,0
395,153,583.0,866.0,587.0,849.0,577.0,846.0,573.0,863.0,1,2,0
395,154,774.0,560.0,828.0,504.0,801.0,478.0,747.0,534.0,1,0,0
395,155,535.0,541.0,595.0,471.0,565.0,445.0,505.0,515.0,1,0,0
395,156,1079.0,253.0,1095.0,252.0,1094.0,239.0,1078.0,240.0,1,2,0
395,157,509.0,482.0,572.0,420.0,544.0,392.0,481.0,454.0,1,0,0
395,161,496.0,427.0,549.0,355.0,515.0,330.0,462.0,402.0,1,0,0
395,163,724.0,371.0,807.0,348.0,798.0,313.0,714.0,336.0,1,0,0
395,164,1049.0,220.0,1064.0,220.0,1064.0,203.0,1049.0,203.0,1,2,0
395,165,1078.0,216.0,1078.0,202.0,1064.0,202.0,1064.0,216.0,1,2,0
395,166,710.0,314.0,796.0,289.0,785.0,251.0,698.0,276.0,1,0,0
395,167,439.0,282.0,483.0,200.0,446.0,180.0,403.0,262.0,1,0,0
395,168,711.0,255.0,791.0,216.0,775.0,183.0,695.0,222.0,1,0,0
395,170,122.0,244.0,136.0,244.0,136.0,232.0,122.0,232.0,1,2,0
395,171,418.0,219.0,472.0,144.0,439.0,121.0,385.0,196.0,1,0,0
395,172,686.0,201.0,774.0,171.0,762.0,134.0,674.0,164.0,1,0,0
395,175,387.0,167.0,451.0,100.0,422.0,73.0,358.0,140.0,1,0,0
395,176,678.0,149.0,761.0,115.0,747.0,80.0,663.0,114.0,1,0,0
395,177,1168.0,341.0,1170.0,325.0,1155.0,324.0,1153.0,340.0,1,2,0
395,178,360.0,123.0,393.0,109.0,384.0,88.0,351.0,102.0,1,7,0
395,179,961.0,33.0,974.0,33.0,974.0,17.0,961.0,17.0,1,2,0
395,180,667.0,98.0,742.0,51.0,722.0,20.0,647.0,67.0,1,0,0
395,181,977.0,20.0,987.0,13.0,977.0,-2.0,966.0,5.0,1,2,0
395,182,375.0,92.0,435.0,24.0,405.0,-3.0,345.0,65.0,1,0,0
395,183,55.0,55.0,56.0,39.0,39.0,38.0,38.0,54.0,1,2,0
395,184,334.0,47.0,395.0,-12.0,366.0,-41.0,305.0,18.0,1,0,0
396,105,757.0,481.0,836.0,469.0,830.0,431.0,751.0,443.0,1,0,0
396,106,684.0,466.0,722.0,456.0,701.0,375.0,663.0,385.0,1,0,0
396,118,490.0,685.0,502.0,685.0,502.0,671.0,490.0,671.0,1,2,0
396,125,654.0,894.0,712.0,828.0,681.0,801.0,623.0,867.0,1,0,0
396,126,858.0,790.0,895.0,784.0,892.0,770.0,855.0,776.0,1,1,0
396,130,644.0,830.0,696.0,759.0,664.0,736.0,612.0,807.0,1,0,0
396,141,862.0,765.0,888.0,750.0,882.0,738.0,855.0,753.0,1,1,0
396,142,622.0,776.0,675.0,724.0,652.0,700.0,599.0,752.0,1,3,0
396,144,1091.0,438.0,1101.0,438.0,1101.0,427.0,1091.0,427.0,1,2,0
396,145,603.0,717.0,649.0,643.0,616.0,623.0,571.0,697.0,1,0,0
396,146,1102.0,434.0,1113.0,434.0,1113.0,422.0,1102.0,422.0,1,2,0
396,147,725.0,578.0,741.0,572.0,728.0,539.0,712.0,545.0,1,1,0
396,148,723.0,575.0,738.0,569.0,731.0,550.0,716.0,556.0,1,2,0
396,150,584.0,663.0,627.0,590.0,593.0,570.0,549.0,643.0,1,0,0
396,151,797.0,613.0,831.0,604.0,826.0,585.0,791.0,594.0,1,7,0
396,152,1147.0,411.0,1162.0,411.0,1162.0,399.0,1147.0,399.0,1,2,0
396,153,581.0,883.0,593.0,883.0,593.0,867.0,581.0,867.0,1,2,0
396,154,780.0,569.0,834.0,515.0,809.0,490.0,755.0,544.0,1,0,0
396,155,542.0,551.0,601.0,484.0,571.0,458.0,512.0,525.0,1,0,0
396,156,1086.0,260.0,1100.0,260.0,1100.0,244.0,1086.0,244.0,1,2,0
396,157,516.0,491.0,578.0,430.0,552.0,403.0,490.0,464.0,1,0,0
396,161,502.0,439.0,556.0,366.0,522.0,341.0,468.0,414.0,1,0,0
396,163,734.0,381.0,817.0,358.0,807.0,324.0,724.0,347.0,1,0,0
396,164,1054.0,222.0,1067.0,221.0,1066.0,208.0,1053.0,209.0,1,2,0
396,165,1066.0,222.0,1083.0,221.0,1083.0,205.0,1066.0,206.0,1,2,0
396,166,718.0,325.0,804.0,300.0,793.0,262.0,706.0,287.0,1,0,0
396,167,446.0,292.0,490.0,211.0,454.0,192.0,410.0,273.0,1,0,0
396,168,719.0,267.0,799.0,226.0,783.0,193.0,703.0,234.0,1,0,0
396,170,121.0,256.0,136.0,256.0,136.0,243.0,121.0,243.0,1,2,0
396,171,426.0,230.0,477.0,157.0,445.0,134.0,394.0,207.0,1,0,0
396,172,692.0,212.0,781.0,183.0,769.0,146.0,680.0,175.0,1,0,0
396,175,395.0,177.0,457.0,113.0,428.0,86.0,366.0,150.0,1,0,0
396,176,686.0,160.0,770.0,126.0,755.0,90.0,671.0,124.0,1,0,0
396,177,1163.0,344.0,1176.0,344.0,1176.0,333.0,1163.0,333.0,1,2,0
396,178,367.0,134.0,401.0,119.0,391.0,98.0,357.0,113.0,1,7,0
396,179,966.0,35.0,980.0,34.0,979.0,17.0,965.0,18.0,1,2,0
396,180,673.0,109.0,750.0,63.0,731.0,30.0,654.0,76.0,1,0,0
396,181,976.0,17.0,988.0,16.0,987.0,1.0,975.0,2.0,1,2,0
396,182,382.0,103.0,443.0,36.0,412.0,8.0,351.0,75.0,1,0,0
396,183,61.0,67.0,61.0,56.0,46.0,55.0,46.0,66.0,1,2,0
396,184,341.0,56.0,398.0,0.0,371.0,-28.0,313.0,28.0,1,0,0
396,185,1012.0,9.0,1025.0,9.0,1025.0,-5.0,1012.0,-5.0,1,2,0
397,105,749.0,494.0,843.0,481.0,837.0,444.0,743.0,457.0,1,0,0
397,106,670.0,449.0,707.0,439.0,684.0,358.0,648.0,368.0,1,0,0
397,118,481.0,694.0,493.0,694.0,493.0,682.0,481.0,682.0,1,2,0
397,125,648.0,908.0,707.0,841.0,675.0,813.0,616.0,880.0,1,0,0
397,126,851.0,805.0,890.0,797.0,887.0,782.0,848.0,790.0,1,1,0
397,130,639.0,844.0,693.0,770.0,661.0,747.0,607.0,821.0,1,0,0
397,141,853.0,777.0,881.0,766.0,878.0,756.0,850.0,767.0,1,1,0
397,142,617.0,790.0,672.0,735.0,648.0,711.0,593.0,766.0,1,3,0
397,144,1081.0,443.0,1092.0,443.0,1092.0,430.0,1081.0,430.0,1,2,0
397,145,596.0,731.0,642.0,655.0,610.0,636.0,564.0,712.0,1,0,0
397,146,1093.0,441.0,1104.0,441.0,1104.0,429.0,1093.0,429.0,1,2,0
397,147,705.0,562.0,721.0,557.0,709.0,523.0,693.0,528.0,1,1,0
397,148,705.0,555.0,720.0,548.0,713.0,533.0,698.0,540.0,1,2,0
397,150,580.0,678.0,625.0,603.0,588.0,581.0,543.0,656.0,1,0,0
397,151,790.0,628.0,826.0,619.0,820.0,598.0,784.0,607.0,1,7,0
397,152,1153.0,422.0,1154.0,406.0,1138.0,405.0,1137.0,421.0,1,2,0
397,153,575.0,898.0,587.0,898.0,587.0,885.0,575.0,885.0,1,2,0
397,154,771.0,582.0,840.0,526.0,816.0,497.0,747.0,554.0,1,0,0
397,155,539.0,565.0,597.0,496.0,565.0,469.0,507.0,538.0,1,0,0
397,156,1076.0,264.0,1091.0,264.0,1091.0,251.0,1076.0,251.0,1,2,0
397,157,510.0,506.0,573.0,443.0,546.0,416.0,483.0,479.0,1,0,0
397,161,496.0,452.0,550.0,377.0,517.0,353.0,462.0,428.0,1,0,0
397,163,727.0,396.0,809.0,373.0,799.0,338.0,717.0,361.0,1,0,0
397,164,1046.0,229.0,1060.0,229.0,1060.0,216.0,1046.0,216.0,1,2,0
397,165,1059.0,228.0,1074.0,228.0,1074.0,215.0,1059.0,215.0,1,2,0
397,166,710.0,338.0,797.0,313.0,786.0,276.0,700.0,301.0,1,0,0
397,167,440.0,305.0,484.0,224.0,446.0,204.0,403.0,285.0,1,0,0
397,168,712.0,279.0,793.0,240.0,777.0,207.0,696.0,246.0,1,0,0
397,170,117.0,272.0,117.0,260.0,105.0,260.0,105.0,272.0,1,2,0
397,171,419.0,244.0,474.0,171.0,441.0,146.0,386.0,219.0,1,0,0
397,172,686.0,226.0,775.0,197.0,762.0,159.0,673.0,188.0,1,0,0
397,175,388.0,191.0,452.0,126.0,424.0,98.0,360.0,163.0,1,0,0
397,176,679.0,174.0,763.0,140.0,749.0,104.0,665.0,138.0,1,0,0
397,177,1155.0,352.0,1169.0,352.0,1169.0,338.0,1155.0,338.0,1,2,0
397,178,361.0,148.0,394.0,133.0,385.0,112.0,351.0,127.0,1,7,0
397,179,955.0,36.0,969.0,36.0,969.0,24.0,955.0,24.0,1,2,0
397,180,667.0,124.0,745.0,77.0,724.0,43.0,647.0,90.0,1,0,0
397,181,976.0,21.0,978.0,6.0,965.0,5.0,963.0,20.0,1,2,0
397,182,376.0,117.0,437.0,47.0,405.0,20.0,345.0,90.0,1,0,0
397,183,37.0,92.0,53.0,92.0,53.0,74.0,37.0,74.0,1,2,0
397,184,335.0,70.0,399.0,8.0,371.0,-21.0,307.0,41.0,1,0,0
397,185,997.0,14.0,1015.0,9.0,1012.0,-2.0,994.0,3.0,1,2,0
398,105,753.0,493.0,831.0,480.0,825.0,444.0,747.0,457.0,1,0,0
398,106,664.0,415.0,702.0,404.0,679.0,323.0,641.0,334.0,1,0,0
398,118,485.0,689.0,495.0,689.0,495.0,674.0,485.0,674.0,1,2,0
398,125,654.0,907.0,711.0,842.0,679.0,814.0,622.0,879.0,1,0,0
398,126,856.0,803.0,892.0,796.0,890.0,781.0,853.0,788.0,1,1,0
398,130,643.0,844.0,695.0,773.0,662.0,750.0,611.0,821.0,1,0,0
398,141,863.0,778.0,885.0,762.0,878.0,752.0,855.0,768.0,1,1,0
398,142,621.0,789.0,672.0,737.0,649.0,714.0,597.0,766.0,1,3,0
398,144,1082.0,437.0,1094.0,437.0,1094.0,425.0,1082.0,425.0,1,2,0
398,145,602.0,732.0,647.0,657.0,613.0,637.0,568.0,712.0,1,0,0
398,146,1092.0,434.0,1103.0,433.0,1101.0,421.0,1091.0,422.0,1,2,0
398,147,695.0,531.0,710.0,526.0,698.0,491.0,683.0,496.0,1,1,0
398,148,696.0,522.0,708.0,517.0,702.0,502.0,690.0,507.0,1,2,0
398,150,582.0,678.0,625.0,605.0,590.0,585.0,548.0,658.0,1,0,0
398,151,796.0,627.0,836.0,613.0,828.0,593.0,789.0,607.0,1,7,0
398,152,1140.0,415.0,1155.0,415.0,1155.0,401.0,1140.0,401.0,1,2,0
398,154,779.0,583.0,827.0,526.0,801.0,504.0,753.0,561.0,1,0,0
398,155,540.0,565.0,598.0,497.0,567.0,471.0,509.0,539.0,1,0,0
398,156,1076.0,254.0,1090.0,254.0,1090.0,241.0,1076.0,241.0,1,2,0
398,157,513.0,508.0,575.0,446.0,548.0,418.0,486.0,480.0,1,0,0
398,161,499.0,452.0,552.0,380.0,518.0,356.0,466.0,428.0,1,0,0
398,163,731.0,396.0,810.0,372.0,799.0,338.0,720.0,362.0,1,0,0
398,164,1047.0,222.0,1061.0,222.0,1061.0,206.0,1047.0,206.0,1,2,0
398,165,1061.0,222.0,1073.0,222.0,1073.0,208.0,1061.0,208.0,1,2,0
398,166,713.0,339.0,799.0,313.0,787.0,276.0,701.0,302.0,1,0,0
398,167,443.0,307.0,486.0,226.0,448.0,206.0,405.0,287.0,1,0,0
398,168,714.0,279.0,795.0,239.0,779.0,206.0,698.0,246.0,1,0,0
398,170,98.0,278.0,112.0,278.0,112.0,266.0,98.0,266.0,1,2,0
398,171,422.0,245.0,472.0,172.0,439.0,149.0,388.0,222.0,1,0,0
398,172,689.0,225.0,777.0,196.0,764.0,159.0,676.0,188.0,1,0,0
398,175,390.0,192.0,452.0,127.0,423.0,100.0,362.0,165.0,1,0,0
398,176,681.0,174.0,765.0,139.0,749.0,103.0,666.0,138.0,1,0,0
398,177,1154.0,344.0,1170.0,344.0,1170.0,331.0,1154.0,331.0,1,2,0
398,178,360.0,148.0,395.0,136.0,387.0,115.0,353.0,127.0,1,7,0
398,179,952.0,32.0,965.0,30.0,963.0,13.0,950.0,15.0,1,2,0
398,180,668.0,123.0,743.0,77.0,723.0,44.0,648.0,90.0,1,0,0
398,181,973.0,12.0,974.0,0.0,961.0,-1.0,960.0,11.0,1,2,0
398,182,378.0,118.0,437.0,50.0,406.0,23.0,346.0,91.0,1,0,0
398,183,51.0,96.0,51.0,85.0,36.0,84.0,36.0,95.0,1,2,0
398,184,336.0,70.0,399.0,8.0,371.0,-20.0,308.0,42.0,1,0,0
398,185,1013.0,7.0,1013.0,-4.0,1000.0,-4.0,1000.0,7.0,1,2,0
399,105,757.0,508.0,838.0,498.0,833.0,463.0,753.0,473.0,1,0,0
399,106,662.0,397.0,699.0,387.0,676.0,306.0,640.0,316.0,1,0,0
399,118,485.0,699.0,495.0,698.0,493.0,681.0,483.0,682.0,1,2,0
399,125,654.0,922.0,712.0,857.0,680.0,829.0,622.0,894.0,1,0,0
399,126,855.0,822.0,893.0,815.0,891.0,800.0,852.0,807.0,1,1,0
399,130,643.0,859.0,696.0,788.0,664.0,765.0,611.0,836.0,1,0,0
399,141,861.0,794.0,887.0,768.0,877.0,757.0,851.0,783.0,1,1,0
399,142,621.0,804.0,678.0,749.0,657.0,727.0,600.0,782.0,1,3,0
399,144,1090.0,447.0,1101.0,447.0,1101.0,433.0,1090.0,433.0,1,2,0
399,145,605.0,746.0,650.0,671.0,616.0,651.0,571.0,726.0,1,0,0
399,146,1094.0,450.0,1106.0,450.0,1106.0,436.0,1094.0,436.0,1,2,0
399,147,684.0,513.0,699.0,507.0,686.0,473.0,670.0,479.0,1,1,0
399,148,675.0,500.0,692.0,500.0,692.0,485.0,675.0,485.0,1,2,0
399,150,584.0,691.0,628.0,619.0,594.0,599.0,551.0,671.0,1,0,0
399,151,798.0,647.0,835.0,633.0,826.0,612.0,790.0,626.0,1,7,0
399,152,1158.0,434.0,1158.0,417.0,1141.0,417.0,1141.0,434.0,1,2,0
399,154,785.0,599.0,829.0,545.0,802.0,523.0,758.0,577.0,1,0,0
399,155,544.0,580.0,603.0,512.0,572.0,486.0,513.0,554.0,1,0,0
399,156,1082.0,270.0,1097.0,270.0,1097.0,255.0,1082.0,255.0,1,2,0
399,157,519.0,520.0,581.0,459.0,553.0,431.0,492.0,493.0,1,0,0
399,161,505.0,465.0,558.0,394.0,526.0,370.0,472.0,441.0,1,0,0
399,163,736.0,412.0,816.0,391.0,807.0,356.0,726.0,377.0,1,0,0
399,164,1053.0,236.0,1066.0,236.0,1066.0,222.0,1053.0,222.0,1,2,0
399,165,1065.0,234.0,1079.0,233.0,1078.0,220.0,1065.0,221.0,1,2,0
399,166,719.0,354.0,805.0,330.0,795.0,293.0,709.0,317.0,1,0,0
399,167,450.0,320.0,494.0,239.0,457.0,219.0,413.0,300.0,1,0,0
399,168,723.0,295.0,803.0,256.0,786.0,223.0,706.0,262.0,1,0,0
399,170,98.0,288.0,114.0,288.0,114.0,275.0,98.0,275.0,1,2,0
399,171,429.0,257.0,482.0,185.0,449.0,161.0,396.0,233.0,1,0,0
399,172,696.0,242.0,787.0,213.0,775.0,176.0,685.0,205.0,1,0,0
399,175,398.0,205.0,460.0,140.0,432.0,112.0,370.0,177.0,1,0,0
399,176,689.0,190.0,774.0,156.0,759.0,119.0,675.0,153.0,1,0,0
399,177,1160.0,360.0,1173.0,360.0,1173.0,346.0,1160.0,346.0,1,2,0
399,178,370.0,160.0,403.0,148.0,395.0,126.0,362.0,138.0,1,7,0
399,179,960.0,40.0,975.0,39.0,974.0,22.0,959.0,23.0,1,2,0
399,180,677.0,138.0,754.0,93.0,734.0,60.0,658.0,105.0,1,0,0
399,181,969.0,19.0,981.0,19.0,981.0,4.0,969.0,4.0,1,2,0
399,182,385.0,130.0,447.0,62.0,417.0,35.0,355.0,103.0,1,0,0
399,183,60.0,112.0,60.0,98.0,44.0,98.0,44.0,112.0,1,2,0
399,184,347.0,81.0,411.0,22.0,383.0,-7.0,319.0,52.0,1,0,0
399,185,1007.0,21.0,1021.0,20.0,1020.0,2.0,1006.0,3.0,1,2,0
399,186,656.0,50.0,741.0,3.0,721.0,-33.0,636.0,14.0,1,0,0
400,105,759.0,519.0,841.0,508.0,837.0,473.0,754.0,484.0,1,0,0
400,106,654.0,374.0,692.0,364.0,671.0,284.0,633.0,294.0,1,0,0
400,118,493.0,700.0,494.0,689.0,484.0,688.0,483.0,699.0,1,2,0
400,125,661.0,926.0,714.0,869.0,683.0,841.0,630.0,898.0,1,0,0
400,126,857.0,832.0,897.0,826.0,895.0,811.0,855.0,817.0,1,1,0
400,130,646.0,870.0,698.0,800.0,666.0,776.0,614.0,846.0,1,0,0
400,141,860.0,806.0,899.0,789.0,890.0,769.0,851.0,786.0,1,1,0
400,142,625.0,816.0,678.0,765.0,655.0,741.0,601.0,792.0,1,3,0
400,144,1085.0,455.0,1097.0,455.0,1097.0,443.0,1085.0,443.0,1,2,0
400,145,606.0,758.0,651.0,683.0,618.0,663.0,573.0,738.0,1,0,0
400,146,1097.0,452.0,1107.0,452.0,1107.0,440.0,1097.0,440.0,1,2,0
400,147,669.0,489.0,686.0,483.0,673.0,450.0,656.0,456.0,1,1,0
400,148,664.0,476.0,679.0,476.0,679.0,461.0,664.0,461.0,1,2,0
400,150,588.0,703.0,631.0,630.0,595.0,609.0,552.0,682.0,1,0,0
400,151,799.0,658.0,840.0,644.0,832.0,622.0,791.0,636.0,1,7,0
400,152,1144.0,438.0,1158.0,438.0,1158.0,426.0,1144.0,426.0,1,2,0
400,154,786.0,611.0,833.0,556.0,807.0,534.0,760.0,589.0,1,0,0
400,155,547.0,591.0,605.0,524.0,574.0,497.0,516.0,564.0,1,0,0
400,156,1081.0,272.0,1096.0,272.0,1096.0,258.0,1081.0,258.0,1,2,0
400,157,520.0,533.0,584.0,471.0,556.0,443.0,493.0,505.0,1,0,0
400,161,507.0,477.0,560.0,406.0,527.0,382.0,475.0,453.0,1,0,0
400,163,736.0,423.0,817.0,403.0,808.0,367.0,727.0,387.0,1,0,0
400,164,1051.0,241.0,1064.0,241.0,1064.0,226.0,1051.0,226.0,1,2,0
400,165,1064.0,240.0,1080.0,240.0,1080.0,225.0,1064.0,225.0,1,2,0
400,166,723.0,366.0,809.0,342.0,798.0,303.0,712.0,327.0,1,0,0
400,167,452.0,331.0,495.0,250.0,459.0,231.0,416.0,312.0,1,0,0
400,168,724.0,308.0,805.0,268.0,788.0,234.0,707.0,274.0,1,0,0
400,170,89.0,303.0,104.0,303.0,104.0,291.0,89.0,291.0,1,2,0
400,171,431.0,269.0,484.0,197.0,450.0,173.0,398.0,245.0,1,0,0
400,172,700.0,252.0,789.0,223.0,777.0,186.0,688.0,215.0,1,0,0
400,175,402.0,216.0,463.0,152.0,434.0,124.0,373.0,188.0,1,0,0
400,176,691.0,202.0,776.0,168.0,761.0,131.0,676.0,165.0,1,0,0
400,177,1160.0,362.0,1174.0,362.0,1174.0,351.0,1160.0,351.0,1,2,0
400,178,373.0,172.0,406.0,159.0,397.0,138.0,364.0,151.0,1,7,0
400,179,958.0,40.0,972.0,40.0,972.0,25.0,958.0,25.0,1,2,0
400,180,680.0,149.0,754.0,104.0,735.0,72.0,661.0,117.0,1,0,0
400,181,979.0,23.0,984.0,6.0,970.0,2.0,965.0,19.0,1,2,0
400,182,387.0,141.0,448.0,74.0,418.0,46.0,357.0,113.0,1,0,0
400,183,44.0,132.0,58.0,132.0,58.0,119.0,44.0,119.0,1,2,0
400,184,348.0,94.0,411.0,34.0,384.0,5.0,320.0,65.0,1,0,0
400,185,1005.0,25.0,1024.0,19.0,1020.0,4.0,1001.0,10.0,1,2,0
400,186,657.0,61.0,742.0,17.0,722.0,-21.0,637.0,23.0,1,0,0
401,105,754.0,528.0,839.0,517.0,835.0,480.0,750.0,491.0,1,0,0
401,106,641.0,346.0,679.0,335.0,656.0,255.0,618.0,266.0,1,0,0
401,118,477.0,700.0,488.0,700.0,488.0,686.0,477.0,686.0,1,2,0
401,125,657.0,932.0,711.0,875.0,680.0,846.0,626.0,903.0,1,0,0
401,126,853.0,839.0,893.0,832.0,890.0,817.0,850.0,824.0,1,1,0
401,130,642.0,876.0,696.0,803.0,664.0,780.0,611.0,853.0,1,0,0
401,141,852.0,811.0,891.0,795.0,884.0,779.0,846.0,795.0,1,1,0
401,142,622.0,821.0,674.0,768.0,651.0,745.0,599.0,798.0,1,3,0
401,144,1075.0,458.0,1086.0,451.0,1080.0,440.0,1069.0,447.0,1,2,0
401,145,601.0,764.0,648.0,690.0,615.0,670.0,568.0,744.0,1,0,0
401,146,1091.0,457.0,1102.0,448.0,1091.0,433.0,1080.0,442.0,1,2,0
401,147,650.0,461.0,665.0,455.0,650.0,422.0,636.0,428.0,1,1,0
401,148,645.0,454.0,661.0,448.0,655.0,431.0,639.0,437.0,1,2,0
401,150,582.0,710.0,626.0,636.0,593.0,616.0,549.0,690.0,1,0,0
401,151,796.0,663.0,834.0,651.0,828.0,630.0,790.0,642.0,1,7,0
401,152,1138.0,440.0,1152.0,440.0,1152.0,427.0,1138.0,427.0,1,2,0
401,154,784.0,617.0,828.0,560.0,801.0,539.0,756.0,596.0,1,0,0
401,155,542.0,597.0,602.0,528.0,572.0,502.0,512.0,571.0,1,0,0
401,156,1070.0,272.0,1086.0,272.0,1086.0,258.0,1070.0,258.0,1,2,0
401,157,517.0,541.0,581.0,478.0,552.0,449.0,488.0,512.0,1,0,0
401,161,505.0,486.0,559.0,412.0,525.0,386.0,470.0,460.0,1,0,0
401,163,732.0,430.0,814.0,410.0,805.0,374.0,723.0,394.0,1,0,0
401,164,1047.0,240.0,1061.0,240.0,1061.0,225.0,1047.0,225.0,1,2,0
401,165,1061.0,239.0,1073.0,239.0,1073.0,226.0,1061.0,226.0,1,2,0
401,166,718.0,372.0,804.0,347.0,793.0,310.0,707.0,335.0,1,0,0
401,167,448.0,337.0,491.0,258.0,455.0,238.0,411.0,317.0,1,0,0
401,168,720.0,315.0,799.0,276.0,783.0,242.0,703.0,281.0,1,0,0
401,170,76.0,313.0,89.0,313.0,89.0,301.0,76.0,301.0,1,2,0
401,171,427.0,276.0,482.0,200.0,449.0,176.0,395.0,252.0,1,0,0
401,172,695.0,260.0,783.0,230.0,770.0,193.0,682.0,223.0,1,0,0
401,175,397.0,222.0,459.0,158.0,430.0,130.0,368.0,194.0,1,0,0
401,176,686.0,207.0,772.0,174.0,758.0,138.0,673.0,171.0,1,0,0
401,177,1154.0,363.0,1167.0,363.0,1167.0,352.0,1154.0,352.0,1,2,0
401,178,367.0,177.0,400.0,166.0,394.0,145.0,361.0,156.0,1,7,0
401,179,948.0,42.0,963.0,41.0,962.0,22.0,947.0,23.0,1,2,0
401,180,674.0,155.0,751.0,110.0,732.0,78.0,655.0,123.0,1,0,0
401,181,961.0,20.0,974.0,20.0,974.0,2.0,961.0,2.0,1,2,0
401,182,385.0,148.0,447.0,78.0,415.0,50.0,353.0,120.0,1,0,0
401,183,38.0,145.0,52.0,145.0,52.0,130.0,38.0,130.0,1,2,0
401,184,343.0,102.0,409.0,41.0,381.0,11.0,315.0,72.0,1,0,0
401,185,999.0,30.0,1015.0,23.0,1007.0,4.0,991.0,11.0,1,2,0
401,186,653.0,68.0,736.0,24.0,716.0,-14.0,632.0,30.0,1,0,0
401,187,328.0,46.0,389.0,-13.0,361.0,-42.0,300.0,17.0,1,0,0
402,105,758.0,538.0,841.0,528.0,836.0,491.0,753.0,501.0,1,0,0
402,106,634.0,323.0,673.0,312.0,648.0,231.0,610.0,242.0,1,0,0
402,118,478.0,704.0,488.0,704.0,488.0,693.0,478.0,693.0,1,2,0
402,126,856.0,849.0,895.0,843.0,893.0,829.0,854.0,835.0,1,1,0
402,130,645.0,887.0,698.0,817.0,666.0,793.0,613.0,863.0,1,0,0
402,141,864.0,825.0,892.0,797.0,881.0,786.0,853.0,814.0,1,1,0
402,142,623.0,833.0,676.0,782.0,652.0,758.0,600.0,809.0,1,3,0
402,144,1078.0,464.0,1089.0,457.0,1082.0,446.0,1071.0,453.0,1,2,0
402,145,605.0,775.0,651.0,700.0,617.0,680.0,572.0,755.0,1,0,0
402,146,1088.0,458.0,1101.0,458.0,1101.0,445.0,1088.0,445.0,1,2,0
402,147,635.0,435.0,650.0,428.0,633.0,395.0,618.0,402.0,1,1,0
402,148,630.0,424.0,644.0,416.0,638.0,405.0,624.0,413.0,1,2,0
402,150,586.0,720.0,630.0,648.0,596.0,628.0,552.0,700.0,1,0,0
402,151,800.0,676.0,838.0,660.0,828.0,637.0,790.0,653.0,1,7,0
402,152,1138.0,446.0,1155.0,446.0,1155.0,433.0,1138.0,433.0,1,2,0
402,154,785.0,628.0,832.0,571.0,806.0,549.0,759.0,606.0,1,0,0
402,155,546.0,609.0,604.0,541.0,573.0,515.0,515.0,583.0,1,0,0
402,156,1073.0,278.0,1088.0,277.0,1087.0,262.0,1072.0,263.0,1,2,0
402,157,520.0,550.0,581.0,488.0,554.0,461.0,493.0,523.0,1,0,0
402,161,506.0,494.0,559.0,423.0,527.0,399.0,474.0,470.0,1,0,0
402,163,736.0,440.0,818.0,419.0,809.0,385.0,728.0,406.0,1,0,0
402,164,1049.0,244.0,1062.0,244.0,1062.0,230.0,1049.0,230.0,1,2,0
402,165,1060.0,243.0,1074.0,243.0,1074.0,229.0,1060.0,229.0,1,2,0
402,166,720.0,383.0,806.0,359.0,796.0,322.0,710.0,346.0,1,0,0
402,167,451.0,349.0,494.0,268.0,457.0,248.0,414.0,329.0,1,0,0
402,168,724.0,325.0,803.0,285.0,787.0,252.0,708.0,292.0,1,0,0
402,170,71.0,327.0,90.0,326.0,89.0,314.0,70.0,315.0,1,2,0
402,171,430.0,286.0,482.0,214.0,450.0,190.0,398.0,262.0,1,0,0
402,172,698.0,269.0,786.0,241.0,774.0,205.0,686.0,233.0,1,0,0
402,175,400.0,234.0,461.0,169.0,433.0,142.0,371.0,207.0,1,0,0
402,176,690.0,218.0,776.0,185.0,761.0,148.0,676.0,181.0,1,0,0
402,177,1156.0,367.0,1168.0,367.0,1168.0,355.0,1156.0,355.0,1,2,0
402,178,372.0,189.0,404.0,176.0,396.0,156.0,363.0,169.0,1,7,0
402,179,949.0,40.0,965.0,40.0,965.0,24.0,949.0,24.0,1,2,0
402,180,678.0,166.0,753.0,123.0,734.0,91.0,660.0,134.0,1,0,0
402,181,962.0,21.0,975.0,20.0,974.0,0.0,961.0,1.0,1,2,0
402,182,386.0,159.0,448.0,91.0,418.0,64.0,356.0,132.0,1,0,0
402,183,40.0,164.0,54.0,164.0,54.0,149.0,40.0,149.0,1,2,0
402,184,346.0,110.0,409.0,52.0,383.0,23.0,320.0,81.0,1,0,0
402,185,996.0,27.0,1010.0,27.0,1010.0,12.0,996.0,12.0,1,2,0
402,186,656.0,78.0,740.0,36.0,721.0,-2.0,637.0,40.0,1,0,0
402,187,333.0,58.0,391.0,-3.0,363.0,-30.0,304.0,31.0,1,0,0
403,105,757.0,548.0,843.0,536.0,837.0,499.0,751.0,511.0,1,0,0
403,106,622.0,299.0,660.0,287.0,634.0,207.0,597.0,219.0,1,0,0
403,118,483.0,708.0,483.0,697.0,472.0,697.0,472.0,708.0,1,2,0
403,126,853.0,859.0,891.0,854.0,889.0,839.0,851.0,844.0,1,1,0
403,130,643.0,897.0,696.0,824.0,665.0,801.0,612.0,874.0,1,0,0
403,141,856.0,829.0,883.0,809.0,875.0,798.0,848.0,818.0,1,1,0
403,142,622.0,843.0,678.0,790.0,654.0,765.0,598.0,818.0,1,3,0
403,144,1072.0,464.0,1083.0,464.0,1083.0,454.0,1072.0,454.0,1,2,0
403,145,603.0,785.0,651.0,710.0,617.0,689.0,569.0,764.0,1,0,0
403,146,1087.0,463.0,1098.0,458.0,1092.0,445.0,1080.0,450.0,1,2,0
403,147,608.0,407.0,623.0,399.0,606.0,366.0,591.0,374.0,1,1,0
403,148,606.0,400.0,620.0,393.0,611.0,376.0,597.0,383.0,1,2,0
403,150,582.0,731.0,626.0,658.0,593.0,638.0,549.0,711.0,1,0,0
403,151,797.0,687.0,836.0,674.0,828.0,649.0,789.0,662.0,1,7,0
403,152,1133.0,452.0,1149.0,452.0,1149.0,437.0,1133.0,437.0,1,2,0
403,154,785.0,639.0,837.0,575.0,808.0,551.0,755.0,615.0,1,0,0
403,155,544.0,619.0,604.0,550.0,573.0,523.0,513.0,592.0,1,0,0
403,156,1065.0,281.0,1079.0,281.0,1079.0,267.0,1065.0,267.0,1,2,0
403,157,516.0,561.0,579.0,499.0,552.0,471.0,488.0,533.0,1,0,0
403,161,506.0,506.0,559.0,433.0,524.0,407.0,471.0,480.0,1,0,0
403,163,733.0,451.0,814.0,431.0,804.0,395.0,724.0,415.0,1,0,0
403,164,1042.0,249.0,1055.0,249.0,1055.0,235.0,1042.0,235.0,1,2,0
403,165,1053.0,249.0,1067.0,249.0,1067.0,234.0,1053.0,234.0,1,2,0
403,166,718.0,394.0,806.0,368.0,795.0,330.0,707.0,356.0,1,0,0
403,167,448.0,359.0,492.0,277.0,455.0,257.0,410.0,339.0,1,0,0
403,168,720.0,337.0,800.0,297.0,783.0,263.0,703.0,303.0,1,0,0
403,170,58.0,342.0,74.0,342.0,74.0,328.0,58.0,328.0,1,2,0
403,171,428.0,295.0,480.0,221.0,447.0,198.0,395.0,272.0,1,0,0
403,172,696.0,280.0,783.0,251.0,771.0,214.0,683.0,243.0,1,0,0
403,175,397.0,243.0,461.0,177.0,432.0,150.0,369.0,216.0,1,0,0
403,176,687.0,229.0,771.0,195.0,756.0,156.0,672.0,190.0,1,0,0
403,177,1150.0,369.0,1162.0,369.0,1162.0,357.0,1150.0,357.0,1,2,0
403,178,367.0,200.0,402.0,186.0,394.0,165.0,359.0,179.0,1,7,0
403,179,956.0,42.0,958.0,26.0,943.0,25.0,941.0,41.0,1,2,0
403,180,676.0,177.0,751.0,133.0,731.0,100.0,656.0,144.0,1,0,0
403,181,970.0,18.0,971.0,2.0,957.0,1.0,955.0,17.0,1,2,0
403,182,384.0,168.0,444.0,98.0,414.0,72.0,354.0,142.0,1,0,0
403,183,31.0,177.0,46.0,177.0,46.0,166.0,31.0,166.0,1,2,0
403,184,343.0,120.0,407.0,61.0,381.0,32.0,317.0,91.0,1,0,0
403,185,1002.0,35.0,1004.0,17.0,990.0,15.0,988.0,33.0,1,2,0
403,186,654.0,89.0,737.0,42.0,715.0,4.0,632.0,51.0,1,0,0
403,187,330.0,68.0,389.0,4.0,360.0,-23.0,301.0,41.0,1,0,0
404,105,759.0,558.0,845.0,548.0,840.0,511.0,755.0,521.0,1,0,0
404,106,616.0,272.0,653.0,260.0,627.0,181.0,589.0,193.0,1,0,0
404,118,474.0,710.0,486.0,710.0,486.0,697.0,474.0,697.0,1,2,0
404,126,857.0,868.0,892.0,863.0,890.0,848.0,854.0,853.0,1,1,0
404,130,648.0,906.0,702.0,834.0,669.0,810.0,615.0,882.0,1,0,0
404,141,860.0,842.0,892.0,825.0,884.0,811.0,852.0,828.0,1,1,0
404,142,625.0,851.0,681.0,799.0,658.0,774.0,601.0,826.0,1,3,0
404,144,1072.0,471.0,1083.0,470.0,1081.0,454.0,1071.0,455.0,1,2,0
404,145,607.0,795.0,652.0,719.0,619.0,699.0,573.0,775.0,1,0,0
404,146,1091.0,468.0,1101.0,461.0,1088.0,445.0,1078.0,452.0,1,2,0
404,147,590.0,375.0,604.0,367.0,586.0,334.0,572.0,342.0,1,1,0
404,148,584.0,364.0,598.0,358.0,592.0,344.0,578.0,350.0,1,2,0
404,150,587.0,740.0,632.0,666.0,598.0,645.0,553.0,719.0,1,0,0
404,151,798.0,693.0,836.0,678.0,827.0,657.0,789.0,672.0,1,7,0
404,152,1137.0,457.0,1151.0,457.0,1151.0,444.0,1137.0,444.0,1,2,0
404,154,785.0,649.0,840.0,589.0,813.0,565.0,759.0,625.0,1,0,0
404,155,546.0,628.0,607.0,560.0,577.0,533.0,516.0,601.0,1,0,0
404,156,1062.0,282.0,1080.0,282.0,1080.0,266.0,1062.0,266.0,1,2,0
404,157,520.0,571.0,583.0,509.0,556.0,481.0,493.0,543.0,1,0,0
404,161,509.0,515.0,563.0,441.0,529.0,416.0,475.0,490.0,1,0,0
404,163,737.0,461.0,817.0,441.0,808.0,405.0,728.0,425.0,1,0,0
404,164,1059.0,251.0,1059.0,238.0,1045.0,238.0,1045.0,251.0,1,2,0
404,165,1058.0,248.0,1070.0,248.0,1070.0,237.0,1058.0,237.0,1,2,0
404,166,723.0,403.0,812.0,379.0,801.0,340.0,712.0,364.0,1,0,0
404,167,451.0,367.0,496.0,285.0,461.0,266.0,416.0,348.0,1,0,0
404,168,724.0,345.0,804.0,306.0,788.0,273.0,707.0,312.0,1,0,0
404,170,54.0,353.0,67.0,353.0,67.0,341.0,54.0,341.0,1,2,0
404,171,433.0,305.0,486.0,231.0,451.0,207.0,399.0,281.0,1,0,0
404,172,700.0,289.0,788.0,261.0,776.0,224.0,689.0,252.0,1,0,0
404,175,401.0,253.0,465.0,187.0,436.0,159.0,372.0,225.0,1,0,0
404,176,691.0,238.0,777.0,204.0,763.0,168.0,676.0,202.0,1,0,0
404,177,1148.0,373.0,1163.0,373.0,1163.0,358.0,1148.0,358.0,1,2,0
404,178,372.0,209.0,407.0,195.0,399.0,174.0,364.0,188.0,1,7,0
404,179,943.0,45.0,958.0,45.0,958.0,25.0,943.0,25.0,1,2,0
404,180,679.0,187.0,752.0,142.0,733.0,110.0,659.0,155.0,1,0,0
404,181,958.0,20.0,971.0,20.0,971.0,4.0,958.0,4.0,1,2,0
404,182,388.0,178.0,451.0,109.0,421.0,81.0,358.0,150.0,1,0,0
404,183,32.0,196.0,49.0,196.0,49.0,178.0,32.0,178.0,1,2,0
404,184,348.0,129.0,412.0,69.0,385.0,40.0,321.0,100.0,1,0,0
404,185,994.0,38.0,1009.0,30.0,1001.0,14.0,986.0,22.0,1,2,0
404,186,657.0,98.0,740.0,52.0,720.0,15.0,637.0,61.0,1,0,0
404,187,336.0,78.0,396.0,12.0,367.0,-14.0,307.0,52.0,1,0,0
405,105,748.0,579.0,837.0,568.0,833.0,530.0,743.0,541.0,1,0,0
405,106,594.0,258.0,631.0,246.0,604.0,167.0,568.0,179.0,1,0,0
405,118,460.0,724.0,473.0,724.0,473.0,710.0,460.0,710.0,1,2,0
405,126,846.0,888.0,879.0,886.0,878.0,872.0,846.0,874.0,1,1,0
405,130,637.0,921.0,687.0,858.0,656.0,834.0,606.0,897.0,1,0,0
405,141,848.0,863.0,882.0,842.0,874.0,830.0,841.0,851.0,1,1,0
405,142,613.0,872.0,667.0,820.0,645.0,797.0,591.0,849.0,1,3,0
405,144,1058.0,484.0,1071.0,484.0,1071.0,472.0,1058.0,472.0,1,2,0
405,145,595.0,815.0,640.0,741.0,608.0,721.0,562.0,795.0,1,0,0
405,146,1072.0,480.0,1084.0,480.0,1084.0,468.0,1072.0,468.0,1,2,0
405,147,552.0,353.0,566.0,347.0,552.0,312.0,538.0,318.0,1,1,0
405,148,549.0,338.0,560.0,338.0,560.0,320.0,549.0,320.0,1,2,0
405,150,575.0,762.0,619.0,689.0,586.0,668.0,542.0,741.0,1,0,0
405,151,791.0,712.0,831.0,699.0,823.0,676.0,784.0,689.0,1,7,0
405,152,1124.0,474.0,1138.0,474.0,1138.0,459.0,1124.0,459.0,1,2,0
405,154,776.0,670.0,833.0,606.0,804.0,580.0,747.0,644.0,1,0,0
405,155,534.0,649.0,594.0,582.0,564.0,556.0,504.0,623.0,1,0,0
405,156,1048.0,299.0,1061.0,299.0,1061.0,286.0,1048.0,286.0,1,2,0
405,157,510.0,590.0,571.0,528.0,544.0,501.0,483.0,563.0,1,0,0
405,161,496.0,536.0,550.0,464.0,516.0,439.0,462.0,511.0,1,0,0
405,163,725.0,483.0,811.0,460.0,801.0,421.0,715.0,444.0,1,0,0
405,164,1031.0,268.0,1043.0,268.0,1043.0,253.0,1031.0,253.0,1,2,0
405,165,1042.0,264.0,1055.0,264.0,1055.0,252.0,1042.0,252.0,1,2,0
405,166,711.0,425.0,799.0,399.0,787.0,362.0,700.0,388.0,1,0,0
405,167,441.0,388.0,485.0,308.0,449.0,288.0,405.0,368.0,1,0,0
405,168,714.0,366.0,795.0,326.0,779.0,292.0,697.0,332.0,1,0,0
405,170,35.0,375.0,50.0,375.0,50.0,363.0,35.0,363.0,1,2,0
405,171,422.0,327.0,473.0,255.0,440.0,231.0,388.0,303.0,1,0,0
405,172,688.0,310.0,776.0,282.0,764.0,246.0,677.0,274.0,1,0,0
405,175,390.0,273.0,452.0,210.0,424.0,183.0,362.0,246.0,1,0,0
405,176,680.0,259.0,767.0,226.0,753.0,189.0,666.0,222.0,1,0,0
405,177,1150.0,389.0,1150.0,374.0,1132.0,374.0,1132.0,389.0,1,2,0
405,178,362.0,229.0,395.0,217.0,387.0,196.0,354.0,208.0,1,7,0
405,179,933.0,52.0,946.0,52.0,946.0,39.0,933.0,39.0,1,2,0
405,180,669.0,208.0,745.0,161.0,724.0,129.0,649.0,176.0,1,0,0
405,181,944.0,35.0,959.0,34.0,958.0,10.0,943.0,11.0,1,2,0
405,182,377.0,199.0,438.0,132.0,407.0,105.0,347.0,172.0,1,0,0
405,183,21.0,220.0,34.0,220.0,34.0,209.0,21.0,209.0,1,2,0
405,184,336.0,150.0,401.0,91.0,374.0,62.0,309.0,121.0,1,0,0
405,185,976.0,49.0,990.0,49.0,990.0,34.0,976.0,34.0,1,2,0
405,186,646.0,120.0,731.0,74.0,710.0,34.0,625.0,80.0,1,0,0
405,187,323.0,98.0,382.0,36.0,354.0,9.0,295.0,71.0,1,0,0
405,188,979.0,29.0,990.0,29.0,990.0,17.0,979.0,17.0,1,2,0
405,189,300.0,51.0,371.0,-5.0,344.0,-39.0,273.0,17.0,1,0,0
405,190,629.0,53.0,685.0,-12.0,654.0,-38.0,599.0,27.0,1,0,0
405,191,971.0,20.0,984.0,19.0,982.0,4.0,970.0,5.0,1,2,0
406,105,752.0,590.0,835.0,580.0,830.0,545.0,747.0,555.0,1,0,0
406,106,587.0,237.0,624.0,224.0,596.0,146.0,559.0,159.0,1,0,0
406,118,461.0,732.0,473.0,732.0,473.0,720.0,461.0,720.0,1,2,0
406,126,850.0,902.0,886.0,897.0,884.0,882.0,848.0,887.0,1,1,0
406,130,639.0,934.0,692.0,866.0,662.0,843.0,609.0,911.0,1,0,0
406,141,848.0,873.0,885.0,863.0,880.0,848.0,844.0,858.0,1,1,0
406,142,616.0,886.0,674.0,833.0,651.0,809.0,594.0,862.0,1,3,0
406,144,1061.0,493.0,1072.0,493.0,1072.0,481.0,1061.0,481.0,1,2,0
406,145,598.0,829.0,644.0,754.0,612.0,734.0,565.0,809.0,1,0,0
406,146,1073.0,487.0,1086.0,487.0,1086.0,475.0,1073.0,475.0,1,2,0
406,147,531.0,321.0,546.0,315.0,532.0,279.0,517.0,285.0,1,1,0
406,148,529.0,308.0,541.0,303.0,535.0,289.0,523.0,294.0,1,2,0
406,150,581.0,773.0,624.0,700.0,589.0,680.0,546.0,753.0,1,0,0
406,151,794.0,728.0,836.0,713.0,827.0,689.0,785.0,704.0,1,7,0
406,152,1123.0,481.0,1140.0,481.0,1140.0,466.0,1123.0,466.0,1,2,0
406,154,779.0,683.0,831.0,620.0,802.0,597.0,751.0,660.0,1,0,0
406,155,539.0,662.0,598.0,595.0,568.0,569.0,509.0,636.0,1,0,0
406,156,1047.0,307.0,1059.0,307.0,1059.0,293.0,1047.0,293.0,1,2,0
406,157,512.0,603.0,576.0,542.0,549.0,514.0,485.0,575.0,1,0,0
406,161,501.0,548.0,554.0,476.0,521.0,451.0,468.0,523.0,1,0,0
406,163,730.0,496.0,812.0,473.0,801.0,437.0,719.0,460.0,1,0,0
406,164,1028.0,274.0,1043.0,274.0,1043.0,259.0,1028.0,259.0,1,2,0
406,165,1042.0,272.0,1058.0,271.0,1057.0,255.0,1041.0,256.0,1,2,0
406,166,715.0,437.0,801.0,412.0,790.0,375.0,704.0,400.0,1,0,0
406,167,445.0,403.0,488.0,322.0,451.0,302.0,408.0,383.0,1,0,0
406,168,716.0,379.0,798.0,340.0,782.0,306.0,700.0,345.0,1,0,0
406,170,28.0,393.0,43.0,393.0,43.0,380.0,28.0,380.0,1,2,0
406,171,424.0,339.0,477.0,267.0,444.0,243.0,391.0,315.0,1,0,0
406,172,692.0,324.0,778.0,296.0,765.0,259.0,680.0,287.0,1,0,0
406,175,394.0,287.0,456.0,223.0,427.0,195.0,365.0,259.0,1,0,0
406,176,684.0,272.0,771.0,238.0,756.0,202.0,670.0,236.0,1,0,0
406,177,1132.0,396.0,1149.0,396.0,1149.0,381.0,1132.0,381.0,1,2,0
406,178,366.0,243.0,399.0,229.0,391.0,209.0,357.0,223.0,1,7,0
406,179,933.0,54.0,947.0,53.0,947.0,41.0,932.0,42.0,1,2,0
406,180,673.0,220.0,748.0,175.0,728.0,143.0,653.0,188.0,1,0,0
406,181,947.0,32.0,962.0,32.0,962.0,17.0,947.0,17.0,1,2,0
406,182,381.0,213.0,444.0,143.0,412.0,115.0,350.0,185.0,1,0,0
406,183,36.0,239.0,36.0,226.0,22.0,226.0,22.0,239.0,1,2,0
406,184,341.0,164.0,406.0,104.0,380.0,75.0,314.0,136.0,1,0,0
406,185,976.0,61.0,990.0,59.0,986.0,39.0,972.0,41.0,1,2,0
406,186,650.0,132.0,732.0,89.0,712.0,52.0,630.0,95.0,1,0,0
406,187,327.0,112.0,387.0,48.0,359.0,21.0,299.0,85.0,1,0,0
406,188,979.0,43.0,990.0,43.0,990.0,31.0,979.0,31.0,1,2,0
406,189,305.0,64.0,377.0,6.0,350.0,-26.0,278.0,32.0,1,0,0
406,190,632.0,66.0,689.0,1.0,659.0,-26.0,602.0,39.0,1,0,0
406,191,974.0,32.0,987.0,32.0,987.0,19.0,974.0,19.0,1,2,0
407,105,755.0,617.0,840.0,608.0,836.0,571.0,752.0,580.0,1,0,0
407,106,580.0,228.0,616.0,215.0,586.0,137.0,551.0,150.0,1,0,0
407,118,475.0,751.0,475.0,737.0,463.0,737.0,463.0,751.0,1,2,0
407,142,620.0,912.0,678.0,856.0,655.0,832.0,597.0,888.0,1,3,0
407,144,1064.0,509.0,1075.0,509.0,1075.0,498.0,1064.0,498.0,1,2,0
407,145,604.0,854.0,649.0,779.0,615.0,759.0,570.0,834.0,1,0,0
407,146,1075.0,504.0,1088.0,504.0,1088.0,492.0,1075.0,492.0,1,2,0
407,147,510.0,295.0,525.0,290.0,513.0,256.0,498.0,261.0,1,1,0
407,148,507.0,282.0,518.0,282.0,518.0,263.0,507.0,263.0,1,2,0
407,150,583.0,800.0,628.0,727.0,594.0,707.0,549.0,780.0,1,0,0
407,151,799.0,751.0,837.0,733.0,827.0,713.0,789.0,731.0,1,7,0
407,152,1124.0,500.0,1140.0,500.0,1140.0,487.0,1124.0,487.0,1,2,0
407,154,783.0,707.0,837.0,642.0,808.0,618.0,754.0,683.0,1,0,0
407,155,544.0,686.0,601.0,619.0,571.0,593.0,513.0,660.0,1,0,0
407,156,1040.0,324.0,1057.0,324.0,1057.0,310.0,1040.0,310.0,1,2,0
407,157,516.0,628.0,580.0,567.0,553.0,539.0,489.0,600.0,1,0,0
407,161,503.0,574.0,558.0,501.0,525.0,476.0,470.0,549.0,1,0,0
407,163,732.0,519.0,815.0,499.0,806.0,463.0,724.0,483.0,1,0,0
407,164,1032.0,291.0,1046.0,291.0,1046.0,278.0,1032.0,278.0,1,2,0
407,165,1059.0,289.0,1059.0,276.0,1045.0,276.0,1045.0,289.0,1,2,0
407,166,718.0,462.0,805.0,437.0,794.0,400.0,708.0,425.0,1,0,0
407,167,448.0,426.0,493.0,345.0,458.0,325.0,412.0,406.0,1,0,0
407,168,721.0,405.0,799.0,366.0,782.0,332.0,704.0,371.0,1,0,0
407,170,25.0,421.0,38.0,421.0,38.0,409.0,25.0,409.0,1,2,0
407,171,430.0,366.0,483.0,292.0,448.0,267.0,395.0,341.0,1,0,0
407,172,695.0,348.0,782.0,320.0,769.0,283.0,683.0,311.0,1,0,0
407,175,398.0,311.0,461.0,246.0,432.0,218.0,369.0,283.0,1,0,0
407,176,688.0,297.0,774.0,263.0,760.0,227.0,673.0,261.0,1,0,0
407,177,1133.0,413.0,1147.0,413.0,1147.0,399.0,1133.0,399.0,1,2,0
407,178,368.0,267.0,401.0,255.0,394.0,235.0,361.0,247.0,1,7,0
407,179,933.0,71.0,948.0,71.0,948.0,55.0,933.0,55.0,1,2,0
407,180,675.0,245.0,751.0,200.0,732.0,168.0,656.0,213.0,1,0,0
407,181,948.0,51.0,965.0,51.0,965.0,32.0,948.0,32.0,1,2,0
407,182,386.0,238.0,448.0,169.0,416.0,141.0,354.0,210.0,1,0,0
407,183,23.0,272.0,38.0,272.0,38.0,258.0,23.0,258.0,1,2,0
407,184,343.0,189.0,409.0,130.0,382.0,100.0,316.0,159.0,1,0,0
407,185,970.0,73.0,989.0,73.0,989.0,60.0,970.0,60.0,1,2,0
407,186,654.0,157.0,733.0,110.0,713.0,75.0,634.0,122.0,1,0,0
407,187,331.0,137.0,390.0,75.0,361.0,48.0,302.0,110.0,1,0,0
407,188,986.0,67.0,997.0,67.0,997.0,55.0,986.0,55.0,1,2,0
407,189,308.0,91.0,380.0,32.0,353.0,0.0,281.0,59.0,1,0,0
407,190,636.0,91.0,696.0,25.0,666.0,-1.0,606.0,65.0,1,0,0
407,191,977.0,59.0,990.0,59.0,990.0,45.0,977.0,45.0,1,2,0
408,105,751.0,625.0,833.0,614.0,828.0,578.0,746.0,589.0,1,0,0
408,106,561.0,203.0,598.0,189.0,568.0,112.0,531.0,126.0,1,0,0
408,118,455.0,753.0,467.0,753.0,467.0,739.0,455.0,739.0,1,2,0
408,142,616.0,921.0,672.0,866.0,649.0,842.0,593.0,897.0,1,3,0
408,144,1059.0,511.0,1068.0,511.0,1068.0,495.0,1059.0,495.0,1,2,0
408,145,598.0,863.0,643.0,788.0,609.0,768.0,564.0,843.0,1,0,0
408,146,1070.0,508.0,1078.0,508.0,1078.0,491.0,1070.0,491.0,1,2,0
408,147,482.0,255.0,496.0,251.0,485.0,215.0,471.0,219.0,1,1,0
408,148,481.0,242.0,493.0,237.0,487.0,223.0,475.0,228.0,1,2,0
408,150,578.0,809.0,623.0,735.0,589.0,714.0,544.0,788.0,1,0,0
408,151,791.0,761.0,832.0,746.0,823.0,724.0,783.0,739.0,1,7,0
408,152,1131.0,505.0,1131.0,488.0,1116.0,488.0,1116.0,505.0,1,2,0
408,154,779.0,717.0,827.0,650.0,796.0,628.0,748.0,695.0,1,0,0
408,155,537.0,695.0,599.0,625.0,570.0,599.0,508.0,669.0,1,0,0
408,156,1034.0,325.0,1046.0,325.0,1046.0,314.0,1034.0,314.0,1,2,0
408,157,510.0,638.0,574.0,576.0,548.0,549.0,484.0,611.0,1,0,0
408,161,499.0,583.0,552.0,512.0,519.0,487.0,465.0,558.0,1,0,0
408,163,727.0,530.0,807.0,508.0,797.0,471.0,717.0,493.0,1,0,0
408,164,1034.0,296.0,1034.0,281.0,1021.0,281.0,1021.0,296.0,1,2,0
408,165,1033.0,292.0,1048.0,292.0,1048.0,279.0,1033.0,279.0,1,2,0
408,166,713.0,471.0,799.0,447.0,789.0,410.0,702.0,434.0,1,0,0
408,167,442.0,436.0,486.0,355.0,450.0,335.0,405.0,416.0,1,0,0
408,168,713.0,413.0,795.0,375.0,779.0,341.0,697.0,379.0,1,0,0
408,170,8.0,434.0,27.0,433.0,26.0,420.0,8.0,421.0,1,2,0
408,171,422.0,374.0,475.0,302.0,442.0,278.0,389.0,350.0,1,0,0
408,172,689.0,358.0,777.0,330.0,765.0,293.0,678.0,321.0,1,0,0
408,175,393.0,322.0,455.0,255.0,425.0,228.0,363.0,295.0,1,0,0
408,176,682.0,307.0,769.0,272.0,754.0,236.0,667.0,271.0,1,0,0
408,177,1123.0,418.0,1136.0,418.0,1136.0,403.0,1123.0,403.0,1,2,0
408,178,363.0,277.0,396.0,265.0,388.0,245.0,355.0,257.0,1,7,0
408,179,942.0,71.0,943.0,56.0,928.0,55.0,927.0,70.0,1,2,0
408,180,671.0,256.0,745.0,209.0,724.0,176.0,650.0,223.0,1,0,0
408,181,940.0,53.0,955.0,53.0,955.0,30.0,940.0,30.0,1,2,0
408,182,378.0,247.0,441.0,178.0,410.0,150.0,347.0,219.0,1,0,0
408,183,16.0,286.0,30.0,286.0,30.0,274.0,16.0,274.0,1,2,0
408,184,337.0,198.0,402.0,139.0,375.0,110.0,311.0,169.0,1,0,0
408,185,973.0,81.0,973.0,66.0,957.0,65.0,957.0,80.0,1,2,0
408,186,648.0,167.0,727.0,123.0,707.0,87.0,627.0,131.0,1,0,0
408,187,323.0,146.0,383.0,85.0,356.0,58.0,296.0,119.0,1,0,0
408,188,978.0,76.0,989.0,76.0,989.0,64.0,978.0,64.0,1,2,0
408,189,301.0,100.0,372.0,43.0,346.0,11.0,275.0,68.0,1,0,0
408,190,630.0,100.0,688.0,33.0,658.0,8.0,600.0,75.0,1,0,0
408,191,974.0,68.0,986.0,63.0,980.0,51.0,968.0,56.0,1,2,0
409,105,754.0,640.0,833.0,629.0,828.0,595.0,749.0,606.0,1,0,0
409,106,554.0,186.0,589.0,172.0,558.0,93.0,523.0,107.0,1,0,0
409,118,458.0,764.0,468.0,764.0,468.0,749.0,458.0,749.0,1,2,0
409,142,626.0,933.0,676.0,883.0,651.0,857.0,600.0,907.0,1,3,0
409,144,1059.0,522.0,1070.0,522.0,1070.0,512.0,1059.0,512.0,1,2,0
409,145,602.0,878.0,647.0,802.0,613.0,782.0,568.0,858.0,1,0,0
409,146,1068.0,517.0,1081.0,517.0,1081.0,505.0,1068.0,505.0,1,2,0
409,147,464.0,221.0,478.0,217.0,466.0,179.0,452.0,183.0,1,1,0
409,148,460.0,207.0,474.0,202.0,469.0,186.0,455.0,191.0,1,2,0
409,150,583.0,823.0,624.0,751.0,591.0,732.0,550.0,804.0,1,0,0
409,151,796.0,775.0,832.0,764.0,825.0,743.0,789.0,754.0,1,7,0
409,152,1120.0,516.0,1134.0,516.0,1134.0,503.0,1120.0,503.0,1,2,0
409,154,782.0,731.0,830.0,668.0,799.0,645.0,751.0,708.0,1,0,0
409,155,543.0,711.0,601.0,644.0,570.0,618.0,512.0,685.0,1,0,0
409,156,1032.0,338.0,1046.0,338.0,1046.0,324.0,1032.0,324.0,1,2,0
409,157,516.0,652.0,578.0,589.0,552.0,563.0,490.0,626.0,1,0,0
409,161,503.0,598.0,557.0,526.0,523.0,501.0,469.0,573.0,1,0,0
409,163,732.0,546.0,812.0,523.0,803.0,488.0,723.0,511.0,1,0,0
409,164,1022.0,303.0,1038.0,303.0,1038.0,292.0,1022.0,292.0,1,2,0
409,165,1038.0,303.0,1052.0,298.0,1046.0,283.0,1032.0,288.0,1,2,0
409,166,717.0,485.0,802.0,461.0,791.0,425.0,707.0,449.0,1,0,0
409,167,446.0,451.0,491.0,372.0,455.0,352.0,411.0,431.0,1,0,0
409,168,720.0,427.0,798.0,389.0,782.0,357.0,705.0,395.0,1,0,0
409,170,3.0,452.0,23.0,452.0,23.0,439.0,3.0,439.0,1,2,0
409,171,428.0,387.0,479.0,316.0,446.0,293.0,395.0,364.0,1,0,0
409,172,694.0,372.0,782.0,343.0,771.0,307.0,682.0,336.0,1,0,0
409,175,396.0,336.0,458.0,271.0,430.0,244.0,368.0,309.0,1,0,0
409,176,687.0,322.0,774.0,288.0,759.0,250.0,672.0,284.0,1,0,0
409,177,1117.0,427.0,1137.0,427.0,1137.0,414.0,1117.0,414.0,1,2,0
409,178,369.0,292.0,400.0,278.0,391.0,258.0,360.0,272.0,1,7,0
409,179,939.0,82.0,953.0,63.0,938.0,53.0,925.0,72.0,1,2,0
409,180,675.0,270.0,749.0,225.0,729.0,193.0,655.0,239.0,1,0,0
409,181,944.0,53.0,959.0,53.0,959.0,41.0,944.0,41.0,1,2,0
409,182,384.0,261.0,444.0,196.0,414.0,168.0,354.0,233.0,1,0,0
409,183,18.0,306.0,32.0,306.0,32.0,294.0,18.0,294.0,1,2,0
409,184,342.0,214.0,407.0,155.0,381.0,126.0,316.0,185.0,1,0,0
409,185,956.0,93.0,973.0,93.0,973.0,78.0,956.0,78.0,1,2,0
409,186,652.0,180.0,734.0,138.0,715.0,101.0,633.0,143.0,1,0,0
409,187,330.0,161.0,387.0,98.0,358.0,71.0,301.0,134.0,1,0,0
409,188,985.0,90.0,996.0,90.0,996.0,78.0,985.0,78.0,1,2,0
409,189,305.0,113.0,379.0,56.0,355.0,24.0,281.0,81.0,1,0,0
409,190,636.0,117.0,695.0,51.0,664.0,24.0,606.0,90.0,1,0,0
409,191,976.0,84.0,987.0,84.0,987.0,73.0,976.0,73.0,1,2,0
409,192,301.0,56.0,326.0,-18.0,285.0,-32.0,259.0,42.0,1,0,0
409,193,622.0,46.0,668.0,-23.0,637.0,-44.0,591.0,25.0,1,0,0
410,105,758.0,655.0,839.0,644.0,834.0,608.0,754.0,619.0,1,0,0
410,106,543.0,165.0,580.0,151.0,550.0,73.0,513.0,87.0,1,0,0
410,118,457.0,769.0,469.0,769.0,469.0,756.0,457.0,756.0,1,2,0
410,144,1057.0,529.0,1068.0,529.0,1068.0,517.0,1057.0,517.0,1,2,0
410,145,604.0,892.0,650.0,817.0,616.0,797.0,570.0,872.0,1,0,0
410,146,1069.0,525.0,1082.0,525.0,1082.0,512.0,1069.0,512.0,1,2,0
410,147,444.0,179.0,460.0,173.0,447.0,138.0,431.0,144.0,1,1,0
410,148,444.0,165.0,455.0,160.0,448.0,147.0,437.0,152.0,1,2,0
410,150,585.0,837.0,630.0,764.0,595.0,743.0,551.0,816.0,1,0,0
410,151,794.0,788.0,835.0,778.0,829.0,757.0,788.0,767.0,1,7,0
410,152,1132.0,526.0,1132.0,512.0,1116.0,511.0,1116.0,525.0,1,2,0
410,154,785.0,745.0,834.0,679.0,804.0,656.0,755.0,722.0,1,0,0
410,155,544.0,724.0,604.0,657.0,574.0,631.0,515.0,698.0,1,0,0
410,156,1026.0,343.0,1043.0,343.0,1043.0,328.0,1026.0,328.0,1,2,0
410,157,517.0,666.0,581.0,605.0,554.0,577.0,490.0,638.0,1,0,0
410,161,506.0,611.0,560.0,538.0,527.0,513.0,473.0,586.0,1,0,0
410,163,734.0,557.0,814.0,537.0,804.0,501.0,725.0,521.0,1,0,0
410,164,1023.0,311.0,1037.0,311.0,1037.0,298.0,1023.0,298.0,1,2,0
410,165,1036.0,311.0,1050.0,311.0,1050.0,297.0,1036.0,297.0,1,2,0
410,166,720.0,500.0,806.0,476.0,796.0,439.0,710.0,463.0,1,0,0
410,167,451.0,465.0,496.0,383.0,458.0,363.0,413.0,445.0,1,0,0
410,168,722.0,442.0,801.0,403.0,784.0,370.0,706.0,409.0,1,0,0
410,170,13.0,469.0,13.0,457.0,1.0,457.0,1.0,469.0,1,2,0
410,171,429.0,402.0,482.0,329.0,451.0,306.0,398.0,379.0,1,0,0
410,172,696.0,387.0,783.0,359.0,771.0,322.0,684.0,350.0,1,0,0
410,175,401.0,350.0,464.0,285.0,434.0,257.0,371.0,322.0,1,0,0
410,176,688.0,335.0,775.0,302.0,761.0,266.0,674.0,299.0,1,0,0
410,177,1119.0,435.0,1136.0,435.0,1136.0,423.0,1119.0,423.0,1,2,0
410,178,370.0,305.0,404.0,294.0,397.0,275.0,363.0,286.0,1,7,0
410,179,935.0,79.0,950.0,79.0,950.0,63.0,935.0,63.0,1,2,0
410,180,678.0,284.0,753.0,240.0,733.0,206.0,658.0,250.0,1,0,0
410,181,946.0,60.0,962.0,60.0,962.0,41.0,946.0,41.0,1,2,0
410,182,387.0,275.0,448.0,207.0,417.0,180.0,356.0,248.0,1,0,0
410,183,20.0,325.0,34.0,325.0,34.0,312.0,20.0,312.0,1,2,0
410,184,346.0,226.0,411.0,167.0,384.0,138.0,319.0,197.0,1,0,0
410,185,970.0,101.0,970.0,86.0,955.0,85.0,954.0,100.0,1,2,0
410,186,655.0,197.0,736.0,151.0,715.0,114.0,633.0,160.0,1,0,0
410,187,332.0,174.0,392.0,112.0,363.0,85.0,303.0,147.0,1,0,0
410,188,986.0,105.0,997.0,105.0,997.0,93.0,986.0,93.0,1,2,0
410,189,309.0,128.0,381.0,71.0,354.0,38.0,282.0,95.0,1,0,0
410,190,637.0,130.0,697.0,63.0,667.0,37.0,607.0,104.0,1,0,0
410,191,978.0,100.0,992.0,99.0,991.0,85.0,977.0,86.0,1,2,0
410,192,300.0,71.0,332.0,-6.0,292.0,-22.0,261.0,55.0,1,0,0
410,193,625.0,64.0,671.0,-5.0,641.0,-25.0,595.0,44.0,1,0,0
411,105,752.0,668.0,836.0,657.0,831.0,621.0,748.0,632.0,1,0,0
411,106,524.0,143.0,560.0,129.0,529.0,53.0,493.0,67.0,1,0,0
411,118,448.0,775.0,459.0,775.0,459.0,759.0,448.0,759.0,1,2,0
411,144,1050.0,536.0,1061.0,536.0,1061.0,527.0,1050.0,527.0,1,2,0
411,145,599.0,904.0,644.0,827.0,611.0,808.0,566.0,885.0,1,0,0
411,146,1063.0,533.0,1074.0,527.0,1068.0,518.0,1058.0,524.0,1,2,0
411,147,416.0,140.0,432.0,134.0,418.0,100.0,402.0,106.0,1,1,0
411,148,414.0,130.0,426.0,125.0,418.0,108.0,406.0,113.0,1,2,0
411,150,579.0,850.0,622.0,776.0,587.0,756.0,544.0,830.0,1,0,0
411,151,791.0,801.0,829.0,793.0,825.0,770.0,787.0,778.0,1,7,0
411,152,1109.0,535.0,1123.0,535.0,1123.0,523.0,1109.0,523.0,1,2,0
411,154,780.0,756.0,828.0,691.0,797.0,668.0,748.0,733.0,1,0,0
411,155,539.0,737.0,597.0,669.0,567.0,643.0,509.0,711.0,1,0,0
411,156,1018.0,348.0,1032.0,348.0,1032.0,337.0,1018.0,337.0,1,2,0
411,157,513.0,679.0,576.0,616.0,548.0,588.0,485.0,651.0,1,0,0
411,161,499.0,623.0,552.0,551.0,520.0,527.0,467.0,599.0,1,0,0
411,163,729.0,571.0,812.0,549.0,802.0,514.0,719.0,536.0,1,0,0
411,164,1016.0,317.0,1029.0,315.0,1026.0,302.0,1014.0,304.0,1,2,0
411,165,1029.0,317.0,1041.0,313.0,1036.0,298.0,1024.0,302.0,1,2,0
411,166,713.0,513.0,799.0,486.0,787.0,450.0,701.0,477.0,1,0,0
411,167,444.0,478.0,487.0,396.0,450.0,377.0,407.0,459.0,1,0,0
411,168,716.0,457.0,799.0,416.0,781.0,380.0,698.0,421.0,1,0,0
411,171,423.0,415.0,476.0,343.0,443.0,319.0,390.0,391.0,1,0,0
411,172,692.0,401.0,779.0,372.0,766.0,333.0,679.0,362.0,1,0,0
411,175,394.0,363.0,455.0,297.0,426.0,270.0,365.0,336.0,1,0,0
411,176,683.0,348.0,767.0,316.0,753.0,278.0,669.0,310.0,1,0,0
411,177,1109.0,442.0,1123.0,442.0,1123.0,427.0,1109.0,427.0,1,2,0
411,178,365.0,318.0,397.0,305.0,389.0,285.0,356.0,298.0,1,7,0
411,179,930.0,81.0,942.0,81.0,942.0,70.0,930.0,70.0,1,2,0
411,180,671.0,297.0,744.0,253.0,725.0,220.0,651.0,264.0,1,0,0
411,181,951.0,67.0,954.0,46.0,939.0,44.0,936.0,65.0,1,2,0
411,182,380.0,286.0,440.0,219.0,410.0,192.0,349.0,259.0,1,0,0
411,183,14.0,342.0,27.0,342.0,27.0,329.0,14.0,329.0,1,2,0
411,184,340.0,240.0,403.0,181.0,374.0,151.0,311.0,210.0,1,0,0
411,185,940.0,109.0,959.0,109.0,959.0,93.0,940.0,93.0,1,2,0
411,186,647.0,207.0,727.0,166.0,709.0,130.0,629.0,171.0,1,0,0
411,187,327.0,189.0,388.0,126.0,358.0,98.0,298.0,161.0,1,0,0
411,188,977.0,117.0,988.0,117.0,988.0,105.0,977.0,105.0,1,2,0
411,189,302.0,140.0,373.0,84.0,348.0,52.0,277.0,108.0,1,0,0
411,190,634.0,142.0,689.0,75.0,658.0,50.0,603.0,117.0,1,0,0
411,191,969.0,110.0,982.0,110.0,982.0,96.0,969.0,96.0,1,2,0
411,192,297.0,81.0,325.0,-1.0,284.0,-15.0,256.0,67.0,1,0,0
411,193,620.0,79.0,666.0,10.0,635.0,-10.0,589.0,59.0,1,0,0
412,105,752.0,681.0,834.0,671.0,829.0,635.0,747.0,645.0,1,0,0
412,106,515.0,125.0,550.0,111.0,520.0,34.0,485.0,48.0,1,0,0
412,118,448.0,781.0,459.0,781.0,459.0,766.0,448.0,766.0,1,2,0
412,145,603.0,914.0,646.0,841.0,613.0,822.0,570.0,895.0,1,0,0
412,147,396.0,101.0,410.0,95.0,395.0,60.0,380.0,66.0,1,1,0
412,148,389.0,86.0,405.0,79.0,399.0,67.0,384.0,74.0,1,2,0
412,150,581.0,865.0,625.0,792.0,590.0,771.0,546.0,844.0,1,0,0
412,151,792.0,821.0,837.0,805.0,828.0,780.0,783.0,796.0,1,7,0
412,152,1110.0,546.0,1123.0,544.0,1120.0,526.0,1107.0,528.0,1,2,0
412,154,782.0,773.0,829.0,702.0,798.0,682.0,752.0,753.0,1,0,0
412,155,541.0,751.0,599.0,683.0,568.0,657.0,510.0,725.0,1,0,0
412,156,1016.0,359.0,1029.0,359.0,1029.0,344.0,1016.0,344.0,1,2,0
412,157,512.0,692.0,576.0,632.0,550.0,605.0,487.0,665.0,1,0,0
412,161,502.0,638.0,555.0,566.0,522.0,542.0,469.0,614.0,1,0,0
412,163,731.0,585.0,812.0,563.0,802.0,527.0,721.0,549.0,1,0,0
412,164,1028.0,325.0,1028.0,313.0,1014.0,313.0,1014.0,325.0,1,2,0
412,165,1027.0,324.0,1040.0,324.0,1040.0,311.0,1027.0,311.0,1,2,0
412,166,715.0,527.0,802.0,502.0,791.0,465.0,705.0,490.0,1,0,0
412,167,446.0,492.0,490.0,409.0,453.0,390.0,409.0,473.0,1,0,0
412,168,717.0,469.0,798.0,430.0,782.0,396.0,701.0,435.0,1,0,0
412,171,425.0,429.0,478.0,356.0,446.0,333.0,393.0,406.0,1,0,0
412,172,692.0,414.0,778.0,386.0,766.0,349.0,680.0,377.0,1,0,0
412,175,395.0,377.0,458.0,312.0,429.0,284.0,366.0,349.0,1,0,0
412,176,684.0,362.0,769.0,329.0,755.0,293.0,670.0,326.0,1,0,0
412,177,1107.0,452.0,1123.0,452.0,1123.0,438.0,1107.0,438.0,1,2,0
412,178,367.0,333.0,400.0,319.0,391.0,300.0,359.0,314.0,1,7,0
412,179,931.0,90.0,946.0,90.0,946.0,73.0,931.0,73.0,1,2,0
412,180,674.0,311.0,746.0,266.0,726.0,234.0,654.0,279.0,1,0,0
412,181,943.0,64.0,959.0,64.0,959.0,49.0,943.0,49.0,1,2,0
412,182,382.0,301.0,443.0,234.0,413.0,207.0,352.0,274.0,1,0,0
412,183,27.0,363.0,28.0,348.0,14.0,347.0,13.0,362.0,1,2,0
412,184,341.0,253.0,405.0,195.0,378.0,166.0,315.0,224.0,1,0,0
412,185,941.0,115.0,958.0,115.0,958.0,101.0,941.0,101.0,1,2,0
412,186,652.0,222.0,731.0,177.0,710.0,142.0,631.0,187.0,1,0,0
412,187,328.0,202.0,388.0,140.0,359.0,112.0,299.0,174.0,1,0,0
412,188,980.0,133.0,991.0,133.0,991.0,121.0,980.0,121.0,1,2,0
412,189,304.0,155.0,375.0,99.0,350.0,67.0,279.0,123.0,1,0,0
412,190,632.0,156.0,692.0,88.0,663.0,63.0,604.0,131.0,1,0,0
412,191,974.0,125.0,985.0,125.0,985.0,114.0,974.0,114.0,1,2,0
412,192,296.0,96.0,331.0,12.0,291.0,-5.0,256.0,79.0,1,0,0
412,193,623.0,93.0,671.0,18.0,638.0,-2.0,590.0,73.0,1,0,0
413,105,754.0,690.0,837.0,678.0,832.0,642.0,748.0,654.0,1,0,0
413,106,502.0,99.0,538.0,85.0,507.0,9.0,471.0,23.0,1,0,0
413,118,445.0,782.0,457.0,782.0,457.0,770.0,445.0,770.0,1,2,0
413,145,600.0,924.0,643.0,848.0,612.0,830.0,568.0,905.0,1,0,0
413,147,370.0,58.0,385.0,51.0,370.0,16.0,355.0,23.0,1,1,0
413,148,366.0,42.0,378.0,36.0,372.0,23.0,360.0,29.0,1,2,0
413,150,582.0,872.0,625.0,799.0,589.0,778.0,546.0,851.0,1,0,0
413,151,791.0,826.0,830.0,813.0,822.0,790.0,783.0,803.0,1,7,0
413,152,1106.0,548.0,1121.0,548.0,1121.0,535.0,1106.0,535.0,1,2,0
413,154,781.0,779.0,825.0,714.0,795.0,693.0,751.0,758.0,1,0,0
413,155,540.0,759.0,599.0,692.0,569.0,666.0,510.0,733.0,1,0,0
413,156,1008.0,358.0,1022.0,358.0,1022.0,344.0,1008.0,344.0,1,2,0
413,157,513.0,701.0,577.0,641.0,550.0,613.0,487.0,673.0,1,0,0
413,161,500.0,646.0,554.0,574.0,521.0,550.0,467.0,622.0,1,0,0
413,163,730.0,593.0,810.0,572.0,800.0,537.0,721.0,558.0,1,0,0
413,164,1010.0,329.0,1025.0,329.0,1025.0,316.0,1010.0,316.0,1,2,0
413,165,1025.0,328.0,1038.0,328.0,1038.0,313.0,1025.0,313.0,1,2,0
413,166,715.0,536.0,801.0,511.0,791.0,473.0,705.0,498.0,1,0,0
413,167,446.0,501.0,492.0,418.0,454.0,397.0,408.0,480.0,1,0,0
413,168,718.0,478.0,797.0,438.0,780.0,404.0,701.0,444.0,1,0,0
413,171,425.0,438.0,478.0,363.0,445.0,339.0,392.0,414.0,1,0,0
413,172,693.0,422.0,777.0,394.0,765.0,358.0,681.0,386.0,1,0,0
413,175,394.0,385.0,458.0,319.0,429.0,292.0,366.0,358.0,1,0,0
413,176,685.0,370.0,769.0,338.0,755.0,301.0,670.0,333.0,1,0,0
413,177,1106.0,453.0,1121.0,453.0,1121.0,439.0,1106.0,439.0,1,2,0
413,178,367.0,342.0,400.0,328.0,391.0,307.0,358.0,321.0,1,7,0
413,179,931.0,87.0,946.0,87.0,946.0,69.0,931.0,69.0,1,2,0
413,180,673.0,319.0,747.0,273.0,728.0,242.0,654.0,288.0,1,0,0
413,181,962.0,64.0,962.0,48.0,946.0,48.0,946.0,64.0,1,2,0
413,182,383.0,311.0,444.0,242.0,412.0,214.0,351.0,283.0,1,0,0
413,183,10.0,374.0,25.0,373.0,25.0,361.0,10.0,362.0,1,2,0
413,184,340.0,262.0,405.0,203.0,379.0,174.0,314.0,233.0,1,0,0
413,185,941.0,123.0,959.0,123.0,959.0,104.0,941.0,104.0,1,2,0
413,186,651.0,231.0,730.0,184.0,710.0,149.0,631.0,196.0,1,0,0
413,187,328.0,210.0,388.0,149.0,359.0,121.0,299.0,182.0,1,0,0
413,188,981.0,144.0,992.0,138.0,987.0,128.0,976.0,134.0,1,2,0
413,189,305.0,161.0,377.0,105.0,351.0,73.0,280.0,129.0,1,0,0
413,190,632.0,165.0,692.0,99.0,663.0,73.0,603.0,139.0,1,0,0
413,191,973.0,131.0,984.0,130.0,983.0,119.0,972.0,121.0,1,2,0
413,192,295.0,104.0,332.0,19.0,291.0,2.0,255.0,87.0,1,0,0
413,193,624.0,102.0,672.0,24.0,638.0,4.0,590.0,82.0,1,0,0
414,105,751.0,710.0,834.0,700.0,830.0,664.0,747.0,674.0,1,0,0
414,106,490.0,88.0,526.0,73.0,495.0,-4.0,459.0,11.0,1,0,0
414,118,443.0,796.0,454.0,796.0,454.0,783.0,443.0,783.0,1,2,0
414,145,609.0,931.0,644.0,871.0,610.0,852.0,575.0,912.0,1,0,0
414,147,347.0,27.0,361.0,19.0,346.0,-8.0,331.0,0.0,1,1,0
414,148,343.0,19.0,357.0,12.0,350.0,-1.0,336.0,6.0,1,2,0
414,150,580.0,892.0,624.0,819.0,590.0,798.0,546.0,871.0,1,0,0
414,151,791.0,847.0,830.0,835.0,823.0,812.0,784.0,824.0,1,7,0
414,152,1105.0,566.0,1119.0,561.0,1113.0,544.0,1099.0,549.0,1,2,0
414,154,784.0,800.0,824.0,732.0,791.0,713.0,751.0,781.0,1,0,0
414,155,541.0,780.0,599.0,712.0,568.0,686.0,510.0,754.0,1,0,0
414,156,1006.0,370.0,1019.0,370.0,1019.0,358.0,1006.0,358.0,1,2,0
414,157,513.0,722.0,577.0,659.0,551.0,632.0,486.0,695.0,1,0,0
414,161,500.0,666.0,554.0,594.0,522.0,570.0,468.0,642.0,1,0,0
414,163,730.0,615.0,811.0,592.0,801.0,556.0,720.0,579.0,1,0,0
414,164,1009.0,341.0,1022.0,341.0,1022.0,325.0,1009.0,325.0,1,2,0
414,165,1022.0,340.0,1036.0,340.0,1036.0,324.0,1022.0,324.0,1,2,0
414,166,715.0,556.0,802.0,531.0,791.0,493.0,704.0,518.0,1,0,0
414,167,444.0,521.0,489.0,438.0,453.0,418.0,408.0,501.0,1,0,0
414,168,717.0,498.0,796.0,459.0,780.0,426.0,700.0,465.0,1,0,0
414,171,425.0,458.0,480.0,384.0,447.0,360.0,392.0,434.0,1,0,0
414,172,692.0,442.0,778.0,414.0,767.0,377.0,681.0,405.0,1,0,0
414,175,395.0,405.0,458.0,340.0,429.0,312.0,366.0,377.0,1,0,0
414,176,683.0,391.0,768.0,359.0,754.0,322.0,669.0,354.0,1,0,0
414,177,1104.0,467.0,1119.0,467.0,1119.0,454.0,1104.0,454.0,1,2,0
414,178,367.0,362.0,399.0,349.0,391.0,329.0,359.0,342.0,1,7,0
414,179,933.0,95.0,948.0,95.0,948.0,81.0,933.0,81.0,1,2,0
414,180,673.0,340.0,746.0,295.0,727.0,263.0,653.0,308.0,1,0,0
414,181,959.0,81.0,966.0,60.0,952.0,55.0,945.0,76.0,1,2,0
414,182,381.0,330.0,443.0,262.0,414.0,235.0,352.0,303.0,1,0,0
414,183,9.0,399.0,22.0,399.0,22.0,387.0,9.0,387.0,1,2,0
414,184,341.0,281.0,405.0,221.0,379.0,193.0,315.0,253.0,1,0,0
414,185,938.0,131.0,954.0,131.0,954.0,117.0,938.0,117.0,1,2,0
414,186,649.0,251.0,731.0,209.0,712.0,173.0,631.0,215.0,1,0,0
414,187,328.0,231.0,388.0,167.0,360.0,140.0,299.0,204.0,1,0,0
414,188,980.0,163.0,991.0,162.0,990.0,151.0,979.0,152.0,1,2,0
414,189,305.0,184.0,377.0,127.0,350.0,94.0,278.0,151.0,1,0,0
414,190,632.0,186.0,693.0,118.0,663.0,92.0,602.0,160.0,1,0,0
414,191,975.0,157.0,985.0,151.0,980.0,141.0,970.0,146.0,1,2,0
414,192,296.0,126.0,332.0,40.0,292.0,23.0,255.0,109.0,1,0,0
414,193,623.0,122.0,670.0,46.0,637.0,26.0,590.0,102.0,1,0,0
414,194,273.0,63.0,300.0,-17.0,261.0,-30.0,234.0,50.0,1,0,0
414,195,560.0,45.0,653.0,24.0,645.0,-17.0,551.0,4.0,1,0,0
415,105,763.0,721.0,848.0,710.0,843.0,673.0,759.0,684.0,1,0,0
415,106,488.0,65.0,522.0,51.0,495.0,-16.0,461.0,-2.0,1,0,0
415,118,451.0,801.0,465.0,801.0,465.0,780.0,451.0,780.0,1,2,0
415,150,592.0,902.0,637.0,827.0,603.0,807.0,558.0,882.0,1,0,0
415,151,802.0,859.0,849.0,847.0,842.0,820.0,795.0,832.0,1,7,0
415,152,1113.0,570.0,1128.0,570.0,1128.0,554.0,1113.0,554.0,1,2,0
415,154,795.0,810.0,839.0,739.0,807.0,718.0,762.0,789.0,1,0,0
415,155,551.0,790.0,611.0,721.0,582.0,695.0,521.0,764.0,1,0,0
415,156,1026.0,376.0,1026.0,360.0,1012.0,360.0,1012.0,376.0,1,2,0
415,157,525.0,732.0,590.0,670.0,563.0,643.0,498.0,705.0,1,0,0
415,161,513.0,678.0,567.0,604.0,533.0,579.0,479.0,653.0,1,0,0
415,163,741.0,624.0,822.0,603.0,813.0,566.0,732.0,587.0,1,0,0
415,164,1019.0,344.0,1031.0,344.0,1031.0,332.0,1019.0,332.0,1,2,0
415,165,1031.0,341.0,1043.0,341.0,1043.0,329.0,1031.0,329.0,1,2,0
415,166,726.0,567.0,812.0,542.0,801.0,504.0,714.0,529.0,1,0,0
415,167,456.0,531.0,501.0,449.0,465.0,429.0,420.0,511.0,1,0,0
415,168,728.0,509.0,806.0,470.0,789.0,436.0,711.0,475.0,1,0,0
415,171,438.0,469.0,490.0,394.0,456.0,370.0,403.0,445.0,1,0,0
415,172,703.0,452.0,789.0,424.0,777.0,387.0,691.0,415.0,1,0,0
415,175,405.0,416.0,469.0,350.0,440.0,323.0,377.0,389.0,1,0,0
415,176,694.0,401.0,779.0,368.0,765.0,332.0,680.0,365.0,1,0,0
415,177,1125.0,470.0,1125.0,457.0,1112.0,457.0,1112.0,470.0,1,2,0
415,178,377.0,372.0,409.0,361.0,403.0,341.0,370.0,352.0,1,7,0
415,179,945.0,98.0,961.0,98.0,961.0,80.0,945.0,80.0,1,2,0
415,180,682.0,350.0,757.0,305.0,736.0,272.0,662.0,317.0,1,0,0
415,181,964.0,76.0,980.0,76.0,980.0,59.0,964.0,59.0,1,2,0
415,182,394.0,342.0,454.0,273.0,423.0,245.0,362.0,314.0,1,0,0
415,183,17.0,420.0,34.0,419.0,33.0,407.0,16.0,408.0,1,2,0
415,184,353.0,293.0,416.0,234.0,389.0,205.0,326.0,264.0,1,0,0
415,185,947.0,134.0,962.0,134.0,962.0,118.0,947.0,118.0,1,2,0
415,186,661.0,261.0,740.0,216.0,721.0,181.0,642.0,226.0,1,0,0
415,187,339.0,241.0,398.0,177.0,370.0,150.0,311.0,214.0,1,0,0
415,188,990.0,172.0,1002.0,171.0,1001.0,160.0,989.0,162.0,1,2,0
415,189,316.0,195.0,387.0,138.0,361.0,105.0,290.0,162.0,1,0,0
415,190,643.0,195.0,703.0,128.0,674.0,102.0,614.0,169.0,1,0,0
415,191,985.0,166.0,996.0,161.0,990.0,150.0,980.0,155.0,1,2,0
415,192,305.0,136.0,341.0,52.0,302.0,36.0,267.0,120.0,1,0,0
415,193,634.0,132.0,678.0,57.0,646.0,38.0,601.0,113.0,1,0,0
415,194,280.0,76.0,311.0,-3.0,272.0,-18.0,241.0,61.0,1,0,0
415,195,569.0,55.0,662.0,35.0,653.0,-4.0,560.0,16.0,1,0,0
416,105,778.0,736.0,861.0,724.0,855.0,687.0,772.0,699.0,1,0,0
416,106,485.0,47.0,522.0,33.0,496.0,-36.0,459.0,-22.0,1,0,0
416,118,462.0,808.0,473.0,808.0,473.0,795.0,462.0,795.0,1,2,0
416,150,606.0,917.0,651.0,844.0,616.0,823.0,571.0,896.0,1,0,0
416,152,1126.0,579.0,1141.0,579.0,1141.0,561.0,1126.0,561.0,1,2,0
416,154,809.0,824.0,852.0,752.0,818.0,732.0,775.0,804.0,1,0,0
416,155,563.0,805.0,623.0,738.0,594.0,712.0,534.0,779.0,1,0,0
416,156,1016.0,380.0,1032.0,380.0,1032.0,366.0,1016.0,366.0,1,2,0
416,157,538.0,748.0,602.0,684.0,574.0,657.0,510.0,721.0,1,0,0
416,161,525.0,693.0,578.0,618.0,544.0,594.0,491.0,669.0,1,0,0
416,163,753.0,639.0,834.0,616.0,824.0,580.0,743.0,603.0,1,0,0
416,164,1026.0,354.0,1040.0,354.0,1040.0,338.0,1026.0,338.0,1,2,0
416,165,1039.0,353.0,1054.0,352.0,1053.0,335.0,1038.0,336.0,1,2,0
416,166,738.0,581.0,825.0,556.0,814.0,519.0,728.0,544.0,1,0,0
416,167,469.0,546.0,514.0,463.0,477.0,444.0,433.0,527.0,1,0,0
416,168,740.0,524.0,818.0,486.0,802.0,452.0,724.0,490.0,1,0,0
416,171,449.0,484.0,501.0,410.0,469.0,387.0,417.0,461.0,1,0,0
416,172,714.0,467.0,800.0,439.0,789.0,403.0,703.0,431.0,1,0,0
416,175,418.0,432.0,482.0,367.0,453.0,339.0,390.0,404.0,1,0,0
416,176,707.0,416.0,793.0,383.0,779.0,346.0,692.0,379.0,1,0,0
416,177,1121.0,477.0,1137.0,477.0,1137.0,461.0,1121.0,461.0,1,2,0
416,178,391.0,387.0,423.0,373.0,415.0,355.0,383.0,369.0,1,7,0
416,179,959.0,105.0,975.0,105.0,975.0,86.0,959.0,86.0,1,2,0
416,180,696.0,365.0,768.0,320.0,748.0,289.0,676.0,334.0,1,0,0
416,181,995.0,81.0,996.0,65.0,981.0,64.0,980.0,80.0,1,2,0
416,182,406.0,358.0,468.0,290.0,436.0,261.0,374.0,329.0,1,0,0
416,183,26.0,442.0,43.0,442.0,43.0,429.0,26.0,429.0,1,2,0
416,184,363.0,307.0,428.0,247.0,402.0,220.0,337.0,280.0,1,0,0
416,185,959.0,144.0,974.0,144.0,974.0,123.0,959.0,123.0,1,2,0
416,186,672.0,276.0,752.0,230.0,733.0,196.0,652.0,242.0,1,0,0
416,187,351.0,257.0,412.0,194.0,382.0,166.0,322.0,229.0,1,0,0
416,188,1002.0,187.0,1013.0,186.0,1012.0,176.0,1001.0,177.0,1,2,0
416,189,329.0,211.0,399.0,154.0,372.0,121.0,302.0,178.0,1,0,0
416,190,655.0,210.0,713.0,144.0,684.0,119.0,626.0,185.0,1,0,0
416,191,997.0,181.0,1007.0,176.0,1002.0,165.0,991.0,171.0,1,2,0
416,192,319.0,153.0,356.0,65.0,315.0,48.0,278.0,136.0,1,0,0
416,193,645.0,148.0,691.0,75.0,659.0,54.0,613.0,127.0,1,0,0
416,194,295.0,91.0,324.0,9.0,284.0,-5.0,254.0,77.0,1,0,0
416,195,581.0,71.0,676.0,50.0,666.0,8.0,572.0,29.0,1,0,0
417,105,759.0,756.0,843.0,744.0,837.0,707.0,754.0,719.0,1,0,0
417,118,443.0,820.0,455.0,820.0,455.0,807.0,443.0,807.0,1,2,0
417,146,1072.0,575.0,1067.0,561.0,1058.0,564.0,1063.0,578.0,1,2,0
417,150,590.0,934.0,633.0,865.0,597.0,843.0,554.0,912.0,1,0,0
417,151,802.0,894.0,832.0,879.0,819.0,856.0,790.0,871.0,1,7,0
417,152,1103.0,596.0,1120.0,596.0,1120.0,581.0,1103.0,581.0,1,2,0
417,154,793.0,847.0,836.0,773.0,801.0,753.0,758.0,827.0,1,0,0
417,155,546.0,826.0,605.0,759.0,574.0,733.0,516.0,800.0,1,0,0
417,156,1000.0,393.0,1012.0,393.0,1012.0,382.0,1000.0,382.0,1,2,0
417,157,520.0,768.0,584.0,707.0,557.0,679.0,493.0,740.0,1,0,0
417,161,508.0,712.0,561.0,640.0,528.0,616.0,475.0,688.0,1,0,0
417,163,736.0,660.0,818.0,638.0,808.0,602.0,726.0,624.0,1,0,0
417,164,1009.0,366.0,1023.0,366.0,1023.0,353.0,1009.0,353.0,1,2,0
417,165,1024.0,364.0,1037.0,364.0,1037.0,352.0,1024.0,352.0,1,2,0
417,166,721.0,602.0,809.0,576.0,798.0,538.0,710.0,564.0,1,0,0
417,167,453.0,566.0,497.0,484.0,459.0,464.0,415.0,546.0,1,0,0
417,168,724.0,544.0,802.0,505.0,785.0,471.0,707.0,510.0,1,0,0
417,171,432.0,503.0,485.0,429.0,453.0,406.0,399.0,480.0,1,0,0
417,172,699.0,488.0,784.0,460.0,773.0,424.0,687.0,452.0,1,0,0
417,175,403.0,451.0,465.0,386.0,436.0,358.0,374.0,423.0,1,0,0
417,176,690.0,436.0,776.0,403.0,762.0,367.0,677.0,400.0,1,0,0
417,177,1104.0,492.0,1116.0,492.0,1116.0,481.0,1104.0,481.0,1,2,0
417,178,375.0,408.0,407.0,394.0,398.0,374.0,366.0,388.0,1,7,0
417,179,961.0,114.0,962.0,100.0,949.0,99.0,948.0,113.0,1,2,0
417,180,679.0,385.0,752.0,340.0,733.0,308.0,660.0,353.0,1,0,0
417,181,974.0,100.0,989.0,84.0,977.0,74.0,962.0,90.0,1,2,0
417,182,387.0,376.0,450.0,308.0,421.0,281.0,358.0,349.0,1,0,0
417,183,4.0,470.0,20.0,470.0,20.0,455.0,4.0,455.0,1,2,0
417,184,349.0,328.0,413.0,268.0,385.0,239.0,321.0,299.0,1,0,0
417,185,944.0,153.0,958.0,153.0,958.0,140.0,944.0,140.0,1,2,0
417,186,658.0,297.0,737.0,252.0,717.0,217.0,638.0,262.0,1,0,0
417,187,336.0,277.0,396.0,214.0,367.0,186.0,306.0,249.0,1,0,0
417,188,988.0,209.0,1000.0,208.0,999.0,197.0,987.0,198.0,1,2,0
417,189,312.0,230.0,385.0,173.0,359.0,140.0,286.0,197.0,1,0,0
417,190,639.0,231.0,700.0,164.0,670.0,137.0,609.0,204.0,1,0,0
417,191,983.0,203.0,994.0,198.0,988.0,187.0,978.0,192.0,1,2,0
417,192,304.0,171.0,340.0,87.0,298.0,69.0,262.0,153.0,1,0,0
417,193,629.0,167.0,676.0,97.0,644.0,76.0,597.0,146.0,1,0,0
417,194,278.0,111.0,309.0,25.0,270.0,10.0,238.0,96.0,1,0,0
417,195,565.0,90.0,659.0,71.0,651.0,32.0,557.0,51.0,1,0,0
418,105,765.0,768.0,848.0,754.0,842.0,717.0,758.0,731.0,1,0,0
418,118,446.0,825.0,459.0,825.0,459.0,808.0,446.0,808.0,1,2,0
418,146,1063.0,584.0,1075.0,581.0,1070.0,566.0,1059.0,570.0,1,2,0
418,150,591.0,947.0,638.0,875.0,604.0,853.0,557.0,925.0,1,0,0
418,151,802.0,900.0,839.0,894.0,835.0,870.0,798.0,876.0,1,7,0
418,152,1107.0,602.0,1122.0,602.0,1122.0,587.0,1107.0,587.0,1,2,0
418,154,796.0,856.0,837.0,789.0,804.0,769.0,763.0,836.0,1,0,0
418,155,555.0,836.0,612.0,769.0,580.0,742.0,523.0,809.0,1,0,0
418,156,1000.0,400.0,1012.0,400.0,1012.0,386.0,1000.0,386.0,1,2,0
418,157,525.0,779.0,589.0,718.0,561.0,690.0,497.0,751.0,1,0,0
418,161,512.0,724.0,565.0,652.0,532.0,628.0,479.0,700.0,1,0,0
418,163,741.0,671.0,822.0,649.0,811.0,612.0,730.0,634.0,1,0,0
418,164,1010.0,371.0,1023.0,371.0,1023.0,357.0,1010.0,357.0,1,2,0
418,165,1023.0,368.0,1037.0,368.0,1037.0,355.0,1023.0,355.0,1,2,0
418,166,727.0,613.0,812.0,588.0,801.0,550.0,715.0,575.0,1,0,0
418,167,456.0,577.0,501.0,497.0,465.0,477.0,420.0,557.0,1,0,0
418,168,727.0,554.0,804.0,517.0,789.0,484.0,712.0,521.0,1,0,0
418,171,436.0,514.0,489.0,442.0,457.0,419.0,404.0,491.0,1,0,0
418,172,704.0,499.0,789.0,470.0,777.0,434.0,691.0,463.0,1,0,0
418,175,406.0,461.0,466.0,398.0,439.0,372.0,378.0,435.0,1,0,0
418,176,695.0,448.0,782.0,414.0,767.0,377.0,680.0,411.0,1,0,0
418,178,376.0,418.0,410.0,407.0,404.0,387.0,370.0,398.0,1,7,0
418,179,961.0,122.0,974.0,105.0,962.0,96.0,949.0,113.0,1,2,0
418,180,684.0,396.0,756.0,351.0,736.0,319.0,664.0,364.0,1,0,0
418,181,980.0,102.0,1001.0,90.0,994.0,79.0,974.0,91.0,1,2,0
418,182,392.0,387.0,453.0,321.0,424.0,294.0,363.0,360.0,1,0,0
418,183,4.0,487.0,20.0,487.0,20.0,475.0,4.0,475.0,1,2,0
418,184,352.0,340.0,415.0,280.0,389.0,252.0,325.0,312.0,1,0,0
418,185,961.0,162.0,962.0,139.0,948.0,138.0,947.0,161.0,1,2,0
418,186,661.0,309.0,740.0,263.0,720.0,227.0,640.0,273.0,1,0,0
418,187,338.0,288.0,398.0,226.0,369.0,199.0,310.0,261.0,1,0,0
418,188,992.0,218.0,1003.0,216.0,1002.0,206.0,991.0,207.0,1,2,0
418,189,315.0,241.0,385.0,185.0,359.0,153.0,290.0,209.0,1,0,0
418,190,642.0,242.0,704.0,176.0,674.0,149.0,613.0,215.0,1,0,0
418,191,987.0,212.0,997.0,206.0,992.0,196.0,981.0,201.0,1,2,0
418,192,305.0,183.0,340.0,99.0,302.0,83.0,267.0,167.0,1,0,0
418,193,636.0,179.0,683.0,97.0,648.0,77.0,600.0,159.0,1,0,0
418,194,282.0,122.0,310.0,42.0,271.0,28.0,242.0,108.0,1,0,0
418,195,569.0,100.0,665.0,80.0,656.0,41.0,561.0,61.0,1,0,0
418,196,1163.0,759.0,1179.0,759.0,1179.0,743.0,1163.0,743.0,1,2,0
419,105,760.0,768.0,844.0,755.0,838.0,719.0,754.0,732.0,1,0,0
419,118,450.0,821.0,451.0,807.0,440.0,806.0,438.0,820.0,1,2,0
419,146,1065.0,583.0,1065.0,568.0,1055.0,568.0,1055.0,583.0,1,2,0
419,151,795.0,900.0,832.0,897.0,830.0,875.0,794.0,878.0,1,7,0
419,152,1101.0,602.0,1115.0,602.0,1115.0,586.0,1101.0,586.0,1,2,0
419,154,789.0,857.0,828.0,794.0,796.0,775.0,757.0,838.0,1,0,0
419,155,546.0,838.0,606.0,772.0,576.0,745.0,516.0,811.0,1,0,0
419,156,990.0,393.0,1004.0,393.0,1004.0,380.0,990.0,380.0,1,2,0
419,157,520.0,781.0,583.0,719.0,556.0,691.0,493.0,753.0,1,0,0
419,161,507.0,725.0,562.0,651.0,529.0,626.0,474.0,700.0,1,0,0
419,163,738.0,673.0,817.0,651.0,807.0,615.0,727.0,637.0,1,0,0
419,164,1004.0,366.0,1016.0,366.0,1016.0,354.0,1004.0,354.0,1,2,0
419,165,1016.0,366.0,1030.0,366.0,1030.0,350.0,1016.0,350.0,1,2,0
419,166,721.0,615.0,807.0,590.0,796.0,553.0,711.0,578.0,1,0,0
419,167,453.0,578.0,496.0,499.0,459.0,479.0,416.0,558.0,1,0,0
419,168,722.0,556.0,801.0,518.0,786.0,485.0,707.0,523.0,1,0,0
419,171,434.0,517.0,487.0,443.0,453.0,419.0,400.0,493.0,1,0,0
419,172,698.0,501.0,784.0,473.0,773.0,437.0,687.0,465.0,1,0,0
419,175,401.0,463.0,463.0,400.0,435.0,372.0,373.0,435.0,1,0,0
419,176,690.0,450.0,774.0,416.0,760.0,380.0,676.0,414.0,1,0,0
419,177,1098.0,494.0,1112.0,494.0,1112.0,480.0,1098.0,480.0,1,2,0
419,178,375.0,421.0,407.0,408.0,398.0,388.0,366.0,401.0,1,7,0
419,179,968.0,114.0,973.0,97.0,959.0,93.0,954.0,110.0,1,2,0
419,180,679.0,398.0,752.0,354.0,733.0,322.0,660.0,366.0,1,0,0
419,181,998.0,95.0,1000.0,79.0,986.0,77.0,984.0,93.0,1,2,0
419,182,388.0,388.0,450.0,322.0,420.0,295.0,359.0,361.0,1,0,0
419,183,0.0,493.0,14.0,493.0,14.0,479.0,0.0,479.0,1,2,0
419,184,348.0,341.0,413.0,281.0,387.0,252.0,322.0,312.0,1,0,0
419,185,946.0,152.0,959.0,152.0,959.0,138.0,946.0,138.0,1,2,0
419,186,656.0,310.0,739.0,268.0,721.0,231.0,638.0,273.0,1,0,0
419,187,335.0,288.0,395.0,225.0,366.0,198.0,307.0,261.0,1,0,0
419,188,989.0,221.0,1000.0,220.0,999.0,209.0,988.0,210.0,1,2,0
419,189,312.0,241.0,384.0,184.0,359.0,152.0,287.0,209.0,1,0,0
419,190,638.0,243.0,700.0,177.0,671.0,151.0,610.0,217.0,1,0,0
419,191,984.0,215.0,994.0,210.0,989.0,199.0,978.0,204.0,1,2,0
419,192,303.0,184.0,339.0,96.0,299.0,80.0,263.0,168.0,1,0,0
419,193,630.0,180.0,676.0,107.0,644.0,87.0,598.0,160.0,1,0,0
419,194,275.0,123.0,309.0,44.0,272.0,28.0,238.0,107.0,1,0,0
419,195,564.0,103.0,661.0,84.0,653.0,45.0,557.0,64.0,1,0,0
419,196,1151.0,754.0,1167.0,754.0,1167.0,738.0,1151.0,738.0,1,2,0
420,105,761.0,793.0,842.0,780.0,836.0,744.0,756.0,757.0,1,0,0
420,118,449.0,839.0,450.0,824.0,438.0,823.0,437.0,838.0,1,2,0
420,146,1067.0,598.0,1067.0,584.0,1056.0,584.0,1056.0,598.0,1,2,0
420,152,1107.0,626.0,1119.0,618.0,1109.0,603.0,1098.0,611.0,1,2,0
420,154,792.0,885.0,835.0,815.0,801.0,794.0,758.0,864.0,1,0,0
420,155,550.0,862.0,608.0,795.0,578.0,769.0,519.0,836.0,1,0,0
420,156,990.0,410.0,1002.0,410.0,1002.0,399.0,990.0,399.0,1,2,0
420,157,522.0,806.0,585.0,744.0,558.0,716.0,495.0,778.0,1,0,0
420,161,509.0,749.0,562.0,676.0,530.0,653.0,477.0,726.0,1,0,0
420,163,739.0,697.0,821.0,674.0,810.0,638.0,728.0,661.0,1,0,0
420,164,999.0,382.0,1015.0,382.0,1015.0,369.0,999.0,369.0,1,2,0
420,165,1017.0,381.0,1031.0,381.0,1031.0,369.0,1017.0,369.0,1,2,0
420,166,723.0,639.0,809.0,614.0,799.0,577.0,713.0,602.0,1,0,0
420,167,455.0,603.0,500.0,521.0,463.0,501.0,418.0,583.0,1,0,0
420,168,724.0,581.0,802.0,542.0,786.0,509.0,708.0,548.0,1,0,0
420,171,434.0,541.0,487.0,468.0,454.0,444.0,401.0,517.0,1,0,0
420,172,700.0,525.0,787.0,498.0,776.0,461.0,689.0,488.0,1,0,0
420,175,404.0,487.0,468.0,421.0,439.0,394.0,375.0,460.0,1,0,0
420,176,693.0,474.0,778.0,440.0,764.0,404.0,679.0,438.0,1,0,0
420,177,1097.0,510.0,1111.0,510.0,1111.0,497.0,1097.0,497.0,1,2,0
420,178,377.0,445.0,409.0,432.0,402.0,413.0,369.0,426.0,1,7,0
420,179,968.0,130.0,982.0,118.0,974.0,108.0,960.0,120.0,1,2,0
420,180,682.0,422.0,754.0,377.0,735.0,346.0,662.0,391.0,1,0,0
420,181,997.0,116.0,1013.0,107.0,1006.0,95.0,990.0,104.0,1,2,0
420,182,393.0,415.0,454.0,346.0,423.0,318.0,362.0,387.0,1,0,0
420,183,1.0,523.0,9.0,523.0,9.0,511.0,1.0,511.0,1,2,0
420,184,352.0,363.0,414.0,304.0,387.0,277.0,326.0,336.0,1,0,0
420,185,950.0,173.0,965.0,164.0,958.0,153.0,943.0,162.0,1,2,0
420,186,657.0,334.0,737.0,291.0,719.0,256.0,639.0,299.0,1,0,0
420,187,338.0,314.0,398.0,250.0,368.0,222.0,308.0,286.0,1,0,0
420,188,989.0,247.0,1001.0,246.0,1000.0,236.0,988.0,237.0,1,2,0
420,189,316.0,267.0,388.0,209.0,361.0,176.0,289.0,234.0,1,0,0
420,190,641.0,269.0,703.0,203.0,674.0,175.0,612.0,241.0,1,0,0
420,191,984.0,242.0,994.0,236.0,989.0,226.0,979.0,231.0,1,2,0
420,192,307.0,209.0,343.0,122.0,302.0,105.0,265.0,192.0,1,0,0
420,193,631.0,204.0,676.0,132.0,644.0,112.0,599.0,184.0,1,0,0
420,194,277.0,145.0,311.0,67.0,273.0,50.0,239.0,128.0,1,0,0
420,195,567.0,128.0,665.0,108.0,658.0,70.0,560.0,90.0,1,0,0
420,196,1151.0,772.0,1166.0,772.0,1166.0,754.0,1151.0,754.0,1,2,0
420,197,556.0,57.0,632.0,9.0,611.0,-24.0,535.0,24.0,1,0,0
421,105,766.0,804.0,849.0,791.0,843.0,750.0,760.0,763.0,1,0,0
421,118,441.0,842.0,454.0,842.0,454.0,822.0,441.0,822.0,1,2,0
421,146,1058.0,600.0,1070.0,600.0,1070.0,586.0,1058.0,586.0,1,2,0
421,152,1099.0,627.0,1119.0,627.0,1119.0,614.0,1099.0,614.0,1,2,0
421,154,794.0,893.0,837.0,829.0,805.0,807.0,762.0,871.0,1,0,0
421,155,554.0,872.0,612.0,802.0,582.0,778.0,525.0,848.0,1,0,0
421,156,990.0,417.0,1004.0,417.0,1004.0,403.0,990.0,403.0,1,2,0
421,157,526.0,814.0,591.0,749.0,565.0,724.0,501.0,789.0,1,0,0
421,161,517.0,760.0,570.0,684.0,535.0,660.0,482.0,736.0,1,0,0
421,163,743.0,706.0,825.0,682.0,815.0,647.0,733.0,671.0,1,0,0
421,164,1001.0,392.0,1017.0,392.0,1017.0,372.0,1001.0,372.0,1,2,0
421,165,1014.0,390.0,1031.0,390.0,1031.0,372.0,1014.0,372.0,1,2,0
421,166,727.0,648.0,815.0,623.0,805.0,587.0,717.0,612.0,1,0,0
421,167,461.0,613.0,506.0,532.0,469.0,511.0,424.0,592.0,1,0,0
421,168,731.0,590.0,809.0,551.0,793.0,518.0,715.0,557.0,1,0,0
421,171,438.0,551.0,493.0,476.0,461.0,452.0,406.0,527.0,1,0,0
421,172,706.0,535.0,789.0,509.0,777.0,470.0,693.0,496.0,1,0,0
421,175,408.0,497.0,472.0,431.0,444.0,404.0,380.0,470.0,1,0,0
421,176,697.0,482.0,781.0,450.0,768.0,415.0,683.0,447.0,1,0,0
421,177,1101.0,515.0,1116.0,515.0,1116.0,501.0,1101.0,501.0,1,2,0
421,178,381.0,455.0,416.0,441.0,408.0,422.0,374.0,436.0,1,7,0
421,179,977.0,138.0,993.0,125.0,984.0,114.0,968.0,127.0,1,2,0
421,180,685.0,432.0,756.0,391.0,738.0,360.0,667.0,401.0,1,0,0
421,181,1009.0,117.0,1029.0,109.0,1023.0,96.0,1003.0,104.0,1,2,0
421,182,397.0,424.0,458.0,356.0,426.0,328.0,365.0,396.0,1,0,0
421,184,354.0,377.0,420.0,314.0,394.0,286.0,328.0,349.0,1,0,0
421,185,955.0,173.0,969.0,173.0,969.0,153.0,955.0,153.0,1,2,0
421,186,664.0,343.0,746.0,302.0,727.0,264.0,645.0,305.0,1,0,0
421,187,341.0,323.0,402.0,259.0,374.0,233.0,313.0,297.0,1,0,0
421,188,995.0,255.0,1006.0,254.0,1005.0,244.0,994.0,245.0,1,2,0
421,189,318.0,276.0,391.0,218.0,367.0,187.0,293.0,246.0,1,0,0
421,190,647.0,276.0,707.0,208.0,678.0,182.0,617.0,250.0,1,0,0
421,191,990.0,249.0,1000.0,243.0,995.0,233.0,985.0,238.0,1,2,0
421,192,308.0,220.0,347.0,132.0,307.0,114.0,268.0,202.0,1,0,0
421,193,637.0,215.0,681.0,143.0,650.0,124.0,607.0,196.0,1,0,0
421,194,283.0,158.0,315.0,78.0,275.0,62.0,243.0,142.0,1,0,0
421,195,572.0,136.0,667.0,116.0,659.0,80.0,564.0,100.0,1,0,0
421,196,1150.0,775.0,1168.0,775.0,1168.0,757.0,1150.0,757.0,1,2,0
421,197,560.0,67.0,631.0,23.0,611.0,-9.0,540.0,35.0,1,0,0
422,105,773.0,820.0,854.0,807.0,849.0,771.0,767.0,784.0,1,0,0
422,118,444.0,851.0,457.0,851.0,457.0,836.0,444.0,836.0,1,2,0
422,146,1057.0,618.0,1072.0,617.0,1071.0,598.0,1056.0,599.0,1,2,0
422,152,1107.0,640.0,1123.0,640.0,1123.0,625.0,1107.0,625.0,1,2,0
422,154,797.0,912.0,861.0,846.0,831.0,817.0,767.0,883.0,1,0,0
422,155,562.0,890.0,621.0,822.0,589.0,794.0,530.0,862.0,1,0,0
422,156,1008.0,425.0,1008.0,414.0,995.0,413.0,995.0,424.0,1,2,0
422,157,535.0,830.0,597.0,769.0,571.0,742.0,508.0,803.0,1,0,0
422,161,521.0,776.0,575.0,704.0,542.0,680.0,489.0,752.0,1,0,0
422,163,750.0,723.0,830.0,701.0,820.0,665.0,740.0,687.0,1,0,0
422,164,1004.0,403.0,1021.0,403.0,1021.0,384.0,1004.0,384.0,1,2,0
422,165,1022.0,396.0,1037.0,396.0,1037.0,382.0,1022.0,382.0,1,2,0
422,166,736.0,665.0,821.0,640.0,810.0,603.0,725.0,628.0,1,0,0
422,167,466.0,630.0,511.0,548.0,476.0,528.0,431.0,610.0,1,0,0
422,168,738.0,607.0,817.0,569.0,801.0,535.0,721.0,573.0,1,0,0
422,171,447.0,567.0,500.0,493.0,467.0,470.0,414.0,544.0,1,0,0
422,172,713.0,552.0,797.0,524.0,785.0,488.0,701.0,516.0,1,0,0
422,175,417.0,515.0,479.0,450.0,450.0,422.0,388.0,487.0,1,0,0
422,176,706.0,502.0,791.0,467.0,775.0,430.0,690.0,465.0,1,0,0
422,177,1106.0,526.0,1119.0,526.0,1119.0,512.0,1106.0,512.0,1,2,0
422,178,388.0,471.0,419.0,459.0,412.0,440.0,381.0,452.0,1,7,0
422,179,993.0,143.0,1006.0,132.0,997.0,122.0,984.0,133.0,1,2,0
422,180,694.0,448.0,765.0,402.0,745.0,371.0,674.0,417.0,1,0,0
422,181,1028.0,123.0,1040.0,123.0,1040.0,111.0,1028.0,111.0,1,2,0
422,182,403.0,440.0,466.0,372.0,436.0,344.0,372.0,412.0,1,0,0
422,184,362.0,391.0,427.0,330.0,400.0,302.0,335.0,363.0,1,0,0
422,185,965.0,181.0,979.0,181.0,979.0,166.0,965.0,166.0,1,2,0
422,186,670.0,362.0,751.0,318.0,731.0,281.0,650.0,325.0,1,0,0
422,187,348.0,339.0,408.0,278.0,380.0,251.0,320.0,312.0,1,0,0
422,188,1000.0,272.0,1011.0,271.0,1010.0,261.0,999.0,262.0,1,2,0
422,189,327.0,293.0,398.0,236.0,373.0,204.0,302.0,261.0,1,0,0
422,190,652.0,294.0,714.0,229.0,685.0,202.0,624.0,267.0,1,0,0
422,191,995.0,265.0,1005.0,260.0,1000.0,249.0,990.0,255.0,1,2,0
422,192,316.0,236.0,352.0,152.0,313.0,135.0,276.0,219.0,1,0,0
422,193,645.0,230.0,688.0,159.0,655.0,139.0,612.0,210.0,1,0,0
422,194,291.0,173.0,321.0,95.0,282.0,80.0,252.0,158.0,1,0,0
422,195,578.0,156.0,675.0,136.0,667.0,97.0,570.0,117.0,1,0,0
422,196,1157.0,784.0,1173.0,784.0,1173.0,769.0,1157.0,769.0,1,2,0
422,197,567.0,83.0,641.0,36.0,621.0,4.0,547.0,51.0,1,0,0
422,198,547.0,39.0,610.0,-6.0,588.0,-37.0,525.0,8.0,1,0,0
422,199,241.0,51.0,278.0,35.0,244.0,-42.0,207.0,-26.0,1,0,0
423,105,771.0,828.0,854.0,815.0,848.0,778.0,765.0,791.0,1,0,0
423,118,441.0,852.0,453.0,852.0,453.0,838.0,441.0,838.0,1,2,0
423,146,1054.0,615.0,1070.0,614.0,1068.0,596.0,1052.0,597.0,1,2,0
423,152,1119.0,643.0,1119.0,625.0,1104.0,625.0,1104.0,643.0,1,2,0
423,154,806.0,917.0,854.0,854.0,819.0,828.0,771.0,891.0,1,0,0
423,155,559.0,896.0,617.0,830.0,588.0,804.0,530.0,870.0,1,0,0
423,156,989.0,425.0,1003.0,425.0,1003.0,412.0,989.0,412.0,1,2,0
423,157,534.0,839.0,597.0,777.0,569.0,749.0,506.0,811.0,1,0,0
423,161,521.0,784.0,574.0,712.0,540.0,687.0,487.0,759.0,1,0,0
423,163,749.0,730.0,829.0,708.0,819.0,672.0,739.0,694.0,1,0,0
423,164,1003.0,394.0,1017.0,394.0,1017.0,379.0,1003.0,379.0,1,2,0
423,165,1017.0,397.0,1033.0,397.0,1033.0,381.0,1017.0,381.0,1,2,0
423,166,734.0,672.0,820.0,646.0,810.0,610.0,724.0,636.0,1,0,0
423,167,465.0,637.0,509.0,556.0,473.0,537.0,429.0,618.0,1,0,0
423,168,737.0,615.0,813.0,577.0,797.0,544.0,721.0,582.0,1,0,0
423,171,445.0,574.0,497.0,503.0,465.0,480.0,413.0,551.0,1,0,0
423,172,711.0,559.0,796.0,531.0,785.0,495.0,700.0,523.0,1,0,0
423,175,415.0,521.0,476.0,458.0,447.0,431.0,387.0,494.0,1,0,0
423,176,703.0,508.0,788.0,474.0,773.0,438.0,689.0,472.0,1,0,0
423,177,1098.0,526.0,1114.0,525.0,1113.0,508.0,1097.0,509.0,1,2,0
423,178,387.0,478.0,418.0,466.0,410.0,447.0,379.0,459.0,1,7,0
423,179,996.0,140.0,1010.0,140.0,1010.0,127.0,996.0,127.0,1,2,0
423,180,693.0,455.0,764.0,410.0,745.0,379.0,674.0,424.0,1,0,0
423,181,1029.0,131.0,1048.0,130.0,1047.0,114.0,1028.0,115.0,1,2,0
423,182,402.0,447.0,462.0,381.0,433.0,354.0,372.0,420.0,1,0,0
423,184,360.0,398.0,423.0,340.0,398.0,312.0,334.0,370.0,1,0,0
423,185,980.0,186.0,983.0,167.0,967.0,164.0,964.0,183.0,1,2,0
423,186,669.0,369.0,749.0,323.0,729.0,287.0,648.0,333.0,1,0,0
423,187,347.0,347.0,406.0,285.0,379.0,259.0,319.0,321.0,1,0,0
423,188,1000.0,281.0,1011.0,280.0,1010.0,270.0,999.0,271.0,1,2,0
423,189,325.0,300.0,396.0,242.0,372.0,212.0,300.0,270.0,1,0,0
423,190,652.0,302.0,712.0,237.0,683.0,210.0,622.0,275.0,1,0,0
423,191,995.0,274.0,1005.0,269.0,1000.0,258.0,990.0,264.0,1,2,0
423,192,316.0,243.0,353.0,155.0,313.0,138.0,276.0,226.0,1,0,0
423,193,643.0,238.0,689.0,170.0,654.0,146.0,608.0,214.0,1,0,0
423,194,290.0,182.0,321.0,100.0,281.0,85.0,251.0,167.0,1,0,0
423,195,579.0,162.0,674.0,142.0,666.0,104.0,571.0,124.0,1,0,0
423,196,1153.0,784.0,1169.0,783.0,1167.0,763.0,1151.0,764.0,1,2,0
423,197,566.0,90.0,640.0,43.0,619.0,11.0,545.0,58.0,1,0,0
423,198,547.0,48.0,616.0,-2.0,594.0,-32.0,525.0,18.0,1,0,0
423,199,241.0,63.0,278.0,47.0,244.0,-30.0,207.0,-14.0,1,0,0
424,105,775.0,841.0,854.0,826.0,847.0,789.0,767.0,804.0,1,0,0
424,118,439.0,858.0,452.0,858.0,452.0,841.0,439.0,841.0,1,2,0
424,144,1061.0,632.0,1061.0,619.0,1048.0,619.0,1048.0,632.0,1,2,0
424,146,1053.0,621.0,1068.0,621.0,1068.0,607.0,1053.0,607.0,1,2,0
424,152,1104.0,651.0,1119.0,651.0,1119.0,637.0,1104.0,637.0,1,2,0
424,154,804.0,930.0,849.0,868.0,813.0,842.0,768.0,904.0,1,0,0
424,155,560.0,909.0,621.0,841.0,590.0,814.0,530.0,882.0,1,0,0
424,156,985.0,436.0,1002.0,436.0,1002.0,420.0,985.0,420.0,1,2,0
424,157,535.0,851.0,597.0,790.0,569.0,762.0,507.0,823.0,1,0,0
424,161,521.0,795.0,575.0,723.0,543.0,699.0,489.0,771.0,1,0,0
424,163,750.0,745.0,831.0,723.0,820.0,686.0,739.0,708.0,1,0,0
424,164,1004.0,400.0,1016.0,399.0,1014.0,381.0,1002.0,382.0,1,2,0
424,165,1030.0,401.0,1031.0,386.0,1020.0,385.0,1019.0,400.0,1,2,0
424,166,736.0,686.0,821.0,661.0,810.0,624.0,725.0,649.0,1,0,0
424,167,466.0,649.0,511.0,567.0,476.0,548.0,431.0,630.0,1,0,0
424,168,739.0,627.0,814.0,590.0,798.0,557.0,722.0,595.0,1,0,0
424,171,447.0,587.0,500.0,514.0,467.0,490.0,414.0,563.0,1,0,0
424,172,712.0,572.0,798.0,544.0,786.0,508.0,700.0,536.0,1,0,0
424,175,416.0,534.0,479.0,469.0,452.0,442.0,389.0,507.0,1,0,0
424,176,704.0,521.0,788.0,489.0,774.0,452.0,689.0,484.0,1,0,0
424,177,1112.0,533.0,1112.0,519.0,1098.0,519.0,1098.0,533.0,1,2,0
424,178,389.0,492.0,421.0,478.0,412.0,458.0,380.0,472.0,1,7,0
424,179,1007.0,157.0,1024.0,143.0,1015.0,131.0,998.0,145.0,1,2,0
424,180,694.0,469.0,766.0,423.0,746.0,393.0,674.0,438.0,1,0,0
424,181,1043.0,140.0,1060.0,137.0,1057.0,122.0,1040.0,125.0,1,2,0
424,182,403.0,459.0,465.0,392.0,436.0,365.0,373.0,432.0,1,0,0
424,184,362.0,411.0,426.0,351.0,401.0,323.0,336.0,383.0,1,0,0
424,185,973.0,187.0,989.0,187.0,989.0,174.0,973.0,174.0,1,2,0
424,186,670.0,380.0,752.0,338.0,734.0,302.0,652.0,344.0,1,0,0
424,187,350.0,359.0,410.0,296.0,382.0,270.0,322.0,333.0,1,0,0
424,188,1000.0,294.0,1012.0,292.0,1011.0,282.0,999.0,283.0,1,2,0
424,189,327.0,313.0,399.0,257.0,373.0,224.0,301.0,281.0,1,0,0
424,190,655.0,314.0,714.0,248.0,684.0,222.0,625.0,288.0,1,0,0
424,191,996.0,287.0,1006.0,281.0,1001.0,271.0,990.0,276.0,1,2,0
424,192,318.0,255.0,354.0,170.0,315.0,153.0,278.0,238.0,1,0,0
424,193,645.0,250.0,687.0,178.0,655.0,160.0,613.0,232.0,1,0,0
424,194,291.0,193.0,322.0,115.0,283.0,100.0,252.0,178.0,1,0,0
424,195,578.0,174.0,675.0,155.0,667.0,118.0,571.0,137.0,1,0,0
424,196,1167.0,790.0,1167.0,775.0,1150.0,774.0,1150.0,789.0,1,2,0
424,197,569.0,103.0,643.0,55.0,622.0,22.0,548.0,70.0,1,0,0
424,198,547.0,60.0,616.0,14.0,596.0,-16.0,527.0,30.0,1,0,0
424,199,240.0,73.0,277.0,57.0,243.0,-20.0,206.0,-4.0,1,0,0
425,105,764.0,857.0,853.0,840.0,847.0,804.0,758.0,821.0,1,0,0
425,118,434.0,867.0,444.0,867.0,444.0,849.0,434.0,849.0,1,2,0
425,144,1040.0,639.0,1053.0,639.0,1053.0,626.0,1040.0,626.0,1,2,0
425,146,1046.0,628.0,1060.0,628.0,1060.0,614.0,1046.0,614.0,1,2,0
425,152,1094.0,662.0,1112.0,662.0,1112.0,647.0,1094.0,647.0,1,2,0
425,155,559.0,920.0,612.0,854.0,583.0,830.0,529.0,896.0,1,0,0
425,156,982.0,440.0,996.0,440.0,996.0,429.0,982.0,429.0,1,2,0
425,157,528.0,865.0,593.0,802.0,568.0,776.0,502.0,839.0,1,0,0
425,161,519.0,810.0,570.0,737.0,535.0,713.0,484.0,786.0,1,0,0
425,163,747.0,758.0,825.0,738.0,815.0,703.0,737.0,723.0,1,0,0
425,164,997.0,405.0,1008.0,405.0,1008.0,394.0,997.0,394.0,1,2,0
425,165,1008.0,411.0,1022.0,411.0,1022.0,396.0,1008.0,396.0,1,2,0
425,166,732.0,700.0,816.0,677.0,805.0,639.0,721.0,662.0,1,0,0
425,167,463.0,663.0,505.0,583.0,470.0,564.0,428.0,644.0,1,0,0
425,168,732.0,643.0,810.0,606.0,794.0,571.0,715.0,608.0,1,0,0
425,171,443.0,602.0,495.0,529.0,461.0,505.0,409.0,578.0,1,0,0
425,172,709.0,586.0,794.0,560.0,782.0,523.0,698.0,549.0,1,0,0
425,175,411.0,548.0,473.0,484.0,446.0,457.0,384.0,521.0,1,0,0
425,176,702.0,535.0,785.0,502.0,771.0,466.0,687.0,499.0,1,0,0
425,177,1091.0,541.0,1106.0,541.0,1106.0,526.0,1091.0,526.0,1,2,0
425,178,386.0,506.0,417.0,493.0,410.0,474.0,378.0,487.0,1,7,0
425,179,1010.0,156.0,1024.0,156.0,1024.0,143.0,1010.0,143.0,1,2,0
425,180,689.0,482.0,760.0,438.0,741.0,407.0,670.0,451.0,1,0,0
425,181,1051.0,155.0,1065.0,144.0,1056.0,134.0,1043.0,145.0,1,2,0
425,182,400.0,474.0,460.0,408.0,430.0,381.0,370.0,447.0,1,0,0
425,184,359.0,425.0,421.0,368.0,394.0,339.0,332.0,396.0,1,0,0
425,185,972.0,199.0,987.0,199.0,987.0,185.0,972.0,185.0,1,2,0
425,186,668.0,393.0,749.0,354.0,732.0,320.0,651.0,359.0,1,0,0
425,187,346.0,372.0,405.0,313.0,378.0,286.0,319.0,345.0,1,0,0
425,188,997.0,310.0,1009.0,308.0,1008.0,298.0,996.0,299.0,1,2,0
425,189,324.0,327.0,392.0,270.0,366.0,238.0,298.0,295.0,1,0,0
425,190,651.0,329.0,709.0,262.0,678.0,236.0,620.0,303.0,1,0,0
425,191,993.0,303.0,1003.0,297.0,998.0,287.0,987.0,292.0,1,2,0
425,192,315.0,269.0,351.0,186.0,309.0,168.0,273.0,251.0,1,0,0
425,193,641.0,268.0,682.0,196.0,648.0,177.0,607.0,249.0,1,0,0
425,194,287.0,207.0,318.0,127.0,280.0,112.0,249.0,192.0,1,0,0
425,195,576.0,189.0,670.0,170.0,662.0,132.0,568.0,151.0,1,0,0
425,196,1144.0,798.0,1159.0,798.0,1159.0,783.0,1144.0,783.0,1,2,0
425,197,565.0,116.0,636.0,73.0,616.0,41.0,545.0,84.0,1,0,0
425,198,542.0,73.0,609.0,31.0,590.0,1.0,523.0,43.0,1,0,0
425,199,238.0,87.0,273.0,72.0,237.0,-12.0,202.0,3.0,1,0,0
426,105,776.0,874.0,860.0,860.0,854.0,823.0,770.0,837.0,1,0,0
426,118,437.0,876.0,449.0,876.0,449.0,864.0,437.0,864.0,1,2,0
426,144,1044.0,652.0,1058.0,652.0,1058.0,639.0,1044.0,639.0,1,2,0
426,146,1052.0,643.0,1066.0,642.0,1065.0,626.0,1051.0,627.0,1,2,0
426,152,1101.0,676.0,1116.0,676.0,1116.0,662.0,1101.0,662.0,1,2,0
426,155,570.0,933.0,621.0,873.0,591.0,848.0,540.0,908.0,1,0,0
426,156,998.0,452.0,998.0,440.0,986.0,440.0,986.0,452.0,1,2,0
426,157,539.0,885.0,600.0,823.0,571.0,795.0,510.0,857.0,1,0,0
426,161,525.0,828.0,578.0,754.0,545.0,731.0,492.0,805.0,1,0,0
426,163,754.0,777.0,835.0,756.0,825.0,718.0,744.0,739.0,1,0,0
426,164,1002.0,416.0,1016.0,416.0,1016.0,401.0,1002.0,401.0,1,2,0
426,165,1014.0,424.0,1029.0,424.0,1029.0,407.0,1014.0,407.0,1,2,0
426,166,739.0,719.0,824.0,694.0,813.0,656.0,727.0,681.0,1,0,0
426,167,470.0,681.0,514.0,602.0,478.0,582.0,434.0,661.0,1,0,0
426,168,741.0,662.0,818.0,622.0,800.0,588.0,723.0,628.0,1,0,0
426,171,451.0,620.0,503.0,546.0,470.0,523.0,418.0,597.0,1,0,0
426,172,715.0,605.0,801.0,577.0,789.0,540.0,703.0,568.0,1,0,0
426,175,420.0,567.0,483.0,502.0,454.0,474.0,391.0,539.0,1,0,0
426,176,706.0,553.0,793.0,520.0,779.0,484.0,693.0,517.0,1,0,0
426,177,1110.0,553.0,1110.0,539.0,1096.0,539.0,1096.0,553.0,1,2,0
426,178,394.0,525.0,424.0,511.0,415.0,491.0,384.0,505.0,1,7,0
426,179,1027.0,173.0,1041.0,163.0,1033.0,153.0,1019.0,163.0,1,2,0
426,180,696.0,501.0,769.0,454.0,750.0,424.0,677.0,471.0,1,0,0
426,181,1062.0,170.0,1083.0,159.0,1076.0,147.0,1055.0,158.0,1,2,0
426,182,406.0,493.0,469.0,426.0,439.0,398.0,376.0,465.0,1,0,0
426,184,367.0,446.0,431.0,385.0,404.0,356.0,339.0,417.0,1,0,0
426,185,982.0,211.0,1001.0,210.0,1000.0,194.0,981.0,195.0,1,2,0
426,186,672.0,414.0,755.0,371.0,736.0,335.0,653.0,378.0,1,0,0
426,187,352.0,392.0,413.0,329.0,385.0,303.0,325.0,366.0,1,0,0
426,188,1007.0,327.0,1018.0,325.0,1017.0,315.0,1006.0,316.0,1,2,0
426,189,329.0,347.0,402.0,290.0,376.0,257.0,303.0,314.0,1,0,0
426,190,656.0,347.0,717.0,281.0,688.0,255.0,628.0,321.0,1,0,0
426,191,1000.0,321.0,1011.0,315.0,1006.0,305.0,995.0,310.0,1,2,0
426,192,320.0,287.0,355.0,202.0,317.0,186.0,281.0,271.0,1,0,0
426,193,647.0,283.0,690.0,211.0,659.0,193.0,616.0,265.0,1,0,0
426,194,295.0,225.0,326.0,147.0,287.0,132.0,256.0,210.0,1,0,0
426,195,583.0,207.0,679.0,188.0,671.0,150.0,575.0,169.0,1,0,0
426,196,1150.0,809.0,1166.0,808.0,1165.0,791.0,1149.0,792.0,1,2,0
426,197,573.0,137.0,646.0,89.0,625.0,56.0,551.0,104.0,1,0,0
426,198,550.0,92.0,618.0,46.0,598.0,17.0,531.0,63.0,1,0,0
426,199,243.0,105.0,280.0,89.0,244.0,6.0,207.0,22.0,1,0,0
427,105,775.0,883.0,857.0,868.0,851.0,831.0,769.0,846.0,1,0,0
427,118,435.0,880.0,448.0,880.0,448.0,864.0,435.0,864.0,1,2,0
427,144,1043.0,659.0,1057.0,659.0,1057.0,645.0,1043.0,645.0,1,2,0
427,146,1050.0,646.0,1064.0,646.0,1064.0,632.0,1050.0,632.0,1,2,0
427,152,1100.0,682.0,1114.0,681.0,1112.0,663.0,1098.0,664.0,1,2,0
427,155,576.0,934.0,622.0,881.0,593.0,857.0,548.0,910.0,1,0,0
427,156,982.0,456.0,995.0,456.0,995.0,442.0,982.0,442.0,1,2,0
427,157,539.0,895.0,601.0,832.0,572.0,804.0,511.0,867.0,1,0,0
427,161,524.0,838.0,577.0,766.0,545.0,742.0,492.0,814.0,1,0,0
427,163,753.0,788.0,834.0,765.0,823.0,728.0,742.0,751.0,1,0,0
427,164,1002.0,417.0,1015.0,417.0,1015.0,400.0,1002.0,400.0,1,2,0
427,165,1014.0,426.0,1029.0,426.0,1029.0,412.0,1014.0,412.0,1,2,0
427,166,737.0,729.0,824.0,704.0,813.0,666.0,726.0,691.0,1,0,0
427,167,470.0,692.0,515.0,610.0,479.0,590.0,434.0,672.0,1,0,0
427,168,741.0,671.0,818.0,631.0,800.0,598.0,723.0,638.0,1,0,0
427,171,449.0,630.0,503.0,556.0,471.0,533.0,417.0,607.0,1,0,0
427,172,716.0,614.0,801.0,587.0,789.0,550.0,704.0,577.0,1,0,0
427,175,419.0,576.0,481.0,513.0,454.0,486.0,392.0,549.0,1,0,0
427,176,707.0,563.0,793.0,530.0,779.0,495.0,694.0,528.0,1,0,0
427,177,1094.0,558.0,1109.0,557.0,1107.0,540.0,1093.0,541.0,1,2,0
427,178,393.0,535.0,424.0,521.0,415.0,502.0,385.0,516.0,1,7,0
427,179,1031.0,178.0,1050.0,169.0,1045.0,158.0,1026.0,167.0,1,2,0
427,180,697.0,511.0,768.0,466.0,748.0,436.0,677.0,481.0,1,0,0
427,181,1067.0,176.0,1092.0,167.0,1088.0,155.0,1063.0,164.0,1,2,0
427,182,408.0,504.0,469.0,436.0,438.0,408.0,377.0,476.0,1,0,0
427,184,366.0,454.0,430.0,394.0,403.0,366.0,339.0,426.0,1,0,0
427,185,987.0,215.0,1006.0,214.0,1005.0,202.0,986.0,203.0,1,2,0
427,186,672.0,423.0,754.0,382.0,736.0,347.0,654.0,388.0,1,0,0
427,187,352.0,402.0,413.0,339.0,385.0,313.0,325.0,376.0,1,0,0
427,188,1003.0,335.0,1015.0,334.0,1014.0,324.0,1002.0,325.0,1,2,0
427,189,330.0,355.0,400.0,300.0,375.0,268.0,304.0,323.0,1,0,0
427,190,656.0,357.0,716.0,293.0,687.0,266.0,627.0,330.0,1,0,0
427,191,997.0,329.0,1008.0,324.0,1002.0,313.0,992.0,319.0,1,2,0
427,192,320.0,298.0,356.0,211.0,317.0,195.0,281.0,282.0,1,0,0
427,193,646.0,294.0,690.0,221.0,660.0,203.0,616.0,276.0,1,0,0
427,194,295.0,236.0,326.0,157.0,286.0,142.0,256.0,221.0,1,0,0
427,195,583.0,218.0,675.0,200.0,668.0,162.0,575.0,180.0,1,0,0
427,196,1147.0,812.0,1164.0,812.0,1164.0,794.0,1147.0,794.0,1,2,0
427,197,571.0,147.0,645.0,100.0,624.0,67.0,550.0,114.0,1,0,0
427,198,552.0,102.0,620.0,55.0,599.0,25.0,531.0,72.0,1,0,0
427,199,244.0,116.0,282.0,100.0,245.0,16.0,207.0,32.0,1,0,0
427,200,526.0,47.0,585.0,-6.0,557.0,-37.0,498.0,17.0,1,0,0
428,105,787.0,897.0,870.0,881.0,863.0,844.0,780.0,860.0,1,0,0
428,118,444.0,886.0,456.0,886.0,456.0,870.0,444.0,870.0,1,2,0
428,144,1054.0,668.0,1067.0,662.0,1058.0,645.0,1045.0,651.0,1,2,0
428,146,1056.0,654.0,1074.0,654.0,1074.0,638.0,1056.0,638.0,1,2,0
428,152,1110.0,690.0,1125.0,690.0,1125.0,676.0,1110.0,676.0,1,2,0
428,156,1003.0,462.0,1004.0,451.0,992.0,450.0,991.0,461.0,1,2,0
428,157,547.0,909.0,612.0,845.0,585.0,817.0,520.0,881.0,1,0,0
428,161,536.0,853.0,591.0,779.0,557.0,754.0,502.0,828.0,1,0,0
428,163,764.0,800.0,845.0,780.0,835.0,742.0,754.0,762.0,1,0,0
428,164,1012.0,422.0,1025.0,422.0,1025.0,410.0,1012.0,410.0,1,2,0
428,165,1023.0,431.0,1037.0,431.0,1037.0,419.0,1023.0,419.0,1,2,0
428,166,750.0,742.0,836.0,717.0,824.0,679.0,738.0,704.0,1,0,0
428,167,481.0,704.0,525.0,623.0,489.0,604.0,445.0,685.0,1,0,0
428,168,752.0,684.0,827.0,646.0,811.0,614.0,735.0,652.0,1,0,0
428,171,461.0,642.0,514.0,569.0,482.0,546.0,429.0,619.0,1,0,0
428,172,727.0,628.0,811.0,600.0,799.0,564.0,715.0,592.0,1,0,0
428,175,431.0,590.0,493.0,525.0,465.0,498.0,403.0,563.0,1,0,0
428,176,718.0,576.0,803.0,544.0,789.0,508.0,704.0,540.0,1,0,0
428,177,1106.0,563.0,1119.0,563.0,1119.0,548.0,1106.0,548.0,1,2,0
428,178,403.0,548.0,437.0,534.0,428.0,515.0,395.0,529.0,1,7,0
428,179,1053.0,184.0,1071.0,181.0,1069.0,168.0,1051.0,171.0,1,2,0
428,180,709.0,524.0,781.0,479.0,761.0,448.0,689.0,493.0,1,0,0
428,181,1089.0,182.0,1110.0,182.0,1110.0,167.0,1089.0,167.0,1,2,0
428,182,417.0,516.0,479.0,450.0,449.0,422.0,387.0,488.0,1,0,0
428,184,379.0,467.0,443.0,408.0,416.0,379.0,353.0,438.0,1,0,0
428,185,1006.0,228.0,1024.0,220.0,1020.0,209.0,1002.0,217.0,1,2,0
428,186,683.0,436.0,766.0,397.0,749.0,362.0,666.0,401.0,1,0,0
428,187,363.0,416.0,426.0,352.0,398.0,325.0,336.0,389.0,1,0,0
428,188,1015.0,351.0,1027.0,350.0,1026.0,339.0,1014.0,341.0,1,2,0
428,189,342.0,368.0,412.0,313.0,387.0,281.0,316.0,336.0,1,0,0
428,190,666.0,371.0,726.0,306.0,698.0,280.0,638.0,345.0,1,0,0
428,191,1009.0,345.0,1019.0,340.0,1014.0,329.0,1004.0,334.0,1,2,0
428,192,331.0,310.0,366.0,227.0,328.0,211.0,292.0,294.0,1,0,0
428,193,658.0,307.0,700.0,235.0,670.0,217.0,627.0,289.0,1,0,0
428,194,306.0,249.0,337.0,170.0,298.0,155.0,267.0,234.0,1,0,0
428,195,594.0,232.0,691.0,212.0,683.0,173.0,585.0,193.0,1,0,0
428,196,1160.0,821.0,1176.0,820.0,1174.0,801.0,1158.0,802.0,1,2,0
428,197,583.0,159.0,656.0,113.0,635.0,81.0,562.0,127.0,1,0,0
428,198,562.0,115.0,629.0,72.0,611.0,43.0,544.0,86.0,1,0,0
428,199,255.0,130.0,293.0,114.0,257.0,29.0,219.0,45.0,1,0,0
428,200,537.0,61.0,599.0,5.0,572.0,-24.0,511.0,32.0,1,0,0
429,105,782.0,909.0,863.0,895.0,857.0,860.0,775.0,874.0,1,0,0
429,118,435.0,893.0,448.0,893.0,448.0,878.0,435.0,878.0,1,2,0
429,144,1047.0,671.0,1058.0,667.0,1054.0,656.0,1043.0,660.0,1,2,0
429,146,1056.0,662.0,1066.0,658.0,1061.0,647.0,1051.0,651.0,1,2,0
429,152,1116.0,698.0,1116.0,683.0,1099.0,683.0,1099.0,698.0,1,2,0
429,156,982.0,471.0,995.0,471.0,995.0,458.0,982.0,458.0,1,2,0
429,157,545.0,920.0,606.0,859.0,578.0,831.0,517.0,892.0,1,0,0
429,161,530.0,865.0,582.0,792.0,550.0,768.0,497.0,841.0,1,0,0
429,163,760.0,814.0,839.0,791.0,828.0,754.0,749.0,777.0,1,0,0
429,164,1005.0,428.0,1018.0,428.0,1018.0,412.0,1005.0,412.0,1,2,0
429,165,1016.0,439.0,1030.0,439.0,1030.0,424.0,1016.0,424.0,1,2,0
429,166,745.0,756.0,830.0,731.0,819.0,693.0,733.0,718.0,1,0,0
429,167,475.0,719.0,520.0,639.0,484.0,619.0,439.0,699.0,1,0,0
429,168,748.0,698.0,823.0,659.0,805.0,626.0,730.0,665.0,1,0,0
429,171,456.0,656.0,508.0,584.0,475.0,561.0,424.0,633.0,1,0,0
429,172,720.0,641.0,804.0,614.0,793.0,578.0,709.0,605.0,1,0,0
429,175,425.0,603.0,487.0,540.0,459.0,513.0,397.0,576.0,1,0,0
429,176,713.0,590.0,796.0,558.0,783.0,522.0,699.0,554.0,1,0,0
429,177,1099.0,573.0,1111.0,572.0,1110.0,556.0,1098.0,557.0,1,2,0
429,178,399.0,562.0,431.0,546.0,421.0,528.0,390.0,544.0,1,7,0
429,179,1058.0,191.0,1073.0,189.0,1071.0,177.0,1057.0,179.0,1,2,0
429,180,703.0,537.0,775.0,491.0,756.0,461.0,684.0,507.0,1,0,0
429,181,1096.0,193.0,1114.0,188.0,1110.0,174.0,1092.0,179.0,1,2,0
429,182,412.0,529.0,472.0,463.0,443.0,436.0,383.0,502.0,1,0,0
429,184,372.0,481.0,435.0,423.0,409.0,394.0,345.0,453.0,1,0,0
429,185,1009.0,233.0,1023.0,233.0,1023.0,221.0,1009.0,221.0,1,2,0
429,186,679.0,450.0,761.0,411.0,743.0,375.0,661.0,414.0,1,0,0
429,187,358.0,429.0,419.0,368.0,391.0,341.0,331.0,402.0,1,0,0
429,188,1011.0,363.0,1022.0,362.0,1021.0,351.0,1010.0,352.0,1,2,0
429,189,336.0,382.0,406.0,327.0,381.0,295.0,310.0,350.0,1,0,0
429,190,662.0,385.0,722.0,319.0,693.0,293.0,633.0,359.0,1,0,0
429,191,1004.0,357.0,1015.0,351.0,1010.0,341.0,999.0,346.0,1,2,0
429,192,327.0,324.0,362.0,240.0,322.0,224.0,287.0,308.0,1,0,0
429,193,655.0,320.0,696.0,247.0,664.0,229.0,622.0,302.0,1,0,0
429,194,300.0,263.0,331.0,184.0,293.0,169.0,263.0,248.0,1,0,0
429,195,587.0,246.0,685.0,227.0,677.0,187.0,579.0,206.0,1,0,0
429,196,1152.0,823.0,1167.0,822.0,1165.0,804.0,1150.0,805.0,1,2,0
429,197,578.0,174.0,652.0,127.0,631.0,93.0,557.0,140.0,1,0,0
429,198,557.0,129.0,624.0,84.0,605.0,55.0,537.0,100.0,1,0,0
429,199,249.0,142.0,287.0,126.0,252.0,42.0,214.0,58.0,1,0,0
429,200,531.0,74.0,594.0,18.0,568.0,-11.0,506.0,45.0,1,0,0
430,118,445.0,899.0,458.0,899.0,458.0,886.0,445.0,886.0,1,2,0
430,144,1051.0,680.0,1064.0,680.0,1064.0,666.0,1051.0,666.0,1,2,0
430,146,1061.0,673.0,1076.0,672.0,1075.0,656.0,1059.0,657.0,1,2,0
430,152,1109.0,710.0,1124.0,710.0,1124.0,697.0,1109.0,697.0,1,2,0
430,156,991.0,479.0,1003.0,477.0,1000.0,463.0,988.0,465.0,1,2,0
430,157,565.0,925.0,617.0,875.0,591.0,847.0,538.0,897.0,1,0,0
430,161,541.0,881.0,595.0,808.0,562.0,784.0,508.0,857.0,1,0,0
430,163,769.0,830.0,850.0,809.0,840.0,772.0,759.0,793.0,1,0,0
430,164,1017.0,435.0,1031.0,435.0,1031.0,422.0,1017.0,422.0,1,2,0
430,165,1026.0,448.0,1041.0,448.0,1041.0,433.0,1026.0,433.0,1,2,0
430,166,754.0,773.0,839.0,747.0,828.0,709.0,743.0,735.0,1,0,0
430,167,486.0,735.0,531.0,654.0,495.0,634.0,450.0,715.0,1,0,0
430,168,756.0,713.0,831.0,676.0,816.0,644.0,740.0,681.0,1,0,0
430,171,467.0,673.0,520.0,600.0,487.0,576.0,434.0,649.0,1,0,0
430,172,732.0,657.0,817.0,630.0,806.0,594.0,721.0,621.0,1,0,0
430,175,436.0,619.0,497.0,556.0,469.0,529.0,408.0,592.0,1,0,0
430,176,724.0,606.0,807.0,575.0,793.0,539.0,710.0,570.0,1,0,0
430,177,1106.0,580.0,1119.0,579.0,1118.0,560.0,1105.0,561.0,1,2,0
430,178,409.0,580.0,443.0,566.0,434.0,545.0,400.0,559.0,1,7,0
430,179,1075.0,206.0,1097.0,203.0,1095.0,188.0,1072.0,191.0,1,2,0
430,180,714.0,554.0,785.0,508.0,765.0,478.0,694.0,524.0,1,0,0
430,181,1117.0,206.0,1135.0,199.0,1130.0,186.0,1112.0,193.0,1,2,0
430,182,423.0,546.0,485.0,479.0,455.0,451.0,392.0,518.0,1,0,0
430,184,381.0,497.0,445.0,438.0,419.0,411.0,356.0,470.0,1,0,0
430,185,1022.0,250.0,1042.0,247.0,1039.0,233.0,1019.0,236.0,1,2,0
430,186,687.0,464.0,771.0,429.0,756.0,393.0,672.0,428.0,1,0,0
430,187,369.0,446.0,430.0,383.0,402.0,356.0,341.0,419.0,1,0,0
430,188,1020.0,379.0,1032.0,378.0,1031.0,368.0,1019.0,369.0,1,2,0
430,189,348.0,399.0,419.0,342.0,392.0,309.0,321.0,366.0,1,0,0
430,190,672.0,400.0,730.0,336.0,702.0,310.0,643.0,374.0,1,0,0
430,191,1014.0,373.0,1025.0,368.0,1019.0,357.0,1009.0,363.0,1,2,0
430,192,338.0,342.0,373.0,255.0,332.0,238.0,297.0,325.0,1,0,0
430,193,663.0,337.0,705.0,266.0,675.0,248.0,632.0,319.0,1,0,0
430,194,313.0,279.0,342.0,200.0,303.0,186.0,274.0,265.0,1,0,0
430,195,599.0,261.0,697.0,241.0,689.0,203.0,592.0,223.0,1,0,0
430,196,1163.0,832.0,1179.0,832.0,1179.0,816.0,1163.0,816.0,1,2,0
430,197,587.0,190.0,661.0,144.0,640.0,111.0,566.0,157.0,1,0,0
430,198,566.0,148.0,634.0,102.0,613.0,71.0,545.0,117.0,1,0,0
430,199,261.0,159.0,298.0,143.0,262.0,60.0,225.0,76.0,1,0,0
430,200,541.0,92.0,607.0,33.0,581.0,3.0,515.0,62.0,1,0,0
430,201,-19.0,635.0,44.0,596.0,27.0,567.0,-37.0,606.0,1,0,0
431,144,1048.0,693.0,1062.0,693.0,1062.0,677.0,1048.0,677.0,1,2,0
431,146,1061.0,686.0,1073.0,686.0,1073.0,672.0,1061.0,672.0,1,2,0
431,152,1107.0,723.0,1122.0,723.0,1122.0,707.0,1107.0,707.0,1,2,0
431,156,987.0,490.0,999.0,490.0,999.0,478.0,987.0,478.0,1,2,0
431,161,540.0,900.0,593.0,828.0,560.0,803.0,507.0,875.0,1,0,0
431,163,768.0,848.0,850.0,826.0,840.0,789.0,758.0,811.0,1,0,0
431,164,1021.0,444.0,1033.0,444.0,1033.0,433.0,1021.0,433.0,1,2,0
431,165,1030.0,461.0,1045.0,454.0,1039.0,441.0,1023.0,448.0,1,2,0
431,166,754.0,791.0,840.0,765.0,828.0,727.0,742.0,753.0,1,0,0
431,167,486.0,753.0,528.0,672.0,492.0,653.0,450.0,734.0,1,0,0
431,168,757.0,733.0,833.0,695.0,816.0,661.0,740.0,699.0,1,0,0
431,171,466.0,692.0,518.0,617.0,484.0,594.0,432.0,669.0,1,0,0
431,172,730.0,676.0,815.0,648.0,804.0,612.0,719.0,640.0,1,0,0
431,175,435.0,638.0,497.0,573.0,469.0,547.0,407.0,612.0,1,0,0
431,176,722.0,624.0,807.0,594.0,794.0,557.0,709.0,587.0,1,0,0
431,177,1106.0,588.0,1116.0,588.0,1116.0,577.0,1106.0,577.0,1,2,0
431,178,410.0,597.0,440.0,582.0,430.0,563.0,400.0,578.0,1,7,0
431,179,1084.0,219.0,1103.0,216.0,1101.0,202.0,1082.0,205.0,1,2,0
431,180,713.0,573.0,785.0,526.0,765.0,495.0,693.0,542.0,1,0,0
431,181,1125.0,219.0,1144.0,214.0,1141.0,203.0,1122.0,208.0,1,2,0
431,182,423.0,564.0,483.0,497.0,453.0,470.0,393.0,537.0,1,0,0
431,184,382.0,515.0,445.0,456.0,419.0,428.0,356.0,487.0,1,0,0
431,185,1031.0,262.0,1044.0,262.0,1044.0,251.0,1031.0,251.0,1,2,0
431,186,688.0,485.0,771.0,445.0,754.0,409.0,670.0,449.0,1,0,0
431,187,368.0,464.0,430.0,401.0,402.0,374.0,340.0,437.0,1,0,0
431,188,1019.0,400.0,1030.0,398.0,1029.0,388.0,1018.0,389.0,1,2,0
431,189,346.0,417.0,418.0,361.0,391.0,328.0,320.0,384.0,1,0,0
431,190,671.0,419.0,730.0,355.0,702.0,329.0,643.0,393.0,1,0,0
431,191,1013.0,393.0,1023.0,388.0,1018.0,378.0,1007.0,383.0,1,2,0
431,192,336.0,360.0,373.0,273.0,333.0,256.0,296.0,343.0,1,0,0
431,193,661.0,355.0,702.0,286.0,672.0,268.0,631.0,337.0,1,0,0
431,194,311.0,298.0,341.0,220.0,301.0,205.0,272.0,283.0,1,0,0
431,195,595.0,279.0,694.0,261.0,687.0,223.0,588.0,241.0,1,0,0
431,196,1162.0,844.0,1177.0,843.0,1175.0,826.0,1160.0,827.0,1,2,0
431,197,586.0,209.0,662.0,161.0,640.0,128.0,565.0,176.0,1,0,0
431,198,567.0,164.0,635.0,118.0,614.0,88.0,547.0,134.0,1,0,0
431,199,259.0,178.0,297.0,162.0,261.0,79.0,224.0,95.0,1,0,0
431,200,541.0,110.0,603.0,51.0,575.0,23.0,514.0,81.0,1,0,0
431,201,-11.0,650.0,45.0,614.0,27.0,585.0,-29.0,621.0,1,0,0
431,202,161.0,20.0,173.0,16.0,163.0,-16.0,151.0,-12.0,1,1,0
432,144,1047.0,710.0,1061.0,710.0,1061.0,697.0,1047.0,697.0,1,2,0
432,146,1058.0,703.0,1073.0,702.0,1071.0,686.0,1056.0,687.0,1,2,0
432,152,1106.0,741.0,1122.0,741.0,1122.0,727.0,1106.0,727.0,1,2,0
432,156,984.0,505.0,997.0,505.0,997.0,494.0,984.0,494.0,1,2,0
432,161,544.0,922.0,597.0,851.0,563.0,826.0,510.0,897.0,1,0,0
432,163,770.0,872.0,853.0,851.0,844.0,813.0,760.0,834.0,1,0,0
432,164,1023.0,461.0,1036.0,461.0,1036.0,449.0,1023.0,449.0,1,2,0
432,165,1045.0,474.0,1045.0,461.0,1028.0,460.0,1028.0,473.0,1,2,0
432,166,756.0,814.0,841.0,789.0,830.0,751.0,744.0,776.0,1,0,0
432,167,488.0,777.0,532.0,694.0,494.0,674.0,450.0,757.0,1,0,0
432,168,758.0,755.0,834.0,718.0,817.0,685.0,741.0,722.0,1,0,0
432,171,467.0,715.0,520.0,641.0,488.0,618.0,435.0,692.0,1,0,0
432,172,732.0,699.0,819.0,671.0,807.0,635.0,720.0,663.0,1,0,0
432,175,437.0,662.0,500.0,597.0,471.0,570.0,409.0,635.0,1,0,0
432,176,724.0,648.0,807.0,616.0,794.0,580.0,711.0,612.0,1,0,0
432,177,1106.0,605.0,1118.0,605.0,1118.0,594.0,1106.0,594.0,1,2,0
432,178,409.0,621.0,441.0,606.0,432.0,586.0,400.0,601.0,1,7,0
432,179,1097.0,236.0,1112.0,236.0,1112.0,223.0,1097.0,223.0,1,2,0
432,180,714.0,595.0,786.0,549.0,767.0,519.0,694.0,565.0,1,0,0
432,181,1130.0,237.0,1147.0,236.0,1147.0,221.0,1130.0,222.0,1,2,0
432,182,424.0,588.0,486.0,520.0,455.0,493.0,394.0,561.0,1,0,0
432,184,383.0,538.0,446.0,480.0,421.0,452.0,357.0,510.0,1,0,0
432,185,1042.0,282.0,1054.0,278.0,1050.0,265.0,1038.0,269.0,1,2,0
432,186,689.0,509.0,773.0,469.0,754.0,431.0,670.0,471.0,1,0,0
432,187,370.0,487.0,428.0,426.0,400.0,399.0,341.0,460.0,1,0,0
432,188,1022.0,420.0,1033.0,419.0,1032.0,408.0,1021.0,410.0,1,2,0
432,189,348.0,440.0,416.0,385.0,390.0,354.0,322.0,409.0,1,0,0
432,190,673.0,442.0,731.0,378.0,701.0,352.0,644.0,416.0,1,0,0
432,191,1016.0,414.0,1026.0,409.0,1021.0,398.0,1010.0,403.0,1,2,0
432,192,338.0,382.0,372.0,299.0,333.0,283.0,298.0,366.0,1,0,0
432,193,663.0,379.0,704.0,308.0,673.0,290.0,633.0,361.0,1,0,0
432,194,312.0,322.0,342.0,244.0,303.0,229.0,273.0,307.0,1,0,0
432,195,596.0,303.0,695.0,283.0,688.0,244.0,589.0,264.0,1,0,0
432,196,1177.0,859.0,1177.0,844.0,1162.0,843.0,1162.0,858.0,1,2,0
432,197,588.0,231.0,661.0,184.0,640.0,152.0,567.0,199.0,1,0,0
432,198,569.0,187.0,633.0,142.0,612.0,113.0,548.0,158.0,1,0,0
432,199,261.0,201.0,298.0,185.0,262.0,102.0,225.0,118.0,1,0,0
432,200,544.0,133.0,606.0,73.0,577.0,44.0,515.0,104.0,1,0,0
432,201,-21.0,680.0,44.0,640.0,25.0,608.0,-40.0,648.0,1,0,0
432,202,160.0,44.0,173.0,43.0,169.0,9.0,157.0,10.0,1,1,0
432,203,509.0,61.0,575.0,10.0,550.0,-22.0,484.0,29.0,1,0,0
433,144,1052.0,703.0,1059.0,694.0,1045.0,683.0,1038.0,692.0,1,2,0
433,146,1056.0,692.0,1070.0,692.0,1070.0,674.0,1056.0,674.0,1,2,0
433,152,1117.0,730.0,1118.0,716.0,1102.0,715.0,1102.0,729.0,1,2,0
433,156,983.0,494.0,994.0,494.0,994.0,483.0,983.0,483.0,1,2,0
433,161,543.0,919.0,595.0,846.0,562.0,822.0,510.0,895.0,1,0,0
433,163,770.0,867.0,852.0,845.0,842.0,807.0,760.0,829.0,1,0,0
433,164,1022.0,451.0,1036.0,451.0,1036.0,438.0,1022.0,438.0,1,2,0
433,165,1030.0,464.0,1047.0,461.0,1045.0,449.0,1028.0,452.0,1,2,0
433,166,755.0,809.0,841.0,783.0,829.0,745.0,744.0,771.0,1,0,0
433,167,487.0,771.0,530.0,691.0,494.0,672.0,451.0,752.0,1,0,0
433,168,758.0,750.0,833.0,713.0,817.0,680.0,741.0,718.0,1,0,0
433,171,468.0,710.0,519.0,638.0,487.0,615.0,435.0,687.0,1,0,0
433,172,732.0,694.0,818.0,667.0,806.0,631.0,721.0,658.0,1,0,0
433,175,437.0,656.0,498.0,593.0,470.0,567.0,409.0,630.0,1,0,0
433,176,724.0,643.0,806.0,612.0,793.0,576.0,711.0,607.0,1,0,0
433,177,1101.0,596.0,1115.0,596.0,1115.0,582.0,1101.0,582.0,1,2,0
433,178,408.0,616.0,440.0,603.0,432.0,583.0,400.0,596.0,1,7,0
433,179,1102.0,228.0,1120.0,225.0,1118.0,213.0,1100.0,216.0,1,2,0
433,180,715.0,591.0,787.0,544.0,767.0,513.0,695.0,560.0,1,0,0
433,181,1141.0,231.0,1160.0,223.0,1155.0,210.0,1136.0,218.0,1,2,0
433,182,423.0,583.0,484.0,517.0,454.0,490.0,393.0,556.0,1,0,0
433,184,382.0,535.0,446.0,476.0,420.0,448.0,356.0,507.0,1,0,0
433,185,1043.0,273.0,1058.0,273.0,1058.0,259.0,1043.0,259.0,1,2,0
433,186,688.0,504.0,771.0,465.0,753.0,427.0,670.0,466.0,1,0,0
433,187,369.0,483.0,429.0,421.0,401.0,395.0,341.0,457.0,1,0,0
433,188,1020.0,417.0,1032.0,416.0,1031.0,405.0,1019.0,406.0,1,2,0
433,189,347.0,438.0,420.0,381.0,394.0,348.0,321.0,405.0,1,0,0
433,190,671.0,437.0,730.0,373.0,702.0,347.0,643.0,411.0,1,0,0
433,191,1014.0,411.0,1025.0,406.0,1019.0,395.0,1009.0,400.0,1,2,0
433,192,337.0,379.0,372.0,294.0,332.0,278.0,297.0,363.0,1,0,0
433,193,663.0,373.0,703.0,304.0,674.0,287.0,633.0,356.0,1,0,0
433,194,312.0,317.0,342.0,238.0,303.0,224.0,273.0,303.0,1,0,0
433,195,599.0,298.0,697.0,279.0,689.0,240.0,592.0,259.0,1,0,0
433,196,1162.0,845.0,1176.0,845.0,1176.0,832.0,1162.0,832.0,1,2,0
433,197,588.0,227.0,662.0,179.0,641.0,146.0,566.0,194.0,1,0,0
433,198,568.0,186.0,634.0,139.0,612.0,109.0,546.0,156.0,1,0,0
433,199,260.0,197.0,296.0,181.0,260.0,98.0,223.0,114.0,1,0,0
433,200,542.0,128.0,602.0,67.0,574.0,40.0,514.0,101.0,1,0,0
433,202,159.0,38.0,171.0,37.0,168.0,5.0,156.0,6.0,1,1,0
433,203,509.0,57.0,574.0,5.0,548.0,-27.0,483.0,25.0,1,0,0
434,144,1058.0,717.0,1059.0,703.0,1045.0,702.0,1044.0,716.0,1,2,0
434,146,1058.0,707.0,1072.0,707.0,1072.0,693.0,1058.0,693.0,1,2,0
434,152,1106.0,746.0,1120.0,745.0,1118.0,726.0,1105.0,727.0,1,2,0
434,156,995.0,509.0,995.0,496.0,982.0,496.0,982.0,509.0,1,2,0
434,161,551.0,929.0,598.0,867.0,566.0,843.0,519.0,905.0,1,0,0
434,163,774.0,887.0,856.0,865.0,846.0,828.0,764.0,850.0,1,0,0
434,164,1026.0,466.0,1041.0,465.0,1040.0,453.0,1026.0,454.0,1,2,0
434,165,1053.0,478.0,1054.0,465.0,1042.0,464.0,1041.0,477.0,1,2,0
434,166,759.0,830.0,844.0,804.0,833.0,766.0,748.0,792.0,1,0,0
434,167,490.0,793.0,535.0,712.0,499.0,692.0,454.0,773.0,1,0,0
434,168,762.0,772.0,839.0,732.0,821.0,699.0,744.0,739.0,1,0,0
434,171,470.0,730.0,522.0,656.0,491.0,634.0,439.0,708.0,1,0,0
434,172,735.0,714.0,819.0,687.0,807.0,652.0,723.0,679.0,1,0,0
434,175,441.0,678.0,503.0,614.0,474.0,587.0,412.0,651.0,1,0,0
434,176,727.0,663.0,809.0,633.0,795.0,598.0,714.0,628.0,1,0,0
434,177,1103.0,610.0,1115.0,610.0,1115.0,596.0,1103.0,596.0,1,2,0
434,178,414.0,637.0,445.0,621.0,435.0,603.0,404.0,619.0,1,7,0
434,179,1119.0,241.0,1135.0,240.0,1134.0,229.0,1119.0,230.0,1,2,0
434,180,717.0,613.0,791.0,565.0,771.0,534.0,697.0,582.0,1,0,0
434,181,1149.0,244.0,1169.0,243.0,1168.0,229.0,1148.0,230.0,1,2,0
434,182,428.0,605.0,490.0,537.0,459.0,509.0,397.0,577.0,1,0,0
434,184,385.0,556.0,450.0,495.0,425.0,467.0,359.0,528.0,1,0,0
434,185,1050.0,292.0,1068.0,292.0,1068.0,280.0,1050.0,280.0,1,2,0
434,186,693.0,526.0,774.0,483.0,755.0,446.0,674.0,489.0,1,0,0
434,187,372.0,502.0,432.0,439.0,406.0,414.0,345.0,477.0,1,0,0
434,188,1025.0,438.0,1036.0,437.0,1035.0,426.0,1024.0,427.0,1,2,0
434,189,350.0,456.0,420.0,401.0,395.0,370.0,325.0,425.0,1,0,0
434,190,677.0,458.0,735.0,393.0,706.0,367.0,647.0,432.0,1,0,0
434,191,1018.0,432.0,1029.0,427.0,1024.0,416.0,1013.0,421.0,1,2,0
434,192,342.0,400.0,378.0,315.0,337.0,298.0,301.0,383.0,1,0,0
434,193,665.0,394.0,707.0,326.0,677.0,308.0,636.0,376.0,1,0,0
434,194,315.0,337.0,345.0,259.0,306.0,244.0,276.0,322.0,1,0,0
434,195,601.0,320.0,699.0,301.0,691.0,261.0,593.0,280.0,1,0,0
434,196,1178.0,859.0,1178.0,846.0,1164.0,846.0,1164.0,859.0,1,2,0
434,197,591.0,248.0,664.0,200.0,643.0,168.0,570.0,216.0,1,0,0
434,198,571.0,205.0,636.0,160.0,615.0,130.0,550.0,175.0,1,0,0
434,199,262.0,216.0,300.0,200.0,265.0,119.0,227.0,135.0,1,0,0
434,200,544.0,149.0,605.0,91.0,579.0,63.0,518.0,121.0,1,0,0
434,201,3.0,687.0,49.0,657.0,29.0,625.0,-18.0,655.0,1,0,0
434,202,163.0,58.0,175.0,58.0,175.0,22.0,163.0,22.0,1,1,0
434,203,513.0,76.0,577.0,20.0,550.0,-10.0,486.0,46.0,1,0,0
435,144,1041.0,729.0,1051.0,722.0,1041.0,707.0,1031.0,714.0,1,2,0
435,146,1061.0,719.0,1062.0,703.0,1046.0,702.0,1045.0,718.0,1,2,0
435,152,1094.0,755.0,1111.0,755.0,1111.0,742.0,1094.0,742.0,1,2,0
435,156,979.0,521.0,989.0,512.0,974.0,497.0,964.0,506.0,1,2,0
435,163,766.0,903.0,845.0,881.0,834.0,844.0,755.0,866.0,1,0,0
435,164,1023.0,478.0,1036.0,478.0,1036.0,467.0,1023.0,467.0,1,2,0
435,165,1034.0,486.0,1047.0,486.0,1047.0,474.0,1034.0,474.0,1,2,0
435,166,752.0,845.0,837.0,820.0,825.0,782.0,740.0,807.0,1,0,0
435,167,483.0,808.0,528.0,726.0,492.0,707.0,447.0,789.0,1,0,0
435,168,753.0,788.0,831.0,749.0,814.0,715.0,736.0,754.0,1,0,0
435,171,464.0,746.0,517.0,670.0,484.0,647.0,431.0,723.0,1,0,0
435,172,727.0,731.0,812.0,704.0,801.0,668.0,716.0,695.0,1,0,0
435,175,433.0,693.0,496.0,627.0,468.0,600.0,405.0,666.0,1,0,0
435,176,720.0,679.0,801.0,648.0,787.0,613.0,706.0,644.0,1,0,0
435,177,1093.0,617.0,1105.0,617.0,1105.0,604.0,1093.0,604.0,1,2,0
435,178,407.0,653.0,437.0,637.0,427.0,618.0,397.0,634.0,1,7,0
435,179,1121.0,254.0,1135.0,253.0,1134.0,243.0,1120.0,244.0,1,2,0
435,180,708.0,628.0,783.0,582.0,763.0,551.0,689.0,597.0,1,0,0
435,181,1154.0,258.0,1171.0,248.0,1166.0,239.0,1149.0,249.0,1,2,0
435,182,418.0,618.0,481.0,550.0,453.0,524.0,390.0,592.0,1,0,0
435,184,378.0,571.0,444.0,511.0,419.0,483.0,353.0,543.0,1,0,0
435,185,1049.0,307.0,1066.0,307.0,1066.0,293.0,1049.0,293.0,1,2,0
435,186,685.0,540.0,770.0,498.0,751.0,461.0,666.0,503.0,1,0,0
435,187,365.0,519.0,427.0,456.0,400.0,429.0,338.0,492.0,1,0,0
435,188,1016.0,452.0,1028.0,451.0,1027.0,441.0,1015.0,442.0,1,2,0
435,189,343.0,471.0,413.0,417.0,388.0,385.0,318.0,439.0,1,0,0
435,190,669.0,474.0,727.0,408.0,698.0,383.0,640.0,449.0,1,0,0
435,191,1010.0,446.0,1021.0,441.0,1015.0,430.0,1005.0,436.0,1,2,0
435,192,334.0,415.0,371.0,328.0,331.0,311.0,294.0,398.0,1,0,0
435,193,659.0,410.0,699.0,342.0,669.0,324.0,628.0,392.0,1,0,0
435,194,309.0,353.0,339.0,272.0,299.0,257.0,269.0,338.0,1,0,0
435,195,594.0,335.0,691.0,317.0,684.0,277.0,586.0,295.0,1,0,0
435,196,1152.0,868.0,1167.0,868.0,1167.0,853.0,1152.0,853.0,1,2,0
435,197,584.0,263.0,657.0,216.0,636.0,184.0,563.0,231.0,1,0,0
435,198,564.0,220.0,630.0,176.0,610.0,146.0,544.0,190.0,1,0,0
435,199,257.0,233.0,294.0,217.0,257.0,133.0,220.0,149.0,1,0,0
435,200,539.0,165.0,599.0,105.0,571.0,77.0,511.0,137.0,1,0,0
435,201,-19.0,713.0,43.0,669.0,21.0,638.0,-41.0,682.0,1,0,0
435,202,154.0,73.0,168.0,73.0,168.0,38.0,154.0,38.0,1,1,0
435,203,505.0,90.0,570.0,37.0,545.0,7.0,480.0,60.0,1,0,0
435,204,246.0,70.0,285.0,50.0,240.0,-37.0,201.0,-17.0,1,0,0
435,205,145.0,24.0,149.0,12.0,137.0,8.0,133.0,20.0,1,2,0
435,206,148.0,14.0,155.0,0.0,146.0,-4.0,139.0,10.0,1,2,0
436,144,1041.0,744.0,1043.0,731.0,1028.0,729.0,1027.0,742.0,1,2,0
436,146,1040.0,735.0,1054.0,735.0,1054.0,721.0,1040.0,721.0,1,2,0
436,152,1104.0,773.0,1104.0,756.0,1088.0,756.0,1088.0,773.0,1,2,0
436,156,967.0,532.0,979.0,532.0,979.0,520.0,967.0,520.0,1,2,0
436,163,758.0,921.0,843.0,898.0,834.0,864.0,748.0,887.0,1,0,0
436,164,1020.0,498.0,1031.0,498.0,1031.0,487.0,1020.0,487.0,1,2,0
436,165,1031.0,502.0,1044.0,502.0,1044.0,489.0,1031.0,489.0,1,2,0
436,166,747.0,867.0,832.0,841.0,821.0,803.0,736.0,829.0,1,0,0
436,167,479.0,829.0,522.0,748.0,485.0,729.0,442.0,810.0,1,0,0
436,168,749.0,809.0,826.0,771.0,809.0,737.0,732.0,775.0,1,0,0
436,171,459.0,766.0,510.0,694.0,478.0,671.0,426.0,743.0,1,0,0
436,172,723.0,752.0,808.0,724.0,797.0,688.0,711.0,716.0,1,0,0
436,175,428.0,713.0,492.0,647.0,464.0,621.0,400.0,687.0,1,0,0
436,176,715.0,700.0,797.0,669.0,783.0,634.0,701.0,665.0,1,0,0
436,178,401.0,672.0,434.0,657.0,425.0,638.0,392.0,653.0,1,7,0
436,179,1123.0,274.0,1141.0,272.0,1139.0,260.0,1121.0,262.0,1,2,0
436,180,704.0,649.0,780.0,603.0,761.0,571.0,685.0,617.0,1,0,0
436,181,1154.0,279.0,1177.0,269.0,1172.0,256.0,1149.0,266.0,1,2,0
436,182,415.0,639.0,478.0,570.0,449.0,544.0,387.0,613.0,1,0,0
436,184,376.0,590.0,439.0,532.0,413.0,504.0,350.0,562.0,1,0,0
436,185,1054.0,323.0,1068.0,323.0,1068.0,311.0,1054.0,311.0,1,2,0
436,186,681.0,563.0,765.0,519.0,746.0,481.0,662.0,525.0,1,0,0
436,187,363.0,539.0,423.0,476.0,394.0,449.0,334.0,512.0,1,0,0
436,188,1012.0,476.0,1024.0,475.0,1023.0,465.0,1011.0,466.0,1,2,0
436,189,339.0,491.0,410.0,436.0,385.0,404.0,314.0,459.0,1,0,0
436,190,665.0,495.0,723.0,431.0,694.0,404.0,636.0,468.0,1,0,0
436,191,1006.0,470.0,1017.0,465.0,1011.0,454.0,1001.0,459.0,1,2,0
436,192,331.0,436.0,368.0,350.0,327.0,332.0,290.0,418.0,1,0,0
436,193,655.0,430.0,695.0,362.0,665.0,345.0,626.0,413.0,1,0,0
436,194,305.0,372.0,336.0,293.0,297.0,278.0,266.0,357.0,1,0,0
436,195,592.0,356.0,690.0,337.0,682.0,298.0,585.0,317.0,1,0,0
436,196,1144.0,884.0,1161.0,884.0,1161.0,867.0,1144.0,867.0,1,2,0
436,197,581.0,284.0,654.0,237.0,633.0,205.0,560.0,252.0,1,0,0
436,198,561.0,239.0,627.0,194.0,607.0,165.0,541.0,210.0,1,0,0
436,199,254.0,251.0,291.0,235.0,256.0,153.0,218.0,169.0,1,0,0
436,200,537.0,185.0,597.0,124.0,569.0,96.0,509.0,157.0,1,0,0
436,202,154.0,95.0,168.0,93.0,163.0,57.0,148.0,59.0,1,1,0
436,203,505.0,113.0,569.0,54.0,542.0,24.0,477.0,83.0,1,0,0
436,204,255.0,108.0,292.0,88.0,252.0,12.0,215.0,32.0,1,0,0
436,205,133.0,42.0,143.0,42.0,143.0,30.0,133.0,30.0,1,2,0
436,206,145.0,33.0,153.0,16.0,143.0,12.0,136.0,30.0,1,2,0
437,144,1035.0,741.0,1044.0,732.0,1032.0,721.0,1023.0,730.0,1,2,0
437,146,1039.0,730.0,1055.0,730.0,1055.0,714.0,1039.0,714.0,1,2,0
437,152,1091.0,769.0,1105.0,768.0,1103.0,750.0,1089.0,751.0,1,2,0
437,156,968.0,528.0,981.0,528.0,981.0,514.0,968.0,514.0,1,2,0
437,163,760.0,919.0,844.0,898.0,836.0,865.0,751.0,886.0,1,0,0
437,164,1022.0,498.0,1035.0,498.0,1035.0,487.0,1022.0,487.0,1,2,0
437,165,1037.0,497.0,1047.0,497.0,1047.0,486.0,1037.0,486.0,1,2,0
437,166,750.0,868.0,835.0,842.0,823.0,803.0,738.0,829.0,1,0,0
437,167,482.0,830.0,525.0,748.0,489.0,729.0,445.0,811.0,1,0,0
437,168,752.0,808.0,828.0,772.0,812.0,739.0,736.0,775.0,1,0,0
437,171,462.0,766.0,514.0,694.0,482.0,671.0,430.0,743.0,1,0,0
437,172,727.0,752.0,812.0,725.0,800.0,689.0,715.0,716.0,1,0,0
437,175,431.0,714.0,493.0,651.0,466.0,624.0,404.0,687.0,1,0,0
437,176,717.0,700.0,798.0,671.0,786.0,636.0,705.0,665.0,1,0,0
437,178,406.0,673.0,436.0,658.0,426.0,639.0,396.0,654.0,1,7,0
437,179,1137.0,272.0,1155.0,269.0,1152.0,257.0,1134.0,260.0,1,2,0
437,180,708.0,650.0,783.0,605.0,764.0,573.0,689.0,618.0,1,0,0
437,181,1167.0,275.0,1190.0,267.0,1184.0,251.0,1161.0,259.0,1,2,0
437,182,419.0,640.0,479.0,574.0,449.0,547.0,389.0,613.0,1,0,0
437,184,379.0,590.0,442.0,533.0,417.0,505.0,353.0,562.0,1,0,0
437,185,1060.0,323.0,1080.0,320.0,1077.0,306.0,1057.0,309.0,1,2,0
437,186,685.0,562.0,770.0,520.0,751.0,482.0,666.0,524.0,1,0,0
437,187,365.0,540.0,425.0,479.0,397.0,452.0,338.0,513.0,1,0,0
437,188,1015.0,477.0,1026.0,477.0,1026.0,467.0,1015.0,467.0,1,2,0
437,189,342.0,492.0,412.0,438.0,387.0,407.0,318.0,461.0,1,0,0
437,190,668.0,495.0,725.0,431.0,697.0,406.0,639.0,470.0,1,0,0
437,191,1005.0,469.0,1016.0,469.0,1016.0,456.0,1005.0,456.0,1,2,0
437,192,334.0,434.0,369.0,350.0,330.0,334.0,295.0,418.0,1,0,0
437,193,658.0,431.0,698.0,364.0,668.0,347.0,629.0,414.0,1,0,0
437,194,307.0,373.0,339.0,294.0,300.0,279.0,268.0,358.0,1,0,0
437,195,593.0,357.0,692.0,339.0,684.0,300.0,586.0,318.0,1,0,0
437,196,1152.0,879.0,1163.0,874.0,1153.0,855.0,1143.0,860.0,1,2,0
437,197,585.0,285.0,657.0,238.0,635.0,205.0,563.0,252.0,1,0,0
437,198,566.0,240.0,633.0,193.0,612.0,163.0,544.0,210.0,1,0,0
437,199,257.0,253.0,295.0,237.0,260.0,154.0,221.0,170.0,1,0,0
437,200,539.0,186.0,600.0,126.0,572.0,98.0,512.0,158.0,1,0,0
437,202,155.0,93.0,170.0,92.0,167.0,56.0,152.0,57.0,1,1,0
437,203,507.0,114.0,572.0,56.0,545.0,25.0,480.0,83.0,1,0,0
437,204,269.0,129.0,307.0,109.0,265.0,32.0,228.0,52.0,1,0,0
437,205,139.0,41.0,149.0,41.0,149.0,30.0,139.0,30.0,1,2,0
437,206,150.0,34.0,156.0,18.0,148.0,15.0,141.0,31.0,1,2,0
438,144,1026.0,747.0,1034.0,740.0,1020.0,724.0,1012.0,731.0,1,2,0
438,146,1035.0,738.0,1046.0,730.0,1036.0,717.0,1025.0,725.0,1,2,0
438,152,1082.0,775.0,1095.0,775.0,1095.0,758.0,1082.0,758.0,1,2,0
438,156,962.0,529.0,973.0,529.0,973.0,519.0,962.0,519.0,1,2,0
438,164,1005.0,511.0,1021.0,511.0,1021.0,499.0,1005.0,499.0,1,2,0
438,165,1021.0,506.0,1035.0,506.0,1035.0,495.0,1021.0,495.0,1,2,0
438,166,744.0,879.0,828.0,854.0,816.0,815.0,732.0,840.0,1,0,0
438,167,475.0,841.0,517.0,759.0,481.0,741.0,439.0,823.0,1,0,0
438,168,744.0,816.0,816.0,783.0,802.0,753.0,730.0,786.0,1,0,0
438,171,455.0,778.0,508.0,707.0,476.0,684.0,423.0,755.0,1,0,0
438,172,719.0,763.0,802.0,737.0,792.0,702.0,709.0,728.0,1,0,0
438,175,424.0,725.0,486.0,663.0,460.0,636.0,398.0,698.0,1,0,0
438,176,713.0,713.0,793.0,682.0,779.0,647.0,699.0,678.0,1,0,0
438,178,401.0,684.0,430.0,671.0,421.0,653.0,393.0,666.0,1,7,0
438,179,1140.0,281.0,1157.0,275.0,1154.0,264.0,1137.0,270.0,1,2,0
438,180,702.0,660.0,774.0,616.0,755.0,585.0,683.0,629.0,1,0,0
438,181,1170.0,277.0,1189.0,273.0,1186.0,262.0,1167.0,266.0,1,2,0
438,182,413.0,651.0,473.0,584.0,443.0,558.0,383.0,625.0,1,0,0
438,184,370.0,602.0,432.0,543.0,407.0,516.0,345.0,575.0,1,0,0
438,185,1059.0,328.0,1075.0,328.0,1075.0,317.0,1059.0,317.0,1,2,0
438,186,680.0,573.0,761.0,534.0,743.0,497.0,662.0,536.0,1,0,0
438,187,359.0,551.0,417.0,489.0,389.0,463.0,331.0,525.0,1,0,0
438,188,1009.0,489.0,1020.0,489.0,1020.0,479.0,1009.0,479.0,1,2,0
438,189,337.0,504.0,405.0,448.0,380.0,417.0,311.0,473.0,1,0,0
438,190,662.0,507.0,717.0,446.0,689.0,421.0,634.0,482.0,1,0,0
438,191,997.0,482.0,1007.0,482.0,1007.0,467.0,997.0,467.0,1,2,0
438,192,327.0,446.0,362.0,361.0,321.0,345.0,287.0,430.0,1,0,0
438,193,651.0,441.0,691.0,375.0,663.0,358.0,622.0,424.0,1,0,0
438,194,302.0,384.0,333.0,307.0,295.0,292.0,264.0,369.0,1,0,0
438,195,588.0,368.0,683.0,350.0,676.0,311.0,581.0,329.0,1,0,0
438,196,1137.0,881.0,1150.0,881.0,1150.0,869.0,1137.0,869.0,1,2,0
438,197,576.0,297.0,650.0,251.0,630.0,218.0,556.0,264.0,1,0,0
438,198,560.0,251.0,622.0,204.0,602.0,177.0,540.0,224.0,1,0,0
438,199,249.0,262.0,285.0,247.0,250.0,165.0,214.0,180.0,1,0,0
438,200,534.0,198.0,592.0,138.0,563.0,110.0,505.0,170.0,1,0,0
438,202,150.0,104.0,162.0,104.0,160.0,69.0,148.0,69.0,1,1,0
438,203,498.0,121.0,567.0,71.0,544.0,40.0,476.0,90.0,1,0,0
438,204,271.0,159.0,309.0,139.0,269.0,64.0,231.0,84.0,1,0,0
438,205,129.0,54.0,139.0,54.0,139.0,43.0,129.0,43.0,1,2,0
438,206,141.0,46.0,148.0,31.0,139.0,27.0,133.0,43.0,1,2,0
439,144,1018.0,753.0,1033.0,753.0,1033.0,738.0,1018.0,738.0,1,2,0
439,146,1028.0,745.0,1043.0,745.0,1043.0,731.0,1028.0,731.0,1,2,0
439,152,1080.0,785.0,1098.0,785.0,1098.0,769.0,1080.0,769.0,1,2,0
439,164,1004.0,525.0,1018.0,525.0,1018.0,511.0,1004.0,511.0,1,2,0
439,165,1018.0,516.0,1032.0,516.0,1032.0,504.0,1018.0,504.0,1,2,0
439,166,745.0,895.0,829.0,870.0,816.0,829.0,732.0,854.0,1,0,0
439,167,476.0,856.0,520.0,775.0,485.0,756.0,441.0,837.0,1,0,0
439,168,749.0,837.0,826.0,797.0,807.0,761.0,730.0,801.0,1,0,0
439,171,457.0,792.0,509.0,720.0,477.0,698.0,426.0,770.0,1,0,0
439,172,723.0,776.0,807.0,750.0,795.0,715.0,712.0,741.0,1,0,0
439,175,429.0,741.0,489.0,677.0,459.0,649.0,399.0,713.0,1,0,0
439,176,717.0,727.0,794.0,695.0,779.0,660.0,702.0,692.0,1,0,0
439,178,404.0,701.0,432.0,685.0,420.0,664.0,392.0,680.0,1,7,0
439,179,1152.0,293.0,1168.0,284.0,1163.0,274.0,1147.0,283.0,1,2,0
439,180,703.0,676.0,779.0,633.0,760.0,600.0,685.0,643.0,1,0,0
439,181,1179.0,291.0,1197.0,281.0,1190.0,270.0,1172.0,280.0,1,2,0
439,182,415.0,666.0,474.0,600.0,444.0,573.0,385.0,639.0,1,0,0
439,184,374.0,618.0,436.0,558.0,410.0,531.0,347.0,591.0,1,0,0
439,185,1068.0,342.0,1085.0,332.0,1078.0,321.0,1061.0,331.0,1,2,0
439,186,681.0,587.0,761.0,548.0,743.0,511.0,662.0,550.0,1,0,0
439,187,359.0,566.0,419.0,505.0,393.0,479.0,333.0,540.0,1,0,0
439,188,1011.0,500.0,1022.0,500.0,1022.0,490.0,1011.0,490.0,1,2,0
439,189,337.0,520.0,408.0,465.0,383.0,432.0,312.0,487.0,1,0,0
439,190,665.0,523.0,724.0,452.0,693.0,426.0,634.0,497.0,1,0,0
439,191,1001.0,495.0,1011.0,495.0,1011.0,480.0,1001.0,480.0,1,2,0
439,192,327.0,461.0,365.0,378.0,326.0,361.0,289.0,444.0,1,0,0
439,193,650.0,457.0,694.0,391.0,667.0,373.0,623.0,439.0,1,0,0
439,194,302.0,401.0,336.0,321.0,296.0,305.0,262.0,385.0,1,0,0
439,195,591.0,383.0,689.0,363.0,681.0,324.0,583.0,344.0,1,0,0
439,196,1133.0,889.0,1151.0,889.0,1151.0,874.0,1133.0,874.0,1,2,0
439,197,579.0,312.0,655.0,264.0,634.0,231.0,558.0,279.0,1,0,0
439,198,560.0,267.0,629.0,220.0,608.0,190.0,540.0,237.0,1,0,0
439,199,252.0,279.0,289.0,263.0,253.0,181.0,216.0,197.0,1,0,0
439,200,534.0,212.0,594.0,152.0,567.0,125.0,507.0,185.0,1,0,0
439,202,149.0,120.0,162.0,119.0,160.0,87.0,147.0,88.0,1,1,0
439,203,500.0,135.0,564.0,83.0,540.0,54.0,476.0,107.0,1,0,0
439,204,282.0,194.0,318.0,175.0,277.0,97.0,240.0,116.0,1,0,0
439,205,130.0,67.0,140.0,67.0,140.0,59.0,130.0,59.0,1,2,0
439,206,139.0,60.0,149.0,60.0,149.0,42.0,139.0,42.0,1,2,0
440,144,1027.0,770.0,1035.0,762.0,1022.0,748.0,1014.0,756.0,1,2,0
440,146,1043.0,759.0,1045.0,742.0,1029.0,741.0,1027.0,758.0,1,2,0
440,152,1081.0,801.0,1096.0,801.0,1096.0,786.0,1081.0,786.0,1,2,0
440,156,964.0,550.0,976.0,549.0,975.0,532.0,963.0,533.0,1,2,0
440,164,1002.0,542.0,1014.0,542.0,1014.0,529.0,1002.0,529.0,1,2,0
440,165,1018.0,538.0,1032.0,533.0,1027.0,521.0,1013.0,526.0,1,2,0
440,166,746.0,916.0,832.0,890.0,820.0,851.0,734.0,877.0,1,0,0
440,167,480.0,876.0,523.0,796.0,487.0,777.0,444.0,857.0,1,0,0
440,168,750.0,856.0,826.0,819.0,809.0,786.0,733.0,823.0,1,0,0
440,171,459.0,814.0,511.0,742.0,480.0,720.0,428.0,792.0,1,0,0
440,172,724.0,800.0,809.0,773.0,798.0,736.0,713.0,763.0,1,0,0
440,175,429.0,761.0,491.0,698.0,463.0,671.0,401.0,734.0,1,0,0
440,176,715.0,748.0,796.0,719.0,783.0,683.0,702.0,712.0,1,0,0
440,178,403.0,722.0,436.0,707.0,427.0,687.0,394.0,702.0,1,7,0
440,179,1162.0,303.0,1178.0,302.0,1177.0,291.0,1162.0,292.0,1,2,0
440,180,705.0,697.0,781.0,652.0,762.0,620.0,686.0,665.0,1,0,0
440,181,1188.0,304.0,1207.0,297.0,1201.0,282.0,1182.0,289.0,1,2,0
440,182,416.0,687.0,477.0,622.0,447.0,595.0,387.0,660.0,1,0,0
440,184,375.0,639.0,438.0,581.0,413.0,553.0,349.0,611.0,1,0,0
440,185,1072.0,356.0,1090.0,353.0,1088.0,339.0,1070.0,342.0,1,2,0
440,186,681.0,610.0,763.0,568.0,744.0,531.0,662.0,573.0,1,0,0
440,187,361.0,588.0,423.0,524.0,397.0,498.0,335.0,562.0,1,0,0
440,188,1011.0,526.0,1022.0,524.0,1019.0,512.0,1009.0,515.0,1,2,0
440,189,339.0,540.0,409.0,485.0,385.0,454.0,315.0,509.0,1,0,0
440,190,666.0,542.0,723.0,476.0,694.0,451.0,637.0,517.0,1,0,0
440,191,1002.0,515.0,1013.0,515.0,1013.0,503.0,1002.0,503.0,1,2,0
440,192,329.0,483.0,367.0,395.0,328.0,379.0,291.0,467.0,1,0,0
440,193,654.0,478.0,693.0,413.0,664.0,396.0,625.0,461.0,1,0,0
440,194,304.0,422.0,335.0,343.0,297.0,329.0,266.0,408.0,1,0,0
440,195,592.0,404.0,690.0,386.0,683.0,344.0,584.0,362.0,1,0,0
440,196,1148.0,900.0,1149.0,887.0,1134.0,886.0,1134.0,899.0,1,2,0
440,197,581.0,332.0,652.0,285.0,631.0,253.0,560.0,300.0,1,0,0
440,198,564.0,288.0,625.0,239.0,602.0,211.0,541.0,260.0,1,0,0
440,199,252.0,300.0,290.0,285.0,255.0,202.0,218.0,217.0,1,0,0
440,200,537.0,234.0,596.0,172.0,567.0,145.0,508.0,207.0,1,0,0
440,202,153.0,141.0,165.0,140.0,162.0,106.0,150.0,107.0,1,1,0
440,203,503.0,161.0,564.0,103.0,538.0,75.0,477.0,133.0,1,0,0
440,204,293.0,232.0,330.0,214.0,290.0,136.0,254.0,154.0,1,0,0
440,205,132.0,91.0,143.0,91.0,143.0,79.0,132.0,79.0,1,2,0
440,206,143.0,83.0,154.0,66.0,142.0,59.0,131.0,76.0,1,2,0
441,144,1037.0,775.0,1038.0,760.0,1024.0,759.0,1023.0,774.0,1,2,0
441,146,1033.0,766.0,1047.0,766.0,1047.0,753.0,1033.0,753.0,1,2,0
441,152,1087.0,812.0,1101.0,811.0,1100.0,791.0,1086.0,792.0,1,2,0
441,156,968.0,556.0,980.0,556.0,980.0,544.0,968.0,544.0,1,2,0
441,164,1010.0,552.0,1011.0,538.0,996.0,537.0,995.0,551.0,1,2,0
441,165,1024.0,547.0,1026.0,533.0,1013.0,532.0,1011.0,546.0,1,2,0
441,166,751.0,926.0,841.0,899.0,829.0,862.0,739.0,890.0,1,0,0
441,167,485.0,889.0,528.0,809.0,493.0,790.0,450.0,870.0,1,0,0
441,168,755.0,870.0,830.0,834.0,813.0,800.0,738.0,836.0,1,0,0
441,171,470.0,831.0,521.0,757.0,484.0,732.0,433.0,806.0,1,0,0
441,172,730.0,813.0,815.0,786.0,804.0,749.0,718.0,776.0,1,0,0
441,175,435.0,775.0,497.0,711.0,468.0,684.0,407.0,748.0,1,0,0
441,176,721.0,761.0,802.0,732.0,789.0,697.0,709.0,726.0,1,0,0
441,177,1069.0,661.0,1083.0,661.0,1083.0,646.0,1069.0,646.0,1,2,0
441,178,409.0,734.0,441.0,718.0,432.0,700.0,400.0,716.0,1,7,0
441,179,1177.0,312.0,1193.0,311.0,1192.0,299.0,1176.0,300.0,1,2,0
441,180,709.0,711.0,785.0,666.0,766.0,634.0,690.0,679.0,1,0,0
441,182,421.0,700.0,483.0,633.0,455.0,607.0,393.0,674.0,1,0,0
441,184,382.0,652.0,444.0,594.0,418.0,566.0,356.0,624.0,1,0,0
441,185,1102.0,363.0,1102.0,352.0,1084.0,351.0,1084.0,362.0,1,2,0
441,186,687.0,623.0,770.0,582.0,751.0,544.0,668.0,585.0,1,0,0
441,187,368.0,601.0,430.0,537.0,402.0,510.0,341.0,574.0,1,0,0
441,188,1019.0,537.0,1030.0,534.0,1027.0,524.0,1016.0,528.0,1,2,0
441,189,345.0,555.0,418.0,498.0,393.0,465.0,320.0,522.0,1,0,0
441,190,672.0,557.0,728.0,490.0,698.0,465.0,642.0,532.0,1,0,0
441,191,1008.0,529.0,1019.0,529.0,1019.0,519.0,1008.0,519.0,1,2,0
441,192,336.0,497.0,371.0,412.0,332.0,395.0,296.0,480.0,1,0,0
441,193,661.0,491.0,700.0,426.0,670.0,409.0,632.0,474.0,1,0,0
441,194,309.0,435.0,341.0,357.0,303.0,342.0,271.0,420.0,1,0,0
441,195,598.0,417.0,694.0,400.0,686.0,361.0,590.0,378.0,1,0,0
441,196,1134.0,908.0,1152.0,908.0,1152.0,889.0,1134.0,889.0,1,2,0
441,197,588.0,346.0,660.0,298.0,638.0,266.0,566.0,314.0,1,0,0
441,198,569.0,302.0,635.0,252.0,612.0,222.0,546.0,272.0,1,0,0
441,199,260.0,314.0,296.0,298.0,261.0,215.0,225.0,231.0,1,0,0
441,200,543.0,247.0,601.0,186.0,572.0,159.0,514.0,220.0,1,0,0
441,202,158.0,153.0,170.0,153.0,170.0,120.0,158.0,120.0,1,1,0
441,203,507.0,173.0,569.0,119.0,544.0,91.0,482.0,145.0,1,0,0
441,204,307.0,263.0,344.0,244.0,305.0,166.0,267.0,185.0,1,0,0
441,205,139.0,104.0,151.0,104.0,151.0,92.0,139.0,92.0,1,2,0
441,206,153.0,96.0,159.0,78.0,150.0,75.0,143.0,93.0,1,2,0
442,144,1040.0,784.0,1041.0,768.0,1025.0,767.0,1024.0,783.0,1,2,0
442,146,1034.0,776.0,1048.0,776.0,1048.0,762.0,1034.0,762.0,1,2,0
442,152,1089.0,821.0,1103.0,821.0,1103.0,805.0,1089.0,805.0,1,2,0
442,156,970.0,564.0,982.0,564.0,982.0,552.0,970.0,552.0,1,2,0
442,164,999.0,562.0,1009.0,557.0,1003.0,546.0,993.0,551.0,1,2,0
442,165,1021.0,560.0,1021.0,548.0,1007.0,548.0,1007.0,560.0,1,2,0
442,167,489.0,906.0,534.0,823.0,497.0,804.0,453.0,887.0,1,0,0
442,168,759.0,885.0,834.0,849.0,818.0,815.0,743.0,851.0,1,0,0
442,171,468.0,843.0,520.0,771.0,488.0,748.0,436.0,820.0,1,0,0
442,172,733.0,828.0,818.0,801.0,806.0,765.0,721.0,792.0,1,0,0
442,175,438.0,789.0,500.0,724.0,473.0,699.0,412.0,764.0,1,0,0
442,176,725.0,777.0,806.0,747.0,793.0,711.0,711.0,741.0,1,0,0
442,177,1069.0,671.0,1084.0,670.0,1082.0,652.0,1068.0,653.0,1,2,0
442,178,412.0,750.0,444.0,733.0,435.0,714.0,403.0,731.0,1,7,0
442,179,1187.0,321.0,1204.0,321.0,1204.0,308.0,1187.0,308.0,1,2,0
442,180,714.0,725.0,788.0,681.0,769.0,649.0,695.0,693.0,1,0,0
442,182,425.0,716.0,487.0,648.0,457.0,621.0,395.0,689.0,1,0,0
442,184,384.0,667.0,450.0,607.0,424.0,579.0,358.0,639.0,1,0,0
442,185,1091.0,375.0,1110.0,374.0,1110.0,362.0,1090.0,363.0,1,2,0
442,186,689.0,638.0,771.0,597.0,753.0,561.0,671.0,602.0,1,0,0
442,187,372.0,617.0,434.0,554.0,405.0,526.0,343.0,589.0,1,0,0
442,188,1024.0,552.0,1035.0,548.0,1032.0,539.0,1021.0,542.0,1,2,0
442,189,349.0,569.0,419.0,514.0,394.0,483.0,324.0,538.0,1,0,0
442,190,675.0,572.0,731.0,506.0,701.0,481.0,645.0,547.0,1,0,0
442,191,1012.0,544.0,1023.0,544.0,1023.0,534.0,1012.0,534.0,1,2,0
442,192,338.0,512.0,375.0,429.0,336.0,412.0,299.0,495.0,1,0,0
442,193,664.0,507.0,702.0,442.0,673.0,425.0,634.0,490.0,1,0,0
442,194,312.0,450.0,344.0,372.0,306.0,356.0,274.0,434.0,1,0,0
442,195,601.0,433.0,697.0,415.0,689.0,375.0,593.0,393.0,1,0,0
442,197,590.0,361.0,661.0,314.0,640.0,282.0,569.0,329.0,1,0,0
442,198,571.0,316.0,635.0,268.0,613.0,240.0,549.0,288.0,1,0,0
442,199,262.0,330.0,300.0,314.0,265.0,231.0,227.0,247.0,1,0,0
442,200,545.0,262.0,602.0,202.0,574.0,176.0,517.0,236.0,1,0,0
442,201,-15.0,813.0,48.0,767.0,27.0,738.0,-36.0,783.0,1,0,0
442,202,161.0,168.0,174.0,168.0,174.0,136.0,161.0,136.0,1,1,0
442,203,513.0,188.0,573.0,134.0,546.0,105.0,486.0,159.0,1,0,0
442,204,317.0,294.0,355.0,275.0,316.0,198.0,278.0,217.0,1,0,0
442,205,141.0,120.0,153.0,120.0,153.0,108.0,141.0,108.0,1,2,0
442,206,157.0,110.0,163.0,93.0,154.0,90.0,147.0,107.0,1,2,0
442,207,451.0,49.0,514.0,-9.0,487.0,-39.0,424.0,19.0,1,0,0
443,144,1031.0,792.0,1036.0,781.0,1020.0,773.0,1015.0,784.0,1,2,0
443,146,1029.0,784.0,1043.0,779.0,1036.0,761.0,1022.0,766.0,1,2,0
443,152,1084.0,831.0,1099.0,824.0,1089.0,804.0,1074.0,811.0,1,2,0
443,156,964.0,569.0,976.0,569.0,976.0,557.0,964.0,557.0,1,2,0
443,164,980.0,567.0,996.0,567.0,996.0,554.0,980.0,554.0,1,2,0
443,165,1010.0,570.0,1011.0,556.0,999.0,555.0,998.0,569.0,1,2,0
443,167,485.0,916.0,527.0,838.0,491.0,819.0,449.0,897.0,1,0,0
443,168,755.0,897.0,830.0,861.0,813.0,827.0,739.0,863.0,1,0,0
443,171,464.0,855.0,515.0,782.0,483.0,759.0,432.0,832.0,1,0,0
443,172,729.0,842.0,814.0,814.0,802.0,777.0,716.0,805.0,1,0,0
443,175,434.0,803.0,496.0,738.0,468.0,711.0,406.0,776.0,1,0,0
443,176,720.0,790.0,801.0,760.0,787.0,724.0,706.0,754.0,1,0,0
443,177,1062.0,677.0,1075.0,677.0,1075.0,664.0,1062.0,664.0,1,2,0
443,178,408.0,763.0,438.0,747.0,428.0,728.0,398.0,744.0,1,7,0
443,179,1207.0,331.0,1207.0,318.0,1187.0,318.0,1187.0,331.0,1,2,0
443,180,709.0,738.0,785.0,693.0,766.0,661.0,690.0,706.0,1,0,0
443,182,422.0,730.0,483.0,661.0,452.0,634.0,391.0,703.0,1,0,0
443,184,380.0,680.0,444.0,622.0,418.0,594.0,354.0,652.0,1,0,0
443,185,1094.0,383.0,1110.0,383.0,1110.0,370.0,1094.0,370.0,1,2,0
443,186,687.0,651.0,769.0,607.0,749.0,571.0,667.0,615.0,1,0,0
443,187,367.0,628.0,427.0,564.0,399.0,538.0,339.0,602.0,1,0,0
443,188,1019.0,568.0,1030.0,564.0,1027.0,555.0,1016.0,558.0,1,2,0
443,189,345.0,582.0,414.0,527.0,389.0,495.0,320.0,550.0,1,0,0
443,190,671.0,584.0,726.0,519.0,696.0,494.0,641.0,559.0,1,0,0
443,191,1007.0,558.0,1018.0,558.0,1018.0,546.0,1007.0,546.0,1,2,0
443,192,334.0,524.0,370.0,441.0,331.0,424.0,295.0,507.0,1,0,0
443,193,659.0,520.0,699.0,452.0,669.0,435.0,630.0,503.0,1,0,0
443,194,309.0,463.0,341.0,385.0,302.0,369.0,270.0,447.0,1,0,0
443,195,594.0,445.0,693.0,427.0,685.0,388.0,587.0,406.0,1,0,0
443,197,585.0,374.0,655.0,327.0,634.0,296.0,564.0,343.0,1,0,0
443,198,564.0,329.0,628.0,284.0,608.0,257.0,545.0,302.0,1,0,0
443,199,258.0,343.0,295.0,327.0,260.0,244.0,223.0,260.0,1,0,0
443,200,541.0,275.0,596.0,215.0,568.0,189.0,512.0,249.0,1,0,0
443,202,157.0,182.0,168.0,182.0,167.0,147.0,155.0,147.0,1,1,0
443,203,508.0,200.0,564.0,148.0,538.0,121.0,482.0,172.0,1,0,0
443,204,320.0,321.0,357.0,302.0,318.0,224.0,280.0,243.0,1,0,0
443,205,137.0,131.0,148.0,131.0,148.0,120.0,137.0,120.0,1,2,0
443,206,151.0,123.0,158.0,105.0,148.0,101.0,141.0,119.0,1,2,0
443,207,447.0,61.0,510.0,4.0,484.0,-25.0,421.0,32.0,1,0,0
444,144,1036.0,791.0,1046.0,783.0,1034.0,769.0,1024.0,777.0,1,2,0
444,146,1037.0,781.0,1051.0,781.0,1051.0,764.0,1037.0,764.0,1,2,0
444,152,1107.0,829.0,1107.0,810.0,1091.0,810.0,1091.0,829.0,1,2,0
444,156,977.0,569.0,987.0,569.0,987.0,551.0,977.0,551.0,1,2,0
444,164,990.0,565.0,1004.0,565.0,1004.0,554.0,990.0,554.0,1,2,0
444,165,1005.0,566.0,1019.0,566.0,1019.0,554.0,1005.0,554.0,1,2,0
444,167,500.0,922.0,542.0,842.0,504.0,822.0,462.0,902.0,1,0,0
444,168,767.0,903.0,844.0,867.0,827.0,832.0,750.0,868.0,1,0,0
444,171,477.0,861.0,531.0,788.0,498.0,764.0,444.0,837.0,1,0,0
444,172,741.0,846.0,825.0,819.0,813.0,782.0,729.0,809.0,1,0,0
444,175,447.0,809.0,511.0,743.0,482.0,715.0,418.0,781.0,1,0,0
444,176,733.0,794.0,811.0,765.0,798.0,730.0,720.0,759.0,1,0,0
444,177,1069.0,675.0,1084.0,675.0,1084.0,659.0,1069.0,659.0,1,2,0
444,178,421.0,768.0,453.0,753.0,443.0,734.0,412.0,749.0,1,7,0
444,180,722.0,743.0,796.0,698.0,776.0,666.0,703.0,711.0,1,0,0
444,182,434.0,734.0,496.0,667.0,466.0,640.0,404.0,707.0,1,0,0
444,184,393.0,685.0,456.0,627.0,430.0,598.0,367.0,656.0,1,0,0
444,185,1117.0,388.0,1131.0,379.0,1124.0,369.0,1110.0,378.0,1,2,0
444,186,700.0,655.0,778.0,614.0,759.0,578.0,681.0,619.0,1,0,0
444,187,380.0,635.0,441.0,572.0,412.0,544.0,351.0,607.0,1,0,0
444,188,1031.0,571.0,1041.0,568.0,1038.0,559.0,1028.0,562.0,1,2,0
444,189,358.0,587.0,431.0,530.0,405.0,498.0,332.0,555.0,1,0,0
444,190,682.0,589.0,738.0,525.0,709.0,500.0,653.0,564.0,1,0,0
444,191,1018.0,563.0,1030.0,563.0,1030.0,552.0,1018.0,552.0,1,2,0
444,192,349.0,530.0,386.0,442.0,345.0,426.0,308.0,513.0,1,0,0
444,193,670.0,524.0,711.0,461.0,682.0,443.0,642.0,506.0,1,0,0
444,194,322.0,468.0,354.0,388.0,316.0,373.0,284.0,453.0,1,0,0
444,195,607.0,451.0,705.0,432.0,698.0,393.0,600.0,412.0,1,0,0
444,197,597.0,379.0,667.0,332.0,647.0,301.0,577.0,348.0,1,0,0
444,198,577.0,335.0,641.0,287.0,622.0,261.0,558.0,309.0,1,0,0
444,199,271.0,348.0,309.0,332.0,272.0,249.0,235.0,265.0,1,0,0
444,200,552.0,280.0,609.0,221.0,581.0,194.0,524.0,253.0,1,0,0
444,201,-18.0,838.0,59.0,790.0,37.0,755.0,-40.0,803.0,1,0,0
444,202,169.0,188.0,182.0,188.0,182.0,153.0,169.0,153.0,1,1,0
444,203,520.0,206.0,581.0,153.0,556.0,124.0,495.0,177.0,1,0,0
444,204,338.0,340.0,376.0,321.0,338.0,244.0,300.0,263.0,1,0,0
444,205,149.0,138.0,161.0,138.0,161.0,126.0,149.0,126.0,1,2,0
444,206,164.0,128.0,169.0,111.0,159.0,108.0,154.0,125.0,1,2,0
444,207,458.0,65.0,524.0,6.0,498.0,-23.0,432.0,36.0,1,0,0
445,144,1028.0,807.0,1029.0,792.0,1015.0,791.0,1014.0,806.0,1,2,0
445,146,1027.0,801.0,1038.0,796.0,1028.0,777.0,1017.0,782.0,1,2,0
445,152,1079.0,849.0,1093.0,848.0,1090.0,829.0,1077.0,830.0,1,2,0
445,156,963.0,582.0,973.0,582.0,973.0,571.0,963.0,571.0,1,2,0
445,164,986.0,585.0,986.0,571.0,974.0,571.0,974.0,585.0,1,2,0
445,165,986.0,585.0,1001.0,585.0,1001.0,571.0,986.0,571.0,1,2,0
445,167,489.0,938.0,525.0,865.0,492.0,848.0,456.0,921.0,1,0,0
445,168,750.0,924.0,833.0,889.0,818.0,855.0,736.0,890.0,1,0,0
445,171,464.0,885.0,516.0,813.0,484.0,790.0,432.0,862.0,1,0,0
445,172,728.0,871.0,815.0,843.0,802.0,806.0,716.0,834.0,1,0,0
445,175,434.0,834.0,497.0,769.0,468.0,741.0,405.0,806.0,1,0,0
445,176,719.0,819.0,801.0,789.0,788.0,753.0,706.0,783.0,1,0,0
445,177,1067.0,691.0,1067.0,677.0,1053.0,677.0,1053.0,691.0,1,2,0
445,178,409.0,793.0,440.0,775.0,429.0,757.0,398.0,775.0,1,7,0
445,180,710.0,767.0,785.0,722.0,766.0,690.0,691.0,735.0,1,0,0
445,182,421.0,759.0,483.0,691.0,453.0,664.0,391.0,732.0,1,0,0
445,184,381.0,710.0,445.0,650.0,419.0,622.0,355.0,682.0,1,0,0
445,185,1106.0,406.0,1123.0,405.0,1123.0,393.0,1106.0,394.0,1,2,0
445,186,686.0,679.0,767.0,637.0,748.0,602.0,668.0,644.0,1,0,0
445,187,366.0,658.0,427.0,594.0,399.0,568.0,339.0,632.0,1,0,0
445,188,1019.0,597.0,1030.0,593.0,1027.0,584.0,1016.0,587.0,1,2,0
445,189,344.0,611.0,416.0,555.0,391.0,524.0,319.0,580.0,1,0,0
445,190,671.0,613.0,726.0,549.0,697.0,524.0,641.0,588.0,1,0,0
445,191,1006.0,587.0,1017.0,587.0,1017.0,576.0,1006.0,576.0,1,2,0
445,192,334.0,554.0,371.0,469.0,331.0,452.0,294.0,537.0,1,0,0
445,193,658.0,550.0,699.0,482.0,669.0,464.0,628.0,532.0,1,0,0
445,194,309.0,493.0,341.0,415.0,301.0,399.0,269.0,477.0,1,0,0
445,195,594.0,476.0,692.0,456.0,685.0,418.0,587.0,438.0,1,0,0
445,197,584.0,404.0,654.0,357.0,633.0,326.0,563.0,373.0,1,0,0
445,198,565.0,359.0,628.0,312.0,606.0,284.0,543.0,331.0,1,0,0
445,199,258.0,372.0,295.0,356.0,260.0,274.0,222.0,290.0,1,0,0
445,200,540.0,305.0,596.0,244.0,568.0,218.0,512.0,279.0,1,0,0
445,202,157.0,213.0,170.0,212.0,166.0,177.0,153.0,178.0,1,1,0
445,203,507.0,230.0,570.0,176.0,544.0,146.0,481.0,200.0,1,0,0
445,204,332.0,377.0,370.0,358.0,330.0,281.0,292.0,300.0,1,0,0
445,205,147.0,162.0,148.0,150.0,135.0,149.0,134.0,161.0,1,2,0
445,206,151.0,152.0,158.0,136.0,149.0,132.0,141.0,148.0,1,2,0
445,207,445.0,90.0,506.0,34.0,481.0,6.0,420.0,62.0,1,0,0
446,144,1019.0,818.0,1032.0,818.0,1032.0,802.0,1019.0,802.0,1,2,0
446,146,1030.0,809.0,1041.0,804.0,1034.0,791.0,1023.0,796.0,1,2,0
446,152,1081.0,856.0,1098.0,856.0,1098.0,843.0,1081.0,843.0,1,2,0
446,156,962.0,590.0,975.0,590.0,975.0,576.0,962.0,576.0,1,2,0
446,164,976.0,588.0,990.0,588.0,990.0,576.0,976.0,576.0,1,2,0
446,165,990.0,595.0,1003.0,594.0,1001.0,577.0,988.0,578.0,1,2,0
446,171,469.0,901.0,520.0,829.0,489.0,807.0,437.0,879.0,1,0,0
446,172,734.0,886.0,817.0,857.0,804.0,818.0,721.0,847.0,1,0,0
446,175,440.0,848.0,500.0,782.0,472.0,756.0,412.0,822.0,1,0,0
446,176,725.0,834.0,809.0,801.0,796.0,765.0,712.0,798.0,1,0,0
446,177,1056.0,699.0,1068.0,699.0,1068.0,684.0,1056.0,684.0,1,2,0
446,178,415.0,809.0,444.0,793.0,433.0,773.0,403.0,789.0,1,7,0
446,180,715.0,783.0,790.0,735.0,769.0,702.0,694.0,750.0,1,0,0
446,182,427.0,774.0,486.0,706.0,456.0,680.0,397.0,748.0,1,0,0
446,184,384.0,724.0,447.0,666.0,422.0,639.0,359.0,698.0,1,0,0
446,185,1117.0,416.0,1134.0,416.0,1134.0,403.0,1117.0,403.0,1,2,0
446,186,692.0,694.0,773.0,653.0,755.0,618.0,674.0,659.0,1,0,0
446,187,371.0,672.0,431.0,612.0,404.0,586.0,344.0,646.0,1,0,0
446,188,1023.0,610.0,1034.0,606.0,1031.0,597.0,1021.0,600.0,1,2,0
446,189,349.0,626.0,418.0,570.0,393.0,540.0,324.0,596.0,1,0,0
446,190,675.0,627.0,730.0,562.0,700.0,537.0,645.0,602.0,1,0,0
446,191,1011.0,603.0,1021.0,603.0,1021.0,591.0,1011.0,591.0,1,2,0
446,192,338.0,570.0,375.0,485.0,335.0,468.0,298.0,553.0,1,0,0
446,193,664.0,563.0,703.0,496.0,674.0,478.0,635.0,545.0,1,0,0
446,194,311.0,509.0,345.0,430.0,308.0,414.0,274.0,493.0,1,0,0
446,195,602.0,488.0,696.0,470.0,689.0,432.0,595.0,450.0,1,0,0
446,197,589.0,417.0,658.0,372.0,637.0,341.0,568.0,386.0,1,0,0
446,198,572.0,373.0,633.0,327.0,611.0,299.0,550.0,345.0,1,0,0
446,199,260.0,388.0,298.0,373.0,265.0,289.0,227.0,304.0,1,0,0
446,200,545.0,318.0,602.0,258.0,576.0,234.0,520.0,294.0,1,0,0
446,201,-20.0,869.0,50.0,829.0,33.0,798.0,-37.0,838.0,1,0,0
446,202,161.0,226.0,172.0,226.0,172.0,193.0,161.0,193.0,1,1,0
446,203,507.0,243.0,571.0,197.0,550.0,167.0,486.0,213.0,1,0,0
446,204,343.0,405.0,380.0,386.0,340.0,307.0,302.0,326.0,1,0,0
446,205,142.0,176.0,151.0,176.0,151.0,165.0,142.0,165.0,1,2,0
446,206,153.0,169.0,160.0,153.0,151.0,149.0,145.0,165.0,1,2,0
446,207,450.0,107.0,511.0,49.0,483.0,20.0,423.0,78.0,1,0,0
446,208,425.0,57.0,473.0,0.0,446.0,-23.0,398.0,34.0,1,0,0
447,144,1036.0,814.0,1045.0,806.0,1031.0,792.0,1023.0,800.0,1,2,0
447,146,1036.0,803.0,1050.0,802.0,1049.0,786.0,1035.0,787.0,1,2,0
447,152,1095.0,858.0,1108.0,850.0,1097.0,831.0,1084.0,839.0,1,2,0
447,156,974.0,586.0,985.0,586.0,985.0,574.0,974.0,574.0,1,2,0
447,164,987.0,584.0,1000.0,584.0,1000.0,571.0,987.0,571.0,1,2,0
447,165,1000.0,588.0,1014.0,588.0,1014.0,576.0,1000.0,576.0,1,2,0
447,171,482.0,904.0,533.0,831.0,500.0,808.0,449.0,881.0,1,0,0
447,172,745.0,888.0,829.0,861.0,818.0,824.0,733.0,851.0,1,0,0
447,175,451.0,850.0,512.0,787.0,484.0,761.0,424.0,824.0,1,0,0
447,176,736.0,837.0,818.0,808.0,805.0,772.0,723.0,801.0,1,0,0
447,177,1070.0,699.0,1082.0,690.0,1067.0,671.0,1055.0,680.0,1,2,0
447,178,425.0,812.0,455.0,795.0,444.0,776.0,414.0,793.0,1,7,0
447,180,727.0,786.0,802.0,739.0,781.0,706.0,706.0,753.0,1,0,0
447,182,438.0,777.0,497.0,711.0,467.0,685.0,408.0,751.0,1,0,0
447,184,396.0,728.0,460.0,670.0,434.0,642.0,370.0,700.0,1,0,0
447,185,1135.0,417.0,1155.0,411.0,1151.0,398.0,1131.0,404.0,1,2,0
447,186,703.0,697.0,782.0,656.0,763.0,621.0,684.0,662.0,1,0,0
447,187,383.0,677.0,442.0,616.0,414.0,590.0,356.0,651.0,1,0,0
447,188,1033.0,614.0,1044.0,611.0,1041.0,601.0,1031.0,605.0,1,2,0
447,189,360.0,631.0,434.0,574.0,409.0,542.0,335.0,599.0,1,0,0
447,190,686.0,631.0,741.0,567.0,712.0,543.0,657.0,607.0,1,0,0
447,191,1022.0,604.0,1033.0,604.0,1033.0,594.0,1022.0,594.0,1,2,0
447,192,350.0,573.0,385.0,489.0,347.0,473.0,312.0,557.0,1,0,0
447,193,674.0,567.0,715.0,503.0,686.0,485.0,646.0,549.0,1,0,0
447,194,324.0,511.0,356.0,432.0,318.0,417.0,286.0,496.0,1,0,0
447,195,609.0,493.0,705.0,476.0,699.0,437.0,602.0,454.0,1,0,0
447,197,600.0,421.0,670.0,375.0,650.0,344.0,580.0,390.0,1,0,0
447,198,580.0,376.0,639.0,331.0,620.0,306.0,561.0,351.0,1,0,0
447,199,274.0,393.0,312.0,376.0,275.0,293.0,237.0,310.0,1,0,0
447,200,556.0,323.0,612.0,263.0,584.0,237.0,528.0,297.0,1,0,0
447,201,-10.0,875.0,63.0,829.0,44.0,798.0,-29.0,844.0,1,0,0
447,202,170.0,232.0,185.0,231.0,182.0,196.0,168.0,197.0,1,1,0
447,203,521.0,249.0,581.0,198.0,556.0,169.0,496.0,220.0,1,0,0
447,204,361.0,418.0,397.0,399.0,356.0,322.0,320.0,341.0,1,0,0
447,205,151.0,182.0,163.0,182.0,163.0,169.0,151.0,169.0,1,2,0
447,206,166.0,171.0,172.0,156.0,161.0,152.0,155.0,167.0,1,2,0
447,207,460.0,109.0,521.0,52.0,495.0,24.0,434.0,81.0,1,0,0
447,208,436.0,61.0,494.0,-5.0,465.0,-30.0,407.0,36.0,1,0,0
447,209,238.0,147.0,274.0,124.0,223.0,45.0,187.0,69.0,1,0,0
448,144,1029.0,824.0,1040.0,820.0,1032.0,796.0,1021.0,800.0,1,2,0
448,146,1040.0,815.0,1049.0,807.0,1035.0,791.0,1025.0,799.0,1,2,0
448,152,1091.0,870.0,1105.0,863.0,1097.0,847.0,1083.0,854.0,1,2,0
448,156,968.0,595.0,981.0,595.0,981.0,581.0,968.0,581.0,1,2,0
448,164,986.0,592.0,999.0,592.0,999.0,577.0,986.0,577.0,1,2,0
448,165,997.0,606.0,1011.0,606.0,1011.0,586.0,997.0,586.0,1,2,0
448,171,479.0,917.0,531.0,844.0,500.0,822.0,448.0,895.0,1,0,0
448,172,743.0,904.0,827.0,877.0,816.0,840.0,731.0,867.0,1,0,0
448,175,450.0,866.0,511.0,802.0,483.0,775.0,421.0,839.0,1,0,0
448,176,734.0,852.0,816.0,822.0,803.0,786.0,721.0,816.0,1,0,0
448,177,1058.0,705.0,1073.0,705.0,1073.0,690.0,1058.0,690.0,1,2,0
448,178,425.0,828.0,454.0,809.0,442.0,790.0,413.0,809.0,1,7,0
448,180,725.0,802.0,800.0,756.0,780.0,723.0,705.0,769.0,1,0,0
448,182,437.0,793.0,499.0,725.0,468.0,697.0,406.0,765.0,1,0,0
448,184,396.0,744.0,459.0,685.0,433.0,657.0,370.0,716.0,1,0,0
448,185,1142.0,427.0,1161.0,427.0,1161.0,412.0,1142.0,412.0,1,2,0
448,186,700.0,712.0,781.0,674.0,764.0,639.0,683.0,677.0,1,0,0
448,187,383.0,693.0,444.0,629.0,416.0,602.0,355.0,666.0,1,0,0
448,188,1033.0,629.0,1043.0,626.0,1040.0,616.0,1030.0,619.0,1,2,0
448,189,359.0,646.0,431.0,590.0,407.0,558.0,335.0,614.0,1,0,0
448,190,684.0,647.0,741.0,581.0,713.0,557.0,656.0,623.0,1,0,0
448,191,1021.0,620.0,1032.0,620.0,1032.0,609.0,1021.0,609.0,1,2,0
448,192,349.0,587.0,384.0,499.0,346.0,484.0,311.0,572.0,1,0,0
448,193,675.0,583.0,716.0,515.0,686.0,497.0,645.0,565.0,1,0,0
448,194,322.0,526.0,356.0,449.0,318.0,433.0,285.0,510.0,1,0,0
448,195,608.0,508.0,705.0,491.0,699.0,452.0,601.0,469.0,1,0,0
448,197,599.0,436.0,669.0,391.0,649.0,360.0,579.0,405.0,1,0,0
448,198,581.0,393.0,639.0,347.0,618.0,321.0,560.0,367.0,1,0,0
448,199,273.0,406.0,309.0,390.0,273.0,307.0,236.0,323.0,1,0,0
448,200,554.0,338.0,611.0,277.0,584.0,251.0,527.0,312.0,1,0,0
448,201,-20.0,894.0,58.0,845.0,39.0,814.0,-39.0,863.0,1,0,0
448,202,170.0,247.0,184.0,247.0,183.0,211.0,169.0,211.0,1,1,0
448,203,520.0,264.0,581.0,215.0,557.0,185.0,496.0,234.0,1,0,0
448,204,364.0,442.0,401.0,423.0,360.0,347.0,324.0,366.0,1,0,0
448,205,162.0,197.0,163.0,184.0,150.0,183.0,149.0,196.0,1,2,0
448,206,165.0,185.0,172.0,171.0,161.0,165.0,153.0,179.0,1,2,0
448,207,461.0,124.0,521.0,68.0,494.0,39.0,434.0,95.0,1,0,0
448,208,437.0,78.0,500.0,5.0,468.0,-22.0,405.0,51.0,1,0,0
448,209,258.0,195.0,295.0,169.0,235.0,81.0,198.0,107.0,1,0,0
448,210,269.0,14.0,282.0,14.0,282.0,0.0,269.0,0.0,1,2,0
449,144,1022.0,830.0,1035.0,829.0,1034.0,812.0,1020.0,813.0,1,2,0
449,146,1042.0,820.0,1042.0,806.0,1029.0,806.0,1029.0,820.0,1,2,0
449,152,1084.0,874.0,1098.0,873.0,1097.0,856.0,1082.0,857.0,1,2,0
449,156,966.0,600.0,978.0,600.0,978.0,586.0,966.0,586.0,1,2,0
449,164,980.0,594.0,995.0,594.0,995.0,581.0,980.0,581.0,1,2,0
449,165,994.0,599.0,1007.0,599.0,1007.0,588.0,994.0,588.0,1,2,0
449,171,478.0,927.0,529.0,856.0,497.0,834.0,447.0,905.0,1,0,0
449,172,740.0,918.0,826.0,889.0,813.0,851.0,727.0,880.0,1,0,0
449,175,446.0,878.0,507.0,813.0,480.0,787.0,419.0,852.0,1,0,0
449,176,732.0,864.0,812.0,836.0,799.0,801.0,720.0,829.0,1,0,0
449,177,1053.0,712.0,1065.0,711.0,1064.0,696.0,1051.0,697.0,1,2,0
449,178,421.0,840.0,451.0,823.0,441.0,804.0,411.0,821.0,1,7,0
449,180,721.0,813.0,797.0,768.0,777.0,736.0,702.0,781.0,1,0,0
449,182,434.0,805.0,496.0,737.0,466.0,710.0,404.0,778.0,1,0,0
449,184,393.0,756.0,457.0,697.0,432.0,669.0,367.0,728.0,1,0,0
449,185,1143.0,438.0,1162.0,437.0,1161.0,424.0,1142.0,425.0,1,2,0
449,186,697.0,726.0,778.0,686.0,761.0,650.0,679.0,690.0,1,0,0
449,187,380.0,705.0,441.0,642.0,414.0,615.0,353.0,678.0,1,0,0
449,188,1030.0,644.0,1041.0,641.0,1038.0,631.0,1027.0,634.0,1,2,0
449,189,356.0,658.0,428.0,601.0,404.0,570.0,332.0,627.0,1,0,0
449,190,683.0,659.0,738.0,595.0,709.0,570.0,653.0,634.0,1,0,0
449,191,1018.0,633.0,1029.0,633.0,1029.0,622.0,1018.0,622.0,1,2,0
449,192,348.0,600.0,385.0,514.0,345.0,497.0,308.0,583.0,1,0,0
449,193,671.0,597.0,717.0,524.0,686.0,505.0,641.0,578.0,1,0,0
449,194,320.0,539.0,354.0,462.0,315.0,445.0,281.0,522.0,1,0,0
449,195,608.0,521.0,705.0,503.0,697.0,464.0,600.0,482.0,1,0,0
449,197,596.0,448.0,667.0,403.0,647.0,372.0,576.0,417.0,1,0,0
449,198,578.0,403.0,640.0,358.0,621.0,332.0,559.0,377.0,1,0,0
449,199,270.0,418.0,308.0,402.0,272.0,319.0,234.0,335.0,1,0,0
449,200,553.0,350.0,611.0,289.0,583.0,263.0,525.0,324.0,1,0,0
449,201,-19.0,910.0,58.0,861.0,36.0,827.0,-40.0,876.0,1,0,0
449,202,168.0,258.0,182.0,257.0,179.0,222.0,166.0,223.0,1,1,0
449,203,518.0,277.0,580.0,227.0,556.0,197.0,494.0,247.0,1,0,0
449,204,367.0,465.0,405.0,445.0,364.0,369.0,326.0,389.0,1,0,0
449,205,150.0,207.0,161.0,207.0,161.0,196.0,150.0,196.0,1,2,0
449,206,163.0,198.0,171.0,184.0,162.0,179.0,154.0,193.0,1,2,0
449,207,458.0,135.0,519.0,79.0,493.0,51.0,432.0,107.0,1,0,0
449,208,433.0,89.0,497.0,21.0,466.0,-7.0,403.0,61.0,1,0,0
449,209,277.0,235.0,313.0,210.0,262.0,136.0,226.0,161.0,1,0,0
449,210,268.0,26.0,284.0,26.0,284.0,12.0,268.0,12.0,1,2,0
450,144,1032.0,832.0,1038.0,822.0,1024.0,813.0,1018.0,823.0,1,2,0
450,146,1038.0,823.0,1044.0,809.0,1030.0,803.0,1024.0,817.0,1,2,0
450,152,1090.0,878.0,1102.0,867.0,1085.0,849.0,1073.0,860.0,1,2,0
450,156,967.0,599.0,980.0,599.0,980.0,587.0,967.0,587.0,1,2,0
450,164,984.0,595.0,997.0,595.0,997.0,582.0,984.0,582.0,1,2,0
450,165,1009.0,600.0,1009.0,588.0,997.0,588.0,997.0,600.0,1,2,0
450,171,483.0,933.0,531.0,865.0,499.0,842.0,451.0,910.0,1,0,0
450,172,740.0,924.0,830.0,894.0,818.0,856.0,728.0,886.0,1,0,0
450,175,451.0,885.0,513.0,820.0,485.0,793.0,422.0,858.0,1,0,0
450,176,734.0,871.0,815.0,842.0,803.0,806.0,721.0,835.0,1,0,0
450,177,1048.0,712.0,1065.0,712.0,1065.0,698.0,1048.0,698.0,1,2,0
450,178,424.0,847.0,457.0,829.0,446.0,810.0,413.0,828.0,1,7,0
450,180,725.0,819.0,799.0,774.0,779.0,743.0,705.0,788.0,1,0,0
450,182,437.0,812.0,499.0,744.0,469.0,717.0,407.0,785.0,1,0,0
450,184,396.0,763.0,460.0,703.0,435.0,675.0,370.0,735.0,1,0,0
450,185,1152.0,441.0,1174.0,438.0,1171.0,423.0,1149.0,426.0,1,2,0
450,186,700.0,731.0,780.0,691.0,763.0,656.0,683.0,696.0,1,0,0
450,187,383.0,712.0,443.0,648.0,416.0,622.0,356.0,686.0,1,0,0
450,188,1030.0,647.0,1040.0,644.0,1037.0,634.0,1027.0,637.0,1,2,0
450,189,361.0,664.0,429.0,609.0,404.0,578.0,335.0,633.0,1,0,0
450,190,685.0,666.0,740.0,602.0,711.0,577.0,655.0,641.0,1,0,0
450,191,1020.0,639.0,1031.0,639.0,1031.0,627.0,1020.0,627.0,1,2,0
450,192,350.0,607.0,385.0,523.0,345.0,506.0,310.0,590.0,1,0,0
450,193,676.0,602.0,717.0,531.0,687.0,514.0,646.0,585.0,1,0,0
450,194,323.0,546.0,355.0,469.0,317.0,453.0,284.0,530.0,1,0,0
450,195,609.0,528.0,706.0,510.0,698.0,471.0,601.0,489.0,1,0,0
450,197,598.0,456.0,667.0,410.0,647.0,379.0,578.0,425.0,1,0,0
450,198,579.0,412.0,641.0,369.0,622.0,342.0,560.0,385.0,1,0,0
450,199,272.0,426.0,310.0,410.0,275.0,327.0,237.0,343.0,1,0,0
450,200,553.0,357.0,611.0,298.0,585.0,272.0,527.0,331.0,1,0,0
450,201,-11.0,911.0,60.0,865.0,40.0,834.0,-31.0,880.0,1,0,0
450,202,183.0,265.0,183.0,230.0,170.0,230.0,170.0,265.0,1,1,0
450,203,519.0,283.0,579.0,234.0,554.0,204.0,494.0,253.0,1,0,0
450,204,376.0,484.0,414.0,463.0,372.0,387.0,334.0,408.0,1,0,0
450,205,150.0,215.0,162.0,215.0,162.0,204.0,150.0,204.0,1,2,0
450,206,163.0,205.0,171.0,188.0,163.0,184.0,155.0,201.0,1,2,0
450,207,459.0,143.0,520.0,87.0,494.0,58.0,433.0,114.0,1,0,0
450,208,435.0,95.0,495.0,28.0,465.0,2.0,405.0,69.0,1,0,0
450,209,303.0,273.0,337.0,247.0,282.0,176.0,248.0,202.0,1,0,0
450,210,272.0,34.0,286.0,34.0,286.0,20.0,272.0,20.0,1,2,0
451,144,1026.0,834.0,1039.0,834.0,1039.0,819.0,1026.0,819.0,1,2,0
451,146,1035.0,825.0,1046.0,825.0,1046.0,814.0,1035.0,814.0,1,2,0
451,152,1084.0,881.0,1098.0,881.0,1098.0,865.0,1084.0,865.0,1,2,0
451,156,971.0,603.0,984.0,603.0,984.0,588.0,971.0,588.0,1,2,0
451,164,987.0,596.0,1000.0,596.0,1000.0,579.0,987.0,579.0,1,2,0
451,165,1009.0,604.0,1010.0,590.0,997.0,589.0,996.0,603.0,1,2,0
451,171,489.0,941.0,536.0,873.0,504.0,851.0,457.0,919.0,1,0,0
451,172,744.0,930.0,833.0,900.0,821.0,864.0,732.0,894.0,1,0,0
451,175,454.0,894.0,515.0,830.0,488.0,804.0,427.0,868.0,1,0,0
451,176,738.0,881.0,820.0,853.0,807.0,817.0,726.0,845.0,1,0,0
451,177,1048.0,716.0,1064.0,716.0,1064.0,701.0,1048.0,701.0,1,2,0
451,178,428.0,856.0,458.0,838.0,447.0,819.0,417.0,837.0,1,7,0
451,180,728.0,829.0,803.0,783.0,783.0,752.0,708.0,798.0,1,0,0
451,182,441.0,821.0,503.0,754.0,474.0,727.0,411.0,794.0,1,0,0
451,184,399.0,772.0,465.0,713.0,439.0,685.0,373.0,744.0,1,0,0
451,185,1163.0,446.0,1183.0,446.0,1183.0,433.0,1163.0,433.0,1,2,0
451,186,705.0,742.0,783.0,699.0,763.0,664.0,686.0,707.0,1,0,0
451,187,386.0,720.0,448.0,657.0,421.0,631.0,359.0,694.0,1,0,0
451,188,1035.0,659.0,1046.0,656.0,1043.0,646.0,1032.0,649.0,1,2,0
451,189,364.0,673.0,434.0,617.0,410.0,587.0,340.0,643.0,1,0,0
451,190,688.0,675.0,742.0,612.0,715.0,588.0,661.0,651.0,1,0,0
451,191,1024.0,651.0,1035.0,651.0,1035.0,637.0,1024.0,637.0,1,2,0
451,192,355.0,617.0,391.0,532.0,350.0,515.0,314.0,600.0,1,0,0
451,193,677.0,612.0,720.0,543.0,692.0,525.0,648.0,594.0,1,0,0
451,194,327.0,555.0,360.0,477.0,322.0,461.0,290.0,539.0,1,0,0
451,195,615.0,537.0,711.0,519.0,703.0,481.0,607.0,499.0,1,0,0
451,197,604.0,465.0,675.0,419.0,654.0,388.0,583.0,434.0,1,0,0
451,198,583.0,422.0,644.0,377.0,624.0,350.0,563.0,395.0,1,0,0
451,199,275.0,435.0,313.0,419.0,279.0,337.0,241.0,353.0,1,0,0
451,200,557.0,367.0,613.0,309.0,588.0,284.0,531.0,342.0,1,0,0
451,201,-4.0,918.0,64.0,875.0,43.0,843.0,-25.0,886.0,1,0,0
451,202,176.0,273.0,189.0,273.0,189.0,240.0,176.0,240.0,1,1,0
451,203,523.0,293.0,584.0,245.0,562.0,216.0,500.0,264.0,1,0,0
451,204,389.0,506.0,425.0,486.0,384.0,411.0,348.0,431.0,1,0,0
451,205,166.0,225.0,166.0,212.0,154.0,212.0,154.0,225.0,1,2,0
451,206,169.0,217.0,175.0,198.0,164.0,194.0,158.0,213.0,1,2,0
451,207,463.0,153.0,524.0,97.0,498.0,69.0,437.0,125.0,1,0,0
451,208,439.0,106.0,500.0,38.0,470.0,11.0,409.0,79.0,1,0,0
451,209,329.0,313.0,362.0,289.0,310.0,216.0,277.0,240.0,1,0,0
451,210,280.0,44.0,292.0,44.0,292.0,31.0,280.0,31.0,1,2,0
452,144,1022.0,851.0,1033.0,846.0,1024.0,826.0,1013.0,831.0,1,2,0
452,146,1029.0,845.0,1042.0,840.0,1034.0,822.0,1022.0,827.0,1,2,0
452,152,1080.0,899.0,1094.0,896.0,1090.0,876.0,1076.0,879.0,1,2,0
452,156,969.0,616.0,981.0,616.0,981.0,604.0,969.0,604.0,1,2,0
452,164,983.0,607.0,994.0,607.0,994.0,594.0,983.0,594.0,1,2,0
452,165,1006.0,617.0,1007.0,602.0,993.0,601.0,992.0,616.0,1,2,0
452,175,451.0,916.0,512.0,850.0,484.0,824.0,422.0,890.0,1,0,0
452,176,735.0,902.0,817.0,872.0,804.0,836.0,722.0,866.0,1,0,0
452,177,1042.0,732.0,1056.0,731.0,1054.0,714.0,1040.0,715.0,1,2,0
452,178,425.0,877.0,455.0,858.0,443.0,840.0,413.0,859.0,1,7,0
452,180,724.0,851.0,802.0,804.0,782.0,772.0,705.0,819.0,1,0,0
452,182,436.0,841.0,498.0,773.0,470.0,747.0,408.0,815.0,1,0,0
452,184,396.0,792.0,462.0,732.0,436.0,704.0,370.0,764.0,1,0,0
452,185,1166.0,466.0,1190.0,465.0,1190.0,450.0,1166.0,451.0,1,2,0
452,186,702.0,764.0,779.0,722.0,760.0,687.0,683.0,729.0,1,0,0
452,187,384.0,742.0,443.0,680.0,415.0,653.0,356.0,715.0,1,0,0
452,188,1031.0,682.0,1042.0,679.0,1039.0,669.0,1028.0,672.0,1,2,0
452,189,360.0,694.0,429.0,639.0,405.0,608.0,336.0,663.0,1,0,0
452,190,685.0,697.0,740.0,634.0,712.0,609.0,656.0,672.0,1,0,0
452,191,1021.0,672.0,1030.0,671.0,1029.0,656.0,1020.0,657.0,1,2,0
452,192,352.0,637.0,388.0,550.0,347.0,533.0,311.0,620.0,1,0,0
452,193,674.0,634.0,717.0,564.0,688.0,545.0,645.0,615.0,1,0,0
452,194,323.0,576.0,356.0,498.0,319.0,482.0,286.0,560.0,1,0,0
452,195,609.0,558.0,706.0,541.0,699.0,503.0,602.0,520.0,1,0,0
452,197,599.0,486.0,668.0,441.0,649.0,411.0,580.0,456.0,1,0,0
452,198,581.0,442.0,641.0,399.0,620.0,371.0,561.0,414.0,1,0,0
452,199,275.0,455.0,312.0,439.0,276.0,357.0,239.0,373.0,1,0,0
452,200,555.0,388.0,612.0,329.0,585.0,303.0,528.0,362.0,1,0,0
452,202,172.0,294.0,186.0,294.0,184.0,260.0,171.0,260.0,1,1,0
452,203,521.0,312.0,582.0,264.0,559.0,236.0,498.0,284.0,1,0,0
452,204,395.0,543.0,432.0,522.0,390.0,447.0,352.0,468.0,1,0,0
452,205,152.0,245.0,164.0,245.0,164.0,233.0,152.0,233.0,1,2,0
452,206,164.0,236.0,171.0,221.0,163.0,218.0,156.0,233.0,1,2,0
452,207,463.0,174.0,523.0,118.0,497.0,90.0,437.0,146.0,1,0,0
452,208,438.0,125.0,499.0,58.0,468.0,31.0,408.0,98.0,1,0,0
452,209,348.0,365.0,383.0,341.0,331.0,267.0,296.0,291.0,1,0,0
452,210,280.0,64.0,292.0,64.0,292.0,52.0,280.0,52.0,1,2,0
453,144,1015.0,864.0,1027.0,858.0,1019.0,844.0,1007.0,850.0,1,2,0
453,146,1027.0,857.0,1038.0,851.0,1032.0,839.0,1021.0,845.0,1,2,0
453,156,978.0,627.0,978.0,615.0,965.0,615.0,965.0,627.0,1,2,0
453,164,996.0,617.0,999.0,606.0,980.0,601.0,977.0,612.0,1,2,0
453,165,1005.0,626.0,1005.0,615.0,994.0,615.0,994.0,626.0,1,2,0
453,175,452.0,927.0,507.0,866.0,481.0,842.0,426.0,903.0,1,0,0
453,176,730.0,919.0,816.0,888.0,804.0,853.0,718.0,884.0,1,0,0
453,177,1037.0,743.0,1050.0,743.0,1050.0,730.0,1037.0,730.0,1,2,0
453,178,424.0,897.0,452.0,877.0,440.0,859.0,411.0,879.0,1,7,0
453,180,723.0,869.0,798.0,823.0,777.0,790.0,702.0,836.0,1,0,0
453,182,433.0,860.0,495.0,792.0,466.0,765.0,404.0,833.0,1,0,0
453,184,392.0,811.0,456.0,753.0,431.0,725.0,367.0,783.0,1,0,0
453,185,1173.0,481.0,1192.0,480.0,1192.0,467.0,1173.0,468.0,1,2,0
453,186,698.0,781.0,775.0,738.0,756.0,703.0,679.0,746.0,1,0,0
453,187,377.0,759.0,438.0,697.0,412.0,671.0,351.0,733.0,1,0,0
453,188,1029.0,698.0,1040.0,695.0,1037.0,686.0,1026.0,689.0,1,2,0
453,189,357.0,712.0,429.0,656.0,404.0,625.0,332.0,681.0,1,0,0
453,190,682.0,715.0,737.0,651.0,709.0,626.0,654.0,690.0,1,0,0
453,191,1017.0,690.0,1028.0,690.0,1028.0,674.0,1017.0,674.0,1,2,0
453,192,348.0,655.0,383.0,572.0,343.0,556.0,308.0,639.0,1,0,0
453,193,670.0,650.0,717.0,580.0,687.0,560.0,640.0,630.0,1,0,0
453,194,321.0,594.0,354.0,515.0,314.0,499.0,281.0,578.0,1,0,0
453,195,608.0,576.0,705.0,557.0,697.0,519.0,600.0,538.0,1,0,0
453,197,598.0,504.0,665.0,459.0,645.0,429.0,577.0,474.0,1,0,0
453,198,577.0,460.0,639.0,414.0,619.0,388.0,557.0,434.0,1,0,0
453,199,269.0,474.0,307.0,458.0,272.0,374.0,234.0,390.0,1,0,0
453,200,550.0,406.0,608.0,348.0,582.0,323.0,525.0,381.0,1,0,0
453,202,168.0,312.0,182.0,312.0,182.0,278.0,168.0,278.0,1,1,0
453,203,517.0,333.0,578.0,283.0,554.0,254.0,493.0,304.0,1,0,0
453,204,401.0,579.0,437.0,559.0,396.0,484.0,359.0,504.0,1,0,0
453,205,148.0,263.0,161.0,263.0,161.0,250.0,148.0,250.0,1,2,0
453,206,163.0,254.0,170.0,238.0,161.0,234.0,155.0,250.0,1,2,0
453,207,459.0,191.0,520.0,135.0,494.0,107.0,433.0,163.0,1,0,0
453,208,434.0,144.0,495.0,76.0,465.0,49.0,404.0,117.0,1,0,0
453,209,368.0,415.0,403.0,390.0,350.0,317.0,315.0,342.0,1,0,0
453,210,278.0,82.0,290.0,82.0,290.0,70.0,278.0,70.0,1,2,0
454,144,1021.0,870.0,1033.0,865.0,1025.0,847.0,1013.0,852.0,1,2,0
454,146,1033.0,861.0,1046.0,858.0,1042.0,842.0,1029.0,845.0,1,2,0
454,156,973.0,631.0,986.0,631.0,986.0,616.0,973.0,616.0,1,2,0
454,164,990.0,618.0,1003.0,618.0,1003.0,603.0,990.0,603.0,1,2,0
454,165,1014.0,629.0,1015.0,615.0,999.0,614.0,998.0,628.0,1,2,0
454,175,466.0,936.0,517.0,878.0,488.0,852.0,437.0,910.0,1,0,0
454,176,739.0,926.0,827.0,892.0,814.0,858.0,725.0,892.0,1,0,0
454,177,1057.0,740.0,1045.0,725.0,1034.0,734.0,1047.0,749.0,1,2,0
454,178,430.0,906.0,461.0,889.0,451.0,869.0,420.0,886.0,1,7,0
454,180,730.0,881.0,805.0,834.0,784.0,801.0,710.0,848.0,1,0,0
454,182,442.0,870.0,502.0,804.0,472.0,777.0,412.0,843.0,1,0,0
454,184,402.0,821.0,465.0,763.0,438.0,735.0,376.0,793.0,1,0,0
454,185,1186.0,488.0,1207.0,488.0,1207.0,472.0,1186.0,472.0,1,2,0
454,186,707.0,791.0,784.0,750.0,765.0,715.0,688.0,756.0,1,0,0
454,187,389.0,771.0,447.0,709.0,418.0,682.0,360.0,744.0,1,0,0
454,188,1035.0,710.0,1046.0,707.0,1043.0,698.0,1032.0,701.0,1,2,0
454,189,365.0,724.0,437.0,668.0,413.0,636.0,341.0,692.0,1,0,0
454,190,691.0,725.0,745.0,662.0,716.0,637.0,661.0,700.0,1,0,0
454,191,1036.0,700.0,1036.0,684.0,1024.0,684.0,1024.0,700.0,1,2,0
454,192,356.0,665.0,391.0,581.0,352.0,565.0,317.0,649.0,1,0,0
454,193,679.0,662.0,723.0,591.0,693.0,573.0,650.0,644.0,1,0,0
454,194,328.0,604.0,361.0,528.0,325.0,512.0,292.0,588.0,1,0,0
454,195,615.0,587.0,710.0,569.0,703.0,531.0,608.0,549.0,1,0,0
454,197,605.0,515.0,675.0,470.0,655.0,440.0,585.0,485.0,1,0,0
454,198,587.0,470.0,645.0,426.0,625.0,401.0,567.0,445.0,1,0,0
454,199,278.0,485.0,317.0,468.0,280.0,386.0,242.0,403.0,1,0,0
454,200,562.0,417.0,617.0,358.0,589.0,332.0,534.0,391.0,1,0,0
454,202,186.0,322.0,189.0,290.0,176.0,289.0,173.0,321.0,1,1,0
454,203,527.0,342.0,585.0,292.0,560.0,263.0,502.0,313.0,1,0,0
454,204,420.0,610.0,457.0,590.0,414.0,514.0,378.0,534.0,1,0,0
454,205,169.0,274.0,169.0,261.0,156.0,261.0,156.0,274.0,1,2,0
454,206,164.0,261.0,173.0,261.0,173.0,251.0,164.0,251.0,1,2,0
454,207,467.0,202.0,528.0,146.0,502.0,118.0,441.0,174.0,1,0,0
454,208,442.0,154.0,504.0,87.0,474.0,60.0,412.0,127.0,1,0,0
454,209,400.0,457.0,433.0,433.0,381.0,361.0,347.0,385.0,1,0,0
454,210,286.0,94.0,300.0,94.0,300.0,80.0,286.0,80.0,1,2,0
454,211,441.0,11.0,442.0,-1.0,430.0,-2.0,429.0,10.0,1,2,0
455,144,1022.0,858.0,1034.0,853.0,1029.0,840.0,1017.0,845.0,1,2,0
455,146,1038.0,850.0,1050.0,846.0,1042.0,825.0,1030.0,829.0,1,2,0
455,152,1093.0,903.0,1098.0,894.0,1083.0,887.0,1079.0,896.0,1,2,0
455,156,978.0,619.0,992.0,619.0,992.0,606.0,978.0,606.0,1,2,0
455,164,997.0,603.0,1008.0,603.0,1008.0,589.0,997.0,589.0,1,2,0
455,165,1019.0,616.0,1020.0,602.0,1006.0,600.0,1005.0,614.0,1,2,0
455,175,469.0,929.0,522.0,871.0,495.0,847.0,442.0,905.0,1,0,0
455,176,740.0,923.0,823.0,895.0,811.0,860.0,729.0,888.0,1,0,0
455,177,1040.0,737.0,1054.0,737.0,1054.0,723.0,1040.0,723.0,1,2,0
455,178,439.0,901.0,466.0,881.0,452.0,863.0,425.0,882.0,1,7,0
455,180,735.0,874.0,811.0,827.0,791.0,795.0,715.0,842.0,1,0,0
455,182,447.0,865.0,507.0,799.0,477.0,772.0,417.0,838.0,1,0,0
455,184,406.0,816.0,470.0,759.0,444.0,731.0,380.0,788.0,1,0,0
455,186,711.0,787.0,790.0,744.0,770.0,708.0,692.0,751.0,1,0,0
455,187,394.0,765.0,453.0,703.0,425.0,677.0,366.0,739.0,1,0,0
455,188,1038.0,705.0,1048.0,701.0,1045.0,692.0,1035.0,695.0,1,2,0
455,189,370.0,718.0,441.0,661.0,417.0,631.0,346.0,688.0,1,0,0
455,190,695.0,720.0,749.0,657.0,719.0,632.0,665.0,695.0,1,0,0
455,191,1028.0,696.0,1039.0,696.0,1039.0,683.0,1028.0,683.0,1,2,0
455,192,362.0,661.0,399.0,574.0,358.0,557.0,321.0,644.0,1,0,0
455,193,685.0,657.0,727.0,584.0,697.0,567.0,655.0,640.0,1,0,0
455,194,334.0,599.0,366.0,522.0,328.0,507.0,296.0,584.0,1,0,0
455,195,621.0,582.0,717.0,565.0,711.0,526.0,614.0,543.0,1,0,0
455,197,611.0,510.0,681.0,465.0,660.0,434.0,590.0,479.0,1,0,0
455,198,590.0,466.0,653.0,414.0,632.0,390.0,570.0,442.0,1,0,0
455,199,283.0,479.0,321.0,463.0,285.0,381.0,247.0,397.0,1,0,0
455,200,564.0,412.0,622.0,354.0,596.0,328.0,538.0,386.0,1,0,0
455,202,183.0,319.0,195.0,318.0,192.0,285.0,179.0,286.0,1,1,0
455,203,530.0,338.0,590.0,287.0,566.0,258.0,506.0,309.0,1,0,0
455,204,436.0,627.0,473.0,607.0,432.0,531.0,395.0,551.0,1,0,0
455,205,173.0,269.0,175.0,255.0,162.0,254.0,160.0,268.0,1,2,0
455,207,471.0,198.0,531.0,142.0,505.0,115.0,445.0,170.0,1,0,0
455,208,448.0,151.0,507.0,82.0,475.0,55.0,416.0,124.0,1,0,0
455,209,426.0,484.0,461.0,458.0,410.0,386.0,375.0,412.0,1,0,0
455,210,293.0,88.0,306.0,88.0,306.0,74.0,293.0,74.0,1,2,0
455,211,438.0,19.0,439.0,1.0,426.0,0.0,424.0,18.0,1,2,0
456,144,1004.0,833.0,1018.0,833.0,1018.0,817.0,1004.0,817.0,1,2,0
456,146,1034.0,823.0,1034.0,808.0,1020.0,808.0,1020.0,823.0,1,2,0
456,152,1066.0,883.0,1079.0,882.0,1078.0,863.0,1064.0,864.0,1,2,0
456,156,966.0,598.0,980.0,598.0,980.0,583.0,966.0,583.0,1,2,0
456,164,1003.0,584.0,1004.0,570.0,989.0,568.0,988.0,582.0,1,2,0
456,165,1014.0,591.0,1014.0,580.0,999.0,580.0,999.0,591.0,1,2,0
456,175,449.0,920.0,510.0,855.0,482.0,829.0,421.0,894.0,1,0,0
456,176,732.0,905.0,816.0,876.0,803.0,841.0,720.0,870.0,1,0,0
456,177,1023.0,712.0,1036.0,712.0,1036.0,700.0,1023.0,700.0,1,2,0
456,178,425.0,883.0,454.0,864.0,443.0,846.0,413.0,865.0,1,7,0
456,180,723.0,855.0,797.0,809.0,776.0,776.0,703.0,822.0,1,0,0
456,182,436.0,846.0,497.0,779.0,467.0,753.0,406.0,820.0,1,0,0
456,184,395.0,796.0,457.0,739.0,434.0,713.0,372.0,770.0,1,0,0
456,186,699.0,768.0,775.0,727.0,756.0,693.0,680.0,734.0,1,0,0
456,187,382.0,747.0,441.0,685.0,414.0,659.0,354.0,721.0,1,0,0
456,188,1029.0,689.0,1039.0,686.0,1036.0,676.0,1026.0,679.0,1,2,0
456,189,360.0,701.0,431.0,644.0,405.0,613.0,334.0,670.0,1,0,0
456,190,683.0,703.0,737.0,639.0,708.0,614.0,654.0,678.0,1,0,0
456,191,1016.0,678.0,1027.0,678.0,1027.0,664.0,1016.0,664.0,1,2,0
456,192,349.0,643.0,385.0,560.0,346.0,543.0,309.0,626.0,1,0,0
456,193,673.0,640.0,716.0,567.0,686.0,549.0,642.0,622.0,1,0,0
456,194,322.0,582.0,354.0,505.0,316.0,489.0,284.0,566.0,1,0,0
456,195,607.0,565.0,706.0,548.0,699.0,510.0,601.0,527.0,1,0,0
456,197,598.0,494.0,667.0,448.0,646.0,417.0,577.0,463.0,1,0,0
456,198,578.0,451.0,634.0,404.0,612.0,379.0,557.0,426.0,1,0,0
456,199,271.0,463.0,309.0,447.0,273.0,364.0,236.0,380.0,1,0,0
456,200,554.0,395.0,611.0,338.0,584.0,311.0,527.0,368.0,1,0,0
456,202,169.0,301.0,183.0,301.0,181.0,266.0,167.0,266.0,1,1,0
456,203,520.0,320.0,579.0,271.0,554.0,242.0,495.0,291.0,1,0,0
456,204,435.0,631.0,473.0,611.0,432.0,535.0,394.0,555.0,1,0,0
456,205,162.0,251.0,163.0,236.0,149.0,235.0,148.0,250.0,1,2,0
456,207,458.0,180.0,521.0,124.0,495.0,96.0,433.0,151.0,1,0,0
456,208,437.0,133.0,495.0,64.0,464.0,38.0,406.0,107.0,1,0,0
456,209,434.0,497.0,470.0,472.0,419.0,400.0,383.0,425.0,1,0,0
456,210,283.0,69.0,299.0,69.0,299.0,56.0,283.0,56.0,1,2,0
456,211,410.0,7.0,423.0,7.0,423.0,-5.0,410.0,-5.0,1,2,0
457,144,1001.0,824.0,1016.0,824.0,1016.0,810.0,1001.0,810.0,1,2,0
457,146,1017.0,814.0,1033.0,814.0,1033.0,796.0,1017.0,796.0,1,2,0
457,152,1059.0,875.0,1076.0,874.0,1076.0,857.0,1059.0,858.0,1,2,0
457,156,967.0,587.0,981.0,587.0,981.0,573.0,967.0,573.0,1,2,0
457,164,992.0,570.0,1005.0,570.0,1005.0,558.0,992.0,558.0,1,2,0
457,165,1000.0,581.0,1014.0,581.0,1014.0,569.0,1000.0,569.0,1,2,0
457,175,448.0,918.0,510.0,853.0,482.0,827.0,421.0,892.0,1,0,0
457,176,731.0,902.0,812.0,874.0,800.0,839.0,718.0,867.0,1,0,0
457,177,1016.0,706.0,1030.0,706.0,1030.0,692.0,1016.0,692.0,1,2,0
457,178,424.0,880.0,454.0,860.0,443.0,843.0,413.0,863.0,1,7,0
457,180,722.0,853.0,797.0,806.0,776.0,774.0,702.0,821.0,1,0,0
457,182,435.0,844.0,497.0,778.0,467.0,751.0,405.0,817.0,1,0,0
457,184,394.0,796.0,458.0,738.0,433.0,710.0,369.0,768.0,1,0,0
457,186,700.0,766.0,774.0,721.0,754.0,688.0,680.0,733.0,1,0,0
457,187,382.0,747.0,442.0,684.0,414.0,656.0,354.0,719.0,1,0,0
457,188,1026.0,687.0,1037.0,684.0,1034.0,675.0,1023.0,678.0,1,2,0
457,189,358.0,698.0,430.0,643.0,405.0,612.0,333.0,667.0,1,0,0
457,190,682.0,700.0,735.0,638.0,706.0,614.0,653.0,676.0,1,0,0
457,191,1014.0,677.0,1026.0,676.0,1025.0,660.0,1013.0,661.0,1,2,0
457,192,349.0,641.0,384.0,557.0,345.0,541.0,310.0,625.0,1,0,0
457,193,674.0,638.0,715.0,565.0,684.0,547.0,643.0,620.0,1,0,0
457,194,322.0,580.0,354.0,502.0,317.0,487.0,285.0,565.0,1,0,0
457,195,606.0,563.0,702.0,546.0,696.0,508.0,599.0,525.0,1,0,0
457,197,598.0,492.0,666.0,446.0,646.0,416.0,578.0,462.0,1,0,0
457,198,580.0,447.0,634.0,402.0,614.0,377.0,559.0,422.0,1,0,0
457,199,272.0,460.0,309.0,444.0,272.0,362.0,236.0,378.0,1,0,0
457,200,554.0,394.0,611.0,337.0,583.0,309.0,526.0,366.0,1,0,0
457,202,168.0,299.0,182.0,299.0,182.0,264.0,168.0,264.0,1,1,0
457,203,519.0,318.0,578.0,269.0,555.0,241.0,496.0,290.0,1,0,0
457,204,447.0,653.0,484.0,634.0,445.0,558.0,408.0,577.0,1,0,0
457,205,160.0,249.0,162.0,235.0,148.0,234.0,147.0,248.0,1,2,0
457,207,459.0,177.0,520.0,121.0,495.0,93.0,434.0,149.0,1,0,0
457,208,437.0,131.0,495.0,61.0,464.0,35.0,406.0,105.0,1,0,0
457,209,450.0,526.0,487.0,504.0,440.0,428.0,403.0,450.0,1,0,0
457,210,286.0,66.0,298.0,66.0,298.0,54.0,286.0,54.0,1,2,0
457,211,418.0,12.0,419.0,-2.0,405.0,-3.0,404.0,11.0,1,2,0
458,144,998.0,821.0,1012.0,821.0,1012.0,804.0,998.0,804.0,1,2,0
458,146,1018.0,812.0,1032.0,812.0,1032.0,797.0,1018.0,797.0,1,2,0
458,152,1057.0,870.0,1071.0,870.0,1071.0,856.0,1057.0,856.0,1,2,0
458,156,968.0,585.0,980.0,585.0,980.0,572.0,968.0,572.0,1,2,0
458,164,994.0,567.0,1010.0,567.0,1010.0,549.0,994.0,549.0,1,2,0
458,165,1003.0,579.0,1020.0,570.0,1015.0,559.0,998.0,568.0,1,2,0
458,175,451.0,918.0,508.0,856.0,481.0,831.0,424.0,893.0,1,0,0
458,176,730.0,903.0,812.0,873.0,801.0,841.0,719.0,871.0,1,0,0
458,177,1008.0,703.0,1022.0,703.0,1022.0,691.0,1008.0,691.0,1,2,0
458,178,423.0,881.0,455.0,865.0,445.0,845.0,413.0,861.0,1,7,0
458,180,722.0,855.0,796.0,809.0,777.0,777.0,702.0,823.0,1,0,0
458,182,437.0,846.0,496.0,780.0,466.0,754.0,407.0,820.0,1,0,0
458,184,394.0,797.0,458.0,742.0,434.0,713.0,370.0,768.0,1,0,0
458,186,700.0,768.0,774.0,722.0,753.0,689.0,679.0,735.0,1,0,0
458,187,382.0,748.0,442.0,688.0,415.0,660.0,354.0,721.0,1,0,0
458,188,1025.0,687.0,1036.0,684.0,1033.0,675.0,1022.0,678.0,1,2,0
458,189,359.0,702.0,429.0,646.0,403.0,614.0,334.0,670.0,1,0,0
458,190,683.0,702.0,737.0,639.0,708.0,615.0,654.0,678.0,1,0,0
458,191,1017.0,680.0,1025.0,677.0,1021.0,666.0,1013.0,669.0,1,2,0
458,192,350.0,643.0,385.0,561.0,345.0,544.0,310.0,626.0,1,0,0
458,193,674.0,640.0,717.0,568.0,687.0,550.0,644.0,622.0,1,0,0
458,194,323.0,583.0,355.0,504.0,317.0,489.0,285.0,568.0,1,0,0
458,195,608.0,565.0,703.0,549.0,696.0,512.0,601.0,528.0,1,0,0
458,197,597.0,495.0,668.0,450.0,648.0,419.0,577.0,464.0,1,0,0
458,198,578.0,451.0,635.0,405.0,615.0,380.0,558.0,426.0,1,0,0
458,199,271.0,463.0,308.0,447.0,273.0,365.0,236.0,381.0,1,0,0
458,200,554.0,396.0,609.0,337.0,581.0,311.0,526.0,370.0,1,0,0
458,202,170.0,303.0,184.0,302.0,180.0,267.0,167.0,268.0,1,1,0
458,203,518.0,320.0,580.0,270.0,557.0,242.0,496.0,292.0,1,0,0
458,204,459.0,680.0,496.0,661.0,458.0,585.0,421.0,604.0,1,0,0
458,205,149.0,251.0,161.0,251.0,161.0,237.0,149.0,237.0,1,2,0
458,207,461.0,182.0,522.0,124.0,494.0,95.0,433.0,153.0,1,0,0
458,208,436.0,133.0,495.0,62.0,464.0,36.0,404.0,107.0,1,0,0
458,209,464.0,558.0,503.0,537.0,460.0,460.0,421.0,481.0,1,0,0
458,210,289.0,70.0,303.0,70.0,303.0,53.0,289.0,53.0,1,2,0
458,211,402.0,24.0,413.0,8.0,403.0,1.0,391.0,17.0,1,2,0
459,144,1004.0,836.0,1019.0,836.0,1019.0,816.0,1004.0,816.0,1,2,0
459,146,1024.0,825.0,1042.0,823.0,1040.0,802.0,1022.0,804.0,1,2,0
459,152,1062.0,887.0,1077.0,885.0,1074.0,861.0,1058.0,863.0,1,2,0
459,156,976.0,597.0,990.0,597.0,990.0,581.0,976.0,581.0,1,2,0
459,164,1007.0,577.0,1020.0,577.0,1020.0,565.0,1007.0,565.0,1,2,0
459,165,1028.0,588.0,1028.0,576.0,1016.0,576.0,1016.0,588.0,1,2,0
459,175,460.0,931.0,514.0,871.0,487.0,847.0,433.0,907.0,1,0,0
459,176,731.0,921.0,820.0,892.0,809.0,858.0,720.0,887.0,1,0,0
459,177,1009.0,717.0,1023.0,714.0,1019.0,696.0,1005.0,699.0,1,2,0
459,178,431.0,902.0,459.0,882.0,446.0,862.0,418.0,882.0,1,7,0
459,180,725.0,874.0,801.0,829.0,782.0,797.0,706.0,842.0,1,0,0
459,182,440.0,865.0,500.0,800.0,471.0,774.0,411.0,839.0,1,0,0
459,184,399.0,817.0,462.0,760.0,437.0,732.0,374.0,789.0,1,0,0
459,186,705.0,788.0,778.0,744.0,757.0,710.0,684.0,754.0,1,0,0
459,187,385.0,766.0,445.0,705.0,419.0,679.0,359.0,740.0,1,0,0
459,188,1033.0,708.0,1043.0,704.0,1040.0,695.0,1030.0,698.0,1,2,0
459,189,365.0,720.0,434.0,664.0,409.0,634.0,340.0,689.0,1,0,0
459,190,687.0,722.0,740.0,660.0,711.0,636.0,658.0,698.0,1,0,0
459,191,1025.0,700.0,1033.0,697.0,1029.0,686.0,1021.0,689.0,1,2,0
459,192,355.0,663.0,390.0,580.0,350.0,564.0,315.0,647.0,1,0,0
459,193,677.0,660.0,721.0,590.0,691.0,571.0,647.0,641.0,1,0,0
459,194,326.0,601.0,359.0,525.0,323.0,509.0,290.0,585.0,1,0,0
459,195,613.0,584.0,708.0,569.0,701.0,531.0,607.0,546.0,1,0,0
459,197,603.0,513.0,671.0,467.0,650.0,437.0,583.0,483.0,1,0,0
459,198,583.0,471.0,643.0,423.0,621.0,396.0,561.0,444.0,1,0,0
459,199,277.0,482.0,313.0,466.0,277.0,383.0,240.0,399.0,1,0,0
459,200,558.0,415.0,616.0,358.0,589.0,331.0,531.0,388.0,1,0,0
459,202,175.0,323.0,190.0,321.0,186.0,287.0,171.0,289.0,1,1,0
459,203,524.0,341.0,585.0,290.0,561.0,262.0,501.0,313.0,1,0,0
459,204,474.0,722.0,511.0,705.0,474.0,628.0,438.0,645.0,1,0,0
459,205,155.0,272.0,168.0,272.0,168.0,256.0,155.0,256.0,1,2,0
459,207,465.0,200.0,525.0,144.0,498.0,116.0,438.0,172.0,1,0,0
459,208,441.0,153.0,502.0,84.0,471.0,57.0,410.0,126.0,1,0,0
459,209,482.0,606.0,521.0,587.0,481.0,507.0,442.0,526.0,1,0,0
459,210,295.0,89.0,308.0,89.0,308.0,74.0,295.0,74.0,1,2,0
459,211,405.0,51.0,411.0,42.0,400.0,34.0,394.0,43.0,1,2,0
460,144,993.0,855.0,1009.0,854.0,1007.0,835.0,991.0,836.0,1,2,0
460,146,1028.0,837.0,1028.0,818.0,1013.0,818.0,1013.0,837.0,1,2,0
460,152,1058.0,903.0,1067.0,892.0,1055.0,882.0,1046.0,893.0,1,2,0
460,156,967.0,614.0,981.0,614.0,981.0,601.0,967.0,601.0,1,2,0
460,164,998.0,593.0,1019.0,593.0,1019.0,581.0,998.0,581.0,1,2,0
460,165,1027.0,606.0,1027.0,593.0,1010.0,593.0,1010.0,606.0,1,2,0
460,177,1001.0,736.0,1009.0,724.0,991.0,712.0,983.0,724.0,1,2,0
460,180,716.0,897.0,791.0,851.0,772.0,819.0,697.0,865.0,1,0,0
460,182,431.0,889.0,490.0,823.0,460.0,797.0,401.0,863.0,1,0,0
460,184,389.0,840.0,454.0,783.0,429.0,755.0,365.0,812.0,1,0,0
460,186,694.0,810.0,767.0,765.0,748.0,733.0,674.0,778.0,1,0,0
460,187,375.0,790.0,436.0,729.0,409.0,703.0,349.0,764.0,1,0,0
460,189,353.0,743.0,423.0,689.0,399.0,658.0,329.0,712.0,1,0,0
460,190,675.0,745.0,729.0,683.0,700.0,659.0,647.0,721.0,1,0,0
460,191,1009.0,722.0,1021.0,722.0,1021.0,710.0,1009.0,710.0,1,2,0
460,192,344.0,687.0,379.0,603.0,339.0,586.0,304.0,670.0,1,0,0
460,193,668.0,683.0,711.0,611.0,679.0,592.0,636.0,664.0,1,0,0
460,194,316.0,626.0,349.0,549.0,313.0,534.0,280.0,611.0,1,0,0
460,195,602.0,607.0,701.0,591.0,694.0,553.0,596.0,569.0,1,0,0
460,197,592.0,537.0,660.0,492.0,640.0,461.0,571.0,506.0,1,0,0
460,198,572.0,494.0,630.0,445.0,608.0,418.0,550.0,467.0,1,0,0
460,199,266.0,505.0,304.0,489.0,268.0,407.0,230.0,423.0,1,0,0
460,200,547.0,438.0,604.0,380.0,578.0,354.0,521.0,412.0,1,0,0
460,202,164.0,346.0,177.0,345.0,175.0,310.0,162.0,311.0,1,1,0
460,203,515.0,364.0,575.0,311.0,550.0,282.0,490.0,335.0,1,0,0
460,204,474.0,770.0,511.0,753.0,476.0,675.0,439.0,692.0,1,0,0
460,205,156.0,295.0,157.0,280.0,144.0,279.0,143.0,294.0,1,2,0
460,207,455.0,223.0,514.0,167.0,487.0,139.0,428.0,195.0,1,0,0
460,208,432.0,177.0,490.0,107.0,458.0,81.0,400.0,151.0,1,0,0
460,209,485.0,657.0,523.0,639.0,484.0,558.0,446.0,576.0,1,0,0
460,210,286.0,110.0,299.0,110.0,299.0,97.0,286.0,97.0,1,2,0
460,211,389.0,84.0,397.0,73.0,386.0,65.0,378.0,76.0,1,2,0
461,144,998.0,860.0,1013.0,860.0,1013.0,842.0,998.0,842.0,1,2,0
461,146,1020.0,848.0,1034.0,848.0,1034.0,834.0,1020.0,834.0,1,2,0
461,156,978.0,629.0,994.0,619.0,988.0,609.0,972.0,619.0,1,2,0
461,164,1018.0,605.0,1031.0,605.0,1031.0,593.0,1018.0,593.0,1,2,0
461,165,1018.0,618.0,1036.0,618.0,1036.0,607.0,1018.0,607.0,1,2,0
461,177,993.0,743.0,1008.0,743.0,1008.0,729.0,993.0,729.0,1,2,0
461,180,723.0,916.0,801.0,865.0,780.0,832.0,702.0,883.0,1,0,0
461,182,438.0,906.0,499.0,841.0,468.0,813.0,407.0,878.0,1,0,0
461,184,396.0,857.0,459.0,800.0,433.0,772.0,370.0,829.0,1,0,0
461,186,699.0,827.0,775.0,785.0,757.0,751.0,680.0,793.0,1,0,0
461,187,383.0,807.0,444.0,745.0,416.0,718.0,356.0,780.0,1,0,0
461,189,362.0,760.0,431.0,704.0,405.0,672.0,336.0,728.0,1,0,0
461,190,683.0,762.0,737.0,700.0,707.0,675.0,654.0,737.0,1,0,0
461,191,1015.0,738.0,1026.0,737.0,1025.0,721.0,1013.0,722.0,1,2,0
461,192,352.0,703.0,388.0,617.0,347.0,600.0,311.0,686.0,1,0,0
461,193,675.0,699.0,714.0,626.0,682.0,609.0,643.0,682.0,1,0,0
461,194,323.0,642.0,356.0,564.0,319.0,549.0,286.0,627.0,1,0,0
461,195,608.0,625.0,704.0,608.0,697.0,570.0,601.0,587.0,1,0,0
461,197,598.0,554.0,667.0,508.0,647.0,477.0,578.0,523.0,1,0,0
461,198,579.0,509.0,639.0,457.0,617.0,432.0,557.0,484.0,1,0,0
461,199,274.0,523.0,310.0,507.0,275.0,424.0,238.0,440.0,1,0,0
461,200,555.0,454.0,614.0,395.0,587.0,368.0,528.0,427.0,1,0,0
461,202,171.0,361.0,184.0,361.0,184.0,326.0,171.0,326.0,1,1,0
461,203,522.0,381.0,583.0,328.0,559.0,300.0,498.0,353.0,1,0,0
461,204,490.0,813.0,529.0,797.0,495.0,717.0,456.0,733.0,1,0,0
461,205,150.0,312.0,162.0,312.0,162.0,300.0,150.0,300.0,1,2,0
461,207,461.0,241.0,521.0,185.0,494.0,157.0,434.0,213.0,1,0,0
461,208,438.0,193.0,496.0,124.0,466.0,98.0,408.0,167.0,1,0,0
461,209,497.0,698.0,537.0,682.0,503.0,599.0,463.0,615.0,1,0,0
461,210,296.0,126.0,312.0,126.0,312.0,114.0,296.0,114.0,1,2,0
461,211,385.0,111.0,396.0,96.0,386.0,88.0,375.0,103.0,1,2,0
462,144,1013.0,891.0,1026.0,887.0,1021.0,870.0,1008.0,874.0,1,2,0
462,146,1031.0,877.0,1044.0,873.0,1038.0,853.0,1024.0,857.0,1,2,0
462,156,990.0,652.0,1005.0,652.0,1005.0,639.0,990.0,639.0,1,2,0
462,164,1047.0,632.0,1048.0,620.0,1036.0,619.0,1035.0,631.0,1,2,0
462,165,1055.0,649.0,1060.0,636.0,1045.0,629.0,1040.0,642.0,1,2,0
462,177,1001.0,770.0,1014.0,770.0,1014.0,750.0,1001.0,750.0,1,2,0
462,180,749.0,941.0,821.0,889.0,798.0,856.0,725.0,908.0,1,0,0
462,182,445.0,936.0,505.0,872.0,478.0,846.0,418.0,910.0,1,0,0
462,184,404.0,890.0,467.0,834.0,442.0,806.0,379.0,862.0,1,0,0
462,186,709.0,860.0,784.0,819.0,765.0,785.0,690.0,826.0,1,0,0
462,187,392.0,839.0,451.0,780.0,424.0,753.0,365.0,812.0,1,0,0
462,189,369.0,793.0,437.0,739.0,412.0,708.0,345.0,762.0,1,0,0
462,190,692.0,795.0,744.0,733.0,716.0,709.0,663.0,771.0,1,0,0
462,191,1024.0,771.0,1035.0,771.0,1035.0,754.0,1024.0,754.0,1,2,0
462,192,360.0,735.0,395.0,652.0,355.0,635.0,320.0,718.0,1,0,0
462,193,682.0,732.0,725.0,661.0,694.0,643.0,652.0,714.0,1,0,0
462,194,333.0,675.0,365.0,596.0,328.0,581.0,295.0,660.0,1,0,0
462,195,617.0,657.0,713.0,642.0,707.0,604.0,611.0,619.0,1,0,0
462,197,608.0,586.0,676.0,542.0,655.0,511.0,587.0,555.0,1,0,0
462,198,589.0,543.0,647.0,498.0,627.0,471.0,568.0,516.0,1,0,0
462,199,281.0,555.0,319.0,539.0,284.0,456.0,246.0,472.0,1,0,0
462,200,562.0,487.0,621.0,428.0,595.0,403.0,536.0,462.0,1,0,0
462,202,181.0,393.0,194.0,392.0,192.0,361.0,178.0,362.0,1,1,0
462,203,530.0,415.0,590.0,364.0,566.0,335.0,506.0,386.0,1,0,0
462,204,508.0,871.0,547.0,855.0,514.0,774.0,475.0,790.0,1,0,0
462,205,160.0,346.0,172.0,346.0,172.0,333.0,160.0,333.0,1,2,0
462,207,470.0,273.0,531.0,217.0,504.0,188.0,443.0,244.0,1,0,0
462,208,445.0,227.0,505.0,157.0,475.0,131.0,415.0,201.0,1,0,0
462,209,515.0,753.0,554.0,737.0,521.0,655.0,481.0,671.0,1,0,0
462,210,307.0,161.0,321.0,161.0,321.0,148.0,307.0,148.0,1,2,0
462,211,390.0,154.0,400.0,148.0,391.0,132.0,380.0,138.0,1,2,0
463,144,1009.0,899.0,1023.0,898.0,1022.0,884.0,1008.0,885.0,1,2,0
463,146,1027.0,889.0,1041.0,889.0,1041.0,875.0,1027.0,875.0,1,2,0
463,156,995.0,666.0,1010.0,666.0,1010.0,654.0,995.0,654.0,1,2,0
463,164,1055.0,646.0,1056.0,635.0,1042.0,634.0,1041.0,645.0,1,2,0
463,165,1047.0,660.0,1061.0,660.0,1061.0,647.0,1047.0,647.0,1,2,0
463,177,998.0,783.0,1012.0,783.0,1012.0,772.0,998.0,772.0,1,2,0
463,184,402.0,910.0,467.0,853.0,443.0,825.0,377.0,882.0,1,0,0
463,186,708.0,879.0,786.0,836.0,767.0,802.0,690.0,845.0,1,0,0
463,187,391.0,860.0,450.0,798.0,422.0,771.0,363.0,833.0,1,0,0
463,189,368.0,812.0,440.0,756.0,415.0,725.0,344.0,781.0,1,0,0
463,190,691.0,816.0,745.0,755.0,715.0,729.0,662.0,790.0,1,0,0
463,191,1025.0,790.0,1033.0,790.0,1033.0,780.0,1025.0,780.0,1,2,0
463,192,360.0,756.0,396.0,672.0,355.0,654.0,318.0,738.0,1,0,0
463,193,683.0,752.0,722.0,679.0,690.0,662.0,651.0,735.0,1,0,0
463,194,330.0,696.0,364.0,618.0,327.0,602.0,294.0,680.0,1,0,0
463,195,617.0,676.0,711.0,660.0,705.0,623.0,610.0,639.0,1,0,0
463,197,605.0,606.0,674.0,562.0,655.0,531.0,586.0,575.0,1,0,0
463,198,588.0,563.0,644.0,517.0,623.0,491.0,567.0,537.0,1,0,0
463,199,281.0,575.0,319.0,559.0,284.0,477.0,246.0,493.0,1,0,0
463,200,561.0,508.0,621.0,448.0,594.0,422.0,535.0,481.0,1,0,0
463,202,179.0,414.0,192.0,414.0,191.0,378.0,178.0,378.0,1,1,0
463,203,529.0,434.0,591.0,381.0,567.0,352.0,505.0,405.0,1,0,0
463,204,514.0,912.0,553.0,898.0,523.0,820.0,484.0,834.0,1,0,0
463,205,160.0,364.0,172.0,364.0,172.0,353.0,160.0,353.0,1,2,0
463,207,469.0,294.0,530.0,239.0,503.0,209.0,442.0,264.0,1,0,0
463,208,446.0,246.0,506.0,177.0,475.0,150.0,415.0,219.0,1,0,0
463,209,519.0,793.0,560.0,778.0,529.0,695.0,488.0,710.0,1,0,0
463,210,310.0,181.0,322.0,181.0,322.0,169.0,310.0,169.0,1,2,0
463,211,387.0,183.0,396.0,167.0,381.0,159.0,372.0,175.0,1,2,0
463,212,387.0,45.0,423.0,32.0,399.0,-34.0,363.0,-21.0,1,0,0
464,146,1022.0,905.0,1032.0,901.0,1027.0,887.0,1017.0,891.0,1,2,0
464,156,1013.0,687.0,1013.0,673.0,994.0,673.0,994.0,687.0,1,2,0
464,164,1046.0,666.0,1060.0,666.0,1060.0,655.0,1046.0,655.0,1,2,0
464,165,1045.0,680.0,1066.0,677.0,1065.0,666.0,1044.0,669.0,1,2,0
464,177,995.0,806.0,1007.0,802.0,1001.0,783.0,989.0,787.0,1,2,0
464,184,401.0,931.0,463.0,878.0,438.0,850.0,377.0,902.0,1,0,0
464,186,705.0,907.0,783.0,861.0,762.0,827.0,684.0,873.0,1,0,0
464,187,387.0,885.0,448.0,823.0,420.0,796.0,360.0,858.0,1,0,0
464,189,365.0,838.0,437.0,781.0,412.0,751.0,340.0,808.0,1,0,0
464,190,687.0,841.0,739.0,779.0,711.0,755.0,659.0,817.0,1,0,0
464,191,1021.0,820.0,1030.0,819.0,1029.0,804.0,1019.0,805.0,1,2,0
464,192,354.0,781.0,391.0,698.0,352.0,681.0,315.0,764.0,1,0,0
464,193,678.0,778.0,719.0,706.0,688.0,689.0,647.0,761.0,1,0,0
464,194,327.0,720.0,360.0,642.0,323.0,627.0,290.0,705.0,1,0,0
464,195,614.0,703.0,709.0,687.0,702.0,649.0,607.0,665.0,1,0,0
464,197,604.0,632.0,673.0,588.0,652.0,556.0,583.0,600.0,1,0,0
464,198,585.0,587.0,644.0,541.0,622.0,514.0,563.0,560.0,1,0,0
464,199,276.0,601.0,314.0,585.0,280.0,502.0,242.0,518.0,1,0,0
464,200,558.0,534.0,620.0,475.0,593.0,447.0,531.0,506.0,1,0,0
464,202,175.0,438.0,189.0,438.0,189.0,405.0,175.0,405.0,1,1,0
464,203,527.0,460.0,587.0,408.0,561.0,379.0,501.0,431.0,1,0,0
464,205,157.0,390.0,168.0,390.0,168.0,380.0,157.0,380.0,1,2,0
464,207,466.0,319.0,527.0,265.0,501.0,235.0,439.0,289.0,1,0,0
464,208,443.0,272.0,503.0,202.0,472.0,176.0,412.0,246.0,1,0,0
464,209,523.0,838.0,563.0,824.0,532.0,740.0,492.0,754.0,1,0,0
464,210,310.0,208.0,322.0,208.0,322.0,195.0,310.0,195.0,1,2,0
464,211,366.0,215.0,381.0,215.0,381.0,198.0,366.0,198.0,1,2,0
464,212,381.0,70.0,421.0,58.0,396.0,-25.0,356.0,-13.0,1,0,0
465,156,1028.0,697.0,1042.0,697.0,1042.0,686.0,1028.0,686.0,1,2,0
465,164,1079.0,677.0,1093.0,676.0,1092.0,665.0,1078.0,666.0,1,2,0
465,165,1085.0,690.0,1098.0,690.0,1098.0,679.0,1085.0,679.0,1,2,0
465,177,1017.0,812.0,1029.0,812.0,1029.0,798.0,1017.0,798.0,1,2,0
465,186,727.0,918.0,799.0,878.0,782.0,847.0,710.0,887.0,1,0,0
465,187,412.0,899.0,470.0,840.0,443.0,813.0,384.0,872.0,1,0,0
465,189,389.0,853.0,458.0,798.0,434.0,767.0,364.0,822.0,1,0,0
465,190,711.0,856.0,762.0,795.0,733.0,771.0,682.0,832.0,1,0,0
465,191,1045.0,832.0,1053.0,832.0,1053.0,819.0,1045.0,819.0,1,2,0
465,192,381.0,795.0,414.0,711.0,374.0,696.0,341.0,780.0,1,0,0
465,193,699.0,793.0,742.0,721.0,714.0,704.0,671.0,776.0,1,0,0
465,194,351.0,736.0,384.0,660.0,347.0,644.0,315.0,720.0,1,0,0
465,195,637.0,719.0,733.0,702.0,726.0,663.0,631.0,680.0,1,0,0
465,197,627.0,647.0,695.0,603.0,674.0,571.0,606.0,615.0,1,0,0
465,198,607.0,602.0,668.0,553.0,649.0,528.0,587.0,577.0,1,0,0
465,199,302.0,616.0,339.0,600.0,302.0,517.0,265.0,533.0,1,0,0
465,200,582.0,548.0,645.0,489.0,620.0,462.0,556.0,521.0,1,0,0
465,202,199.0,455.0,212.0,455.0,212.0,422.0,199.0,422.0,1,1,0
465,203,547.0,475.0,611.0,427.0,589.0,397.0,525.0,445.0,1,0,0
465,207,488.0,334.0,549.0,279.0,525.0,252.0,464.0,307.0,1,0,0
465,208,467.0,288.0,523.0,218.0,492.0,193.0,436.0,263.0,1,0,0
465,209,551.0,871.0,592.0,856.0,560.0,773.0,520.0,788.0,1,0,0
465,210,335.0,224.0,346.0,224.0,346.0,209.0,335.0,209.0,1,2,0
465,211,392.0,236.0,400.0,232.0,393.0,218.0,385.0,222.0,1,2,0
465,212,403.0,86.0,441.0,75.0,415.0,-11.0,378.0,0.0,1,0,0
465,213,952.0,70.0,982.0,58.0,954.0,-11.0,924.0,1.0,1,0,0
466,156,1040.0,720.0,1041.0,708.0,1029.0,707.0,1028.0,719.0,1,2,0
466,164,1084.0,698.0,1098.0,696.0,1097.0,685.0,1083.0,687.0,1,2,0
466,165,1083.0,713.0,1097.0,713.0,1097.0,701.0,1083.0,701.0,1,2,0
466,177,1009.0,835.0,1022.0,835.0,1022.0,821.0,1009.0,821.0,1,2,0
466,187,409.0,922.0,461.0,868.0,435.0,843.0,383.0,897.0,1,0,0
466,189,381.0,884.0,450.0,828.0,426.0,798.0,357.0,854.0,1,0,0
466,190,704.0,885.0,756.0,823.0,728.0,799.0,675.0,861.0,1,0,0
466,191,1039.0,865.0,1047.0,862.0,1043.0,849.0,1034.0,852.0,1,2,0
466,192,371.0,826.0,407.0,743.0,367.0,726.0,332.0,809.0,1,0,0
466,193,694.0,823.0,737.0,750.0,706.0,732.0,663.0,805.0,1,0,0
466,194,344.0,765.0,377.0,688.0,340.0,673.0,307.0,750.0,1,0,0
466,195,630.0,748.0,726.0,731.0,719.0,692.0,624.0,709.0,1,0,0
466,197,619.0,676.0,687.0,633.0,667.0,602.0,599.0,645.0,1,0,0
466,198,601.0,633.0,661.0,587.0,639.0,559.0,579.0,605.0,1,0,0
466,199,293.0,646.0,331.0,630.0,297.0,548.0,259.0,564.0,1,0,0
466,200,573.0,578.0,634.0,520.0,608.0,492.0,547.0,550.0,1,0,0
466,202,192.0,483.0,206.0,483.0,206.0,450.0,192.0,450.0,1,1,0
466,203,542.0,505.0,605.0,455.0,580.0,424.0,517.0,474.0,1,0,0
466,207,481.0,364.0,542.0,309.0,515.0,280.0,454.0,335.0,1,0,0
466,208,457.0,317.0,517.0,247.0,487.0,221.0,427.0,291.0,1,0,0
466,209,549.0,912.0,589.0,898.0,562.0,819.0,521.0,833.0,1,0,0
466,210,328.0,251.0,340.0,251.0,340.0,239.0,328.0,239.0,1,2,0
466,211,374.0,274.0,387.0,262.0,379.0,253.0,366.0,266.0,1,2,0
466,212,395.0,115.0,435.0,103.0,405.0,7.0,366.0,19.0,1,0,0
466,213,945.0,103.0,981.0,87.0,948.0,11.0,912.0,27.0,1,0,0
467,156,1027.0,743.0,1039.0,743.0,1039.0,733.0,1027.0,733.0,1,2,0
467,164,1079.0,723.0,1092.0,723.0,1092.0,711.0,1079.0,711.0,1,2,0
467,165,1079.0,735.0,1098.0,735.0,1098.0,724.0,1079.0,724.0,1,2,0
467,177,1005.0,859.0,1015.0,851.0,999.0,833.0,989.0,841.0,1,2,0
467,189,372.0,910.0,441.0,856.0,416.0,824.0,346.0,878.0,1,0,0
467,190,694.0,913.0,747.0,852.0,719.0,827.0,666.0,888.0,1,0,0
467,191,1025.0,888.0,1036.0,888.0,1036.0,874.0,1025.0,874.0,1,2,0
467,192,362.0,852.0,396.0,770.0,358.0,754.0,323.0,836.0,1,0,0
467,193,682.0,850.0,727.0,780.0,696.0,761.0,652.0,831.0,1,0,0
467,194,334.0,792.0,368.0,714.0,331.0,698.0,298.0,776.0,1,0,0
467,195,618.0,776.0,716.0,759.0,709.0,720.0,611.0,737.0,1,0,0
467,197,609.0,704.0,676.0,660.0,657.0,630.0,590.0,674.0,1,0,0
467,198,594.0,659.0,648.0,611.0,626.0,586.0,572.0,634.0,1,0,0
467,199,284.0,671.0,321.0,655.0,286.0,573.0,249.0,589.0,1,0,0
467,200,566.0,605.0,626.0,548.0,599.0,520.0,539.0,577.0,1,0,0
467,202,182.0,510.0,196.0,510.0,196.0,476.0,182.0,476.0,1,1,0
467,203,535.0,531.0,593.0,479.0,567.0,450.0,509.0,502.0,1,0,0
467,207,472.0,391.0,533.0,337.0,507.0,308.0,446.0,362.0,1,0,0
467,208,450.0,344.0,510.0,275.0,479.0,249.0,419.0,318.0,1,0,0
467,210,324.0,278.0,337.0,278.0,337.0,266.0,324.0,266.0,1,2,0
467,211,360.0,309.0,370.0,299.0,360.0,289.0,349.0,299.0,1,2,0
467,212,391.0,143.0,428.0,131.0,398.0,34.0,361.0,46.0,1,0,0
467,213,935.0,131.0,970.0,118.0,941.0,44.0,906.0,57.0,1,0,0
467,214,1068.0,70.0,1105.0,48.0,1063.0,-24.0,1026.0,-2.0,1,0,0
467,215,1115.0,62.0,1148.0,44.0,1109.0,-26.0,1077.0,-8.0,1,0,0
468,156,1044.0,751.0,1055.0,746.0,1051.0,737.0,1040.0,742.0,1,2,0
468,164,1090.0,728.0,1104.0,728.0,1104.0,716.0,1090.0,716.0,1,2,0
468,165,1093.0,740.0,1108.0,740.0,1108.0,729.0,1093.0,729.0,1,2,0
468,177,998.0,858.0,1011.0,858.0,1011.0,845.0,998.0,845.0,1,2,0
468,189,377.0,919.0,448.0,862.0,423.0,831.0,352.0,888.0,1,0,0
468,190,697.0,922.0,753.0,861.0,725.0,835.0,669.0,896.0,1,0,0
468,191,1031.0,898.0,1042.0,898.0,1042.0,887.0,1031.0,887.0,1,2,0
468,192,366.0,861.0,401.0,778.0,363.0,762.0,327.0,845.0,1,0,0
468,193,689.0,860.0,730.0,787.0,700.0,770.0,659.0,843.0,1,0,0
468,194,339.0,801.0,371.0,724.0,335.0,709.0,303.0,786.0,1,0,0
468,195,623.0,784.0,720.0,768.0,713.0,729.0,617.0,745.0,1,0,0
468,197,613.0,713.0,682.0,670.0,662.0,639.0,594.0,682.0,1,0,0
468,198,597.0,671.0,654.0,621.0,630.0,594.0,573.0,644.0,1,0,0
468,199,290.0,680.0,327.0,665.0,292.0,583.0,255.0,598.0,1,0,0
468,200,569.0,614.0,630.0,558.0,604.0,531.0,544.0,587.0,1,0,0
468,202,201.0,519.0,201.0,486.0,187.0,486.0,187.0,519.0,1,1,0
468,203,539.0,540.0,597.0,489.0,572.0,461.0,514.0,512.0,1,0,0
468,207,477.0,400.0,538.0,346.0,512.0,316.0,451.0,370.0,1,0,0
468,208,454.0,355.0,514.0,285.0,482.0,258.0,422.0,328.0,1,0,0
468,210,329.0,288.0,342.0,288.0,342.0,277.0,329.0,277.0,1,2,0
468,211,351.0,321.0,364.0,321.0,364.0,308.0,351.0,308.0,1,2,0
468,212,395.0,151.0,433.0,139.0,404.0,44.0,365.0,56.0,1,0,0
468,213,940.0,142.0,975.0,128.0,945.0,51.0,909.0,65.0,1,0,0
468,214,1071.0,85.0,1110.0,67.0,1073.0,-12.0,1034.0,6.0,1,0,0
468,215,1123.0,74.0,1155.0,57.0,1116.0,-14.0,1084.0,3.0,1,0,0
468,216,174.0,21.0,192.0,13.0,179.0,-17.0,161.0,-9.0,1,7,0
468,217,394.0,22.0,415.0,16.0,405.0,-14.0,385.0,-8.0,1,7,0
468,218,1165.0,45.0,1195.0,27.0,1158.0,-35.0,1127.0,-17.0,1,0,0
469,164,1104.0,762.0,1120.0,762.0,1120.0,750.0,1104.0,750.0,1,2,0
469,165,1118.0,777.0,1119.0,765.0,1102.0,763.0,1101.0,775.0,1,2,0
469,177,1002.0,894.0,1015.0,894.0,1015.0,873.0,1002.0,873.0,1,2,0
469,192,369.0,902.0,408.0,815.0,369.0,798.0,331.0,885.0,1,0,0
469,193,694.0,902.0,740.0,824.0,707.0,805.0,661.0,883.0,1,0,0
469,194,341.0,841.0,375.0,763.0,339.0,747.0,305.0,825.0,1,0,0
469,195,628.0,824.0,724.0,809.0,718.0,771.0,622.0,786.0,1,0,0
469,197,617.0,753.0,684.0,709.0,665.0,680.0,598.0,724.0,1,0,0
469,198,600.0,708.0,668.0,658.0,647.0,630.0,579.0,680.0,1,0,0
469,199,292.0,721.0,330.0,705.0,295.0,623.0,257.0,639.0,1,0,0
469,200,571.0,655.0,633.0,599.0,607.0,571.0,546.0,627.0,1,0,0
469,202,193.0,561.0,206.0,560.0,204.0,526.0,191.0,527.0,1,1,0
469,203,541.0,581.0,600.0,528.0,575.0,501.0,517.0,554.0,1,0,0
469,207,480.0,440.0,543.0,386.0,518.0,357.0,455.0,411.0,1,0,0
469,208,458.0,394.0,516.0,325.0,486.0,299.0,427.0,368.0,1,0,0
469,210,337.0,329.0,348.0,329.0,348.0,317.0,337.0,317.0,1,2,0
469,211,352.0,373.0,366.0,359.0,357.0,350.0,343.0,364.0,1,2,0
469,212,397.0,192.0,436.0,180.0,406.0,84.0,367.0,96.0,1,0,0
469,213,948.0,182.0,982.0,166.0,945.0,91.0,912.0,107.0,1,0,0
469,214,1073.0,124.0,1110.0,106.0,1073.0,28.0,1035.0,46.0,1,0,0
469,215,1126.0,118.0,1159.0,100.0,1118.0,27.0,1085.0,45.0,1,0,0
469,216,179.0,62.0,198.0,52.0,182.0,20.0,163.0,30.0,1,7,0
469,217,403.0,65.0,420.0,51.0,402.0,29.0,384.0,43.0,1,7,0
469,218,1159.0,84.0,1192.0,65.0,1147.0,-10.0,1114.0,9.0,1,0,0
469,219,215.0,24.0,229.0,18.0,215.0,-12.0,201.0,-6.0,1,1,0
469,220,209.0,13.0,222.0,7.0,216.0,-6.0,203.0,0.0,1,2,0
470,164,1149.0,834.0,1149.0,822.0,1134.0,822.0,1134.0,834.0,1,2,0
470,165,1152.0,848.0,1154.0,836.0,1128.0,833.0,1127.0,845.0,1,2,0
470,194,363.0,915.0,395.0,839.0,357.0,823.0,325.0,899.0,1,0,0
470,195,646.0,900.0,742.0,884.0,735.0,846.0,639.0,862.0,1,0,0
470,197,635.0,829.0,704.0,787.0,686.0,756.0,617.0,798.0,1,0,0
470,198,618.0,783.0,675.0,736.0,655.0,711.0,598.0,758.0,1,0,0
470,199,311.0,796.0,348.0,780.0,313.0,697.0,275.0,713.0,1,0,0
470,200,589.0,729.0,651.0,677.0,627.0,649.0,566.0,701.0,1,0,0
470,202,222.0,632.0,223.0,598.0,210.0,598.0,208.0,632.0,1,1,0
470,203,562.0,654.0,618.0,601.0,591.0,573.0,535.0,626.0,1,0,0
470,207,500.0,514.0,561.0,460.0,535.0,431.0,474.0,485.0,1,0,0
470,208,477.0,467.0,537.0,398.0,507.0,373.0,447.0,442.0,1,0,0
470,210,358.0,403.0,369.0,403.0,369.0,390.0,358.0,390.0,1,2,0
470,211,363.0,450.0,373.0,441.0,364.0,431.0,354.0,440.0,1,2,0
470,212,416.0,267.0,456.0,255.0,428.0,161.0,388.0,173.0,1,0,0
470,213,969.0,266.0,1004.0,250.0,964.0,164.0,929.0,180.0,1,0,0
470,214,1093.0,203.0,1130.0,185.0,1090.0,103.0,1053.0,121.0,1,0,0
470,215,1155.0,204.0,1187.0,183.0,1133.0,101.0,1101.0,122.0,1,0,0
470,216,198.0,138.0,218.0,129.0,202.0,96.0,183.0,105.0,1,7,0
470,217,419.0,145.0,440.0,135.0,426.0,106.0,405.0,116.0,1,7,0
470,218,1179.0,163.0,1210.0,144.0,1161.0,65.0,1130.0,84.0,1,0,0
470,219,235.0,100.0,249.0,93.0,235.0,65.0,221.0,72.0,1,1,0
470,220,232.0,91.0,244.0,85.0,237.0,71.0,225.0,77.0,1,2,0
470,221,92.0,48.0,95.0,-47.0,54.0,-48.0,51.0,47.0,1,0,0
470,222,574.0,56.0,575.0,34.0,556.0,33.0,555.0,55.0,1,2,0
471,164,1137.0,899.0,1152.0,899.0,1152.0,889.0,1137.0,889.0,1,2,0
471,197,634.0,902.0,701.0,861.0,682.0,830.0,615.0,871.0,1,0,0
471,198,616.0,858.0,674.0,815.0,653.0,787.0,595.0,830.0,1,0,0
471,199,305.0,869.0,342.0,854.0,309.0,771.0,272.0,786.0,1,0,0
471,200,587.0,802.0,648.0,747.0,623.0,719.0,562.0,774.0,1,0,0
471,202,206.0,705.0,219.0,705.0,219.0,671.0,206.0,671.0,1,1,0
471,203,557.0,728.0,617.0,675.0,591.0,646.0,531.0,699.0,1,0,0
471,207,495.0,587.0,558.0,532.0,532.0,503.0,469.0,558.0,1,0,0
471,208,474.0,538.0,534.0,469.0,505.0,443.0,445.0,512.0,1,0,0
471,210,356.0,474.0,369.0,474.0,369.0,461.0,356.0,461.0,1,2,0
471,211,347.0,527.0,362.0,521.0,358.0,509.0,342.0,515.0,1,2,0
471,212,415.0,338.0,453.0,327.0,424.0,232.0,386.0,243.0,1,0,0
471,213,963.0,332.0,998.0,315.0,961.0,238.0,925.0,255.0,1,0,0
471,214,1088.0,276.0,1125.0,259.0,1086.0,178.0,1050.0,195.0,1,0,0
471,215,1145.0,271.0,1177.0,252.0,1130.0,177.0,1098.0,196.0,1,0,0
471,216,198.0,209.0,216.0,200.0,200.0,169.0,182.0,178.0,1,7,0
471,218,1170.0,231.0,1203.0,212.0,1159.0,138.0,1127.0,157.0,1,0,0
471,219,240.0,171.0,249.0,165.0,231.0,140.0,222.0,146.0,1,1,0
471,220,234.0,162.0,243.0,156.0,236.0,143.0,227.0,149.0,1,2,0
471,221,59.0,160.0,101.0,155.0,90.0,65.0,48.0,70.0,1,0,0
471,222,554.0,119.0,574.0,119.0,574.0,102.0,554.0,102.0,1,2,0
471,223,934.0,89.0,970.0,77.0,943.0,-2.0,907.0,10.0,1,0,0
471,224,968.0,53.0,1007.0,37.0,975.0,-40.0,936.0,-24.0,1,0,0
