1,1,666.85,-0.19,707.26,102.26,646.24,126.33,605.82,23.88,0.506443,0,0
1,2,628.73,26.32,690.78,142.17,646.79,165.73,584.74,49.88,0.506443,0,0
1,3,672.31,86.33,702.38,203.67,654.58,215.92,624.50,98.58,0.407891,0,0
1,4,719.09,92.37,733.08,214.91,692.58,219.54,678.59,97.00,0.407891,0,0
1,5,768.65,54.32,863.21,60.48,861.42,87.93,766.86,81.78,0.367554,0,0
1,6,914.41,23.03,1034.27,16.58,1035.78,44.64,915.92,51.08,0.367554,0,0
1,7,952.85,134.60,973.77,62.46,1013.40,73.96,992.48,146.09,0.358726,0,0
1,8,791.32,171.41,820.63,252.71,785.74,265.28,756.43,183.99,0.358726,0,0
1,9,526.47,392.29,605.80,440.69,590.92,465.07,511.59,416.68,0.354971,0,0
1,10,668.54,319.43,683.34,416.09,627.83,424.59,613.04,327.92,0.354971,0,0
1,11,556.56,23.44,619.42,20.14,621.30,56.07,558.44,59.36,0.349974,0,0
1,12,867.48,62.75,1009.24,75.81,1007.74,92.09,865.98,79.02,0.349974,0,0
1,13,677.92,84.88,721.84,216.31,692.73,226.04,648.81,94.60,0.343366,0,0
1,14,715.98,118.26,779.88,26.81,843.77,71.46,779.87,162.91,0.343366,0,0
1,15,692.71,19.06,699.33,-30.35,743.67,-24.42,737.05,24.99,0.331884,0,0
1,16,629.43,-4.57,685.24,146.30,640.20,162.96,584.39,12.09,0.331884,0,0
1,17,555.88,-12.30,657.72,35.70,639.76,73.80,537.92,25.80,0.328265,0,0
1,18,535.75,-14.18,654.20,-10.36,652.08,55.38,533.63,51.56,0.328265,0,0
1,19,872.91,238.52,876.51,112.12,919.47,113.34,915.87,239.74,0.326684,0,0
1,20,683.50,101.07,704.51,177.17,660.96,189.19,639.94,113.09,0.326684,0,0
1,21,1025.84,81.78,1084.38,184.41,1018.05,222.25,959.51,119.62,0.322806,0,0
1,22,770.23,201.31,783.45,277.20,757.73,281.68,744.51,205.79,0.322806,0,0
1,23,670.31,393.13,736.29,432.64,713.26,471.10,647.28,431.60,0.317808,0,0
1,24,604.88,351.31,631.03,444.35,607.34,451.01,581.19,357.97,0.317808,0,0
1,25,843.18,227.08,905.87,248.71,897.37,273.36,834.68,251.73,0.316504,0,0
1,26,1099.30,103.33,1217.29,105.61,1215.21,212.86,1097.23,210.58,0.316504,0,0
1,27,909.60,28.12,947.07,41.05,935.52,74.52,898.05,61.59,0.315974,0,0
1,28,825.82,121.27,913.18,125.93,911.69,153.95,824.33,149.29,0.315974,0,0
1,29,772.65,229.83,837.34,135.06,864.16,153.36,799.48,248.14,0.307554,0,0
1,30,732.83,252.00,747.65,167.87,773.70,172.46,758.88,256.59,0.307554,0,0
1,31,648.69,391.46,747.14,317.92,762.49,338.47,664.04,412.01,0.307428,0,0
1,32,607.29,77.61,684.02,146.41,645.91,188.92,569.17,120.12,0.307428,0,0
1,33,967.47,79.17,981.66,160.09,887.33,176.63,873.14,95.72,0.303435,0,0
1,34,824.65,219.07,892.19,286.80,864.76,314.14,797.23,246.41,0.303435,0,0
1,35,289.82,63.53,334.01,52.18,343.22,88.04,299.03,99.39,0.301360,0,0
1,36,596.70,139.33,627.79,117.99,651.25,152.19,620.16,173.52,0.301360,0,0
1,37,701.84,54.82,719.78,144.74,672.90,154.09,654.96,64.18,0.299819,0,0
1,38,825.65,152.50,830.82,195.19,773.94,202.08,768.76,159.39,0.299819,0,0
1,39,627.62,313.94,707.97,260.12,726.50,287.78,646.15,341.61,0.296579,0,0
1,40,698.88,315.42,749.51,313.66,750.64,346.09,700.01,347.85,0.296579,0,0
1,41,915.51,77.86,960.74,217.68,909.42,234.28,864.19,94.46,0.293360,0,0
1,42,784.56,83.74,795.14,139.56,743.35,149.38,732.78,93.55,0.293360,0,0
1,43,655.10,321.43,755.85,374.20,748.07,389.06,647.32,336.29,0.291011,0,0
1,44,757.02,199.96,870.69,292.40,847.76,320.59,734.10,228.15,0.291011,0,0
1,46,545.06,130.19,546.76,143.48,538.00,144.59,536.31,131.31,0.280436,2,0
1,47,625.17,911.81,625.83,858.77,673.23,859.36,672.57,912.40,0.278964,0,0
1,48,761.94,898.49,786.64,783.43,813.30,789.16,788.59,904.22,0.278964,0,0
1,49,1012.21,31.88,1025.31,138.51,981.56,143.89,968.45,37.26,0.274165,0,0
1,50,1017.85,82.26,1026.71,115.23,976.86,128.63,968.00,95.66,0.274165,0,0
1,51,592.51,351.28,672.11,429.37,649.91,452.00,570.31,373.90,0.269911,0,0
1,52,709.34,279.31,773.96,362.51,752.30,379.33,687.68,296.13,0.269911,0,0
1,53,370.89,573.46,419.82,618.08,352.16,692.28,303.23,647.66,0.266260,0,0
1,54,221.04,521.70,240.14,585.10,222.73,590.34,203.62,526.95,0.266260,0,0
1,56,607.38,365.72,680.44,402.54,659.23,444.64,586.17,407.83,0.264344,0,0
1,59,660.86,177.07,694.26,141.02,733.35,177.25,699.95,213.29,0.258936,0,0
1,60,707.16,213.75,768.32,165.14,799.93,204.92,738.77,253.53,0.258936,0,0
1,61,206.07,79.97,223.67,79.17,224.27,92.31,206.66,93.10,0.257324,2,0
1,62,261.86,171.52,276.65,172.00,276.32,182.18,261.53,181.71,0.257324,2,0
1,63,1119.74,199.00,1211.12,175.50,1221.85,217.23,1130.47,240.72,0.256590,0,0
1,64,735.61,177.96,760.08,182.62,747.99,246.08,723.52,241.42,0.256590,0,0
1,65,1500.59,347.22,1622.95,345.77,1623.10,358.48,1500.74,359.93,0.256094,0,0
1,66,1117.80,99.05,1203.30,116.58,1180.84,226.10,1095.34,208.57,0.256094,0,0
1,67,104.33,14.25,111.15,21.20,97.50,34.60,90.68,27.65,0.249068,2,0
1,68,276.81,78.01,288.29,87.05,279.30,98.47,267.82,89.43,0.249068,2,0
1,69,206.45,59.68,215.75,62.82,212.24,73.18,202.94,70.04,0.243038,2,0
1,72,1042.30,220.55,1105.95,236.02,1097.83,269.43,1034.18,253.95,0.240927,0,0
1,73,764.59,116.13,851.43,119.33,849.77,164.09,762.93,160.88,0.240927,0,0
1,74,243.67,589.61,278.75,599.15,276.48,607.48,241.41,597.94,0.240254,0,0
1,75,376.34,589.47,403.85,592.53,397.47,649.97,369.96,646.92,0.240254,0,0
1,78,753.51,131.72,843.47,133.41,842.88,165.10,752.91,163.41,0.239359,0,0
1,79,670.89,194.30,721.54,223.62,700.02,260.79,649.38,231.47,0.239359,0,0
1,80,844.67,97.65,924.69,106.47,922.80,123.63,842.77,114.80,0.238169,0,0
1,81,709.26,50.66,769.07,81.01,761.68,95.58,701.86,65.23,0.238169,0,0
1,82,571.31,100.15,572.09,115.20,554.72,116.09,553.95,101.05,0.238140,2,0
1,83,419.30,251.23,422.18,235.31,429.01,236.54,426.14,252.46,0.238140,2,0
1,84,599.43,-56.63,634.91,-27.83,597.75,17.95,562.27,-10.85,0.234368,0,0
1,85,773.22,1.96,888.78,43.05,876.15,78.56,760.59,37.46,0.234368,0,0
1,88,590.62,380.62,639.59,453.19,586.39,489.09,537.42,416.52,0.232174,0,0
1,89,596.29,490.80,612.41,535.12,572.74,549.55,556.62,505.23,0.232174,0,0
1,90,466.16,32.34,481.72,107.47,446.38,114.79,430.83,39.65,0.230593,0,0
1,91,682.25,162.86,690.30,250.70,652.09,254.20,644.04,166.36,0.230593,0,0
1,92,691.26,307.24,719.56,230.09,751.46,241.79,723.16,318.94,0.229456,0,0
1,93,629.02,236.87,709.80,356.42,667.21,385.20,586.43,265.64,0.229456,0,0
1,94,772.16,199.81,882.62,204.93,880.81,243.91,770.35,238.79,0.226657,0,0
1,95,1078.73,432.47,1130.98,433.43,1130.33,468.80,1078.08,467.84,0.226657,0,0
1,96,959.60,228.26,1009.64,255.29,994.81,282.74,944.77,255.72,0.223663,0,0
1,97,992.99,76.87,1057.93,184.38,1037.52,196.71,972.57,89.20,0.223663,0,0
1,98,243.67,66.82,253.72,65.25,255.32,75.49,245.27,77.06,0.219969,2,0
1,99,333.25,33.89,345.51,28.03,350.84,39.19,338.58,45.04,0.219969,2,0
1,102,477.65,237.50,534.99,275.82,505.92,319.30,448.59,280.98,0.218608,0,0
1,103,562.32,387.09,642.66,367.27,657.13,425.88,576.78,445.71,0.218608,0,0
1,104,574.88,-13.82,620.21,121.55,583.01,134.01,537.68,-1.36,0.217678,0,0
1,105,690.98,25.17,736.54,224.65,683.01,236.88,637.45,37.39,0.217678,0,0
1,106,524.94,280.50,526.40,274.19,547.87,279.17,546.41,285.48,0.217604,2,0
1,107,519.28,367.84,522.84,377.20,512.04,381.31,508.48,371.95,0.217604,2,0
1,108,744.67,879.12,761.16,955.64,720.67,964.36,704.18,887.85,0.216527,0,0
1,109,672.33,829.26,681.53,938.58,642.20,941.89,633.00,832.57,0.216527,0,0
1,110,208.72,519.88,256.89,482.56,279.80,512.13,231.63,549.45,0.215169,0,0
1,111,80.99,773.72,141.53,818.16,105.94,866.66,45.40,822.23,0.215169,0,0
1,114,533.20,288.95,545.86,288.48,546.32,300.68,533.65,301.15,0.210860,2,0
1,116,707.72,456.42,708.68,435.66,719.45,436.16,718.48,456.92,0.203652,2,0
1,117,784.93,377.63,790.23,384.86,772.34,397.96,767.04,390.74,0.203652,2,0
1,118,1055.94,7.12,1154.37,31.52,1150.85,45.72,1052.41,21.31,0.201737,0,0
1,119,605.23,-70.28,631.02,3.46,601.97,13.62,576.18,-60.11,0.201737,0,0
1,120,809.90,87.91,836.27,86.07,837.47,103.32,811.11,105.17,0.201272,2,0
1,121,418.52,78.97,438.07,76.51,439.29,86.15,419.74,88.61,0.201272,2,0
1,122,397.82,277.19,408.06,288.48,396.14,299.29,385.90,288.00,0.197681,2,0
1,123,713.94,398.23,731.87,397.71,732.37,414.70,714.44,415.22,0.197681,2,0
1,124,829.83,280.72,919.63,262.97,923.18,280.92,833.38,298.66,0.197519,0,0
1,125,547.79,360.71,580.85,357.17,583.33,380.26,550.27,383.80,0.197519,0,0
1,127,747.08,573.01,796.55,579.09,795.18,590.21,745.71,584.14,0.196261,0,0
1,128,717.51,141.90,777.06,155.53,774.79,165.45,715.24,151.82,0.194244,0,0
1,129,598.43,372.20,639.89,412.74,621.88,431.15,580.43,390.61,0.194244,0,0
1,130,691.43,263.79,748.71,234.76,751.54,240.35,694.26,269.38,0.192403,2,0
1,131,458.55,644.03,472.52,660.31,462.03,669.32,448.06,653.04,0.192403,2,0
1,132,627.86,506.36,638.15,554.59,590.19,564.82,579.90,516.59,0.188211,0,0
1,133,522.31,390.20,672.12,471.82,657.97,497.78,508.17,416.15,0.188211,0,0
1,136,793.47,-0.46,809.78,36.24,791.90,44.18,775.60,7.48,0.186840,0,0
1,137,722.96,175.04,776.87,205.29,769.44,218.53,715.53,188.28,0.186840,0,0
1,140,562.91,500.58,631.78,446.84,666.03,490.72,597.16,544.47,0.185097,0,0
1,141,264.15,445.51,318.31,380.43,340.62,399.00,286.46,464.08,0.185097,0,0
1,142,339.19,544.59,368.87,689.26,341.83,694.81,312.14,550.14,0.183542,0,0
1,143,340.79,741.15,360.77,782.43,335.07,794.87,315.09,753.59,0.183542,0,0
1,144,841.15,542.23,847.82,431.13,879.95,433.06,873.27,544.16,0.183436,0,0
1,145,538.21,463.61,602.37,507.92,581.73,537.82,517.56,493.50,0.183436,0,0
1,146,71.44,85.61,96.76,87.59,96.24,94.23,70.92,92.25,0.183235,2,0
1,147,8.13,117.07,25.17,111.81,28.82,123.63,11.78,128.89,0.183235,2,0
1,150,311.40,624.90,354.08,668.04,322.13,699.64,279.45,656.50,0.181328,0,0
1,151,191.00,748.99,217.47,758.84,200.89,803.39,174.41,793.53,0.181328,0,0
1,152,206.56,694.47,267.49,734.69,256.56,751.25,195.63,711.03,0.180899,0,0
1,153,291.58,596.80,446.40,570.77,459.44,648.27,304.62,674.31,0.180899,0,0
1,155,1360.69,655.46,1381.13,688.00,1362.49,699.71,1342.05,667.17,0.177666,0,0
1,156,603.01,916.02,640.41,827.21,687.55,847.06,650.15,935.87,0.177666,0,0
1,157,755.07,83.13,820.80,111.32,816.80,120.66,751.06,92.47,0.176868,0,0
1,158,1067.91,31.01,1162.42,76.15,1140.73,121.55,1046.22,76.41,0.176868,0,0
1,159,638.94,864.03,660.98,933.60,634.50,941.99,612.47,872.42,0.176132,0,0
1,160,883.87,991.18,895.89,1035.90,857.67,1046.18,845.65,1001.45,0.176132,0,0
1,161,1080.91,106.74,1160.01,203.19,1129.31,228.37,1050.21,131.91,0.175390,0,0
1,162,818.37,275.88,894.40,462.52,865.79,474.17,789.76,287.53,0.175390,0,0
1,163,1106.32,465.62,1131.34,498.83,1126.91,502.17,1101.88,468.96,0.174520,2,0
1,164,736.70,85.01,743.31,109.00,729.43,112.83,722.81,88.84,0.174520,2,0
1,165,235.89,182.35,261.54,179.53,262.80,191.03,237.16,193.85,0.174278,2,0
1,166,741.16,70.08,764.71,103.78,751.72,112.86,728.17,79.16,0.174278,2,0
1,167,2.82,769.93,47.17,748.10,64.62,783.56,20.27,805.39,0.173907,0,0
1,168,238.76,500.29,354.42,513.52,352.18,533.16,236.51,519.92,0.173907,0,0
1,170,98.45,146.72,116.02,152.44,113.33,160.73,95.75,155.02,0.173519,2,0
1,171,790.55,260.35,854.49,269.78,851.91,287.27,787.97,277.84,0.172959,0,0
1,172,323.38,748.38,334.35,763.73,321.02,773.25,310.06,757.90,0.172956,2,0
1,173,204.69,799.11,205.93,818.36,197.98,818.87,196.74,799.62,0.172956,2,0
1,174,322.54,5.12,349.20,10.24,348.30,14.90,321.65,9.78,0.172678,0,0
1,175,600.13,44.18,694.08,39.58,694.87,55.76,600.92,60.36,0.172678,0,0
1,176,258.38,147.28,268.47,132.00,279.46,139.26,269.36,154.54,0.172121,2,0
1,177,157.59,159.74,168.03,150.93,173.44,157.34,163.01,166.15,0.172121,2,0
1,178,277.63,615.23,277.84,601.37,290.75,601.56,290.54,615.43,0.171091,2,0
1,179,389.95,738.89,392.89,751.87,379.33,754.94,376.39,741.96,0.171091,2,0
1,180,504.47,36.63,521.02,41.23,513.22,69.29,496.67,64.69,0.170979,2,0
1,181,648.52,239.73,648.97,268.87,629.25,269.18,628.80,240.04,0.170979,2,0
1,182,552.30,162.09,595.63,158.75,596.17,165.74,552.84,169.09,0.170678,2,0
1,183,434.16,312.28,463.21,315.77,461.78,327.62,432.73,324.13,0.170678,2,0
1,184,520.59,478.35,547.43,468.69,559.47,502.15,532.63,511.80,0.170491,2,0
1,185,201.91,593.77,210.21,577.99,219.99,583.13,211.70,598.91,0.170491,2,0
1,186,546.18,573.59,563.28,569.18,566.61,582.10,549.51,586.51,0.169024,2,0
1,187,128.29,814.57,135.25,820.09,123.95,834.34,116.99,828.82,0.169024,2,0
1,188,909.15,258.64,944.25,148.95,972.14,157.87,937.04,267.57,0.168549,0,0
1,189,820.33,58.73,869.11,202.48,822.47,218.30,773.69,74.56,0.168549,0,0
1,192,463.26,10.93,466.26,-23.24,487.51,-21.38,484.51,12.79,0.166111,0,0
1,193,515.04,56.12,517.06,114.73,501.84,115.26,499.82,56.64,0.166111,0,0
1,194,478.57,289.20,488.32,307.11,476.37,313.61,466.62,295.70,0.165157,2,0
1,195,480.51,392.91,485.26,407.75,464.08,414.52,459.34,399.68,0.165157,2,0
1,196,442.54,46.54,442.78,56.98,431.20,57.25,430.95,46.81,0.165101,2,0
1,197,432.66,156.44,434.85,143.75,446.58,145.77,444.40,158.46,0.165101,2,0
1,198,413.77,559.60,427.47,610.08,385.98,621.33,372.28,570.85,0.165017,0,0
1,199,421.66,400.49,476.34,447.71,459.93,466.70,405.25,419.49,0.165017,0,0
1,200,560.02,378.30,602.81,339.34,620.82,359.12,578.04,398.08,0.164717,0,0
1,201,130.25,463.40,169.26,449.75,172.82,459.92,133.81,473.57,0.164717,0,0
1,202,485.88,138.06,505.42,133.53,510.79,156.73,491.25,161.25,0.163880,2,0
1,203,512.81,372.93,525.33,362.81,533.20,372.55,520.68,382.67,0.163880,2,0
1,204,779.31,248.63,787.51,275.68,775.79,279.23,767.59,252.19,0.162303,2,0
1,205,1060.56,208.89,1065.86,164.31,1080.47,166.05,1075.17,210.63,0.162303,2,0
1,206,606.35,858.54,607.65,839.99,648.48,842.85,647.19,861.39,0.161571,2,0
1,207,1044.72,888.92,1075.63,882.89,1079.24,901.41,1048.33,907.43,0.161571,2,0
1,208,398.70,429.02,506.13,409.53,511.54,439.34,404.11,458.84,0.161022,0,0
1,209,652.03,302.43,690.25,451.83,618.03,470.30,579.81,320.90,0.161022,0,0
1,210,630.11,250.86,689.42,331.00,642.19,365.96,582.88,285.82,0.160643,0,0
1,211,644.35,441.99,681.39,525.98,636.34,545.85,599.30,461.85,0.160643,0,0
1,212,354.66,307.75,362.20,325.83,352.69,329.79,345.15,311.72,0.160450,2,0
1,213,562.04,283.11,572.31,297.41,562.08,304.76,551.80,290.46,0.160450,2,0
1,214,581.65,854.96,582.70,922.76,554.42,923.20,553.36,855.40,0.160376,0,0
1,215,548.08,934.70,559.53,876.48,592.02,882.87,580.57,941.09,0.160376,0,0
1,216,192.54,820.36,192.97,805.24,204.03,805.55,203.60,820.67,0.159508,2,0
1,218,462.44,-16.63,472.27,17.96,450.41,24.17,440.57,-10.41,0.159191,0,0
1,219,491.18,97.42,492.30,147.61,461.54,148.30,460.42,98.11,0.159191,0,0
1,220,151.96,774.94,169.31,783.29,165.70,790.79,148.35,782.44,0.158222,2,0
1,221,211.58,521.11,240.39,529.86,235.83,544.89,207.02,536.15,0.158222,2,0
1,223,1137.38,332.16,1178.04,383.55,1137.61,415.55,1096.95,364.16,0.157659,0,0
1,224,825.51,179.63,901.72,236.92,884.56,259.74,808.35,202.44,0.157659,0,0
1,225,796.46,95.35,910.63,120.27,907.91,132.70,793.75,107.78,0.156120,0,0
1,226,1186.67,201.45,1233.07,224.60,1218.48,253.86,1172.07,230.70,0.156120,0,0
1,227,481.10,257.68,510.69,267.38,507.66,276.63,478.06,266.93,0.155270,2,0
1,228,530.60,388.47,544.40,381.21,548.25,388.53,534.45,395.79,0.155270,2,0
1,229,170.18,73.42,184.58,76.34,183.05,83.92,168.65,80.99,0.155074,2,0
1,231,171.89,-51.75,204.09,-53.54,204.36,-48.81,172.16,-47.02,0.154828,0,0
1,232,825.69,20.57,969.71,-3.33,970.53,1.64,826.51,25.55,0.154828,0,0
1,234,979.80,197.39,980.41,172.87,1011.74,173.64,1011.14,198.16,0.154303,2,0
1,235,847.21,361.34,849.79,309.69,863.83,310.39,861.25,362.04,0.154303,2,0
1,238,585.97,336.13,718.23,457.62,695.67,482.18,563.41,360.69,0.152542,0,0
1,239,778.83,663.71,849.57,585.87,899.85,631.56,829.11,709.40,0.152542,0,0
1,243,531.38,167.68,540.62,166.22,543.11,182.03,533.86,183.49,0.150828,2,0
1,244,424.83,425.71,455.72,389.05,460.20,392.82,429.31,429.48,0.150230,2,0
1,245,690.12,218.72,697.77,217.40,702.46,244.63,694.81,245.95,0.150230,2,0
1,246,1070.15,868.85,1147.25,763.20,1198.67,800.73,1121.57,906.37,0.149966,0,0
1,247,679.11,826.21,738.57,870.34,682.79,945.50,623.33,901.37,0.149966,0,0
1,248,524.64,137.05,528.68,150.40,518.76,153.41,514.72,140.06,0.149932,2,0
1,249,829.90,473.82,832.68,486.99,822.66,489.10,819.88,475.94,0.149932,2,0
1,250,552.55,132.46,594.05,243.32,578.57,249.12,537.07,138.26,0.149241,0,0
1,251,639.08,222.70,653.70,315.35,623.47,320.12,608.85,227.47,0.149241,0,0
1,253,1074.47,235.10,1090.61,209.95,1103.09,217.96,1086.95,243.11,0.146018,2,0
1,254,752.94,49.49,760.10,39.03,780.82,53.20,773.66,63.66,0.146018,2,0
1,255,908.74,23.52,1021.71,58.27,1014.35,82.18,901.38,47.43,0.145851,0,0
1,256,1218.29,281.24,1356.19,212.69,1368.56,237.58,1230.66,306.12,0.145851,0,0
1,257,540.87,424.92,553.22,361.96,562.81,363.84,550.46,426.80,0.145486,0,0
1,258,546.43,362.99,564.95,253.81,584.69,257.16,566.17,366.33,0.145486,0,0
1,259,1167.69,284.15,1291.62,264.49,1295.34,287.94,1171.41,307.60,0.145465,0,0
1,260,1027.27,163.73,1087.60,195.85,1070.43,228.09,1010.11,195.97,0.145465,0,0
1,263,435.29,343.57,447.57,358.02,434.83,368.85,422.55,354.40,0.144051,2,0
1,264,202.13,537.44,204.18,552.00,184.51,554.78,182.45,540.22,0.144000,2,0
1,265,521.66,324.14,534.64,322.73,536.03,335.45,523.04,336.86,0.144000,2,0
1,266,422.60,744.39,432.15,757.54,419.88,766.44,410.33,753.29,0.140599,2,0
1,267,466.34,727.46,474.28,743.03,465.57,747.47,457.63,731.90,0.140599,2,0
1,268,505.53,129.93,558.61,172.79,531.50,206.37,478.42,163.51,0.138476,0,0
1,269,970.51,103.89,998.91,124.90,983.96,145.12,955.55,124.11,0.138476,0,0
1,272,1087.35,603.24,1147.73,577.30,1157.99,601.18,1097.61,627.12,0.136995,0,0
1,274,497.70,748.57,508.58,694.06,526.05,697.55,515.17,752.05,0.136546,2,0
1,275,1117.35,486.66,1135.96,500.31,1124.26,516.26,1105.65,502.61,0.135417,2,0
1,276,548.24,566.77,555.47,545.37,573.21,551.36,565.98,572.76,0.135417,2,0
1,277,338.89,894.33,424.01,882.65,429.43,922.11,344.31,933.80,0.134828,0,0
1,278,621.56,771.03,664.90,785.38,652.11,823.99,608.78,809.64,0.134828,0,0
1,279,548.55,-6.68,550.06,8.15,535.94,9.59,534.42,-5.23,0.134673,2,0
1,280,571.11,135.55,572.97,146.38,562.78,148.13,560.92,137.30,0.134673,2,0
1,281,709.14,30.53,864.83,71.32,854.33,111.39,698.64,70.60,0.133129,0,0
1,282,733.76,-82.23,742.35,-121.74,808.96,-107.25,800.37,-67.74,0.133129,0,0
1,283,428.20,606.00,434.29,593.68,443.48,598.22,437.39,610.54,0.132657,2,0
1,284,204.39,788.12,221.08,779.76,226.80,791.18,210.11,799.54,0.132657,2,0
1,285,324.13,568.75,329.55,576.01,318.44,584.29,313.02,577.03,0.132440,2,0
1,287,606.13,370.37,617.56,369.54,619.38,394.60,607.95,395.43,0.131641,2,0
1,291,344.93,286.95,363.56,291.22,361.23,301.38,342.60,297.12,0.131081,2,0
1,292,562.72,146.87,596.81,144.99,597.25,153.00,563.16,154.89,0.131081,2,0
1,293,759.80,71.97,772.36,88.91,757.32,100.06,744.76,83.11,0.130325,2,0
1,294,941.97,251.13,958.75,225.50,972.12,234.25,955.34,259.89,0.130325,2,0
1,295,454.43,726.75,454.87,846.53,417.56,846.67,417.12,726.88,0.130293,0,0
1,296,572.29,851.38,583.61,958.34,536.95,963.27,525.63,856.32,0.130293,0,0
1,297,288.07,598.23,306.05,609.54,299.23,620.38,281.25,609.08,0.130174,2,0
1,298,530.86,691.14,544.37,704.08,533.08,715.87,519.57,702.93,0.130174,2,0
1,299,-80.66,537.24,-57.89,475.72,-48.47,479.20,-71.25,540.73,0.129660,0,0
1,300,247.52,661.43,331.94,621.75,344.37,648.19,259.94,687.86,0.129660,0,0
1,301,331.56,290.07,380.94,284.61,382.39,297.79,333.02,303.25,0.128977,0,0
1,302,572.78,333.41,624.35,336.93,622.75,360.27,571.19,356.76,0.128977,0,0
1,305,330.50,565.97,342.24,571.80,338.84,578.65,327.10,572.82,0.126567,2,0
1,306,232.31,443.73,257.26,439.98,259.50,454.90,234.55,458.64,0.126230,2,0
1,307,220.32,531.21,237.81,534.62,236.61,540.75,219.12,537.34,0.126230,2,0
1,308,795.15,540.67,822.79,491.05,863.33,513.64,835.69,563.25,0.126005,0,0
1,309,584.79,473.71,678.52,419.71,695.86,449.81,602.13,503.81,0.126005,0,0
1,311,354.45,39.35,369.79,36.21,373.69,55.29,358.36,58.43,0.124818,2,0
1,312,439.98,23.80,453.48,31.07,443.35,49.89,429.85,42.62,0.124750,2,0
1,313,465.11,115.48,471.08,135.12,464.17,137.22,458.20,117.58,0.124750,2,0
1,318,616.56,243.04,621.52,247.61,609.78,260.37,604.82,255.81,0.123633,2,0
1,321,192.22,791.14,197.08,779.13,208.00,783.55,203.14,795.56,0.122365,2,0
1,322,491.74,789.69,504.24,789.92,503.91,807.56,491.42,807.33,0.122365,2,0
1,323,410.81,252.35,420.90,237.99,435.39,248.17,425.30,262.53,0.120914,2,0
1,324,360.77,278.89,370.96,257.61,384.48,264.09,374.28,285.37,0.120914,2,0
1,326,268.15,72.90,272.02,57.34,279.40,59.17,275.53,74.74,0.120762,2,0
1,327,267.13,713.57,280.16,715.15,279.23,722.82,266.19,721.24,0.120496,2,0
1,328,307.54,821.20,311.51,808.68,322.08,812.03,318.11,824.55,0.120496,2,0
1,329,1240.18,274.50,1296.41,299.48,1280.69,334.87,1224.45,309.89,0.120230,0,0
1,330,716.18,366.19,815.36,333.04,824.60,360.67,725.41,393.83,0.120230,0,0
1,331,577.73,932.33,603.64,846.73,640.11,857.78,614.19,943.37,0.119696,0,0
1,332,198.61,662.09,225.31,668.91,215.64,706.79,188.94,699.98,0.119696,0,0
1,342,962.79,643.54,974.98,642.96,975.38,651.51,963.19,652.09,0.117955,2,0
1,343,584.20,175.76,593.52,183.80,574.63,205.69,565.30,197.65,0.117538,2,0
1,344,794.79,412.23,810.89,363.03,827.67,368.52,811.57,417.71,0.117538,2,0
1,346,205.37,451.59,233.27,445.03,235.49,454.49,207.60,461.05,0.115934,2,0
1,348,282.48,565.62,306.27,569.87,303.11,587.56,279.33,583.31,0.114792,2,0
1,349,126.85,575.34,146.54,571.16,149.83,586.65,130.13,590.83,0.114792,2,0
1,350,265.27,260.43,275.34,260.05,275.83,272.88,265.76,273.26,0.114146,2,0
1,351,42.20,250.93,52.18,234.57,57.50,237.82,47.53,254.18,0.114146,2,0
1,352,977.59,853.02,996.62,864.97,986.45,881.15,967.42,869.20,0.114078,2,0
1,353,869.26,857.78,881.69,854.22,884.77,864.99,872.34,868.55,0.114078,2,0
1,354,386.05,125.15,402.47,134.13,398.19,141.96,381.76,132.98,0.113171,2,0
1,355,475.48,125.63,486.69,131.32,481.04,142.46,469.83,136.77,0.113171,2,0
1,359,851.71,860.85,863.41,865.01,859.82,875.13,848.11,870.97,0.112521,2,0
1,360,1118.04,594.72,1189.64,601.52,1188.23,616.38,1116.63,609.58,0.111811,2,0
1,361,630.07,494.57,666.99,500.18,663.81,521.09,626.90,515.49,0.111811,2,0
1,362,74.29,490.69,142.16,507.45,139.60,517.82,71.73,501.07,0.111764,2,0
1,363,444.06,474.31,474.56,458.29,486.63,481.27,456.14,497.29,0.111764,2,0
1,368,30.41,387.38,37.02,398.34,29.72,402.74,23.11,391.78,0.111551,2,0
1,370,551.35,313.12,555.45,302.14,564.98,305.70,560.88,316.68,0.111487,2,0
1,371,-31.69,223.09,58.45,245.88,53.19,266.69,-36.95,243.90,0.111096,0,0
1,372,282.33,572.10,340.17,601.84,316.40,648.07,258.56,618.34,0.111096,0,0
1,374,885.98,895.06,899.08,818.63,930.87,824.07,917.78,900.50,0.110743,0,0
1,375,1206.58,753.05,1225.84,782.98,1201.57,798.59,1182.32,768.65,0.110743,0,0
1,376,664.26,-19.52,672.12,11.45,644.90,18.36,637.04,-12.61,0.110737,0,0
1,377,1130.10,262.75,1172.16,264.69,1171.47,279.69,1129.41,277.75,0.110534,2,0
1,378,956.81,319.05,969.12,307.37,976.14,314.77,963.83,326.45,0.110534,2,0
1,379,576.40,901.72,589.02,873.56,616.53,885.89,603.91,914.05,0.110354,0,0
1,380,939.73,799.81,939.90,813.92,910.48,814.28,910.31,800.16,0.110354,0,0
1,382,391.26,776.44,392.83,766.94,403.14,768.65,401.57,778.15,0.110120,2,0
1,383,430.22,830.25,432.27,814.82,443.84,816.36,441.79,831.78,0.109201,2,0
1,384,789.91,796.46,797.29,818.46,779.82,824.32,772.44,802.32,0.109201,2,0
1,387,75.37,603.41,94.18,595.38,97.11,602.25,78.30,610.28,0.107938,2,0
1,388,113.99,550.82,138.45,564.46,131.19,577.49,106.72,563.85,0.107938,2,0
1,389,190.29,626.52,208.15,592.22,211.65,594.04,193.80,628.35,0.107709,2,0
1,390,501.51,474.18,516.80,467.89,519.74,475.03,504.44,481.32,0.107709,2,0
1,392,149.35,629.35,150.44,617.27,160.69,618.19,159.60,630.28,0.107491,2,0
1,393,567.83,674.04,569.29,660.92,581.38,662.27,579.92,675.39,0.106537,2,0
1,394,490.74,828.36,496.16,836.81,483.88,844.70,478.45,836.26,0.106537,2,0
1,395,1185.81,662.27,1196.53,662.29,1196.51,672.67,1185.79,672.65,0.106394,2,0
1,397,60.77,502.76,84.54,504.20,83.23,525.71,59.46,524.27,0.106393,2,0
1,398,505.71,299.78,536.96,291.24,540.66,304.77,509.40,313.31,0.106393,2,0
1,400,778.96,316.74,799.38,363.47,795.60,365.12,775.18,318.39,0.106015,2,0
1,401,452.17,805.00,458.61,796.95,477.37,811.98,470.93,820.02,0.104991,2,0
1,402,459.90,639.50,463.24,659.68,452.84,661.40,449.50,641.22,0.104991,2,0
1,403,1079.57,869.77,1114.79,850.18,1127.26,872.60,1092.04,892.18,0.104634,2,0
1,404,1015.95,833.10,1044.97,843.50,1040.68,855.48,1011.66,845.07,0.104634,2,0
1,406,953.83,907.12,963.22,966.10,929.18,971.52,919.79,912.54,0.104025,0,0
1,407,1156.33,864.44,1179.28,791.14,1227.06,806.10,1204.11,879.40,0.104025,0,0
1,412,544.69,399.71,564.18,389.86,568.76,398.91,549.26,408.77,0.103196,0,0
1,413,578.84,189.36,607.29,189.41,607.26,204.66,578.81,204.60,0.103196,0,0
1,414,1114.03,851.71,1137.50,856.50,1134.31,872.10,1110.85,867.31,0.102637,2,0
1,415,798.17,880.69,837.73,855.15,855.28,882.34,815.72,907.88,0.102637,2,0
1,416,453.75,15.37,478.04,20.64,475.98,30.14,451.69,24.87,0.102598,2,0
1,417,1075.12,51.46,1096.70,18.97,1105.54,24.84,1083.96,57.33,0.102598,2,0
1,418,737.40,483.55,752.98,395.03,778.43,399.51,762.85,488.03,0.102582,0,0
1,419,1201.95,597.25,1240.52,533.44,1270.30,551.44,1231.74,615.25,0.102582,0,0
1,420,1255.53,78.33,1403.59,108.14,1394.27,154.42,1246.21,124.61,0.102414,0,0
1,421,1134.69,19.50,1254.06,110.84,1241.94,126.68,1122.57,35.34,0.102414,0,0
1,423,1061.05,410.56,1070.85,427.12,1065.91,430.05,1056.10,413.49,0.101974,2,0
1,424,996.07,712.00,1008.33,731.37,994.80,739.95,982.53,720.58,0.101974,2,0
1,425,339.49,888.75,359.47,874.46,367.33,885.45,347.34,899.74,0.101912,2,0
1,426,1064.38,854.57,1084.45,877.77,1070.56,889.79,1050.49,866.60,0.101912,2,0
1,428,1220.89,467.25,1239.94,479.87,1221.96,507.00,1202.91,494.37,0.101191,0,0
1,429,1400.38,478.67,1586.36,478.17,1586.46,515.85,1400.48,516.35,0.101157,0,0
1,430,1113.80,540.50,1217.61,540.16,1217.82,607.39,1114.02,607.72,0.101157,0,0
1,431,862.47,842.72,869.95,854.48,855.11,863.93,847.63,852.17,0.101103,2,0
1,432,101.97,834.48,122.41,835.43,121.62,852.44,101.18,851.49,0.101103,2,0
1,434,547.61,717.29,564.89,690.09,569.02,692.72,551.75,719.92,0.100957,2,0
1,435,90.17,324.27,109.81,266.66,123.35,271.27,103.71,328.89,0.100699,2,0
1,436,521.94,531.85,535.75,502.05,557.48,512.13,543.67,541.92,0.100699,2,0
1,437,565.79,315.56,569.36,352.49,551.82,354.19,548.25,317.25,0.099887,2,0
1,438,262.84,437.72,268.91,426.10,277.44,430.56,271.37,442.17,0.099887,2,0
1,439,70.73,636.32,81.97,653.41,71.44,660.33,60.20,643.25,0.099743,2,0
1,440,267.63,616.45,281.64,627.25,274.49,636.53,260.48,625.73,0.099743,2,0
1,442,189.78,164.08,208.21,168.90,205.17,180.52,186.74,175.70,0.099582,2,0
1,443,373.11,513.16,412.57,540.13,403.76,553.01,364.31,526.04,0.099042,2,0
1,444,177.18,707.37,204.09,713.92,200.24,729.77,173.32,723.22,0.099042,2,0
1,445,960.42,196.09,990.59,255.94,958.35,272.20,928.18,212.34,0.098826,0,0
1,446,948.35,421.51,952.52,348.07,979.63,349.61,975.47,423.05,0.098826,0,0
1,447,577.12,863.64,585.74,870.59,556.58,906.78,547.96,899.84,0.098588,0,0
1,448,878.93,733.42,920.29,747.66,912.09,771.48,870.73,757.24,0.098588,0,0
1,449,689.98,824.41,695.21,906.76,668.01,908.49,662.78,826.14,0.098391,0,0
1,450,673.65,954.18,700.06,966.06,689.55,989.44,663.13,977.55,0.098391,0,0
1,451,351.53,857.69,353.07,894.34,337.45,894.99,335.91,858.35,0.098309,0,0
1,452,553.61,866.41,572.04,805.72,585.58,809.83,567.15,870.52,0.098309,0,0
1,455,69.26,241.42,70.85,254.43,59.14,255.86,57.55,242.84,0.098014,2,0
1,457,862.92,424.14,881.31,419.62,883.07,426.80,864.68,431.32,0.097870,2,0
1,458,123.78,321.25,124.59,335.08,110.83,335.89,110.02,322.05,0.097870,2,0
1,459,926.48,796.14,944.89,828.37,930.47,836.61,912.06,804.37,0.097353,2,0
1,460,742.32,864.15,755.57,873.81,740.81,894.07,727.55,884.40,0.097353,2,0
1,463,1480.42,297.82,1645.29,253.99,1655.38,291.92,1490.50,335.75,0.096429,0,0
1,464,1260.05,148.48,1349.20,207.86,1316.82,256.47,1227.67,197.09,0.096429,0,0
1,469,1178.40,946.45,1203.54,861.43,1259.34,877.92,1234.20,962.95,0.095313,0,0
1,470,828.51,967.10,830.78,1014.10,758.16,1017.62,755.88,970.61,0.095313,0,0
1,471,1033.47,728.21,1084.34,788.82,1050.74,817.02,999.87,756.40,0.093526,0,0
1,472,1287.50,569.79,1329.97,707.67,1298.97,717.22,1256.50,579.34,0.093526,0,0
1,473,1347.26,835.52,1370.39,742.79,1398.65,749.84,1375.52,842.57,0.092944,0,0
1,474,1208.98,783.13,1212.61,875.90,1179.72,877.19,1176.08,784.42,0.092944,0,0
1,476,743.84,883.63,750.11,966.92,701.38,970.59,695.11,887.30,0.091959,0,0
1,477,770.85,818.29,786.59,961.70,736.19,967.23,720.45,823.82,0.091959,0,0
1,480,751.26,326.42,757.91,344.22,743.70,349.54,737.04,331.74,0.091710,2,0
1,481,1120.45,217.72,1127.65,231.42,1113.03,239.11,1105.83,225.40,0.091710,2,0
1,484,242.03,554.55,246.75,537.23,261.47,541.24,256.74,558.56,0.091445,2,0
1,485,88.62,609.93,92.80,591.31,109.21,594.99,105.03,613.61,0.091445,2,0
1,486,1142.41,898.71,1144.95,848.04,1188.36,850.22,1185.82,900.88,0.090954,0,0
1,487,1201.72,560.99,1258.14,593.60,1241.85,621.79,1185.42,589.17,0.090954,0,0
1,488,970.57,792.38,971.72,772.12,984.68,772.86,983.53,793.11,0.090539,2,0
1,489,1037.69,795.70,1040.59,778.42,1057.17,781.20,1054.28,798.48,0.090539,2,0
1,490,1176.47,298.66,1178.05,272.17,1223.10,274.86,1221.52,301.35,0.090537,0,0
1,491,883.20,287.95,957.00,355.41,947.25,366.08,873.45,298.62,0.090537,0,0
1,495,806.48,890.14,831.84,953.76,798.27,967.14,772.91,903.53,0.089410,0,0
1,496,813.42,864.16,829.05,957.79,774.99,966.81,759.37,873.18,0.089410,0,0
1,497,443.13,597.15,446.34,621.02,429.85,623.23,426.64,599.37,0.089258,2,0
1,498,547.20,417.62,556.05,408.60,562.08,414.52,553.22,423.54,0.089258,2,0
1,499,1132.49,614.64,1164.50,612.92,1166.06,642.02,1134.06,643.74,0.089026,0,0
1,500,1117.27,280.25,1194.78,265.87,1198.43,285.54,1120.92,299.91,0.089026,0,0
1,502,814.76,478.09,885.61,513.61,868.76,547.21,797.92,511.69,0.088495,0,0
1,503,1223.48,344.91,1251.67,384.59,1234.25,396.97,1206.06,357.28,0.088495,0,0
1,504,639.92,778.49,652.94,775.91,655.07,786.70,642.06,789.28,0.087981,2,0
1,506,206.39,409.78,218.41,299.01,242.69,301.64,230.67,412.41,0.087943,0,0
1,507,-62.48,120.20,-42.63,307.43,-69.18,310.24,-89.03,123.02,0.087943,0,0
1,508,421.03,381.21,426.48,352.63,437.87,354.80,432.42,383.38,0.087809,0,0
1,509,326.07,290.97,326.08,264.37,344.78,264.38,344.76,290.98,0.087809,0,0
1,510,687.17,314.64,738.68,280.54,750.77,298.79,699.26,332.90,0.087620,0,0
1,511,1217.65,299.50,1242.47,317.52,1229.06,335.99,1204.24,317.98,0.087620,0,0
1,512,1116.13,501.33,1136.99,527.52,1122.84,538.79,1101.98,512.60,0.087379,2,0
1,513,1169.31,770.85,1174.86,792.09,1138.79,801.51,1133.24,780.26,0.087379,2,0
1,516,199.30,703.99,200.08,692.78,220.23,694.18,219.45,705.39,0.086969,2,0
1,517,685.12,466.44,694.71,477.26,688.63,482.65,679.04,471.83,0.086969,2,0
1,518,38.86,639.89,39.98,651.53,12.49,654.17,11.37,642.53,0.086874,2,0
1,519,134.12,596.39,142.68,613.83,132.78,618.69,124.22,601.25,0.086874,2,0
1,520,314.60,720.71,319.12,703.21,334.83,707.27,330.31,724.77,0.086269,2,0
1,521,456.53,771.15,478.07,762.42,485.23,780.10,463.69,788.83,0.086269,2,0
1,522,1181.89,458.71,1195.07,525.39,1165.02,531.32,1151.84,464.65,0.086029,0,0
1,523,1218.16,349.54,1234.05,402.71,1214.50,408.56,1198.61,355.38,0.086029,0,0
1,528,1238.09,-27.65,1265.97,-76.21,1316.25,-47.34,1288.37,1.22,0.084801,0,0
1,529,719.39,52.36,744.57,116.82,724.32,124.73,699.14,60.27,0.084801,0,0
1,530,1198.12,873.72,1210.26,907.53,1200.24,911.13,1188.10,877.32,0.084780,2,0
1,531,1013.54,742.99,1043.22,777.73,1028.06,790.67,998.39,755.94,0.084780,2,0
1,532,108.96,405.06,109.11,439.31,90.64,439.39,90.48,405.14,0.084764,2,0
1,533,233.04,496.98,234.57,521.03,222.94,521.77,221.40,497.72,0.084764,2,0
1,536,445.48,878.28,450.16,923.38,423.30,926.17,418.62,881.07,0.083936,0,0
1,537,1121.51,845.16,1140.57,913.17,1123.96,917.83,1104.89,849.82,0.083936,0,0
1,539,670.89,286.48,704.93,284.68,705.25,290.73,671.21,292.53,0.083800,2,0
1,540,851.83,856.85,877.27,930.78,840.48,943.44,815.03,869.51,0.083569,0,0
1,541,907.91,780.30,924.96,847.77,903.44,853.20,886.39,785.74,0.083569,0,0
1,542,71.92,-3.49,83.04,-15.32,90.30,-8.50,79.18,3.34,0.083442,2,0
1,544,1273.67,585.01,1352.41,538.92,1368.34,566.13,1289.60,612.22,0.083423,0,0
1,545,1190.59,379.05,1245.82,422.18,1214.87,461.82,1159.63,418.69,0.083423,0,0
1,547,367.69,399.99,384.32,414.29,370.26,430.64,353.63,416.34,0.082484,2,0
1,548,77.65,558.01,79.69,536.95,96.93,538.62,94.89,559.68,0.082484,2,0
1,552,918.50,915.70,942.15,966.76,913.33,980.11,889.68,929.05,0.081132,0,0
1,553,562.51,844.00,570.52,885.69,545.47,890.50,537.47,848.81,0.081132,0,0
1,555,746.54,523.36,825.71,379.55,833.10,383.62,753.94,527.43,0.081124,0,0
1,556,387.50,241.90,395.71,221.09,408.91,226.30,400.70,247.11,0.080808,2,0
1,557,833.82,368.74,844.63,359.21,853.08,368.79,842.27,378.32,0.080808,2,0
1,560,627.64,822.58,668.21,868.39,647.25,886.95,606.69,841.14,0.080175,0,0
1,561,716.86,529.09,760.10,543.56,755.15,558.36,711.91,543.89,0.080175,0,0
1,562,462.84,346.54,473.89,340.67,478.33,349.03,467.28,354.90,0.080122,2,0
1,565,516.04,431.48,530.92,419.69,542.44,434.22,527.56,446.02,0.080013,2,0
1,566,1084.12,704.74,1167.38,816.49,1142.56,834.98,1059.29,723.24,0.079780,0,0
1,567,1223.24,794.02,1250.89,707.60,1295.73,721.95,1268.07,808.37,0.079780,0,0
1,568,1285.01,238.40,1288.19,195.99,1314.21,197.94,1311.03,240.35,0.079686,0,0
1,569,590.00,200.86,614.84,234.09,584.16,257.02,559.32,223.80,0.079686,0,0
1,570,136.63,233.02,142.52,282.94,119.97,285.60,114.08,235.68,0.079440,2,0
1,571,382.56,403.86,405.62,388.38,421.90,412.65,398.84,428.12,0.079440,2,0
1,572,1015.15,840.39,1023.55,822.44,1037.52,828.98,1029.12,846.93,0.079408,2,0
1,573,443.52,764.64,452.61,766.88,446.61,791.18,437.52,788.94,0.079408,2,0
1,574,1095.36,476.51,1118.10,501.29,1092.68,524.62,1069.94,499.84,0.079190,2,0
1,575,609.05,706.86,650.49,704.23,651.61,721.93,610.17,724.57,0.079190,2,0
1,576,156.46,211.51,181.25,193.85,186.86,201.72,162.07,219.39,0.078847,2,0
1,579,112.65,227.21,121.61,228.52,119.54,242.70,110.58,241.39,0.078668,2,0
1,580,198.71,683.77,211.33,681.44,213.50,693.16,200.87,695.49,0.078520,2,0
1,582,543.68,702.02,552.20,704.15,548.50,719.00,539.97,716.87,0.078119,2,0
1,583,623.66,526.25,643.97,515.02,654.51,534.09,634.20,545.32,0.078119,2,0
1,584,812.26,547.30,829.34,558.73,825.01,565.20,807.94,553.77,0.077764,2,0
1,585,1102.64,847.49,1218.14,847.09,1218.16,852.87,1102.66,853.26,0.077764,2,0
1,586,1171.24,413.03,1216.25,412.76,1216.40,437.41,1171.38,437.67,0.077750,2,0
1,587,1011.40,341.32,1074.72,323.70,1079.26,340.02,1015.94,357.64,0.077750,2,0
1,590,1396.58,756.05,1465.34,891.54,1445.70,901.51,1376.94,766.02,0.075670,0,0
1,591,1067.20,853.58,1155.70,948.42,1125.45,976.66,1036.94,881.81,0.075670,0,0
1,592,809.44,841.70,830.20,903.66,787.53,917.95,766.78,855.99,0.075654,0,0
1,593,497.22,923.15,534.04,983.06,512.45,996.32,475.64,936.42,0.075654,0,0
1,594,236.99,798.60,264.35,780.50,279.98,804.13,252.62,822.23,0.075461,2,0
1,595,180.63,776.72,186.87,744.71,202.97,747.85,196.73,779.86,0.075461,2,0
1,596,1045.81,505.15,1058.11,662.90,1028.70,665.19,1016.41,507.44,0.075458,0,0
1,597,1041.06,698.03,1098.35,602.47,1127.52,619.96,1070.23,715.52,0.075458,0,0
1,600,76.82,93.11,106.29,152.11,87.47,161.51,58.00,102.50,0.074864,0,0
1,601,-259.56,118.06,-232.71,168.70,-247.78,176.69,-274.62,126.05,0.074864,0,0
1,603,107.05,593.39,120.43,588.44,123.58,596.95,110.20,601.90,0.074826,2,0
1,604,416.76,734.87,428.08,730.87,432.15,742.39,420.83,746.39,0.074227,2,0
1,605,707.06,789.34,730.21,788.90,730.51,804.04,707.36,804.48,0.074227,2,0
1,608,1148.42,760.25,1157.06,739.27,1180.91,749.10,1172.27,770.08,0.073854,2,0
1,609,713.79,476.93,722.65,514.49,705.99,518.42,697.13,480.86,0.073854,2,0
1,610,1174.68,883.10,1179.82,973.57,1108.27,977.64,1103.13,887.17,0.073591,0,0
1,611,962.13,1133.93,1012.49,1010.32,1098.83,1045.50,1048.48,1169.11,0.073591,0,0
1,612,1388.62,214.22,1469.48,257.23,1454.83,284.78,1373.96,241.78,0.073524,0,0
1,614,112.18,493.73,119.43,498.84,107.91,515.16,100.66,510.04,0.073439,2,0
1,615,1328.32,579.96,1361.73,690.03,1334.96,698.16,1301.55,588.09,0.073223,0,0
1,616,1191.37,542.59,1196.36,434.78,1221.02,435.92,1216.03,543.73,0.073223,0,0
1,618,1220.65,799.93,1242.21,824.69,1225.63,839.12,1204.07,814.37,0.073216,0,0
1,619,224.88,352.35,244.44,374.04,231.93,385.32,212.37,363.64,0.073204,0,0
1,620,252.49,536.47,268.52,577.11,248.17,585.14,232.13,544.50,0.073204,0,0
1,621,1191.00,749.29,1203.56,667.10,1233.29,671.64,1220.73,753.83,0.073196,0,0
1,622,1044.32,735.11,1061.85,663.65,1098.37,672.61,1080.83,744.07,0.073196,0,0
1,623,178.54,344.32,210.69,355.33,205.89,369.35,173.74,358.33,0.072522,2,0
1,624,169.86,507.05,186.63,527.58,174.82,537.22,158.06,516.70,0.072522,2,0
1,627,801.67,599.72,806.32,623.38,785.58,627.46,780.93,603.80,0.071728,2,0
1,628,1063.60,402.12,1076.38,422.53,1068.37,427.54,1055.60,407.13,0.071728,2,0
1,629,983.06,716.26,1013.90,746.92,998.20,762.71,967.36,732.04,0.071344,2,0
1,630,1161.13,758.78,1208.19,767.21,1204.04,790.35,1156.99,781.93,0.071344,2,0
1,631,1134.26,543.80,1146.62,551.11,1132.84,574.39,1120.48,567.07,0.071315,2,0
1,632,660.56,430.04,668.58,406.40,685.68,412.20,677.66,435.85,0.071315,2,0
1,637,990.96,777.59,1022.39,782.87,1019.70,798.92,988.26,793.65,0.071099,2,0
1,638,927.25,845.95,941.16,848.02,938.52,865.70,924.61,863.63,0.071099,2,0
1,641,82.66,387.37,86.02,357.21,101.81,358.97,98.45,389.13,0.070915,2,0
1,642,114.60,547.47,121.58,577.44,106.97,580.84,99.99,550.87,0.070915,2,0
1,643,-459.73,404.12,-301.85,407.80,-302.17,421.45,-460.05,417.77,0.070711,0,0
1,644,162.44,530.34,224.08,518.15,230.54,550.81,168.89,563.00,0.070711,0,0
1,645,430.85,427.28,470.55,408.44,473.06,413.74,433.37,432.58,0.069825,2,0
1,646,694.82,503.37,712.27,538.54,690.82,549.19,673.37,514.01,0.069825,2,0
1,647,561.29,575.23,564.52,546.80,592.61,549.99,589.38,578.42,0.069663,2,0
1,648,912.60,612.88,987.35,597.65,993.10,625.88,918.35,641.11,0.069663,2,0
1,649,785.13,378.08,811.89,373.29,813.26,380.93,786.50,385.71,0.068707,2,0
1,650,740.01,767.06,758.47,758.52,764.04,770.56,745.58,779.10,0.068707,2,0
1,651,635.71,687.70,640.54,696.02,621.34,707.18,616.50,698.85,0.068676,2,0
1,652,414.67,731.98,414.93,742.43,400.88,742.78,400.62,732.33,0.068676,2,0
1,653,1356.02,486.46,1448.60,460.88,1456.35,488.90,1363.76,514.49,0.068544,0,0
1,654,1020.30,714.67,1037.15,592.90,1111.43,603.18,1094.58,724.95,0.068544,0,0
1,655,347.48,725.81,380.35,705.30,396.66,731.46,363.79,751.96,0.068043,0,0
1,656,383.47,897.05,409.22,927.72,397.09,937.91,371.33,907.23,0.068043,0,0
1,657,580.95,738.29,589.04,732.02,599.65,745.69,591.57,751.97,0.067705,2,0
1,658,744.80,774.30,755.64,769.33,760.03,778.91,749.19,783.88,0.067705,2,0
1,659,1308.04,917.57,1310.21,830.13,1355.82,831.26,1353.65,918.70,0.066658,0,0
1,660,1161.49,867.82,1162.24,927.68,1108.28,928.35,1107.53,868.50,0.066658,0,0
1,662,898.78,708.87,951.31,733.47,946.95,742.77,894.42,718.18,0.065827,2,0
1,663,607.65,789.75,642.69,781.39,648.50,805.72,613.46,814.08,0.065827,2,0
1,664,684.56,746.16,694.12,775.73,674.43,782.10,664.86,752.54,0.065423,2,0
1,665,702.46,753.11,724.64,811.71,708.38,817.86,686.21,759.26,0.065423,2,0
1,666,1052.74,762.23,1077.45,748.25,1085.56,762.58,1060.86,776.57,0.064855,2,0
1,667,829.03,762.10,847.91,749.90,859.84,768.35,840.96,780.56,0.064855,2,0
1,668,1270.20,324.90,1313.26,394.86,1255.06,430.68,1212.00,360.72,0.064845,0,0
1,669,1371.63,204.54,1418.84,269.40,1369.47,305.33,1322.27,240.47,0.064845,0,0
1,672,136.44,127.60,155.29,118.16,158.56,124.70,139.72,134.14,0.064276,2,0
1,673,324.15,71.82,344.93,62.12,353.88,81.30,333.10,91.00,0.064276,2,0
1,677,764.76,246.90,782.43,268.49,779.46,270.92,761.80,249.32,0.063806,2,0
1,681,56.90,349.45,74.62,367.96,67.93,374.36,50.21,355.86,0.062935,2,0
1,682,83.47,238.27,101.74,244.40,99.66,250.61,81.38,244.47,0.062935,2,0
1,684,868.42,923.33,880.20,872.87,905.86,878.87,894.08,929.32,0.062241,0,0
1,685,752.89,913.11,763.21,846.48,798.10,851.88,787.78,918.51,0.062241,0,0
1,686,978.26,402.03,1031.12,440.46,1028.46,444.13,975.60,405.70,0.062228,2,0
1,687,858.08,732.48,897.24,763.49,884.46,779.63,845.30,748.62,0.062228,2,0
1,688,769.23,671.01,803.30,677.30,799.93,695.55,765.86,689.26,0.062173,0,0
1,689,603.09,827.80,613.62,900.97,576.72,906.28,566.18,833.11,0.062173,0,0
1,690,-55.09,168.22,-29.03,120.61,-17.94,126.67,-44.00,174.29,0.061902,0,0
1,692,250.41,404.13,260.64,415.44,254.25,421.22,244.01,409.92,0.061578,2,0
1,693,558.91,895.73,638.44,870.87,639.10,872.98,559.57,897.83,0.061336,0,0
1,695,1000.03,512.81,1002.97,526.21,989.33,529.20,986.39,515.79,0.060967,2,0
1,696,581.06,523.50,592.04,548.74,584.05,552.22,573.06,526.98,0.060967,2,0
1,697,875.39,635.16,890.43,631.97,892.68,642.59,877.65,645.78,0.060832,2,0
1,698,675.64,219.88,701.01,215.51,707.55,253.48,682.18,257.85,0.060822,2,0
1,699,873.29,340.38,916.80,358.58,905.99,384.44,862.48,366.24,0.060822,2,0
1,700,497.66,874.98,502.06,831.67,523.76,833.87,519.36,877.18,0.060609,0,0
1,701,749.75,917.10,750.21,929.43,737.60,929.90,737.14,917.57,0.060609,0,0
1,702,282.67,244.37,286.91,255.00,274.77,259.84,270.53,249.21,0.060607,2,0
1,704,1088.30,220.00,1094.39,213.03,1112.84,229.15,1106.75,236.12,0.060201,2,0
1,706,472.03,523.54,489.41,525.04,487.54,546.53,470.17,545.02,0.059160,2,0
1,707,718.07,509.07,745.17,481.96,754.77,491.55,727.66,518.66,0.059160,2,0
1,710,236.29,825.24,247.05,812.97,271.77,834.64,261.01,846.91,0.059027,2,0
1,711,58.24,603.93,86.69,606.14,85.16,625.79,56.71,623.59,0.059027,2,0
1,712,-81.86,236.52,-11.45,266.34,-21.36,289.73,-91.76,259.92,0.058840,0,0
1,713,64.78,549.25,114.50,605.60,102.83,615.90,53.10,559.56,0.058840,0,0
1,714,399.81,289.57,402.86,303.84,389.28,306.74,386.23,292.47,0.058457,2,0
1,715,756.42,524.64,766.18,534.38,756.48,544.12,746.71,534.38,0.058457,2,0
1,716,960.98,877.78,993.30,811.13,1023.06,825.56,990.75,892.21,0.058295,0,0
1,717,1389.57,567.17,1424.81,598.79,1411.33,613.82,1376.09,582.20,0.058295,0,0
1,720,995.80,872.90,1013.60,851.34,1020.21,856.80,1002.41,878.36,0.057853,0,0
1,721,954.02,775.07,970.94,777.03,968.65,796.73,951.73,794.76,0.057853,0,0
1,722,560.61,308.76,606.38,320.09,603.97,329.85,558.20,318.52,0.057835,2,0
1,723,570.54,598.97,576.00,588.50,626.05,614.62,620.59,625.08,0.057835,2,0
1,726,288.13,5.60,359.41,7.72,359.33,10.54,288.04,8.41,0.057454,0,0
1,729,668.22,521.79,690.12,532.59,687.82,537.24,665.93,526.44,0.057411,2,0
1,730,125.20,297.08,168.16,285.12,175.62,311.92,132.67,323.88,0.057394,0,0
1,731,2.58,642.43,46.92,647.77,45.95,655.78,1.62,650.44,0.057394,0,0
1,734,737.78,406.88,741.93,441.65,732.38,442.79,728.23,408.02,0.056695,2,0
1,735,268.34,396.45,284.37,383.65,294.05,395.77,278.02,408.57,0.056695,2,0
1,736,263.87,272.22,279.24,274.70,278.21,281.06,262.84,278.58,0.056408,2,0
1,737,464.07,274.93,465.43,259.68,474.30,260.47,472.94,275.72,0.056359,2,0
1,741,1109.68,908.79,1124.23,988.04,1088.23,994.65,1073.68,915.40,0.056306,0,0
1,742,836.37,796.87,910.23,822.58,894.63,867.40,820.78,841.70,0.056306,0,0
1,745,797.86,312.96,799.86,326.81,791.72,327.99,789.72,314.13,0.056212,2,0
1,746,1010.26,594.37,1013.81,578.29,1029.79,581.82,1026.24,597.90,0.056212,2,0
1,749,908.84,623.57,920.95,635.14,914.86,641.50,902.76,629.93,0.055895,2,0
1,750,478.65,735.96,480.55,751.39,462.10,753.66,460.20,738.23,0.055895,2,0
1,751,732.01,509.53,748.79,525.40,736.97,537.90,720.19,522.03,0.055887,2,0
1,752,972.36,550.66,980.75,568.26,972.72,572.09,964.33,554.49,0.055887,2,0
1,753,423.90,976.03,439.17,982.11,435.92,990.29,420.64,984.21,0.055789,0,0
1,754,291.27,857.16,296.79,861.68,283.67,877.70,278.15,873.18,0.055789,0,0
1,755,1057.20,723.82,1079.21,725.71,1078.34,735.75,1056.33,733.86,0.055758,2,0
1,756,841.02,717.47,860.33,709.45,866.29,723.79,846.97,731.81,0.055758,2,0
1,758,1014.59,608.80,1029.70,616.69,1022.45,630.59,1007.33,622.71,0.055343,2,0
1,759,567.48,667.84,586.18,685.37,577.43,694.70,558.74,677.18,0.055343,2,0
1,760,1359.32,625.91,1452.32,741.94,1424.12,764.54,1331.12,648.50,0.055275,0,0
1,761,1290.07,714.81,1376.52,755.57,1357.08,796.79,1270.63,756.03,0.055275,0,0
1,762,92.77,580.44,118.60,574.45,120.45,582.42,94.61,588.40,0.055177,2,0
1,763,241.42,349.32,254.73,334.62,264.75,343.68,251.44,358.39,0.055177,2,0
1,764,576.60,645.97,578.23,666.19,564.01,667.33,562.39,647.11,0.055076,2,0
1,765,734.60,778.00,743.34,821.86,737.80,822.97,729.05,779.11,0.055076,2,0
1,768,803.58,772.02,876.65,802.32,851.22,863.64,778.15,833.34,0.054972,0,0
1,769,1285.78,773.18,1309.38,688.89,1338.54,697.05,1314.94,781.34,0.054972,0,0
1,771,582.20,754.07,586.16,707.85,610.72,709.95,606.75,756.18,0.054718,2,0
1,772,1007.41,729.85,1042.63,693.56,1052.87,703.50,1017.65,739.79,0.054718,2,0
1,775,296.17,224.52,355.23,237.16,349.06,266.02,289.99,253.38,0.054504,0,0
1,776,68.04,272.30,112.61,199.26,131.02,210.49,86.45,283.54,0.054504,0,0
1,777,309.69,901.94,346.39,916.35,337.49,939.02,300.79,924.61,0.054486,0,0
1,778,411.42,766.67,425.77,731.80,447.62,740.80,433.27,775.67,0.054486,0,0
1,779,515.49,435.04,522.27,415.49,538.60,421.15,531.81,440.70,0.054321,2,0
1,780,799.39,525.15,801.61,537.21,787.66,539.77,785.45,527.71,0.054321,2,0
1,781,656.51,695.23,685.50,688.02,687.54,696.25,658.56,703.46,0.054230,2,0
1,782,756.90,476.48,798.06,465.43,800.95,476.22,759.79,487.27,0.054230,2,0
1,783,1713.05,808.09,1800.50,693.63,1825.02,712.36,1737.57,826.82,0.054159,0,0
1,784,1253.62,723.50,1324.25,688.52,1343.60,727.60,1272.97,762.57,0.054159,0,0
1,787,971.97,633.22,989.75,634.56,988.65,649.24,970.87,647.91,0.054028,2,0
1,788,926.59,633.99,988.74,621.99,992.59,641.98,930.44,653.98,0.054028,2,0
1,789,169.35,334.36,205.68,307.46,214.68,319.61,178.34,346.51,0.053561,2,0
1,790,250.47,487.03,258.30,448.05,269.75,450.35,261.92,489.33,0.053561,2,0
1,791,911.99,718.16,929.34,770.06,900.96,779.54,883.61,727.65,0.053496,2,0
1,792,850.33,584.31,869.41,606.93,852.94,620.83,833.85,598.21,0.053496,2,0
1,793,-153.97,275.17,-115.25,251.83,-110.43,259.82,-149.15,283.17,0.053438,0,0
1,794,107.04,483.90,128.22,459.91,137.05,467.70,115.87,491.69,0.053438,0,0
1,795,884.50,645.77,911.17,643.49,912.33,657.06,885.66,659.35,0.053428,2,0
1,796,944.38,620.43,965.37,629.98,962.60,636.07,941.61,626.52,0.053428,2,0
1,799,980.60,953.93,985.58,971.25,967.79,976.37,962.81,959.05,0.053276,0,0
1,800,625.56,789.02,628.02,812.70,565.41,819.19,562.96,795.52,0.053276,0,0
1,801,1067.81,505.28,1090.67,501.38,1092.60,512.70,1069.74,516.60,0.053222,2,0
1,802,525.77,398.83,528.78,427.08,507.62,429.34,504.61,401.08,0.053222,2,0
1,803,1527.64,488.81,1542.75,572.58,1515.69,577.46,1500.58,493.69,0.053194,0,0
1,804,1164.93,212.94,1209.46,437.65,1188.46,441.81,1143.93,217.10,0.053194,0,0
1,805,1228.13,801.50,1287.29,821.92,1279.40,844.78,1220.24,824.36,0.053193,0,0
1,806,642.48,906.62,660.73,885.02,691.92,911.36,673.68,932.97,0.053193,0,0
1,807,943.44,400.89,1027.02,313.03,1039.88,325.27,956.30,413.13,0.053117,2,0
1,808,683.82,384.93,754.92,433.80,741.70,453.04,670.60,404.17,0.053117,2,0
1,809,904.03,461.10,909.13,520.89,870.43,524.19,865.33,464.40,0.053079,2,0
1,810,888.04,487.36,930.45,541.45,918.69,550.67,876.28,496.59,0.053079,2,0
1,811,302.56,447.01,323.56,460.86,316.30,471.87,295.29,458.02,0.052927,2,0
1,812,712.13,592.19,716.36,568.37,735.91,571.84,731.68,595.66,0.052927,2,0
1,813,671.68,958.11,692.12,917.89,714.78,929.41,694.34,969.63,0.052895,0,0
1,814,1266.33,769.43,1338.11,767.44,1338.71,789.23,1266.94,791.22,0.052895,0,0
1,815,808.80,543.34,847.50,584.12,836.36,594.69,797.66,553.92,0.052876,2,0
1,816,1128.63,371.38,1152.33,369.13,1153.68,383.35,1129.99,385.60,0.052876,2,0
1,818,694.13,424.53,702.08,413.57,724.69,429.96,716.75,440.92,0.052864,2,0
1,819,1339.70,657.00,1449.83,610.72,1460.23,635.48,1350.10,681.76,0.052860,0,0
1,820,1029.96,504.23,1088.24,479.49,1095.39,496.35,1037.11,521.09,0.052860,0,0
1,821,1208.67,699.42,1249.85,756.75,1227.42,772.87,1186.24,715.53,0.052785,2,0
1,822,809.64,588.09,846.23,618.14,837.05,629.31,800.47,599.27,0.052785,2,0
1,823,1316.34,332.09,1366.83,257.98,1384.25,269.85,1333.76,343.96,0.052784,0,0
1,824,1383.74,676.06,1439.12,603.65,1451.14,612.84,1395.76,685.26,0.052784,0,0
1,825,186.23,439.67,217.31,434.01,220.23,450.07,189.15,455.72,0.052774,2,0
1,826,76.74,586.02,113.20,588.16,111.81,611.94,75.35,609.81,0.052774,2,0
1,827,1525.83,662.22,1745.30,621.85,1747.99,636.46,1528.51,676.82,0.052753,0,0
1,828,1219.37,300.52,1300.16,334.98,1288.43,362.48,1207.64,328.01,0.052753,0,0
1,829,622.43,325.89,636.84,343.76,600.94,372.70,586.53,354.84,0.052669,0,0
1,830,993.75,509.64,1000.75,511.25,992.38,547.65,985.38,546.04,0.052669,0,0
1,831,-124.88,235.98,-63.16,211.05,-57.43,225.24,-119.15,250.16,0.052589,0,0
1,832,1075.57,538.81,1132.95,611.46,1109.72,629.81,1052.34,557.16,0.052513,0,0
1,833,1414.82,301.33,1492.07,368.03,1481.80,379.92,1404.55,313.23,0.052513,0,0
1,834,1248.43,445.23,1292.67,381.46,1312.69,395.35,1268.45,459.11,0.052503,0,0
1,835,1442.82,562.00,1468.44,615.51,1442.74,627.81,1417.13,574.30,0.052503,0,0
1,836,746.56,561.11,779.03,562.51,778.33,578.67,745.86,577.27,0.052328,2,0
1,837,441.34,789.02,447.78,800.95,429.69,810.71,423.25,798.78,0.052328,2,0
1,838,924.69,715.50,972.62,671.74,990.81,691.66,942.88,735.42,0.052266,0,0
1,839,1205.25,681.63,1291.61,650.54,1302.80,681.62,1216.43,712.70,0.052266,0,0
1,840,615.12,580.46,644.50,627.25,620.75,642.16,591.38,595.37,0.052031,2,0
1,841,665.50,543.23,671.04,617.72,643.10,619.80,637.56,545.30,0.052031,2,0
1,842,675.94,498.99,683.68,580.55,655.68,583.21,647.94,501.64,0.051927,0,0
1,843,641.03,551.94,649.54,648.86,619.15,651.53,610.64,554.60,0.051927,0,0
1,844,763.27,641.07,796.27,668.16,780.70,687.11,747.71,660.02,0.051804,2,0
1,845,1144.41,517.62,1155.70,520.86,1152.36,532.51,1141.07,529.27,0.051804,2,0
1,846,610.66,490.10,649.74,494.70,643.47,547.94,604.39,543.34,0.051781,2,0
1,847,819.31,605.85,855.82,622.90,846.01,643.91,809.50,626.86,0.051781,2,0
1,848,449.25,917.31,460.94,908.40,478.51,931.46,466.82,940.37,0.051754,2,0
1,849,1041.42,784.12,1046.52,808.31,1032.33,811.30,1027.23,787.12,0.051754,2,0
1,850,698.41,582.82,783.78,630.25,766.74,660.91,681.38,613.48,0.051749,0,0
1,851,636.18,503.37,671.07,401.29,688.83,407.36,653.94,509.45,0.051749,0,0
1,852,733.33,270.59,787.76,295.19,770.32,333.79,715.89,309.18,0.051590,2,0
1,853,861.50,633.84,911.02,640.48,905.08,684.72,855.56,678.08,0.051590,2,0
1,854,945.71,609.08,976.88,604.59,979.07,619.81,947.91,624.30,0.051371,2,0
1,855,903.06,699.83,928.24,707.00,923.51,723.63,898.32,716.46,0.051371,2,0
1,856,1001.78,481.33,1058.93,488.25,1057.50,500.02,1000.36,493.10,0.051278,2,0
1,857,745.16,689.30,782.26,708.93,761.14,748.84,724.04,729.21,0.051278,2,0
1,859,343.96,831.91,347.80,827.63,370.34,847.84,366.51,852.12,0.051251,0,0
1,860,826.27,355.33,929.84,418.34,918.83,436.43,815.26,373.42,0.051241,2,0
1,861,742.38,599.41,799.61,636.33,781.67,664.13,724.45,627.21,0.051241,2,0
1,862,645.97,529.03,674.19,530.87,672.47,557.21,644.25,555.37,0.051213,2,0
1,863,270.77,313.69,301.72,338.90,283.58,361.16,252.64,335.94,0.051213,2,0
1,864,-44.27,319.07,71.42,318.77,71.45,331.22,-44.23,331.53,0.051116,0,0
1,865,55.54,371.27,88.62,384.78,75.34,417.30,42.26,403.80,0.051116,0,0
1,866,-46.49,475.13,-17.38,445.15,-3.05,459.06,-32.17,489.04,0.051060,0,0
1,867,135.26,513.12,140.10,472.46,169.77,476.00,164.93,516.65,0.051060,0,0
1,868,695.40,523.81,742.56,506.55,762.10,559.93,714.94,577.19,0.050779,2,0
1,869,912.27,610.83,925.70,654.43,865.94,672.84,852.51,629.24,0.050779,2,0
1,870,-97.23,243.96,-81.39,252.13,-85.44,259.98,-101.28,251.81,0.050740,0,0
1,871,177.28,134.23,192.71,143.36,187.70,151.82,172.27,142.69,0.050740,0,0
1,872,938.52,581.46,1035.83,632.39,1020.45,661.78,923.14,610.85,0.050650,0,0
1,873,1230.58,272.00,1263.84,311.91,1245.35,327.31,1212.10,287.41,0.050650,0,0
1,874,968.23,374.40,1036.63,417.49,1014.97,451.88,946.57,408.79,0.050614,2,0
1,875,694.24,567.51,750.22,621.61,727.09,645.53,671.12,591.43,0.050614,2,0
1,876,169.10,366.11,194.58,348.51,198.57,354.29,173.10,371.89,0.050592,0,0
1,877,-20.75,233.91,7.75,223.73,10.37,231.06,-18.13,241.24,0.050592,0,0
1,878,730.53,666.87,741.66,730.33,707.04,736.41,695.91,672.94,0.050505,2,0
1,879,845.12,776.44,912.79,718.84,940.68,751.60,873.01,809.21,0.050505,2,0
1,880,1242.84,552.31,1314.08,575.48,1312.40,580.63,1241.17,557.47,0.050468,0,0
1,881,914.58,708.98,931.03,705.11,935.54,724.29,919.09,728.16,0.050468,0,0
1,882,777.18,981.31,787.95,963.37,799.96,970.58,789.19,988.52,0.050464,0,0
1,883,736.33,745.20,787.20,747.37,786.69,759.32,735.82,757.15,0.050464,0,0
1,884,93.47,270.72,112.56,283.83,90.43,316.07,71.33,302.96,0.050450,2,0
1,885,-229.95,242.98,-159.28,265.12,-163.46,278.47,-234.14,256.33,0.050450,2,0
1,886,967.18,813.68,968.97,889.39,943.79,889.98,942.00,814.27,0.050337,2,0
1,887,677.04,668.52,689.84,699.91,672.99,706.79,660.18,675.40,0.050337,2,0
1,888,944.66,415.40,947.62,518.26,913.61,519.24,910.65,416.38,0.050314,0,0
1,889,1469.80,605.09,1546.86,648.38,1534.73,669.97,1457.67,626.68,0.050314,0,0
1,890,943.18,740.46,951.57,760.82,939.76,765.68,931.37,745.32,0.050263,2,0
1,891,537.35,680.57,547.93,729.28,520.95,735.13,510.38,686.43,0.050263,2,0
1,892,1095.74,890.86,1106.25,900.95,1085.67,922.37,1075.17,912.29,0.050219,0,0
1,893,1105.33,703.50,1160.83,712.57,1157.81,731.06,1102.31,721.99,0.050219,0,0
1,894,866.54,433.97,936.01,429.67,940.08,495.46,870.61,499.75,0.050207,0,0
1,895,1102.45,569.32,1137.34,511.65,1181.15,538.16,1146.26,595.82,0.050207,0,0
1,896,1234.77,631.79,1267.52,684.34,1232.69,706.05,1199.94,653.50,0.050030,0,0
1,897,1035.45,587.92,1040.57,649.07,1008.03,651.79,1002.92,590.64,0.050030,0,0
1,898,1287.17,614.63,1304.81,648.98,1293.38,654.84,1275.74,620.50,0.049935,0,0
1,899,789.18,670.22,806.35,742.80,798.25,744.72,781.07,672.14,0.049935,0,0
1,900,972.72,555.63,1031.35,597.17,1017.42,616.83,958.79,575.30,0.049931,0,0
1,901,1366.12,447.04,1393.93,499.50,1378.46,507.70,1350.65,455.25,0.049931,0,0
1,902,1009.37,576.14,1067.68,573.33,1068.31,586.58,1010.01,589.39,0.049930,0,0
1,903,1281.14,465.60,1315.17,522.68,1305.10,528.68,1271.07,471.60,0.049930,0,0
1,904,773.96,584.01,782.71,571.42,794.37,579.53,785.62,592.11,0.049830,2,0
1,905,357.37,535.60,369.32,538.10,364.34,561.92,352.39,559.42,0.049830,2,0
1,906,697.66,624.44,743.41,641.23,728.25,682.56,682.49,665.77,0.049771,0,0
1,907,1332.27,666.76,1359.84,593.80,1406.83,611.56,1379.27,684.51,0.049771,0,0
1,908,989.99,485.22,1035.42,572.30,1011.49,584.79,966.06,497.71,0.049674,0,0
1,909,905.27,481.61,992.33,548.70,966.19,582.62,879.12,515.53,0.049674,0,0
1,910,33.15,540.01,48.54,539.00,49.76,557.50,34.37,558.51,0.049594,2,0
1,911,-206.52,459.09,-190.65,463.70,-194.07,475.47,-209.93,470.86,0.049594,2,0
1,912,841.73,605.44,865.38,609.02,862.46,628.29,838.81,624.70,0.049559,2,0
1,913,1248.41,589.74,1257.39,655.51,1242.87,657.49,1233.89,591.72,0.049559,2,0
2,1,561.09,173.29,622.43,159.15,630.86,195.69,569.51,209.83,0.065573,0,0
2,2,609.42,135.31,677.01,174.68,662.22,200.08,594.62,160.72,0.255534,0,0
2,3,562.71,184.09,649.08,126.63,672.42,161.71,586.05,219.17,0.342779,0,0
2,4,313.54,362.88,372.75,364.13,372.35,383.40,313.14,382.16,0.209083,0,0
2,5,882.04,52.42,968.42,93.37,956.41,118.70,870.03,77.76,0.165504,0,0
2,6,613.87,-46.90,775.01,-2.93,764.64,35.08,603.50,-8.89,0.175236,0,0
2,9,549.59,486.10,682.54,363.13,720.22,403.86,587.27,526.84,0.157214,0,0
2,10,601.28,218.22,643.16,243.76,628.79,267.32,586.91,241.77,0.293954,0,0
2,11,895.22,162.06,927.08,163.31,926.37,181.32,894.51,180.07,0.192103,0,0
2,16,480.81,-2.21,517.81,109.50,484.25,120.62,447.24,8.91,0.306891,0,0
2,18,570.59,53.25,581.45,-18.48,621.31,-12.44,610.45,59.29,0.351380,0,0
2,20,877.22,212.57,928.62,289.97,885.34,318.71,833.94,241.31,0.181488,0,0
2,21,983.35,114.40,1018.34,178.12,976.65,201.02,941.65,137.30,0.175236,0,0
2,23,568.05,656.90,583.85,655.42,584.70,664.58,568.90,666.05,0.191324,0,0
2,24,900.06,540.71,933.95,612.46,915.43,621.21,881.55,549.46,0.051695,0,0
2,26,1110.19,228.37,1149.01,221.75,1155.04,257.12,1116.22,263.74,0.141402,0,0
2,27,740.52,23.08,768.89,31.40,761.57,56.36,733.20,48.04,0.278248,0,0
2,28,665.92,42.01,768.07,69.00,759.40,101.82,657.25,74.82,0.349489,0,0
2,32,645.03,137.00,688.99,203.89,652.63,227.78,608.67,160.90,0.283411,0,0
2,33,721.81,-22.21,769.27,-14.52,760.27,40.97,712.81,33.27,0.262149,0,0
2,37,652.41,-2.33,694.65,121.46,629.81,143.59,587.57,19.80,0.328701,0,0
2,39,826.44,302.61,849.15,305.31,848.21,313.22,825.50,310.52,0.186231,0,0
2,42,812.60,106.82,848.05,145.00,814.02,176.59,778.57,138.41,0.240573,0,0
2,44,620.46,345.83,635.36,120.64,692.24,124.41,677.34,349.59,0.184918,0,0
2,47,520.49,801.38,521.17,759.79,557.93,760.39,557.25,801.97,0.173244,0,0
2,51,578.51,374.85,637.28,467.99,610.71,484.75,551.94,391.61,0.378860,0,0
2,53,590.69,575.08,593.54,542.82,638.07,546.76,635.22,579.02,0.050343,0,0
2,56,663.57,500.07,663.88,459.51,686.76,459.69,686.45,500.24,0.061034,0,0
2,60,891.79,288.27,934.19,265.91,948.74,293.49,906.34,315.86,0.065573,0,0
2,61,797.42,-89.59,798.93,-107.63,812.31,-106.51,810.80,-88.47,0.080945,2,0
2,64,834.33,95.57,836.47,120.57,773.88,125.93,771.74,100.93,0.160864,0,0
2,66,1101.35,282.85,1142.07,246.46,1188.74,298.70,1148.02,335.09,0.218094,0,0
2,68,295.00,85.72,295.59,73.01,308.06,73.59,307.47,86.30,0.246915,2,0
2,73,674.25,350.68,742.93,311.48,763.10,346.82,694.42,386.02,0.157214,0,0
2,75,549.64,591.20,562.12,590.17,564.23,615.83,551.76,616.86,0.166786,0,0
2,84,691.47,-104.64,696.96,-130.30,726.28,-124.03,720.79,-98.37,0.218601,0,0
2,85,560.75,76.42,763.92,158.42,738.45,221.53,535.28,139.52,0.202902,0,0
2,88,248.17,447.83,264.79,419.20,285.82,431.42,269.20,460.04,0.098122,0,0
2,92,635.73,61.53,709.36,176.48,661.21,207.32,587.58,92.38,0.172307,0,0
2,93,523.48,89.27,569.93,213.83,524.90,230.62,478.45,106.06,0.202870,0,0
2,97,756.85,332.25,765.48,251.64,780.75,253.28,772.11,333.89,0.238458,0,0
2,103,641.91,323.08,724.64,362.01,696.38,422.06,613.65,383.12,0.264381,0,0
2,108,1114.05,897.48,1119.67,953.96,1090.38,956.87,1084.76,900.39,0.057106,0,0
2,110,305.66,633.13,329.33,562.15,373.03,576.73,349.36,647.70,0.187151,0,0
2,126,1196.57,731.70,1197.82,734.03,1163.77,752.39,1162.51,750.06,0.055063,0,0
2,128,545.80,-129.98,711.52,-12.67,691.63,15.42,525.91,-101.88,0.064002,0,0
2,130,727.59,537.55,763.83,249.09,792.53,252.69,756.30,541.16,0.167710,2,0
2,133,605.65,617.64,608.60,552.57,620.07,553.09,617.12,618.16,0.119120,0,0
2,134,-90506632.00,-14016065.00,90507704.00,14016273.00,90507704.00,14016283.00,-90506632.00,-14016055.00,0.183023,2,0
2,137,541.08,272.14,686.13,244.09,693.09,280.08,548.04,308.13,0.158270,0,0
2,144,1186.67,728.56,1338.16,665.87,1356.49,710.15,1205.00,772.84,0.055379,0,0
2,150,816.20,624.34,835.58,593.50,858.25,607.74,838.87,638.59,0.110961,0,0
2,168,13.24,287.74,61.62,386.72,44.53,395.08,-3.85,296.09,0.050705,0,0
2,171,1070.12,142.86,1203.38,153.81,1200.33,190.92,1067.07,179.98,0.168462,0,0
2,181,804.38,191.52,822.90,190.34,823.69,202.74,805.17,203.92,0.190319,2,0
2,188,1145.34,647.00,1167.85,454.58,1217.43,460.38,1194.93,652.80,0.052613,0,0
2,189,749.52,-7.69,773.98,69.49,748.72,77.50,724.25,0.32,0.162281,0,0
2,193,185.79,-13.10,239.75,9.56,233.81,23.69,179.86,1.04,0.097496,0,0
2,195,837.97,215.16,845.44,226.38,829.94,236.69,822.48,225.48,0.091416,2,0
2,198,587.77,400.20,643.08,412.00,633.19,458.37,577.88,446.57,0.110913,0,0
2,200,638.86,92.51,714.40,138.56,693.08,173.52,617.55,127.47,0.349489,0,0
2,203,312.57,119.06,329.67,128.26,322.53,141.52,305.43,132.32,0.187238,2,0
2,204,321.92,32.67,358.69,31.69,359.11,47.68,322.35,48.67,0.143211,2,0
2,210,570.77,357.75,689.09,355.82,690.23,425.71,571.92,427.64,0.127212,0,0
2,214,295.32,573.51,318.80,589.58,312.34,599.02,288.86,582.95,0.116816,0,0
2,223,983.51,208.48,1011.71,319.80,925.61,341.61,897.41,230.29,0.149379,0,0
2,224,770.54,14.45,853.16,32.95,847.55,58.01,764.93,39.51,0.198028,0,0
2,239,1157.59,615.64,1223.79,636.65,1210.23,679.37,1144.03,658.36,0.049505,0,0
2,250,636.53,7.78,763.19,201.50,735.80,219.40,609.14,25.68,0.237637,0,0
2,251,547.90,143.65,643.25,113.26,653.18,144.41,557.83,174.80,0.277236,0,0
2,255,859.76,-59.24,979.56,34.31,959.46,60.06,839.65,-33.49,0.089184,0,0
2,258,568.12,199.19,788.68,130.82,801.18,171.15,580.62,239.52,0.366258,0,0
2,264,520.84,499.75,528.53,509.02,516.47,519.04,508.77,509.77,0.103015,2,0
2,266,783.70,610.43,822.89,634.59,800.52,670.87,761.33,646.70,0.051688,2,0
2,276,828.41,396.63,839.38,412.09,826.88,420.97,815.90,405.50,0.056603,2,0
2,277,107.04,881.70,111.09,817.74,140.46,819.60,136.41,883.56,0.165085,0,0
2,282,1097.73,0.80,1100.09,22.84,1064.48,26.65,1062.12,4.61,0.125301,0,0
2,287,985.86,314.79,996.51,320.74,983.66,343.75,973.01,337.80,0.079119,2,0
2,289,-69413.28,47505.73,70605.34,-45889.54,70605.52,-45889.29,-69413.11,47505.98,0.178599,2,0
2,294,868.40,602.32,884.20,603.85,883.41,611.98,867.62,610.44,0.053545,2,0
2,296,566.63,752.08,590.73,827.68,558.05,838.10,533.95,762.50,0.056314,0,0
2,300,228.50,628.41,254.55,696.36,233.19,704.55,207.15,636.59,0.107470,0,0
2,302,765.42,312.40,766.05,231.11,802.34,231.40,801.70,312.69,0.359559,0,0
2,308,1010.60,521.01,1038.50,480.05,1072.46,503.19,1044.56,544.14,0.051744,0,0
2,309,783.64,162.70,875.74,142.79,882.04,171.94,789.95,191.85,0.160864,0,0
2,313,532.11,145.95,557.12,152.71,554.73,161.55,529.72,154.79,0.200165,2,0
2,318,754.88,244.77,755.23,253.55,733.41,254.43,733.06,245.65,0.099356,2,0
2,330,805.75,361.57,841.66,185.63,891.26,195.75,855.36,371.69,0.187438,0,0
2,346,266.10,112.76,288.68,52.08,309.45,59.80,286.86,120.49,0.065284,2,0
2,349,452.21,708.77,455.54,722.05,445.03,724.69,441.70,711.41,0.078052,2,0
2,361,180.58,651.03,191.57,687.02,171.33,693.21,160.34,657.21,0.067891,2,0
2,362,228.94,357.39,368.11,367.91,366.47,389.50,227.31,378.98,0.081388,2,0
2,363,303.34,545.12,313.82,516.36,335.63,524.30,325.16,553.07,0.124708,2,0
2,372,37.86,662.80,38.38,617.36,74.29,617.77,73.77,663.21,0.142748,0,0
2,384,778.87,641.85,791.06,662.24,775.92,671.29,763.73,650.90,0.051025,2,0
2,389,516.02,788.25,655.05,837.02,649.97,851.50,510.94,802.72,0.179664,2,0
2,393,849.54,536.52,856.53,557.06,838.16,563.31,831.17,542.77,0.052580,2,0
2,398,433.17,486.76,451.66,493.92,448.60,501.81,430.11,494.65,0.137782,2,0
2,403,939.98,658.62,963.71,675.15,953.37,689.98,929.65,673.46,0.056169,2,0
2,429,1172.11,514.32,1377.73,568.31,1366.68,610.40,1161.06,556.41,0.066790,0,0
2,445,1004.76,153.66,1018.23,197.29,995.41,204.33,981.95,160.70,0.202902,0,0
2,460,914.42,688.40,925.84,705.74,900.05,722.73,888.63,705.38,0.050919,2,0
2,469,1274.81,657.57,1337.59,591.78,1380.84,633.05,1318.05,698.84,0.053774,0,0
2,472,1042.13,339.25,1137.33,390.86,1125.80,412.13,1030.60,360.52,0.051834,0,0
2,476,612.23,846.35,646.74,895.04,618.19,915.28,583.68,866.59,0.103651,0,0
2,491,988.72,363.31,1170.97,311.85,1178.53,338.62,996.28,390.09,0.051721,0,0
2,496,1044.33,888.24,1066.80,948.50,1032.36,961.34,1009.88,901.09,0.074255,0,0
2,497,223.05,608.60,265.55,621.88,256.41,651.14,213.91,637.86,0.050998,2,0
2,510,570.65,284.33,606.06,384.72,570.31,397.33,534.90,296.94,0.217506,0,0
2,512,1092.47,494.98,1096.66,524.72,1080.72,526.96,1076.54,497.22,0.101330,2,0
2,540,754.66,814.39,789.50,871.20,761.85,888.15,727.01,831.35,0.053931,0,0
2,556,441.94,158.17,455.28,157.16,455.92,165.62,442.57,166.62,0.159073,2,0
2,561,623.09,495.90,664.59,541.92,649.00,555.97,607.51,509.95,0.151561,0,0
2,565,344.19,231.56,354.20,229.06,356.60,238.69,346.60,241.19,0.228496,2,0
2,566,1237.58,275.35,1342.01,394.74,1315.28,418.12,1210.86,298.72,0.072890,0,0
2,567,1474.57,852.83,1531.89,847.27,1534.69,876.13,1477.37,881.69,0.053749,0,0
2,574,647.03,699.60,648.69,685.65,662.51,687.29,660.86,701.24,0.098079,2,0
2,576,-143866.73,-255900.69,144916.05,256946.34,144914.92,256946.97,-143867.86,-255900.06,0.127591,2,0
2,592,1214.76,799.78,1238.50,805.81,1234.81,820.35,1211.06,814.32,0.061351,0,0
2,594,600.01,829.82,607.40,809.51,624.81,815.84,617.43,836.16,0.099323,2,0
2,595,228.96,689.27,252.94,687.39,253.88,699.46,229.91,701.34,0.134885,2,0
2,597,911.46,594.13,1031.80,668.69,1008.90,705.65,888.56,631.09,0.085517,0,0
2,601,55.13,232.07,107.53,190.71,119.98,206.50,67.58,247.85,0.050153,0,0
2,604,627.66,706.66,628.49,720.00,614.99,720.84,614.16,707.50,0.056736,2,0
2,609,1075.83,687.07,1104.77,696.75,1100.44,709.68,1071.50,699.99,0.062786,2,0
2,610,937.28,803.78,939.98,756.11,975.62,758.13,972.92,805.80,0.051744,0,0
2,618,854.57,785.84,888.39,836.11,855.40,858.31,821.58,808.03,0.052901,0,0
2,621,1103.30,828.28,1173.61,784.76,1189.33,810.15,1119.02,853.68,0.078168,0,0
2,623,98.78,338.86,136.90,348.60,132.62,365.33,94.51,355.58,0.069861,2,0
2,630,1046.93,719.72,1095.35,758.40,1076.24,782.32,1027.83,743.64,0.055978,2,0
2,648,997.13,604.09,1031.19,668.03,1006.89,680.98,972.83,617.04,0.051705,2,0
2,653,1253.17,298.46,1268.72,232.07,1288.80,236.78,1273.25,303.17,0.172307,0,0
2,654,1438.60,607.21,1492.97,582.37,1507.48,614.13,1453.11,638.97,0.086984,0,0
2,660,1294.30,583.63,1325.74,612.50,1301.98,638.37,1270.54,609.49,0.063819,0,0
2,663,765.41,680.72,779.10,652.97,798.13,662.35,784.44,690.10,0.081571,2,0
2,666,1114.50,341.38,1134.36,348.87,1130.12,360.12,1110.26,352.62,0.056889,2,0
2,675,-10691387.00,349036.28,10692227.00,-347766.41,10692227.00,-347764.09,-10691387.00,349038.59,0.136477,2,0
2,685,671.42,904.80,736.21,884.54,746.81,918.45,682.03,938.72,0.091783,0,0
2,700,792.16,936.56,823.36,879.16,852.12,894.79,820.92,952.19,0.080862,0,0
2,713,-61.44,592.10,103.97,659.36,89.90,693.98,-75.51,626.72,0.095770,0,0
2,716,1402.65,881.38,1447.86,870.17,1452.80,890.08,1407.59,901.30,0.056124,0,0
2,735,666.40,218.36,670.44,232.01,660.36,234.99,656.32,221.34,0.256078,2,0
2,742,1217.22,764.57,1250.48,749.54,1259.55,769.63,1226.30,784.66,0.054684,0,0
2,745,908.06,393.26,923.15,428.02,902.61,436.94,887.52,402.18,0.064525,2,0
2,772,695.50,575.33,744.80,688.78,712.56,702.79,663.25,589.34,0.054132,2,0
2,773,879.48,628.02,892.69,641.72,882.73,651.32,869.52,637.62,0.055600,2,0
2,775,781.33,268.38,781.94,211.83,808.76,212.12,808.15,268.67,0.115502,0,0
2,777,415.10,1075.66,440.20,978.39,500.36,993.92,475.25,1091.19,0.071724,0,0
2,784,1218.06,621.44,1246.90,670.81,1219.61,686.75,1190.77,637.39,0.097752,0,0
2,788,791.32,384.06,849.28,426.24,835.56,445.09,777.61,402.91,0.176488,2,0
2,789,662.36,300.86,711.16,283.24,717.12,299.75,668.32,317.36,0.073936,2,0
2,809,1148.52,454.38,1162.49,506.08,1128.49,515.27,1114.52,463.57,0.056606,2,0
2,813,778.58,692.88,811.53,718.39,797.35,736.69,764.41,711.18,0.050700,0,0
2,823,1243.70,349.42,1394.11,332.44,1398.08,367.65,1247.67,384.63,0.066507,0,0
2,827,855.47,468.41,1715.74,395.22,1720.69,453.40,860.42,526.58,0.074217,0,0
2,828,1440.34,207.69,1502.90,288.08,1475.58,309.34,1413.02,228.96,0.058072,0,0
2,829,639.65,325.78,646.49,350.65,600.57,363.29,593.72,338.42,0.389485,0,0
2,833,1284.42,222.95,1439.53,225.83,1439.08,249.94,1283.97,247.07,0.062181,0,0
2,838,981.72,607.02,1048.19,532.23,1079.44,560.00,1012.97,634.79,0.061034,0,0
2,839,1120.25,592.44,1251.19,523.62,1276.17,571.15,1145.24,639.97,0.050968,0,0
2,842,574.97,336.77,747.37,444.54,710.21,504.00,537.80,396.22,0.219922,0,0
2,857,965.59,850.45,999.82,859.95,989.66,896.56,955.44,887.06,0.050302,2,0
2,868,645.95,668.98,676.80,702.89,639.43,736.90,608.57,702.99,0.052396,2,0
2,873,742.70,444.64,745.30,372.89,778.61,374.10,776.01,445.84,0.312594,0,0
2,874,842.07,773.66,895.19,696.20,934.53,723.19,881.41,800.65,0.054591,2,0
2,878,783.98,510.31,838.77,632.61,770.94,662.99,716.15,540.69,0.054603,2,0
2,879,810.59,847.83,829.72,902.32,803.23,911.62,784.10,857.13,0.068543,2,0
2,883,1308.79,278.65,1445.63,430.91,1409.44,463.43,1272.60,311.18,0.066507,0,0
2,884,296.89,231.77,304.82,238.16,294.81,250.56,286.89,244.17,0.122656,2,0
2,887,660.83,707.27,678.99,743.51,659.63,753.21,641.47,716.97,0.057628,2,0
2,893,803.52,801.99,808.00,882.42,780.98,883.93,776.49,803.50,0.072753,0,0
2,900,1202.91,604.00,1306.82,547.69,1325.67,582.48,1221.76,638.78,0.053774,0,0
2,902,1281.77,641.53,1424.10,767.96,1395.11,800.60,1252.78,674.17,0.053384,0,0
2,905,183.30,513.58,186.19,522.74,168.55,528.30,165.66,519.14,0.109262,2,0
2,906,1161.80,445.66,1218.41,475.39,1191.87,525.93,1135.25,496.21,0.072890,0,0
2,916,1029.66,187.59,1038.28,104.73,1075.66,108.62,1067.03,191.48,0.453533,0,0
2,917,1005.95,176.11,1008.55,82.43,1046.01,83.46,1043.41,177.15,0.453533,0,0
2,918,938.75,89.65,963.05,202.50,934.00,208.75,909.70,95.90,0.443217,0,0
2,919,1024.47,124.57,1028.25,198.94,999.88,200.39,996.10,126.01,0.443217,0,0
2,920,541.99,518.73,555.26,395.80,594.55,400.04,581.28,522.97,0.389485,0,0
2,921,572.89,522.08,584.93,392.54,642.65,397.90,630.60,527.45,0.378860,0,0
2,922,607.22,125.74,721.10,78.22,727.49,93.55,613.61,141.07,0.366258,0,0
2,923,787.75,213.09,792.61,299.45,753.84,301.63,748.98,215.27,0.359559,0,0
2,924,1157.29,97.35,1167.90,192.44,1126.89,197.02,1116.27,101.93,0.349295,0,0
2,925,1138.22,83.20,1206.13,127.13,1192.97,147.48,1125.06,103.55,0.349295,0,0
2,926,682.87,119.79,809.16,97.76,818.12,149.14,691.83,171.16,0.345966,0,0
2,927,648.60,120.70,774.74,102.96,779.17,134.46,653.03,152.20,0.345966,0,0
2,928,746.61,154.54,815.20,139.33,821.18,166.27,752.58,181.49,0.342779,0,0
2,929,1217.31,206.14,1227.20,302.46,1205.42,304.70,1195.52,208.37,0.339960,0,0
2,930,1170.62,125.24,1173.37,181.74,1119.94,184.34,1117.19,127.84,0.339960,0,0
2,931,1098.60,105.79,1141.15,138.46,1108.47,181.03,1065.91,148.36,0.333773,0,0
2,932,1077.02,166.06,1145.62,233.03,1119.42,259.87,1050.81,192.90,0.333773,0,0
2,933,791.27,157.26,824.02,281.82,790.21,290.71,757.47,166.15,0.328701,0,0
2,934,621.73,347.76,663.34,420.73,632.63,438.23,591.03,365.27,0.312594,0,0
2,935,858.12,174.61,885.44,79.05,922.70,89.70,895.38,185.26,0.300821,0,0
2,936,791.79,72.31,795.44,175.88,755.55,177.29,751.90,73.71,0.300821,0,0
2,937,840.90,-47.33,873.07,-25.71,844.36,17.00,812.19,-4.63,0.299816,0,0
2,938,825.58,128.58,988.86,98.36,994.10,126.68,830.82,156.90,0.299816,0,0
2,939,700.67,208.68,832.64,258.48,822.86,284.39,690.89,234.60,0.293954,0,0
2,940,732.73,204.26,795.17,172.86,807.97,198.31,745.54,229.71,0.292841,0,0
2,941,893.83,209.89,960.17,247.47,941.45,280.52,875.11,242.94,0.292841,0,0
2,942,622.14,346.49,668.06,445.54,613.42,470.87,567.50,371.82,0.287896,0,0
2,943,750.81,480.05,776.97,399.38,795.75,405.47,769.59,486.14,0.287896,0,0
2,944,733.49,281.80,750.23,235.71,802.95,254.85,786.21,300.95,0.283411,0,0
2,945,126.67,551.48,164.27,533.55,180.15,566.86,142.55,584.79,0.276566,0,0
2,946,288.40,612.78,360.39,615.16,359.24,649.93,287.25,647.55,0.276566,0,0
2,947,1076.87,138.15,1187.00,167.96,1172.58,221.25,1062.44,191.43,0.273266,0,0
2,948,1087.21,259.79,1129.01,209.30,1145.90,223.28,1104.10,273.77,0.273266,0,0
2,949,676.64,257.75,728.85,222.34,747.28,249.51,695.06,284.92,0.271114,0,0
2,950,583.58,367.11,700.15,314.15,726.69,372.57,610.12,425.53,0.264381,0,0
2,951,833.94,386.08,836.27,404.28,816.93,406.75,814.60,388.55,0.260851,2,0
2,952,761.69,227.43,762.70,237.50,746.34,239.13,745.34,229.07,0.260851,2,0
2,953,747.27,187.17,809.03,249.80,792.82,265.78,731.07,203.15,0.257513,0,0
2,954,741.74,155.97,804.31,164.12,801.56,185.17,738.99,177.02,0.257513,0,0
2,955,559.61,281.48,568.92,291.51,561.88,298.04,552.58,288.01,0.256078,2,0
2,956,544.95,20.15,587.67,97.91,548.71,119.32,505.99,41.56,0.255534,0,0
2,959,596.67,320.13,661.02,298.37,669.20,322.57,604.85,344.33,0.252144,0,0
2,961,843.75,81.26,973.57,77.33,975.52,141.69,845.70,145.62,0.247788,0,0
2,962,1156.58,283.79,1182.09,211.74,1216.52,223.94,1191.01,295.98,0.247788,0,0
2,963,856.78,128.97,865.18,136.37,849.18,154.52,840.78,147.11,0.241437,2,0
2,964,780.38,401.70,790.97,423.40,786.56,425.55,775.97,403.85,0.241437,2,0
2,965,855.22,89.39,921.83,137.79,889.65,182.09,823.03,133.68,0.240573,0,0
2,966,786.47,81.97,826.45,210.94,793.06,221.29,753.08,92.32,0.238458,0,0
2,967,736.86,240.65,801.62,223.28,808.97,250.66,744.21,268.03,0.237637,0,0
2,968,585.87,826.86,606.58,824.06,609.13,842.93,588.42,845.73,0.229263,2,0
2,970,805.11,33.63,841.26,53.06,834.43,65.76,798.28,46.32,0.222525,2,0
2,972,782.08,373.35,812.68,328.99,829.90,340.87,799.30,385.22,0.219922,0,0
2,973,54.65,705.61,73.10,639.95,115.84,651.95,97.40,717.62,0.219207,0,0
2,974,418.98,544.94,424.84,676.18,343.44,679.82,337.57,548.58,0.219207,0,0
2,975,531.31,314.47,545.68,322.31,538.26,335.90,523.89,328.06,0.217881,2,0
2,976,722.92,212.92,735.10,224.78,730.94,229.04,718.77,217.18,0.217881,2,0
2,977,656.52,169.08,719.29,158.97,727.77,211.61,665.00,221.72,0.215177,0,0
2,978,1126.31,241.45,1171.00,242.84,1169.91,277.56,1125.23,276.17,0.215177,0,0
2,979,708.00,58.96,727.75,113.52,664.54,136.40,644.80,81.83,0.214303,0,0
2,981,650.58,823.40,662.03,827.03,658.39,838.52,646.94,834.89,0.211159,2,0
2,982,655.68,795.95,657.78,805.52,644.23,808.49,642.13,798.92,0.211159,2,0
2,983,732.30,43.96,768.44,61.01,763.65,71.16,727.51,54.11,0.198028,0,0
2,984,620.45,215.66,622.55,226.39,596.22,231.54,594.12,220.81,0.197961,2,0
2,985,626.27,230.70,631.04,245.99,620.92,249.15,616.15,233.87,0.197961,2,0
2,986,405.50,537.80,421.48,547.19,415.17,557.91,399.19,548.52,0.193425,2,0
2,988,502.55,739.74,510.91,742.59,502.99,765.86,494.62,763.01,0.190830,2,0
2,990,30.33,88.53,44.40,105.12,36.47,111.84,22.41,95.25,0.187238,2,0
2,992,614.19,316.25,651.20,364.03,647.38,366.99,610.36,319.21,0.187169,0,0
2,993,115.99,611.43,118.34,574.60,141.32,576.06,138.97,612.89,0.187151,0,0
2,994,761.55,103.37,828.85,69.45,846.12,103.71,778.82,137.64,0.186907,0,0
2,995,957.94,243.25,1016.54,204.99,1027.15,221.24,968.55,259.50,0.186907,0,0
2,996,587.11,253.35,654.36,180.74,658.23,184.32,590.98,256.93,0.185904,2,0
2,998,501.31,229.46,524.44,236.98,517.25,259.09,494.12,251.57,0.182524,2,0
2,999,800.46,162.97,825.71,158.33,827.13,166.08,801.89,170.71,0.182524,2,0
2,1000,135.89,17.07,145.34,33.85,138.11,37.92,128.66,21.14,0.182365,2,0
2,1002,1066.84,166.75,1078.96,255.66,1061.97,257.98,1049.85,169.07,0.181488,0,0
2,1003,586.87,232.51,592.98,253.18,588.41,254.53,582.30,233.86,0.179127,2,0
2,1004,536.51,132.67,537.22,148.53,519.90,149.30,519.19,133.44,0.179127,2,0
2,1006,264.53,619.71,400.25,586.85,412.92,639.21,277.21,672.07,0.177689,0,0
2,1007,375.35,371.40,407.77,358.75,413.48,373.38,381.05,386.03,0.177689,0,0
2,1008,595.54,342.40,613.01,375.43,600.00,382.30,582.54,349.27,0.176488,2,0
2,1009,714.95,146.94,749.06,149.68,747.65,167.31,713.54,164.57,0.173692,2,0
2,1010,529.03,243.78,557.88,233.33,560.76,241.29,531.90,251.73,0.173692,2,0
2,1011,336.04,661.94,372.71,596.84,419.77,623.34,383.10,688.45,0.173244,0,0
2,1012,1143.62,573.25,1184.11,624.74,1159.33,644.23,1118.84,592.73,0.172258,0,0
2,1013,1123.32,388.06,1144.16,447.60,1115.13,457.76,1094.29,398.22,0.172258,0,0
2,1014,555.49,94.12,559.81,99.85,541.44,113.68,537.12,107.95,0.169907,2,0
2,1015,817.02,72.67,822.99,55.96,840.68,62.28,834.71,78.99,0.169907,2,0
2,1016,834.99,95.09,964.43,129.37,961.32,141.11,831.89,106.84,0.168714,2,0
2,1018,315.47,363.98,332.82,370.48,329.84,378.46,312.48,371.96,0.167784,2,0
2,1019,531.98,104.01,539.33,122.46,534.20,124.50,526.86,106.05,0.167784,2,0
2,1020,732.10,146.43,750.07,167.43,738.44,177.38,720.47,156.39,0.166806,2,0
2,1021,578.48,261.54,579.74,281.95,569.42,282.59,568.16,262.18,0.166806,2,0
2,1022,1089.82,366.38,1232.80,279.79,1236.42,285.77,1093.44,372.35,0.165504,0,0
2,1023,553.39,174.80,575.07,183.45,569.45,197.54,547.77,188.90,0.163850,2,0
2,1024,551.54,239.22,569.70,227.47,574.47,234.83,556.30,246.58,0.163850,2,0
2,1025,813.01,141.75,858.91,191.28,846.23,203.03,800.33,153.50,0.162281,0,0
2,1028,130.17,186.98,141.68,185.58,143.48,200.40,131.98,201.80,0.160251,2,0
2,1029,295.84,207.94,314.29,199.00,317.62,205.87,299.17,214.81,0.160251,2,0
2,1030,557.69,2.93,560.23,16.53,533.81,21.48,531.26,7.88,0.159750,2,0
2,1031,1167.49,225.50,1183.23,239.93,1169.89,254.49,1154.15,240.06,0.159750,2,0
2,1032,394.66,450.82,431.99,457.39,428.32,478.25,390.99,471.68,0.159736,0,0
2,1033,753.82,260.52,781.35,236.17,793.95,250.42,766.42,274.76,0.159736,0,0
2,1034,402.21,120.64,404.73,134.04,393.43,136.16,390.91,122.77,0.157183,2,0
2,1035,561.33,264.62,571.23,271.13,564.92,280.73,555.02,274.21,0.157183,2,0
2,1036,520.88,170.53,543.34,165.44,545.05,172.98,522.59,178.08,0.156826,2,0
2,1037,467.47,229.18,475.37,228.10,477.54,243.92,469.64,245.00,0.156826,2,0
2,1039,735.69,485.33,747.14,495.97,736.98,506.92,725.52,496.28,0.155847,2,0
2,1040,521.10,432.78,528.93,443.79,518.80,450.98,510.98,439.97,0.155847,2,0
2,1041,479.44,175.74,484.93,194.36,474.58,197.41,469.09,178.79,0.155374,2,0
2,1042,745.43,165.32,745.44,149.54,755.04,149.54,755.03,165.32,0.155374,2,0
2,1044,123.67,183.99,136.02,195.58,121.11,211.45,108.76,199.86,0.154809,2,0
2,1045,546.22,328.38,574.01,336.87,570.09,349.71,542.30,341.23,0.154809,2,0
2,1046,-54.09,501.91,19.27,502.03,19.22,533.15,-54.14,533.04,0.151983,0,0
2,1047,371.66,591.64,405.47,609.51,390.01,638.75,356.20,620.88,0.151983,0,0
2,1048,318.09,471.45,346.83,508.40,324.71,525.62,295.96,488.66,0.151953,0,0
2,1049,1063.11,157.37,1077.52,96.06,1092.39,99.56,1077.99,160.86,0.151953,0,0
2,1050,482.14,635.54,498.12,630.96,503.66,650.29,487.68,654.87,0.149552,2,0
2,1051,129.70,638.86,141.08,640.20,139.39,654.61,128.01,653.28,0.149552,2,0
2,1052,1040.25,215.85,1131.69,279.92,1125.83,288.28,1034.39,224.21,0.149379,0,0
2,1053,773.32,63.78,790.91,68.47,776.42,122.73,758.84,118.04,0.148918,2,0
2,1057,252.61,153.63,286.75,155.84,285.24,179.23,251.10,177.02,0.148736,0,0
2,1058,887.24,180.58,896.00,179.02,899.76,200.18,891.00,201.74,0.148736,0,0
2,1059,254.79,753.09,260.12,830.94,230.97,832.94,225.63,755.09,0.148174,0,0
2,1060,145.95,747.89,180.12,784.04,158.04,804.92,123.86,768.77,0.148174,0,0
2,1063,405.94,150.64,407.01,133.83,432.10,135.43,431.03,152.24,0.144855,2,0
2,1064,699.57,27.00,708.62,46.46,697.68,51.55,688.62,32.10,0.144855,2,0
2,1065,519.85,489.26,526.02,498.10,516.90,504.47,510.73,495.64,0.144698,2,0
2,1066,734.86,377.65,743.63,385.37,736.67,393.27,727.90,385.55,0.144698,2,0
2,1067,443.19,600.13,443.23,615.60,435.89,615.62,435.85,600.15,0.144572,2,0
2,1068,521.91,544.91,521.94,522.60,530.39,522.61,530.37,544.92,0.144572,2,0
2,1070,597.84,469.61,636.37,409.59,647.74,416.89,609.21,476.91,0.143770,0,0
2,1071,599.94,168.21,629.59,169.28,629.03,184.63,599.39,183.56,0.143025,0,0
2,1072,378.26,395.41,386.22,389.24,404.15,412.38,396.19,418.56,0.143025,0,0
2,1073,256.65,142.21,271.11,140.53,273.06,157.33,258.61,159.01,0.142633,2,0
2,1074,949.85,205.73,961.04,208.83,956.15,226.50,944.96,223.41,0.142633,2,0
2,1075,291.48,762.33,313.08,767.87,307.79,788.49,286.19,782.95,0.142145,2,0
2,1076,282.26,853.06,291.23,863.78,280.39,872.84,271.43,862.11,0.142145,2,0
2,1077,1111.65,250.44,1150.49,269.53,1146.50,277.64,1107.66,258.56,0.141402,0,0
2,1079,192.63,752.75,211.85,761.15,204.23,778.57,185.01,770.16,0.138676,2,0
2,1080,461.47,612.59,485.12,606.18,488.04,616.97,464.39,623.37,0.138676,2,0
2,1083,772.47,357.26,780.87,350.10,797.83,370.02,789.43,377.18,0.137549,2,0
2,1084,852.21,323.47,866.39,332.54,858.19,345.35,844.01,336.28,0.137549,2,0
2,1085,506.50,474.34,506.78,452.50,515.44,452.60,515.16,474.45,0.136668,2,0
2,1086,414.78,367.46,415.39,350.77,426.46,351.18,425.84,367.87,0.136668,2,0
2,1087,583.42,259.60,624.60,263.70,622.46,285.15,581.28,281.05,0.134995,2,0
2,1088,333.15,328.43,351.13,341.79,346.08,348.59,328.10,335.22,0.134995,2,0
2,1089,946.27,269.93,969.50,264.81,971.26,272.79,948.03,277.91,0.134331,2,0
2,1090,701.87,280.60,724.26,268.63,730.31,279.94,707.92,291.91,0.134331,2,0
2,1091,480.72,356.97,547.26,450.62,525.80,465.87,459.26,372.22,0.133705,0,0
2,1092,780.44,290.98,793.53,212.83,833.68,219.56,820.58,297.71,0.133705,0,0
2,1093,241.33,711.49,269.11,709.24,270.27,723.63,242.49,725.88,0.131287,2,0
2,1094,579.25,555.57,598.68,567.19,591.68,578.89,572.25,567.26,0.131287,2,0
2,1099,608.60,350.74,630.06,346.98,631.46,354.93,609.99,358.70,0.128784,2,0
2,1100,456.67,244.56,471.64,243.99,472.07,255.23,457.10,255.80,0.128784,2,0
2,1101,190.82,723.04,204.33,742.78,188.72,753.46,175.21,733.72,0.128095,2,0
2,1102,167.03,649.28,177.04,663.26,168.44,669.41,158.44,655.44,0.128095,2,0
2,1103,405.32,599.97,422.04,564.73,472.25,588.56,455.53,623.80,0.127598,0,0
2,1104,290.96,635.77,337.30,643.01,329.04,695.84,282.71,688.60,0.127598,0,0
2,1106,441.13,900.47,441.64,867.47,454.84,867.67,454.32,900.67,0.127462,2,0
2,1107,612.51,800.76,619.68,835.19,593.99,840.54,586.82,806.11,0.127462,2,0
2,1110,227.40,477.74,269.37,445.37,275.81,453.71,233.84,486.08,0.127212,0,0
2,1111,638.84,885.55,731.66,906.42,721.93,949.70,629.11,928.83,0.127131,0,0
2,1112,987.64,829.50,1002.48,906.57,970.79,912.67,955.95,835.60,0.127131,0,0
2,1113,251.49,257.63,301.40,238.33,311.15,263.53,261.24,282.83,0.126348,0,0
2,1114,837.48,75.46,842.26,121.41,826.12,123.09,821.34,77.14,0.126348,0,0
2,1116,68.20,368.38,78.60,373.83,71.25,387.85,60.85,382.39,0.124020,2,0
2,1117,338.41,482.87,357.32,482.37,357.58,492.62,338.68,493.11,0.124020,2,0
2,1118,667.34,463.78,670.15,429.01,694.32,430.96,691.51,465.73,0.123646,2,0
2,1119,539.07,516.31,545.05,528.12,525.72,537.92,519.73,526.10,0.123646,2,0
2,1121,1108.36,454.98,1110.17,455.03,1108.93,510.17,1107.11,510.13,0.123220,2,0
2,1122,56.28,715.17,64.83,734.84,48.73,741.83,40.19,722.16,0.123195,2,0
2,1123,143.03,524.18,157.65,537.45,148.40,547.64,133.78,534.38,0.123195,2,0
2,1124,466.67,249.41,470.35,235.46,480.76,238.21,477.07,252.16,0.123070,2,0
2,1125,435.38,208.20,437.10,226.86,427.93,227.71,426.21,209.05,0.123070,2,0
2,1128,655.35,508.64,687.47,511.78,686.13,525.47,654.01,522.33,0.122656,2,0
2,1129,187.04,53.20,257.74,42.23,260.30,58.72,189.60,69.69,0.122556,0,0
2,1130,379.68,6.30,427.80,-5.08,430.15,4.86,382.03,16.24,0.122556,0,0
2,1131,542.45,335.21,546.61,354.24,529.61,357.96,525.45,338.93,0.122334,2,0
2,1132,934.60,314.75,949.81,299.84,961.38,311.65,946.17,326.56,0.122334,2,0
2,1135,278.27,524.13,285.20,542.49,277.51,545.39,270.58,527.03,0.121657,2,0
2,1136,391.79,751.65,396.68,769.56,385.02,772.75,380.13,754.84,0.121657,2,0
2,1137,394.64,267.34,399.41,248.25,419.47,253.26,414.71,272.35,0.120564,0,0
2,1139,391.55,281.32,396.07,300.93,384.87,303.51,380.35,283.90,0.119307,2,0
2,1140,538.39,302.27,547.93,313.53,539.14,320.98,529.60,309.72,0.119307,2,0
2,1141,238.82,708.53,266.20,707.70,266.53,718.43,239.14,719.26,0.119214,2,0
2,1142,755.23,354.70,775.84,346.30,778.68,353.26,758.07,361.65,0.119214,2,0
2,1143,497.94,344.98,514.33,346.95,511.94,366.91,495.55,364.94,0.118274,2,0
2,1144,651.69,258.91,669.49,256.30,670.37,262.27,652.56,264.87,0.118274,2,0
2,1145,108.19,658.04,115.99,636.66,129.91,641.74,122.12,663.12,0.118246,2,0
2,1146,583.38,725.63,584.39,695.42,609.80,696.27,608.80,726.47,0.118246,2,0
2,1147,303.43,218.05,319.96,222.42,317.70,230.95,301.17,226.58,0.117260,2,0
2,1151,42.12,98.62,48.97,104.20,36.25,119.81,29.40,114.23,0.115788,2,0
2,1152,1007.23,60.30,1045.17,52.55,1046.73,60.17,1008.79,67.92,0.115788,2,0
2,1153,833.53,347.37,869.96,362.13,866.21,371.38,829.78,356.63,0.115421,2,0
2,1154,758.43,171.55,775.08,178.22,769.50,192.16,752.85,185.49,0.115421,2,0
2,1155,450.87,719.78,463.12,741.88,392.69,780.90,380.45,758.80,0.114663,2,0
2,1156,324.31,537.09,336.84,555.07,330.62,559.41,318.09,541.42,0.114663,2,0
2,1157,595.94,483.55,709.80,446.16,721.68,482.33,607.81,519.72,0.113430,0,0
2,1158,708.35,462.61,800.36,485.35,786.24,542.51,694.22,519.78,0.113430,0,0
2,1160,135.14,101.16,143.97,110.91,134.07,119.87,125.25,110.12,0.113126,2,0
2,1161,293.37,183.28,294.36,214.03,279.04,214.53,278.04,183.78,0.113126,2,0
2,1162,263.01,525.45,278.36,523.14,279.89,533.30,264.53,535.61,0.112602,2,0
2,1163,65.93,370.89,78.01,373.30,75.48,385.98,63.40,383.57,0.112602,2,0
2,1172,108.17,653.89,115.50,669.33,106.60,673.55,99.28,658.11,0.109262,2,0
2,1173,120.69,615.23,173.89,653.68,172.74,655.26,119.54,616.81,0.109252,2,0
2,1175,323.69,509.33,340.72,509.15,340.85,521.23,323.81,521.41,0.108991,2,0
2,1176,242.81,154.06,257.81,132.97,267.59,139.93,252.59,161.02,0.108991,2,0
2,1181,18.84,668.18,39.53,667.54,40.11,686.37,19.42,687.00,0.107733,2,0
2,1182,171.56,499.82,186.25,492.30,191.30,502.18,176.62,509.70,0.107733,2,0
2,1183,852.06,232.21,867.31,225.86,873.26,240.17,858.02,246.52,0.107692,2,0
2,1184,846.17,242.76,904.68,243.16,904.63,251.24,846.11,250.84,0.107692,2,0
2,1187,278.67,608.47,299.23,594.86,306.70,606.16,286.14,619.76,0.107435,2,0
2,1188,151.49,692.58,172.46,682.36,177.90,693.51,156.92,703.73,0.107435,2,0
2,1189,597.87,294.12,747.06,381.24,732.67,405.89,583.48,318.76,0.107257,0,0
2,1190,252.72,328.14,266.00,270.81,290.63,276.51,277.35,333.84,0.107257,0,0
2,1191,163.99,749.45,180.22,746.34,182.58,758.62,166.35,761.74,0.107069,2,0
2,1192,480.49,621.46,499.13,630.47,484.62,660.50,465.98,651.50,0.107069,2,0
2,1193,803.51,224.97,831.71,206.73,844.66,226.75,816.46,244.99,0.107040,0,0
2,1194,134.18,339.04,169.80,367.37,154.98,386.00,119.36,357.67,0.107040,0,0
2,1195,768.75,798.22,771.56,771.95,792.17,774.15,789.36,800.42,0.106837,2,0
2,1196,480.53,667.58,481.19,650.01,494.16,650.50,493.51,668.07,0.106837,2,0
2,1199,1054.79,308.60,1075.33,329.51,1068.18,336.53,1047.64,315.62,0.106211,2,0
2,1200,899.85,158.39,905.27,169.77,871.55,185.83,866.13,174.45,0.106211,2,0
2,1201,687.16,502.84,705.70,542.25,692.44,548.48,673.91,509.07,0.104593,2,0
2,1202,515.25,352.99,520.78,372.39,508.49,375.90,502.96,356.49,0.104593,2,0
2,1203,478.37,91.40,503.77,89.18,505.38,107.64,479.98,109.85,0.104402,2,0
2,1204,859.65,94.38,880.76,98.38,877.17,117.34,856.06,113.35,0.104402,2,0
2,1205,1054.09,810.25,1089.10,805.89,1090.46,816.83,1055.45,821.19,0.104034,2,0
2,1206,814.15,831.30,831.73,853.86,816.78,865.52,799.20,842.96,0.104034,2,0
2,1207,369.32,819.81,387.93,813.44,393.73,830.39,375.12,836.77,0.103423,2,0
2,1208,256.66,837.20,283.74,821.71,292.00,836.16,264.92,851.65,0.103423,2,0
2,1211,512.81,334.35,526.01,333.98,526.48,350.54,513.28,350.91,0.103331,2,0
2,1213,1004.73,191.78,1016.38,201.36,1010.90,208.02,999.25,198.45,0.102964,2,0
2,1215,1118.48,611.56,1133.40,646.02,1111.91,655.32,1096.99,620.86,0.102847,2,0
2,1216,679.54,844.79,702.49,830.92,710.23,843.74,687.28,857.61,0.102847,2,0
2,1217,731.04,184.70,734.78,157.44,750.76,159.63,747.01,186.90,0.102373,2,0
2,1219,155.76,202.11,176.01,205.86,174.28,215.20,154.03,211.45,0.102332,2,0
2,1220,235.50,112.80,248.38,109.98,250.04,117.54,237.15,120.36,0.102332,2,0
2,1225,59.01,221.78,66.47,244.93,51.27,249.83,43.81,226.67,0.099389,2,0
2,1226,969.89,301.40,980.07,342.91,953.89,349.33,943.72,307.81,0.099356,2,0
2,1227,1173.77,307.22,1199.02,309.66,1198.53,314.71,1173.28,312.26,0.098933,2,0
2,1228,1045.10,414.40,1077.11,416.63,1075.84,434.73,1043.84,432.49,0.098933,2,0
2,1229,412.03,309.32,426.43,304.56,429.46,313.70,415.06,318.47,0.098271,2,0
2,1230,434.66,794.29,445.57,817.63,434.56,822.78,423.65,799.44,0.098079,2,0
2,1231,1173.98,747.48,1197.08,788.01,1164.52,806.57,1141.42,766.04,0.097752,0,0
2,1234,1438.02,265.18,1449.27,294.03,1442.44,296.69,1431.19,267.85,0.097554,0,0
2,1235,148.59,55.06,204.13,88.67,184.48,121.13,128.94,87.52,0.097496,0,0
2,1236,314.41,795.40,330.72,758.41,344.01,764.27,327.70,801.26,0.096818,2,0
2,1237,857.44,427.79,865.82,426.53,868.28,442.88,859.90,444.14,0.096818,2,0
2,1240,988.62,35.98,1010.06,32.33,1032.37,163.30,1010.93,166.95,0.095068,0,0
2,1242,1078.06,947.80,1169.82,1046.09,1127.69,1085.42,1035.93,987.13,0.094383,0,0
2,1243,944.68,790.35,999.57,859.17,966.18,885.81,911.29,816.99,0.094383,0,0
2,1244,42.85,617.58,54.78,627.13,39.83,645.81,27.90,636.27,0.093977,2,0
2,1245,266.68,530.52,282.42,542.27,270.81,557.83,255.06,546.09,0.093977,2,0
2,1246,203.01,724.60,231.49,726.86,230.42,740.41,201.94,738.15,0.093912,2,0
2,1247,86.82,594.10,115.27,611.43,106.78,625.37,78.33,608.04,0.093912,2,0
2,1248,276.39,599.27,286.86,632.38,275.05,636.11,264.58,603.01,0.093480,2,0
2,1249,1072.95,669.15,1127.92,670.09,1127.58,690.19,1072.61,689.25,0.093258,0,0
2,1250,1045.19,764.32,1105.49,803.03,1091.51,824.81,1031.20,786.09,0.093258,0,0
2,1251,118.31,94.84,130.30,94.79,130.41,118.65,118.43,118.71,0.093051,2,0
2,1252,282.25,192.92,305.40,201.47,300.93,213.56,277.78,205.01,0.093051,2,0
2,1253,1076.94,367.74,1120.21,413.88,1104.65,428.47,1061.38,382.33,0.092051,2,0
2,1254,1136.58,543.08,1167.70,554.80,1163.73,565.32,1132.61,553.60,0.092051,2,0
2,1255,1169.61,764.73,1218.18,818.91,1156.17,874.50,1107.61,820.32,0.091783,0,0
2,1256,172.99,585.22,185.59,583.24,188.69,603.00,176.09,604.98,0.091580,2,0
2,1257,208.94,682.66,223.64,684.25,222.70,692.97,208.00,691.38,0.091580,2,0
2,1262,1014.36,362.02,1110.05,372.70,1104.79,419.84,1009.10,409.17,0.091095,0,0
2,1263,1191.84,174.56,1225.75,182.83,1220.38,204.87,1186.47,196.60,0.091095,0,0
2,1265,881.16,676.22,883.77,692.33,870.03,694.55,867.43,678.44,0.090567,2,0
2,1266,487.62,660.14,503.35,634.21,518.64,643.49,502.91,669.42,0.090567,2,0
2,1269,332.67,577.02,356.85,528.46,359.91,529.98,335.73,578.55,0.089324,2,0
2,1271,536.65,81.35,537.14,96.91,489.27,98.42,488.78,82.86,0.089184,0,0
2,1272,732.28,839.60,759.26,893.20,658.89,943.74,631.90,890.13,0.088974,0,0
2,1273,1027.46,894.21,1111.37,981.99,1096.64,996.07,1012.73,908.29,0.088974,0,0
2,1274,948.00,263.01,953.77,270.90,939.60,281.26,933.84,273.37,0.088770,2,0
2,1275,286.75,232.55,306.77,240.24,302.50,251.34,282.49,243.65,0.088770,2,0
2,1276,39.48,542.98,102.99,535.74,106.83,569.41,43.32,576.65,0.088323,2,0
2,1277,187.26,849.64,210.09,867.97,195.50,886.15,172.66,867.81,0.088323,2,0
2,1280,969.43,863.75,984.06,902.88,945.08,917.46,930.45,878.32,0.087470,0,0
2,1281,1189.71,812.86,1240.05,801.35,1243.99,818.63,1193.66,830.13,0.087470,0,0
2,1282,1310.13,585.71,1319.19,734.82,1275.75,737.46,1266.69,588.35,0.087067,0,0
2,1283,1177.90,582.14,1182.43,485.78,1213.16,487.23,1208.62,583.59,0.087067,0,0
2,1286,540.18,896.30,540.43,911.01,525.00,911.28,524.74,896.57,0.086645,2,0
2,1288,215.88,360.98,231.01,347.27,244.51,362.17,229.38,375.87,0.086182,2,0
2,1289,133.92,514.57,160.18,524.95,156.43,534.43,130.17,524.06,0.086182,2,0
2,1290,270.26,801.28,304.95,782.14,314.99,800.32,280.29,819.46,0.085768,2,0
2,1291,224.39,483.33,248.32,489.61,246.32,497.21,222.39,490.93,0.085768,2,0
2,1292,937.30,675.39,968.35,754.06,932.24,768.30,901.20,689.64,0.085517,0,0
2,1293,1043.75,662.16,1078.80,667.71,1076.37,683.02,1041.32,677.47,0.085451,2,0
2,1294,673.92,435.15,695.25,450.66,687.56,461.25,666.22,445.74,0.085451,2,0
2,1297,460.05,255.33,470.15,286.67,452.45,292.37,442.35,261.04,0.084362,2,0
2,1298,473.94,170.24,484.04,181.34,471.44,192.80,461.34,181.70,0.084362,2,0
2,1299,401.73,849.34,432.82,823.83,443.30,836.60,412.20,862.11,0.084221,2,0
2,1300,544.33,823.26,568.50,787.59,594.08,804.93,569.91,840.60,0.084221,2,0
2,1301,1045.05,316.43,1055.95,326.05,1037.24,347.25,1026.34,337.64,0.083847,2,0
2,1302,810.63,63.17,816.56,53.44,845.02,70.79,839.09,80.53,0.083847,2,0
2,1303,1104.59,504.01,1110.70,515.17,1094.91,523.81,1088.80,512.65,0.082905,2,0
2,1304,716.63,371.53,719.61,394.13,702.02,396.45,699.04,373.85,0.082905,2,0
2,1305,404.20,633.43,445.42,673.70,395.41,724.89,354.19,684.62,0.082590,0,0
2,1306,1580.17,489.83,1620.97,697.90,1606.05,700.83,1565.24,492.76,0.082190,0,0
2,1307,1205.76,228.10,1278.65,361.19,1240.59,382.03,1167.71,248.94,0.082190,0,0
2,1308,304.47,240.34,314.18,255.20,301.63,263.41,291.91,248.55,0.081794,2,0
2,1309,382.65,360.98,384.70,384.35,369.14,385.72,367.09,362.34,0.081794,2,0
2,1310,434.61,463.39,438.04,474.01,419.59,479.96,416.16,469.34,0.081124,2,0
2,1312,892.36,281.19,953.97,293.98,950.06,312.85,888.44,300.07,0.079686,2,0
2,1313,834.44,333.98,841.92,333.28,847.71,394.81,840.23,395.51,0.079686,2,0
2,1314,182.05,591.58,196.74,612.58,184.73,620.98,170.04,599.98,0.079147,2,0
2,1315,90.16,467.84,98.89,482.18,90.54,487.26,81.81,472.92,0.079147,2,0
2,1316,1029.88,203.10,1077.21,215.58,1073.66,229.02,1026.34,216.54,0.079119,2,0
2,1317,507.67,586.77,524.63,559.50,547.42,573.67,530.46,600.94,0.078853,2,0
2,1318,1089.22,327.84,1127.93,349.56,1120.81,362.25,1082.09,340.53,0.078853,2,0
2,1321,972.95,304.82,992.18,269.49,1012.33,280.46,993.10,315.78,0.078424,0,0
2,1322,871.15,322.78,877.17,295.47,901.74,300.88,895.72,328.19,0.078424,0,0
2,1323,1053.12,676.93,1110.11,679.09,1109.33,699.68,1052.34,697.51,0.078274,2,0
2,1324,216.52,610.14,223.67,646.62,197.32,651.78,190.17,615.31,0.078274,2,0
2,1325,1226.00,1054.14,1322.20,1044.32,1328.20,1103.11,1232.01,1112.93,0.078168,0,0
2,1326,1091.42,615.95,1097.37,568.59,1124.88,572.05,1118.94,619.40,0.078105,2,0
2,1327,558.00,390.49,568.52,411.99,559.47,416.43,548.95,394.93,0.078105,2,0
2,1328,426.31,350.76,435.08,374.31,423.59,378.59,414.82,355.04,0.077272,2,0
2,1329,453.68,445.15,459.89,466.97,447.36,470.54,441.15,448.72,0.077272,2,0
2,1332,73.02,96.42,97.39,87.27,103.21,102.80,78.85,111.94,0.076632,2,0
2,1333,280.79,439.98,299.42,445.25,297.26,452.88,278.64,447.61,0.076632,2,0
2,1334,106.20,482.06,113.55,510.07,95.39,514.84,88.04,486.82,0.076614,2,0
2,1335,131.39,462.22,148.52,471.05,145.73,476.46,128.60,467.64,0.076614,2,0
2,1336,1085.72,533.01,1135.84,533.11,1135.78,561.42,1085.67,561.33,0.076544,2,0
2,1337,800.26,514.97,827.53,511.62,829.84,530.42,802.57,533.77,0.076544,2,0
2,1338,890.19,278.09,1099.27,307.15,1096.17,329.44,887.09,300.38,0.076150,0,0
2,1339,933.21,352.54,948.26,284.37,967.18,288.54,952.13,356.71,0.076150,0,0
2,1340,602.20,788.53,606.65,805.13,595.10,808.22,590.65,791.62,0.075655,0,0
2,1341,553.92,843.92,562.54,854.87,552.91,862.45,544.29,851.50,0.075655,0,0
2,1342,837.58,820.55,917.67,830.23,914.14,859.44,834.05,849.76,0.074257,0,0
2,1343,1193.76,810.56,1265.49,844.53,1258.88,858.50,1187.15,824.52,0.074257,0,0
2,1344,1075.14,773.58,1102.22,930.61,1074.88,935.33,1047.80,778.29,0.074255,0,0
2,1345,1287.98,407.64,1376.31,476.65,1346.60,514.68,1258.27,445.67,0.074217,0,0
2,1346,517.25,729.21,525.19,750.64,513.43,754.99,505.50,733.57,0.074061,2,0
2,1347,348.72,486.01,359.15,515.94,351.18,518.71,340.75,488.78,0.074061,2,0
2,1348,272.03,58.67,303.18,51.01,304.60,56.82,273.45,64.47,0.073873,2,0
2,1349,137.43,424.17,165.13,423.98,165.17,429.90,137.47,430.09,0.073873,2,0
2,1350,298.43,306.05,312.73,332.01,296.94,340.70,282.65,314.74,0.073830,2,0
2,1351,803.23,72.42,830.06,72.81,829.88,85.55,803.04,85.15,0.073830,2,0
2,1352,606.16,825.43,635.51,825.20,635.72,851.56,606.37,851.79,0.073818,2,0
2,1353,1485.76,887.25,1513.47,893.88,1511.01,904.18,1483.29,897.55,0.073818,2,0
2,1358,22.01,195.97,22.36,214.45,13.17,214.62,12.82,196.14,0.073172,2,0
2,1360,482.65,609.54,487.77,636.42,468.64,640.07,463.51,613.18,0.072526,2,0
2,1361,663.00,619.37,671.91,596.50,689.79,603.46,680.88,626.34,0.072526,2,0
2,1362,784.37,727.01,788.12,710.41,806.48,714.56,802.73,731.15,0.072442,2,0
2,1363,1112.99,559.32,1116.72,545.68,1132.27,549.93,1128.54,563.57,0.072442,2,0
2,1364,1202.20,205.06,1215.87,209.95,1211.74,221.47,1198.07,216.58,0.071888,2,0
2,1366,889.08,310.92,902.48,316.05,892.01,343.41,878.61,338.28,0.071718,2,0
2,1368,1033.95,644.52,1063.17,638.90,1067.96,663.82,1038.74,669.44,0.071111,0,0
2,1369,330.86,837.04,331.62,889.97,304.34,890.36,303.58,837.43,0.071111,0,0
2,1370,267.78,858.25,312.40,884.51,300.39,904.90,255.78,878.64,0.070791,2,0
2,1371,609.01,645.47,632.43,639.95,635.33,652.25,611.91,657.77,0.070791,2,0
2,1372,886.25,762.78,897.51,691.44,919.14,694.85,907.89,766.19,0.070730,0,0
2,1373,948.51,818.36,954.62,851.61,940.30,854.24,934.19,820.99,0.070730,0,0
2,1378,533.27,809.64,535.82,803.45,549.85,809.23,547.30,815.43,0.069895,2,0
2,1379,319.04,445.03,375.17,443.45,375.81,466.16,319.68,467.74,0.069482,2,0
2,1380,715.66,490.86,759.72,479.79,764.97,500.67,720.91,511.75,0.069482,2,0
2,1381,1064.16,360.22,1070.59,328.05,1103.13,334.56,1096.70,366.72,0.069438,2,0
2,1382,1174.97,438.96,1223.81,439.47,1223.54,464.56,1174.70,464.05,0.069438,2,0
2,1383,580.84,615.13,589.93,651.73,574.02,655.68,564.93,619.09,0.068840,2,0
2,1384,567.85,618.93,575.62,646.97,555.68,652.49,547.91,624.45,0.068840,2,0
2,1387,266.67,330.33,267.58,341.42,251.40,342.74,250.50,331.64,0.068751,2,0
2,1388,664.16,494.88,670.33,511.38,662.30,514.38,656.13,497.88,0.068751,2,0
2,1389,358.65,549.20,367.79,574.09,358.30,577.58,349.16,552.68,0.068643,2,0
2,1391,192.80,470.26,203.60,475.32,195.71,492.14,184.92,487.08,0.068477,2,0
2,1392,87.48,580.88,92.40,591.17,83.90,595.23,78.99,584.94,0.068477,2,0
2,1395,1092.42,597.60,1199.36,540.58,1211.11,562.61,1104.17,619.63,0.068369,0,0
2,1396,1361.84,298.67,1434.65,228.85,1454.76,249.83,1381.95,319.64,0.068369,0,0
2,1397,930.34,948.12,1073.41,917.80,1083.81,966.87,940.74,997.20,0.068227,0,0
2,1398,1013.04,835.57,1108.76,822.99,1111.14,841.11,1015.42,853.69,0.068227,0,0
2,1399,146.79,558.05,175.77,608.33,156.19,619.61,127.21,569.33,0.067891,2,0
2,1400,40.89,459.55,70.09,451.60,76.49,475.11,47.29,483.06,0.067383,2,0
2,1401,150.20,572.33,193.11,551.18,201.02,567.21,158.10,588.37,0.067383,2,0
2,1402,1044.64,636.08,1101.66,617.34,1118.65,669.05,1061.62,687.79,0.067301,0,0
2,1403,1046.22,662.23,1069.66,700.51,1045.27,715.44,1021.84,677.16,0.067301,0,0
2,1404,853.38,895.60,867.92,914.13,853.53,925.41,839.00,906.87,0.067237,2,0
2,1405,1077.63,837.50,1094.49,906.30,1078.10,910.32,1061.24,841.51,0.067237,2,0
2,1406,1081.27,329.33,1097.17,342.47,1089.55,351.69,1073.66,338.55,0.066966,2,0
2,1407,752.46,452.60,769.87,492.20,747.17,502.18,729.76,462.58,0.066966,2,0
2,1408,1303.01,335.18,1425.39,389.71,1408.50,427.60,1286.13,373.07,0.066790,0,0
2,1409,1086.94,761.26,1119.53,750.60,1124.63,766.19,1092.03,776.85,0.066768,2,0
2,1410,835.29,766.85,837.32,747.77,851.69,749.30,849.65,768.38,0.066768,2,0
2,1412,577.76,700.82,624.10,589.17,694.44,618.36,648.10,730.01,0.066354,0,0
2,1413,1186.14,499.55,1272.96,375.44,1317.64,406.69,1230.82,530.80,0.066354,0,0
2,1415,65.39,435.98,110.78,446.31,107.24,461.87,61.85,451.53,0.066017,0,0
2,1416,75.48,178.95,100.62,177.46,101.14,186.33,76.00,187.82,0.066017,0,0
2,1420,247.93,233.47,258.24,234.74,256.94,245.26,246.63,243.99,0.064944,2,0
2,1421,867.99,397.50,878.33,403.38,873.99,411.00,863.66,405.13,0.064944,2,0
2,1422,88.80,457.19,98.14,471.32,83.87,480.75,74.53,466.63,0.064914,2,0
2,1424,492.35,557.30,505.81,486.91,526.98,490.95,513.52,561.35,0.064754,2,0
2,1425,343.36,492.95,377.39,486.33,379.99,499.72,345.97,506.34,0.064754,2,0
2,1428,725.86,285.71,743.73,297.05,732.18,315.26,714.31,303.92,0.064065,2,0
2,1429,125.66,202.66,149.36,221.55,136.10,238.18,112.41,219.29,0.064065,2,0
2,1430,1077.08,570.86,1173.00,507.65,1189.27,532.34,1093.35,595.56,0.063819,0,0
2,1431,438.11,707.59,462.37,688.84,466.48,694.16,442.22,712.91,0.063528,2,0
2,1435,1375.19,384.02,1531.73,371.03,1534.09,399.46,1377.55,412.46,0.062363,0,0
2,1436,1385.63,168.62,1460.76,235.00,1435.27,263.84,1360.15,197.46,0.062363,0,0
2,1439,92.90,439.26,96.00,421.46,101.98,422.50,98.89,440.30,0.062275,2,0
2,1440,287.34,746.91,329.58,785.64,316.93,799.43,274.70,760.71,0.062213,2,0
2,1441,175.51,657.79,221.54,644.78,231.85,681.26,185.82,694.27,0.062213,2,0
2,1442,613.07,660.58,622.19,684.10,607.30,689.88,598.18,666.36,0.061935,2,0
2,1443,573.88,663.19,595.34,678.31,587.83,688.97,566.37,673.85,0.061935,2,0
2,1444,579.47,216.56,594.49,264.83,572.43,271.69,557.41,223.42,0.061803,2,0
2,1445,961.72,319.05,988.31,367.56,983.43,370.24,956.84,321.73,0.061803,2,0
2,1446,662.14,675.93,670.27,676.77,667.64,702.23,659.50,701.39,0.061618,2,0
2,1448,137.51,248.43,157.14,241.66,164.42,262.75,144.79,269.52,0.061616,2,0
2,1449,330.31,498.03,357.90,490.85,359.94,498.69,332.35,505.87,0.061616,2,0
2,1450,1181.74,809.41,1231.99,812.72,1230.65,833.04,1180.40,829.73,0.061351,0,0
2,1451,192.86,388.68,206.34,385.14,209.42,396.85,195.94,400.40,0.061223,2,0
2,1452,174.42,220.48,192.87,217.43,194.13,225.05,175.67,228.10,0.061223,2,0
2,1453,452.60,431.77,459.66,431.11,461.03,445.65,453.97,446.31,0.061214,2,0
2,1454,383.52,509.54,399.34,512.95,397.47,521.61,381.65,518.19,0.061214,2,0
2,1456,603.60,544.72,606.31,579.89,602.14,580.21,599.42,545.04,0.061109,2,0
2,1457,460.20,640.15,469.11,643.11,461.14,667.10,452.23,664.14,0.060944,2,0
2,1459,174.87,658.99,178.74,651.10,200.59,661.82,196.73,669.70,0.060697,2,0
2,1461,696.92,615.09,703.22,569.69,726.31,572.90,720.01,618.29,0.060654,2,0
2,1462,567.23,580.29,579.20,608.19,560.46,616.23,548.50,588.32,0.060654,2,0
2,1463,1120.95,589.06,1135.10,587.88,1136.40,603.34,1122.24,604.52,0.060190,2,0
2,1464,1032.18,666.76,1043.70,669.09,1041.14,681.71,1029.63,679.37,0.060190,2,0
2,1465,466.86,760.90,467.41,779.14,455.76,779.49,455.21,761.25,0.060138,2,0
2,1466,52.02,544.58,58.76,560.56,47.08,565.49,40.33,549.51,0.060138,2,0
2,1469,577.91,795.28,585.07,798.56,572.43,826.19,565.27,822.92,0.059515,0,0
2,1470,1084.48,738.34,1103.90,728.02,1108.84,737.31,1089.41,747.63,0.059515,0,0
2,1472,830.32,517.32,835.20,481.67,839.33,482.24,834.46,517.89,0.059476,2,0
2,1473,776.94,830.17,799.55,921.99,784.14,925.78,761.53,833.96,0.059452,0,0
2,1474,594.53,902.68,603.26,928.46,587.36,933.84,578.64,908.07,0.059452,0,0
2,1475,198.78,668.69,210.04,652.86,216.91,657.74,205.65,673.57,0.059332,2,0
2,1476,35.43,477.32,88.65,509.81,63.44,551.09,10.22,518.60,0.059296,0,0
2,1477,-20.41,490.00,26.56,453.95,36.46,466.85,-10.51,502.90,0.059296,0,0
2,1478,159.48,327.05,168.53,330.26,164.86,340.58,155.81,337.37,0.059180,2,0
2,1479,75.48,371.33,92.30,383.71,83.27,395.98,66.45,383.60,0.059180,2,0
2,1480,750.92,435.46,775.40,459.18,766.03,468.85,741.55,445.13,0.059177,2,0
2,1481,1019.26,673.42,1021.13,702.47,1006.32,703.42,1004.45,674.37,0.059177,2,0
2,1482,204.32,385.50,210.32,364.58,220.70,367.56,214.71,388.47,0.059156,2,0
2,1487,660.94,641.00,682.01,650.96,673.57,668.81,652.50,658.86,0.059090,2,0
2,1488,1180.82,758.12,1185.60,746.25,1193.96,749.62,1189.17,761.49,0.059090,2,0
2,1489,175.39,564.36,181.23,573.27,169.62,580.88,163.78,571.97,0.059065,2,0
2,1491,35.28,423.05,65.94,403.92,78.30,423.72,47.64,442.85,0.058518,0,0
2,1492,76.94,478.72,97.81,429.37,114.62,436.48,93.74,485.82,0.058518,0,0
2,1493,995.24,255.83,1058.01,218.73,1066.89,233.76,1004.12,270.85,0.058459,2,0
2,1494,664.17,561.59,718.40,523.81,730.23,540.80,676.01,578.58,0.058459,2,0
2,1498,314.69,333.95,327.87,337.17,325.05,348.72,311.87,345.50,0.058331,2,0
2,1499,94.27,189.99,119.72,188.99,120.49,208.76,95.04,209.76,0.058236,2,0
2,1500,146.70,354.11,167.32,341.80,170.04,346.35,149.42,358.66,0.058236,2,0
2,1501,39.12,526.81,103.59,465.57,123.22,486.23,58.75,547.47,0.058149,0,0
2,1502,-96.20,200.30,-3.57,142.07,1.53,150.18,-91.10,208.42,0.058149,0,0
2,1507,1159.94,498.03,1171.76,498.98,1170.23,517.88,1158.41,516.93,0.057670,2,0
2,1508,723.10,604.89,747.82,624.70,740.30,634.08,715.58,614.28,0.057670,2,0
2,1509,583.90,708.95,599.73,688.36,607.31,694.19,591.48,714.78,0.057639,2,0
2,1510,305.47,254.01,320.13,263.73,313.44,273.84,298.77,264.11,0.057639,2,0
2,1511,639.27,750.92,645.52,788.56,631.14,790.95,624.89,753.31,0.057628,2,0
2,1512,97.65,609.97,120.00,613.53,115.70,640.52,93.35,636.96,0.057627,2,0
2,1513,750.04,731.87,758.86,739.68,732.69,769.22,723.87,761.41,0.057627,2,0
2,1515,744.25,460.21,749.00,487.63,735.67,489.94,730.91,462.52,0.057406,2,0
2,1516,470.92,192.66,471.21,207.14,455.37,207.46,455.07,192.98,0.057406,2,0
2,1517,202.99,681.96,221.95,697.72,213.24,708.20,194.27,692.45,0.057157,2,0
2,1518,580.08,1019.53,645.18,1009.53,655.17,1074.48,590.07,1084.49,0.057098,0,0
2,1519,386.82,843.92,455.21,895.14,423.81,937.08,355.41,885.86,0.057098,0,0
2,1524,914.42,395.25,971.61,362.04,986.28,387.29,929.09,420.51,0.056889,2,0
2,1525,186.22,302.38,188.86,324.29,176.33,325.80,173.69,303.89,0.056693,2,0
2,1526,109.44,231.13,127.38,261.57,119.86,266.00,101.93,235.55,0.056693,2,0
2,1527,1109.60,564.96,1129.07,552.63,1147.52,581.76,1128.05,594.09,0.056603,2,0
2,1528,1024.03,921.82,1067.81,981.95,1032.14,1007.92,988.36,947.79,0.056563,0,0
2,1529,404.64,921.37,458.33,875.81,483.54,905.52,429.85,951.08,0.056563,0,0
2,1531,882.77,597.92,900.11,623.63,889.17,631.01,871.83,605.30,0.056525,2,0
2,1532,705.84,426.78,722.40,443.03,711.69,453.95,695.13,437.70,0.056525,2,0
2,1537,890.92,839.52,968.91,823.23,978.60,869.59,900.61,885.89,0.056186,0,0
2,1538,772.36,961.33,830.61,938.80,842.17,968.67,783.92,991.20,0.056186,0,0
2,1539,544.91,525.43,589.01,574.62,571.86,589.99,527.76,540.80,0.056110,2,0
2,1540,809.04,577.56,827.93,619.14,804.90,629.61,786.00,588.03,0.056110,2,0
2,1541,765.76,825.35,772.17,866.45,747.92,870.23,741.51,829.13,0.055978,2,0
2,1544,688.03,703.29,696.94,708.37,686.43,726.79,677.52,721.71,0.055743,2,0
2,1545,179.15,780.57,198.89,792.27,192.63,802.83,172.89,791.12,0.055743,2,0
2,1546,797.90,603.71,818.75,593.33,824.65,605.19,803.80,615.57,0.055742,2,0
2,1547,688.46,521.07,706.33,477.35,722.24,483.85,704.37,527.57,0.055742,2,0
2,1548,417.13,391.86,430.51,404.25,424.89,410.32,411.51,397.93,0.055700,2,0
2,1551,730.03,525.00,757.53,531.72,752.89,550.70,725.39,543.98,0.055601,2,0
2,1552,650.66,632.69,660.62,630.43,663.43,642.78,653.47,645.04,0.055601,2,0
2,1553,882.34,535.45,920.87,561.09,915.25,569.54,876.72,543.90,0.055600,2,0
2,1554,1302.97,418.07,1351.05,438.20,1329.35,490.02,1281.27,469.88,0.055589,0,0
2,1555,1057.11,635.23,1082.00,610.49,1115.96,644.66,1091.07,669.40,0.055589,0,0
2,1556,934.11,322.85,986.73,312.05,990.40,329.93,937.78,340.74,0.055535,2,0
2,1557,991.63,420.48,1060.49,414.37,1061.34,423.93,992.48,430.04,0.055535,2,0
2,1558,896.82,646.49,901.02,648.99,881.39,682.05,877.19,679.56,0.055490,2,0
2,1559,96.75,365.66,115.52,360.25,119.16,372.89,100.40,378.30,0.055490,2,0
2,1560,759.80,674.31,813.01,696.91,803.07,720.33,749.86,697.74,0.055452,2,0
2,1561,629.91,600.20,684.87,635.64,675.12,650.76,620.16,615.33,0.055452,2,0
2,1562,1004.01,437.76,1036.28,457.52,1034.51,460.42,1002.24,440.65,0.055410,2,0
2,1565,1206.77,671.68,1257.80,650.97,1278.97,703.16,1227.94,723.86,0.055379,0,0
2,1566,701.50,689.68,731.59,696.91,728.05,711.65,697.96,704.42,0.055351,2,0
2,1567,571.41,674.36,606.24,662.34,609.68,672.34,574.86,684.35,0.055351,2,0
2,1569,527.71,576.36,533.01,572.04,542.95,584.21,537.65,588.54,0.055283,2,0
2,1570,1011.05,507.10,1016.05,482.07,1050.90,489.03,1045.90,514.06,0.055263,2,0
2,1571,1178.90,360.76,1193.14,383.18,1160.10,404.17,1145.86,381.75,0.055263,2,0
2,1572,634.85,694.86,653.05,660.22,665.29,666.64,647.09,701.29,0.055185,2,0
2,1573,977.72,593.30,1040.38,579.42,1046.50,607.03,983.83,620.90,0.055185,2,0
2,1574,1233.02,677.92,1267.31,781.83,1235.75,792.24,1201.46,688.34,0.055063,0,0
2,1575,790.74,580.31,793.17,576.16,820.84,592.30,818.42,596.46,0.055046,2,0
2,1577,150.08,252.77,156.81,259.32,146.73,269.67,140.00,263.12,0.055029,2,0
2,1578,254.12,276.12,255.12,284.30,239.65,286.20,238.65,278.02,0.055029,2,0
2,1579,1075.12,695.18,1129.64,739.66,1102.86,772.49,1048.34,728.00,0.054988,0,0
2,1580,1206.17,806.79,1301.68,802.67,1302.31,817.16,1206.79,821.28,0.054988,0,0
2,1581,768.07,790.22,770.30,844.85,751.11,845.63,748.88,791.00,0.054880,2,0
2,1582,608.79,634.50,624.95,661.41,615.49,667.09,599.33,640.18,0.054880,2,0
2,1583,142.05,429.01,163.66,439.22,158.19,450.79,136.58,440.58,0.054879,2,0
2,1584,128.76,341.48,145.48,330.87,150.95,339.48,134.23,350.10,0.054879,2,0
2,1585,998.97,854.69,1001.11,800.25,1010.42,800.62,1008.28,855.06,0.054849,2,0
2,1587,1033.01,367.25,1079.47,410.57,1051.00,441.10,1004.54,397.78,0.054763,2,0
2,1588,851.18,541.32,855.16,467.63,881.29,469.04,877.31,542.73,0.054763,2,0
2,1590,440.61,710.57,446.19,708.19,465.50,753.39,459.92,755.77,0.054725,2,0
2,1591,-59.59,536.20,-18.38,584.99,-33.82,598.03,-75.03,549.24,0.054723,0,0
2,1592,160.86,584.85,228.04,616.97,211.59,651.39,144.40,619.28,0.054723,0,0
2,1593,1145.94,290.37,1175.79,370.69,1157.27,377.58,1127.41,297.25,0.054603,2,0
2,1594,1002.77,671.30,1036.16,704.62,1020.14,720.68,986.75,687.35,0.054545,2,0
2,1595,1023.75,460.99,1084.33,488.62,1077.14,504.40,1016.55,476.77,0.054545,2,0
2,1596,1097.09,626.87,1102.51,645.26,1088.37,649.42,1082.95,631.03,0.054491,2,0
2,1597,488.78,470.25,497.67,484.54,475.58,498.28,466.69,483.99,0.054491,2,0
2,1598,941.39,646.08,991.63,670.01,986.23,681.35,935.99,657.41,0.054490,2,0
2,1599,1169.39,779.79,1212.57,801.89,1200.53,825.42,1157.35,803.32,0.054490,2,0
2,1600,1015.51,746.71,1045.63,744.96,1046.66,762.60,1016.54,764.35,0.054480,2,0
2,1601,700.91,757.52,722.05,743.56,727.46,751.74,706.32,765.71,0.054480,2,0
2,1602,492.13,881.55,551.30,908.04,545.07,921.95,485.90,895.47,0.054329,2,0
2,1603,241.42,281.90,293.49,295.91,284.62,328.87,232.55,314.86,0.054260,2,0
2,1604,213.74,185.75,259.50,163.12,268.53,181.36,222.76,204.00,0.054260,2,0
2,1605,854.96,610.93,866.29,596.70,873.59,602.51,862.27,616.74,0.054209,2,0
2,1607,968.05,498.86,985.83,532.39,967.17,542.28,949.39,508.75,0.054152,2,0
2,1608,652.08,552.29,664.32,590.96,649.39,595.69,637.15,557.01,0.054152,2,0
2,1609,1050.83,692.31,1071.34,693.23,1070.24,717.81,1049.73,716.88,0.054136,2,0
2,1610,854.86,569.46,890.18,581.21,886.65,591.84,851.32,580.09,0.054136,2,0
2,1611,682.09,532.88,758.65,605.99,734.36,631.42,657.81,558.31,0.054132,2,0
2,1612,534.72,363.73,615.20,402.05,595.24,443.96,514.76,405.64,0.054131,0,0
2,1613,758.12,599.10,770.93,502.41,794.07,505.48,781.25,602.16,0.054131,0,0
2,1614,730.28,550.82,761.15,472.88,789.69,484.18,758.82,562.12,0.054101,2,0
2,1615,993.92,376.28,1029.28,305.41,1042.51,312.02,1007.15,382.89,0.054101,2,0
2,1616,998.23,554.71,1008.19,519.43,1033.28,526.52,1023.32,561.80,0.054020,2,0
2,1617,494.24,376.17,544.72,403.22,538.35,415.11,487.87,388.06,0.054020,2,0
2,1618,760.24,972.24,781.99,993.42,759.79,1016.22,738.04,995.04,0.053931,0,0
2,1619,906.88,530.11,947.08,563.81,924.03,591.32,883.82,557.62,0.053919,2,0
2,1620,976.70,461.56,981.29,480.58,954.42,487.07,949.82,468.06,0.053919,2,0
2,1621,727.53,615.75,740.08,682.49,697.11,690.56,684.57,623.82,0.053849,2,0
2,1622,590.31,562.25,639.01,608.89,622.51,626.12,573.81,579.48,0.053849,2,0
2,1623,678.07,612.12,685.15,589.49,706.08,596.04,699.00,618.67,0.053777,2,0
2,1624,1016.24,741.70,1038.23,753.78,1027.33,773.61,1005.35,761.54,0.053737,2,0
2,1625,884.33,678.15,899.42,673.53,905.11,692.11,890.02,696.73,0.053737,2,0
2,1626,1338.51,391.40,1443.85,409.04,1438.71,439.75,1333.36,422.10,0.053731,0,0
2,1627,1477.88,408.84,1588.31,461.44,1576.90,485.39,1466.47,432.79,0.053731,0,0
2,1628,715.21,502.73,773.61,536.91,757.62,564.22,699.22,530.04,0.053519,0,0
2,1629,562.71,881.07,577.74,879.13,583.15,921.10,568.13,923.04,0.053519,0,0
2,1634,599.22,575.10,629.66,541.37,661.57,570.17,631.13,603.90,0.053469,2,0
2,1635,676.90,655.55,716.88,658.50,715.97,670.82,675.99,667.87,0.053469,2,0
2,1637,333.32,556.54,340.62,556.46,341.05,593.15,333.75,593.23,0.053468,2,0
2,1638,1225.76,616.77,1333.78,681.28,1312.64,716.68,1204.61,652.17,0.053384,0,0
2,1639,852.34,844.81,914.51,796.67,927.06,812.88,864.90,861.03,0.053383,0,0
2,1640,1379.18,539.15,1384.08,587.31,1365.63,589.18,1360.73,541.03,0.053383,0,0
2,1641,986.76,496.81,1018.01,591.83,991.70,600.49,960.45,505.46,0.053363,2,0
2,1642,1019.63,487.68,1027.08,441.54,1054.47,445.96,1047.02,492.11,0.053363,2,0
2,1643,986.52,673.61,1001.96,722.87,964.25,734.68,948.81,685.43,0.053237,2,0
2,1644,920.75,693.97,927.72,640.61,978.76,647.28,971.79,700.64,0.053237,2,0
2,1645,1011.09,560.42,1043.89,630.31,1038.13,633.02,1005.32,563.13,0.053210,2,0
2,1646,937.10,723.30,968.49,751.27,956.96,764.21,925.57,736.24,0.053210,2,0
2,1647,1049.78,517.04,1053.42,504.25,1061.40,506.53,1057.76,519.31,0.053204,2,0
2,1648,808.34,527.62,835.49,542.37,829.50,553.38,802.36,538.63,0.053204,2,0
2,1649,623.91,1078.10,648.39,1071.63,662.56,1125.23,638.08,1131.70,0.053170,0,0
2,1650,963.00,800.48,972.81,834.72,944.29,842.89,934.48,808.65,0.053170,0,0
2,1651,1080.09,598.01,1104.15,663.75,1098.74,665.73,1074.69,599.99,0.052983,2,0
2,1652,893.02,583.62,919.22,560.82,926.74,569.46,900.53,592.26,0.052983,2,0
2,1653,828.24,573.53,835.99,514.11,851.11,516.08,843.36,575.50,0.052914,2,0
2,1654,979.23,439.88,1032.79,405.35,1041.88,419.44,988.33,453.98,0.052914,2,0
2,1655,685.87,1030.71,706.34,1062.11,665.40,1088.79,644.94,1057.39,0.052901,0,0
2,1656,1057.67,743.60,1061.44,780.75,1040.47,782.88,1036.69,745.73,0.052886,2,0
2,1657,1184.91,630.00,1202.50,576.02,1219.35,581.51,1201.75,635.49,0.052886,2,0
2,1658,1154.08,696.87,1192.06,762.55,1169.50,775.59,1131.53,709.90,0.052841,2,0
2,1659,1063.99,677.13,1085.54,741.83,1073.94,745.69,1052.39,680.99,0.052841,2,0
2,1662,1260.98,361.25,1322.42,419.48,1319.77,422.27,1258.33,364.04,0.052672,2,0
2,1663,1033.59,424.16,1054.67,418.10,1058.23,430.52,1037.16,436.57,0.052672,2,0
2,1664,987.78,373.54,1039.53,353.47,1046.40,371.18,994.65,391.25,0.052663,2,0
2,1665,931.45,524.44,997.66,499.24,1009.28,529.76,943.07,554.97,0.052663,2,0
2,1666,1519.49,481.23,1597.90,562.69,1575.92,583.85,1497.51,502.40,0.052613,0,0
2,1667,901.72,738.48,929.15,763.43,905.85,789.05,878.42,764.10,0.052580,2,0
2,1668,934.53,485.42,950.28,594.13,937.38,596.00,921.64,487.29,0.052580,2,0
2,1669,1233.41,739.76,1258.25,695.73,1296.45,717.28,1271.61,761.31,0.052542,0,0
2,1670,1323.65,747.36,1407.58,734.63,1410.15,751.62,1326.23,764.35,0.052542,0,0
2,1672,926.23,737.64,949.78,698.05,992.08,723.22,968.53,762.81,0.052330,0,0
2,1673,1370.00,402.62,1400.61,504.76,1359.82,516.98,1329.21,414.84,0.052330,0,0
2,1674,1407.32,698.34,1458.13,571.38,1462.85,573.27,1412.04,700.23,0.052066,0,0
2,1676,-62.42,255.35,-13.23,302.88,-25.46,315.54,-74.65,268.01,0.052010,2,0
2,1677,114.20,561.43,128.96,564.29,122.84,595.84,108.09,592.97,0.052010,2,0
2,1678,1246.74,505.76,1277.74,563.01,1258.62,573.36,1227.62,516.11,0.051983,2,0
2,1679,1034.63,414.83,1075.89,464.22,1065.03,473.30,1023.77,423.91,0.051983,2,0
2,1680,211.70,125.96,244.82,130.67,243.32,141.22,210.20,136.50,0.051936,0,0
2,1681,-76.67,84.33,-39.66,91.19,-41.52,101.25,-78.54,94.39,0.051936,0,0
2,1682,269.39,530.00,304.33,501.16,323.84,524.80,288.90,553.63,0.051887,0,0
2,1683,1231.60,350.49,1247.94,378.72,1229.66,389.29,1213.33,361.06,0.051887,0,0
2,1684,1541.70,710.12,1579.44,703.18,1582.09,717.58,1544.35,724.51,0.051843,0,0
2,1685,347.84,939.77,347.88,945.47,327.91,945.61,327.87,939.91,0.051843,0,0
2,1686,-50.25,336.27,-38.52,336.93,-39.01,345.63,-50.74,344.97,0.051812,2,0
2,1687,163.36,150.71,175.92,169.69,172.24,172.12,159.68,153.14,0.051812,2,0
2,1688,572.22,772.65,602.28,779.32,597.09,802.69,567.03,796.01,0.051784,0,0
2,1689,1431.13,832.78,1455.34,906.41,1443.77,910.22,1419.55,836.59,0.051784,0,0
2,1690,25.07,526.66,74.79,469.92,102.36,494.08,52.65,550.82,0.051737,2,0
2,1691,178.53,400.57,232.76,372.58,239.75,386.13,185.52,414.12,0.051737,2,0
2,1692,1148.81,748.35,1211.50,783.68,1203.68,797.55,1140.99,762.22,0.051705,2,0
2,1693,1792.67,653.67,1832.47,629.24,1839.26,640.31,1799.46,664.73,0.051688,2,0
2,1694,-49.52,559.00,-12.03,542.78,-7.69,552.80,-45.19,569.02,0.051630,2,0
2,1695,332.26,759.23,384.89,788.34,378.54,799.82,325.91,770.72,0.051630,2,0
2,1696,-68.86,181.68,-39.89,194.64,-46.92,210.34,-75.89,197.38,0.051526,2,0
2,1697,101.80,156.94,131.58,167.00,129.05,174.50,99.26,164.43,0.051526,2,0
2,1698,1040.68,252.05,1102.76,248.12,1104.38,273.67,1042.30,277.60,0.051504,2,0
2,1699,1022.71,489.13,1043.08,455.16,1054.04,461.73,1033.67,495.70,0.051504,2,0
2,1700,1022.64,522.65,1036.95,515.93,1043.10,529.03,1028.78,535.75,0.051493,2,0
2,1701,1213.77,265.68,1234.90,265.59,1234.95,276.95,1213.82,277.03,0.051493,2,0
2,1702,91.52,454.56,115.16,416.49,125.36,422.83,101.72,460.89,0.051284,2,0
2,1703,-130.56,466.10,-116.10,447.88,-112.00,451.13,-126.46,469.35,0.051284,2,0
2,1704,-162.34,226.79,-104.23,314.09,-123.81,327.13,-181.92,239.82,0.051238,2,0
2,1705,47.51,451.65,89.55,470.02,77.53,497.54,35.49,479.17,0.051238,2,0
2,1706,672.66,733.59,713.00,679.35,733.08,694.29,692.74,748.52,0.051212,2,0
2,1707,1305.16,793.93,1338.16,811.92,1327.83,830.86,1294.84,812.87,0.051212,2,0
2,1708,129.38,276.70,165.66,322.17,151.94,333.11,115.67,287.64,0.051148,2,0
2,1709,-37.14,709.82,-22.98,738.58,-38.43,746.19,-52.59,717.43,0.051148,2,0
2,1710,835.62,576.21,949.11,515.08,969.85,553.59,856.36,614.72,0.051059,0,0
2,1711,-71.57,387.51,11.90,553.43,-37.82,578.44,-121.29,412.52,0.051059,0,0
2,1712,536.72,679.06,610.81,560.70,667.42,596.14,593.33,714.50,0.051055,2,0
2,1713,-160.31,630.66,-111.72,759.42,-117.46,761.58,-166.05,632.82,0.051055,2,0
2,1714,965.29,763.65,1016.48,656.65,1048.86,672.14,997.66,779.14,0.051039,0,0
2,1715,1338.10,785.98,1354.83,868.43,1318.40,875.83,1301.67,793.37,0.051039,0,0
2,1716,1084.23,527.37,1147.69,569.19,1130.12,595.85,1066.66,554.03,0.051025,2,0
2,1717,-110.92,540.27,-39.58,586.76,-44.39,594.14,-115.73,547.65,0.050998,2,0
2,1720,1172.81,498.16,1284.05,502.59,1282.29,547.02,1171.04,542.60,0.050985,2,0
2,1721,914.38,484.13,943.79,496.24,917.54,560.00,888.13,547.88,0.050985,2,0
2,1722,747.45,542.63,786.20,531.72,799.94,580.53,761.19,591.44,0.050968,0,0
2,1723,1147.68,503.14,1220.23,476.22,1230.58,504.12,1158.03,531.03,0.050950,0,0
2,1724,1331.73,752.30,1401.33,764.84,1397.48,786.18,1327.88,773.64,0.050950,0,0
2,1725,1182.43,521.19,1186.94,652.17,1167.14,652.85,1162.63,521.87,0.050919,2,0
2,1726,3.14,176.31,48.57,172.57,50.11,191.27,4.68,195.00,0.050753,0,0
2,1727,-163.64,202.01,-91.91,222.21,-98.46,245.45,-170.19,225.26,0.050753,0,0
2,1728,926.64,437.42,1011.38,436.06,1011.96,472.27,927.22,473.63,0.050681,2,0
2,1729,1199.41,597.73,1226.48,588.67,1232.69,607.25,1205.62,616.31,0.050681,2,0
2,1730,477.77,913.68,496.45,917.62,491.68,940.22,472.99,936.28,0.050679,0,0
2,1732,-6.84,393.59,6.54,370.98,13.42,375.05,0.04,397.66,0.050368,2,0
2,1734,890.59,568.73,967.56,433.03,992.61,447.24,915.64,582.94,0.050343,0,0
3,2,589.08,327.95,685.25,280.15,703.12,316.11,606.95,363.91,0.285195,0,0
3,5,813.45,187.47,863.69,213.30,856.09,228.08,805.85,202.25,0.268725,0,0
3,18,884.30,37.42,885.01,-131.93,981.57,-131.52,980.86,37.83,0.156225,0,0
3,20,771.71,196.55,834.58,204.37,830.33,238.56,767.46,230.74,0.162541,0,0
3,21,795.05,171.76,840.28,180.52,834.88,208.40,789.65,199.64,0.181158,0,0
3,24,893.60,737.88,903.00,1000.90,833.37,1003.39,823.98,740.36,0.051594,0,0
3,28,639.35,-11.13,658.14,-49.77,670.59,-43.71,651.80,-5.07,0.208501,0,0
3,32,657.70,253.10,701.35,347.29,650.48,370.86,606.83,276.68,0.321714,0,0
3,44,675.31,184.20,747.79,340.18,707.59,358.86,635.10,202.88,0.115774,0,0
3,47,165.93,718.16,174.10,688.17,199.95,695.21,191.78,725.20,0.087040,0,0
3,51,860.64,696.99,917.25,632.10,936.19,648.63,879.58,713.52,0.070793,0,0
3,53,607.76,434.83,609.05,422.23,622.59,423.62,621.29,436.23,0.153855,0,0
3,73,595.07,333.34,643.09,250.36,686.13,275.27,638.10,358.25,0.283435,0,0
3,92,472.30,30.59,542.72,129.88,500.36,159.92,429.94,60.63,0.220385,0,0
3,103,750.49,297.64,846.23,270.19,866.01,339.17,770.26,366.62,0.309660,0,0
3,108,1045.66,806.32,1141.20,811.58,1138.51,860.49,1042.96,855.23,0.086841,0,0
3,137,614.35,109.34,640.16,319.15,587.52,325.62,561.70,115.82,0.416564,0,0
3,168,-121.98,224.18,-41.13,241.71,-44.15,255.60,-124.99,238.07,0.073045,0,0
3,188,1106.62,624.58,1156.21,754.27,1122.79,767.04,1073.21,637.35,0.117244,0,0
3,198,601.68,247.29,609.04,202.06,645.79,208.04,638.43,253.27,0.367074,0,0
3,210,582.57,444.13,682.50,446.61,681.04,505.62,581.11,503.14,0.224212,0,0
3,250,595.37,-73.97,801.06,171.26,765.77,200.86,560.08,-44.37,0.259479,0,0
3,251,210.23,34.11,298.33,9.20,306.63,38.56,218.53,63.47,0.125556,0,0
3,255,928.62,135.45,930.09,-48.21,970.15,-47.89,968.67,135.77,0.400062,0,0
3,258,674.35,47.40,762.84,290.24,717.71,306.69,629.21,63.85,0.156225,0,0
3,308,754.21,417.72,758.95,378.40,788.08,381.91,783.35,421.23,0.321714,0,0
3,330,705.76,135.10,844.14,251.50,810.90,291.02,672.52,174.62,0.170707,0,0
3,429,1046.99,670.58,1050.48,837.95,1015.75,838.67,1012.25,671.30,0.050376,0,0
3,469,1140.31,445.93,1171.55,384.84,1211.88,405.46,1180.64,466.55,0.095988,0,0
3,510,652.52,313.76,778.19,280.58,790.10,325.67,664.42,358.85,0.309660,0,0
3,512,667.79,353.54,695.65,382.20,680.19,397.23,652.33,368.57,0.059246,2,0
3,566,1151.27,168.88,1385.10,240.39,1368.85,293.53,1135.02,222.03,0.174473,0,0
3,621,1126.73,1037.22,1243.83,981.29,1264.24,1024.02,1147.14,1079.95,0.059411,0,0
3,648,916.03,760.87,962.08,742.29,969.24,760.03,923.19,778.61,0.087553,2,0
3,725,921.79,449.28,925.23,464.25,916.32,466.29,912.88,451.32,0.054891,2,0
3,823,774.18,444.66,961.06,349.48,983.77,394.07,796.89,489.25,0.158708,0,0
3,833,1053.39,134.78,1462.24,220.31,1448.59,285.53,1039.75,200.01,0.129944,0,0
3,838,915.60,555.64,1074.55,593.16,1058.59,660.75,899.64,623.23,0.050959,0,0
3,842,488.44,404.76,664.84,435.40,654.14,496.98,477.75,466.33,0.189622,0,0
3,868,1042.02,663.06,1053.05,631.84,1087.61,644.05,1076.57,675.28,0.051664,2,0
3,874,672.04,860.00,713.80,791.64,749.17,813.24,707.41,881.60,0.098589,2,0
3,878,684.96,587.84,779.87,493.22,833.46,546.97,738.55,641.59,0.051513,2,0
3,884,194.70,155.80,203.50,152.91,208.01,166.62,199.21,169.51,0.097510,2,0
3,918,489.41,137.60,508.20,129.42,510.31,134.26,491.52,142.44,0.102544,0,0
3,919,692.34,64.68,774.00,142.19,744.23,173.55,662.57,96.05,0.431568,0,0
3,920,447.91,241.53,462.21,337.17,431.82,341.71,417.52,246.07,0.106462,0,0
3,921,550.85,94.16,672.56,142.95,650.75,197.36,529.04,148.57,0.431568,0,0
3,927,815.03,183.94,864.95,18.11,906.75,30.69,856.82,196.52,0.395583,0,0
3,934,662.95,533.80,676.23,579.12,657.56,584.59,644.28,539.27,0.050376,0,0
3,938,1002.05,248.79,1096.71,149.21,1114.19,165.83,1019.54,265.41,0.329653,0,0
3,940,861.70,173.26,930.48,210.72,915.13,238.90,846.36,201.44,0.164617,0,0
3,942,732.47,384.00,749.46,443.45,717.66,452.54,700.67,393.08,0.133529,0,0
3,947,1069.42,56.10,1126.33,164.74,1073.26,192.54,1016.36,83.90,0.172756,0,0
3,949,618.24,325.95,640.97,225.58,691.96,237.12,669.24,337.50,0.334969,0,0
3,950,706.27,152.54,733.50,232.00,694.52,245.36,667.29,165.90,0.225991,0,0
3,959,660.39,67.11,677.84,214.62,622.29,221.19,604.84,73.68,0.395583,0,0
3,961,771.02,119.75,780.25,206.35,737.46,210.91,728.24,124.31,0.319163,0,0
3,962,1096.44,401.20,1160.80,407.92,1157.57,438.87,1093.21,432.15,0.089695,0,0
3,966,797.42,129.69,884.11,206.99,864.22,229.29,777.53,152.00,0.195603,0,0
3,973,61.41,548.93,121.40,593.02,92.38,632.50,32.39,588.41,0.068433,0,0
3,977,782.32,284.18,783.07,222.97,832.80,223.58,832.05,284.79,0.303221,0,0
3,979,602.34,163.66,620.32,191.50,589.11,211.66,571.13,183.83,0.189309,0,0
3,995,658.06,-11.94,815.49,303.81,726.60,348.13,569.17,32.38,0.222227,0,0
3,1002,866.79,132.95,872.09,305.46,838.69,306.48,833.39,133.97,0.372640,0,0
3,1006,178.84,516.84,248.27,492.06,257.94,519.17,188.51,543.95,0.209201,0,0
3,1010,399.96,252.56,404.51,229.46,410.96,230.73,406.41,253.83,0.079420,2,0
3,1029,483.34,680.98,497.07,671.73,500.51,676.83,486.79,686.09,0.109397,2,0
3,1035,1073.94,318.14,1078.57,306.08,1089.99,310.46,1085.36,322.52,0.090439,2,0
3,1060,660.76,641.48,716.43,645.90,713.73,679.78,658.07,675.36,0.224212,0,0
3,1068,228.82,329.40,260.04,356.06,249.85,367.99,218.63,341.33,0.064481,2,0
3,1070,561.51,541.99,614.25,460.64,629.52,470.53,576.78,551.88,0.079548,0,0
3,1091,538.26,170.35,723.35,229.56,709.67,272.31,524.59,213.10,0.303194,0,0
3,1094,793.38,770.98,802.55,792.03,790.16,797.42,780.99,776.37,0.084209,2,0
3,1101,158.18,672.85,180.48,672.11,181.07,689.94,158.77,690.67,0.170772,2,0
3,1103,-1015935.44,-1062262.75,1017001.69,1063977.00,1016996.44,1063982.00,-1015940.69,-1062257.75,0.166179,0,0
3,1122,161.91,821.20,180.62,819.64,181.88,834.84,163.18,836.40,0.090552,2,0
3,1123,12.97,536.96,36.57,554.38,24.24,571.09,0.64,553.67,0.072487,2,0
3,1139,208.76,181.55,221.17,202.51,209.12,209.64,196.71,188.69,0.057212,2,0
3,1155,862.94,612.85,873.64,618.53,857.35,649.25,846.65,643.57,0.055856,2,0
3,1157,867.39,628.22,872.00,500.05,913.23,501.53,908.62,629.70,0.091512,0,0
3,1182,495.95,394.74,517.31,413.33,504.78,427.73,483.42,409.15,0.167222,2,0
3,1189,936.79,496.88,948.53,614.27,928.84,616.24,917.10,498.85,0.053409,0,0
3,1195,838.82,702.48,869.44,696.27,874.33,720.37,843.72,726.59,0.050377,2,0
3,1206,697.73,837.18,751.87,844.17,747.17,880.56,693.03,873.56,0.061610,2,0
3,1211,540.97,233.72,542.25,249.59,523.26,251.11,521.99,235.25,0.122237,2,0
3,1216,844.75,776.85,845.86,811.57,827.19,812.16,826.08,777.44,0.076932,2,0
3,1225,-66.34,178.61,-33.61,158.28,-20.83,178.86,-53.56,199.18,0.051162,2,0
3,1229,528.15,420.69,540.03,413.30,544.74,420.86,532.86,428.25,0.096295,2,0
3,1235,759.06,-75.59,829.36,-37.91,807.25,3.34,736.95,-34.35,0.055500,0,0
3,1247,196.65,283.77,258.67,298.63,251.35,329.22,189.32,314.36,0.054192,2,0
3,1250,1038.25,728.94,1100.36,781.11,1081.54,803.51,1019.43,751.34,0.053177,0,0
3,1253,1052.71,483.98,1093.39,502.48,1087.28,515.90,1046.61,497.40,0.075895,2,0
3,1255,1131.03,959.32,1193.58,979.52,1171.17,1048.93,1108.62,1028.73,0.054206,0,0
3,1256,665.91,360.42,676.13,357.22,680.92,372.53,670.70,375.73,0.156006,2,0
3,1265,719.62,778.40,733.89,814.14,704.22,825.98,689.96,790.23,0.072327,2,0
3,1266,513.74,620.30,513.98,601.30,525.09,601.44,524.85,620.44,0.216574,2,0
3,1269,688.51,298.34,862.81,793.77,831.02,804.95,656.71,309.53,0.057106,2,0
3,1281,1078.39,734.01,1085.65,798.85,1063.31,801.36,1056.04,736.52,0.078068,0,0
3,1289,203.36,629.88,225.39,607.73,233.48,615.77,211.45,637.93,0.182729,2,0
3,1300,560.14,647.48,567.96,666.45,554.58,671.97,546.76,653.00,0.070933,2,0
3,1301,910.35,477.48,922.70,482.94,914.02,502.56,901.67,497.09,0.054303,2,0
3,1307,1157.79,115.89,1240.12,151.59,1230.01,174.91,1147.68,139.21,0.110385,0,0
3,1310,244.58,379.07,244.84,388.65,229.74,389.05,229.48,379.47,0.056130,2,0
3,1322,801.86,217.86,842.41,186.45,870.21,222.32,829.66,253.74,0.283435,0,0
3,1337,606.29,686.40,639.56,694.07,634.32,716.82,601.05,709.15,0.053702,2,0
3,1342,803.43,835.84,862.58,972.45,812.80,994.00,753.65,857.39,0.065619,0,0
3,1343,866.38,646.93,928.79,665.06,925.25,677.24,862.84,659.11,0.050714,0,0
3,1361,403.35,520.05,451.84,525.15,447.77,563.83,399.28,558.73,0.187142,2,0
3,1369,391.68,666.74,423.12,646.35,433.47,662.31,402.03,682.70,0.054811,0,0
3,1413,826.53,533.28,951.86,540.60,949.22,585.87,823.89,578.55,0.191604,0,0
3,1423,-41.58,253.93,-33.19,254.60,-34.43,270.24,-42.82,269.57,0.053330,2,0
3,1424,1043.46,635.68,1047.53,584.73,1063.00,585.96,1058.93,636.92,0.184450,2,0
3,1425,127.97,462.81,130.32,510.26,111.39,511.20,109.03,463.75,0.054211,2,0
3,1430,967.90,419.31,1069.20,524.13,1041.78,550.63,940.47,445.81,0.050750,0,0
3,1446,793.91,474.63,802.76,481.38,783.69,506.40,774.83,499.64,0.054404,2,0
3,1462,163.78,495.36,182.31,459.02,207.03,471.63,188.51,507.96,0.093909,2,0
3,1473,683.37,1035.68,687.19,741.04,737.36,741.69,733.53,1036.33,0.093378,0,0
3,1476,142.88,412.33,180.70,469.17,136.93,498.30,99.10,441.46,0.079705,0,0
3,1477,33.88,406.54,101.33,496.30,76.63,514.86,9.18,425.09,0.074934,0,0
3,1482,97.95,314.67,98.44,341.19,85.46,341.44,84.96,314.92,0.063707,2,0
3,1490,572.06,680.24,581.88,704.89,559.26,713.90,549.45,689.25,0.058990,2,0
3,1501,-256.65,497.24,-223.50,465.31,-213.63,475.56,-246.78,507.49,0.051290,0,0
3,1508,497.55,561.28,519.00,594.68,506.48,602.73,485.02,569.33,0.058202,2,0
3,1511,654.49,628.74,688.07,683.05,667.10,696.01,633.52,641.71,0.050808,2,0
3,1518,518.20,967.24,559.00,1042.93,485.12,1082.75,444.33,1007.05,0.054576,0,0
3,1526,195.63,403.76,212.05,287.32,241.11,291.42,224.68,407.86,0.051966,2,0
3,1529,274.34,850.69,333.14,848.12,334.57,880.77,275.76,883.33,0.139599,0,0
3,1532,739.20,311.46,742.48,336.72,725.76,338.90,722.47,313.63,0.217891,2,0
3,1540,1155.18,701.89,1192.37,686.84,1200.41,706.71,1163.22,721.76,0.051694,2,0
3,1547,1043.88,552.13,1054.76,588.64,1041.84,592.49,1030.95,555.98,0.069605,2,0
3,1551,465.32,313.05,480.63,284.27,500.65,294.92,485.33,323.71,0.210788,2,0
3,1555,1171.39,629.79,1175.79,664.32,1130.53,670.10,1126.12,635.57,0.127161,0,0
3,1560,521.94,414.85,538.12,431.61,530.73,438.75,514.55,421.99,0.119300,2,0
3,1561,717.08,564.80,845.46,624.97,828.60,660.94,700.22,600.77,0.050646,2,0
3,1579,1034.50,726.33,1081.23,704.60,1094.45,733.02,1047.72,754.75,0.053472,0,0
3,1580,1181.29,476.44,1366.68,668.19,1337.12,696.78,1151.72,505.02,0.180003,0,0
3,1581,841.12,622.62,871.87,566.97,891.25,577.68,860.50,633.33,0.052087,2,0
3,1584,95.75,484.24,116.89,511.28,102.83,522.27,81.69,495.23,0.054526,2,0
3,1585,794.42,715.39,824.02,875.44,796.26,880.57,766.66,720.52,0.098589,2,0
3,1593,1189.38,137.33,1226.21,209.08,1209.56,217.63,1172.72,145.88,0.075743,2,0
3,1598,646.26,822.61,676.95,656.30,715.08,663.34,684.39,829.65,0.053419,2,0
3,1611,1192.09,474.43,1224.99,488.29,1220.58,498.73,1187.69,484.87,0.051229,2,0
3,1613,1013.09,570.62,1247.11,594.93,1241.20,651.80,1007.18,627.48,0.065607,0,0
3,1614,476.61,471.85,510.70,516.34,494.52,528.74,460.43,484.25,0.053717,2,0
3,1615,991.80,495.53,1004.67,356.85,1030.88,359.29,1018.02,497.97,0.062766,2,0
3,1621,556.16,613.75,592.72,639.34,576.18,662.97,539.62,637.38,0.052317,2,0
3,1622,610.93,535.36,654.03,590.33,634.49,605.66,591.38,550.69,0.061983,2,0
3,1628,1160.25,366.49,1189.15,408.82,1169.92,421.95,1141.01,379.63,0.095988,0,0
3,1640,1295.93,858.78,1341.95,707.92,1399.66,725.52,1353.65,876.39,0.055079,0,0
3,1641,1152.33,429.69,1156.39,533.73,1127.36,534.86,1123.30,430.83,0.055416,2,0
3,1656,854.77,696.95,934.65,730.02,915.96,775.15,836.08,742.07,0.055461,2,0
3,1687,491.53,71.27,537.23,131.57,525.37,140.55,479.67,80.25,0.100887,2,0
3,1690,94.22,461.29,113.33,480.59,103.85,489.97,84.75,470.68,0.073654,2,0
3,1691,611.12,479.91,733.53,477.51,734.14,508.53,611.73,510.94,0.071387,2,0
3,1695,298.79,693.39,305.52,753.56,292.20,755.06,285.46,694.88,0.110934,2,0
3,1702,428.12,462.49,453.07,497.08,443.69,503.85,418.74,469.26,0.056808,2,0
3,1706,668.42,704.62,736.16,736.77,724.16,762.05,656.42,729.89,0.053702,2,0
3,1708,147.67,164.35,200.54,203.88,188.52,219.96,135.64,180.42,0.088328,2,0
3,1710,615.00,509.48,725.12,462.04,741.27,499.54,631.16,546.98,0.183005,0,0
3,1715,1181.83,712.78,1251.20,828.57,1200.09,859.19,1130.72,743.41,0.109993,0,0
3,1722,910.51,568.89,932.70,556.36,947.80,583.12,925.62,595.65,0.089695,0,0
3,1727,392.51,157.38,410.73,252.08,381.47,257.70,363.26,163.00,0.074635,0,0
3,1735,917.06,126.96,997.64,254.39,955.16,281.25,874.58,153.82,0.400062,0,0
3,1736,626.15,39.19,661.89,47.00,642.24,136.92,606.50,129.11,0.394306,0,0
3,1737,577.55,41.03,580.14,-0.65,606.92,1.02,604.33,42.69,0.383546,0,0
3,1738,632.83,6.47,674.86,144.07,628.85,158.13,586.82,20.52,0.383546,0,0
3,1739,840.02,19.14,966.72,15.17,968.14,60.42,841.44,64.39,0.355470,0,0
3,1740,668.00,-5.34,719.41,119.38,689.44,131.74,638.02,7.01,0.344834,0,0
3,1741,742.96,83.75,746.45,157.71,707.21,159.57,703.72,85.61,0.331424,0,0
3,1742,579.69,55.48,682.62,-9.92,720.26,49.32,617.33,114.72,0.308451,0,0
3,1743,889.75,297.06,965.25,202.94,991.82,224.25,916.32,318.37,0.281402,0,0
3,1744,600.54,29.58,681.45,136.70,649.36,160.94,568.44,53.82,0.278450,0,0
3,1745,417.40,-16.73,520.39,29.48,502.45,69.45,399.47,23.23,0.278450,0,0
3,1746,598.90,88.02,645.17,92.61,643.45,109.90,597.19,105.31,0.278448,0,0
3,1747,84.26,811.76,136.27,883.76,111.56,901.61,59.55,829.61,0.271891,0,0
3,1748,351.98,517.92,366.29,514.34,379.56,567.48,365.25,571.05,0.266860,0,0
3,1749,702.67,16.06,705.90,35.43,687.86,38.44,684.62,19.07,0.266322,2,0
3,1750,277.86,98.52,331.15,130.85,317.95,152.61,264.66,120.28,0.262186,2,0
3,1751,609.54,43.12,653.59,72.56,624.42,116.20,580.37,86.75,0.262186,2,0
3,1752,1022.49,239.11,1052.70,303.20,1015.59,320.70,985.37,256.61,0.254884,0,0
3,1754,364.94,33.60,443.57,17.27,449.84,47.42,371.20,63.76,0.243264,0,0
3,1755,528.81,85.40,636.06,45.39,647.07,74.90,539.81,114.91,0.243264,0,0
3,1756,549.85,62.26,684.98,18.70,697.41,57.25,562.28,100.82,0.242837,0,0
3,1757,415.48,236.89,555.09,213.29,558.14,231.32,418.53,254.92,0.242837,0,0
3,1758,224.13,21.94,225.39,29.39,208.80,32.21,207.54,24.76,0.236179,2,0
3,1760,604.28,498.02,651.47,598.72,633.03,607.36,585.85,506.66,0.234856,0,0
3,1761,107.77,759.79,119.93,772.15,111.01,780.92,98.86,768.56,0.234081,2,0
3,1762,511.65,-163.71,635.77,-133.64,627.87,-101.00,503.74,-131.06,0.233689,0,0
3,1763,951.74,219.80,964.21,371.99,944.92,373.57,932.45,221.38,0.232830,0,0
3,1764,584.34,262.74,585.05,280.94,574.65,281.34,573.94,263.14,0.232517,2,0
3,1765,510.16,183.64,514.90,197.50,503.75,201.32,499.01,187.45,0.232517,2,0
3,1767,443.46,56.77,457.44,53.76,461.74,73.74,447.75,76.75,0.224679,2,0
3,1768,333.73,205.67,341.09,207.64,336.27,225.71,328.91,223.75,0.224679,2,0
3,1769,884.81,253.18,910.40,415.31,894.43,417.83,868.85,255.70,0.224044,0,0
3,1770,169.04,861.00,185.92,860.06,186.79,875.59,169.92,876.53,0.222479,2,0
3,1771,323.02,798.55,350.04,804.22,347.37,816.89,320.36,811.22,0.222479,2,0
3,1772,595.13,-105.52,642.29,-40.80,603.04,-12.20,555.88,-76.92,0.222227,0,0
3,1773,811.47,458.33,829.53,455.40,831.40,466.90,813.33,469.82,0.221724,2,0
3,1774,1095.32,259.36,1103.79,259.02,1104.29,271.43,1095.82,271.77,0.221724,2,0
3,1775,507.95,682.28,510.39,698.36,496.29,700.50,493.85,684.42,0.220829,2,0
3,1776,443.24,638.37,447.14,616.74,459.75,619.01,455.85,640.65,0.220829,2,0
3,1777,577.37,136.86,634.55,27.14,675.16,48.31,617.98,158.02,0.220385,0,0
3,1778,798.04,403.71,801.47,417.10,785.32,421.23,781.89,407.85,0.219156,2,0
3,1779,987.50,190.13,1015.63,234.54,1003.01,242.53,974.88,198.12,0.217910,2,0
3,1780,762.05,228.04,769.06,254.84,761.38,256.84,754.37,230.04,0.217891,2,0
3,1781,577.33,539.43,579.00,556.75,556.47,558.91,554.81,541.59,0.216574,2,0
3,1782,871.25,144.95,882.01,143.70,884.74,167.27,873.98,168.52,0.214866,2,0
3,1783,289.72,104.88,300.69,108.78,292.34,132.24,281.38,128.34,0.214866,2,0
3,1785,363.89,197.18,377.68,189.26,383.24,198.93,369.44,206.85,0.210788,2,0
3,1786,198.28,78.52,208.72,91.05,199.55,98.69,189.11,86.15,0.210634,2,0
3,1787,146.98,533.63,160.53,537.41,156.40,552.20,142.85,548.41,0.208809,2,0
3,1789,996.36,85.47,1021.62,61.81,1034.38,75.43,1009.12,99.09,0.206887,0,0
3,1790,268.92,169.91,277.22,195.13,255.82,202.18,247.51,176.97,0.205653,0,0
3,1791,127.92,192.65,132.02,181.61,143.41,185.84,139.31,196.89,0.203001,2,0
3,1792,352.66,191.36,358.95,170.23,382.41,177.21,376.12,198.34,0.203001,2,0
3,1793,318.33,36.07,333.80,37.37,332.95,47.52,317.48,46.23,0.201523,2,0
3,1794,712.96,313.29,718.59,336.50,704.29,339.97,698.66,316.76,0.200494,2,0
3,1795,758.46,437.50,762.02,420.17,785.78,425.05,782.22,442.38,0.200494,2,0
3,1796,638.18,304.77,654.76,314.40,651.18,320.57,634.59,310.94,0.199267,0,0
3,1797,298.26,644.83,438.77,743.71,435.82,747.89,295.32,649.01,0.199267,0,0
3,1798,629.54,821.62,640.09,819.71,644.26,842.76,633.72,844.67,0.196526,2,0
3,1799,1247.12,150.38,1273.50,201.68,1251.31,213.09,1224.93,161.79,0.195603,0,0
3,1801,984.88,141.70,1001.35,125.85,1009.64,134.47,993.16,150.31,0.193552,2,0
3,1802,1058.04,56.63,1107.70,59.65,1107.07,70.06,1057.41,67.04,0.193552,2,0
3,1803,797.54,285.46,843.77,333.02,815.16,360.83,768.93,313.27,0.193417,2,0
3,1804,766.07,453.84,781.46,379.36,812.27,385.73,796.88,460.21,0.193417,2,0
3,1805,1235.09,228.70,1268.73,166.77,1286.16,176.24,1252.52,238.17,0.191785,0,0
3,1806,1037.21,127.32,1042.01,271.32,987.63,273.13,982.83,129.13,0.191785,0,0
3,1807,615.93,794.93,627.17,787.87,632.28,796.01,621.05,803.07,0.190856,2,0
3,1808,554.03,787.36,570.55,778.94,575.49,788.62,558.96,797.04,0.190856,2,0
3,1810,880.91,212.99,911.69,204.01,917.90,225.27,887.12,234.25,0.185442,2,0
3,1811,1104.32,651.97,1108.64,621.26,1132.51,624.61,1128.19,655.32,0.184450,2,0
3,1812,620.62,353.76,655.25,368.18,653.42,372.56,618.80,358.15,0.183238,0,0
3,1813,361.84,730.68,425.31,749.46,419.62,768.71,356.14,749.93,0.183005,0,0
3,1815,535.19,233.42,756.70,231.10,756.73,234.16,535.22,236.48,0.181917,0,0
3,1816,1258.12,-32.32,1278.85,32.97,1230.46,48.34,1209.73,-16.96,0.181158,0,0
3,1817,666.77,432.14,698.30,437.48,690.08,486.01,658.55,480.67,0.181040,0,0
3,1818,1122.47,486.35,1135.35,424.98,1155.33,429.17,1142.46,490.54,0.181040,0,0
3,1819,475.11,690.87,482.64,712.52,472.73,715.96,465.20,694.31,0.180931,2,0
3,1820,585.29,36.88,624.26,63.46,599.14,100.28,560.18,73.70,0.180467,0,0
3,1821,280.23,694.13,282.50,674.55,297.25,676.25,294.98,695.83,0.180467,2,0
3,1822,257.41,562.13,261.75,543.87,273.15,546.57,268.82,564.84,0.180467,2,0
3,1823,577.40,42.34,690.01,124.72,650.21,179.12,537.60,96.74,0.180323,0,0
3,1824,800.02,518.47,810.25,503.45,821.66,511.22,811.44,526.24,0.179372,2,0
3,1825,94.13,622.79,102.04,639.78,87.32,646.64,79.41,629.65,0.179372,2,0
3,1826,421.68,551.18,455.38,591.57,422.96,618.62,389.26,578.23,0.179286,0,0
3,1827,165.09,475.43,186.68,454.77,204.85,473.76,183.26,494.42,0.179279,0,0
3,1828,160.93,295.43,166.43,282.71,173.30,285.68,167.80,298.40,0.177303,2,0
3,1830,806.55,8.28,865.79,140.87,840.40,152.21,781.16,19.63,0.175570,0,0
3,1831,753.29,-216.99,772.26,-141.05,710.57,-125.64,691.60,-201.58,0.175570,0,0
3,1832,839.76,70.45,913.29,82.54,911.50,93.39,837.97,81.31,0.174714,2,0
3,1833,1028.65,207.46,1053.05,205.13,1055.01,225.75,1030.61,228.07,0.174714,2,0
3,1835,303.34,586.36,339.43,601.22,326.06,633.68,289.97,618.82,0.173826,0,0
3,1836,241.09,677.82,369.20,651.42,382.47,715.83,254.37,742.23,0.173826,0,0
3,1837,500.19,656.73,503.68,676.36,489.33,678.91,485.83,659.29,0.173161,2,0
3,1838,414.06,670.88,418.02,685.08,408.85,687.64,404.88,673.44,0.173161,2,0
3,1839,873.57,329.34,893.51,330.91,892.41,344.80,872.48,343.23,0.172870,2,0
3,1840,1141.76,353.41,1156.03,348.78,1159.18,358.47,1144.90,363.10,0.172870,2,0
3,1841,1116.66,359.47,1137.94,358.78,1139.66,411.33,1118.37,412.02,0.172850,2,0
3,1843,1134.61,-271.90,1208.69,-336.75,1236.28,-305.23,1162.21,-240.38,0.172756,0,0
3,1844,298.59,349.63,330.28,326.77,348.48,352.01,316.79,374.86,0.170892,0,0
3,1845,65.08,628.28,73.29,627.14,75.18,640.83,66.98,641.96,0.170772,2,0
3,1848,482.41,592.46,485.81,603.98,477.26,606.50,473.86,594.99,0.170094,2,0
3,1849,536.61,609.42,543.04,622.90,534.94,626.76,528.52,613.28,0.170094,2,0
3,1850,194.73,586.43,202.26,582.95,209.23,598.02,201.71,601.51,0.169633,2,0
3,1851,223.71,137.28,230.54,156.27,219.79,160.13,212.96,141.15,0.168939,2,0
3,1852,65.70,223.17,67.27,193.98,76.76,194.49,75.19,223.68,0.168939,2,0
3,1853,268.95,120.18,281.59,121.10,280.70,133.27,268.06,132.35,0.168681,2,0
3,1854,353.28,51.73,354.20,59.63,341.69,61.08,340.77,53.19,0.168471,2,0
3,1855,59.18,668.82,65.13,656.44,79.06,663.14,73.11,675.52,0.167499,2,0
3,1856,18.05,878.55,64.81,866.85,68.55,881.77,21.79,893.47,0.166179,0,0
3,1858,791.32,344.65,795.12,343.06,817.98,397.66,814.18,399.25,0.165705,2,0
3,1859,1136.22,229.01,1182.50,249.58,1167.50,283.33,1121.22,262.77,0.164617,0,0
3,1860,340.26,603.44,355.42,605.11,353.63,621.34,338.47,619.67,0.164154,2,0
3,1861,563.52,797.25,599.58,808.94,588.42,843.39,552.35,831.69,0.164154,2,0
3,1862,384.85,842.94,387.23,860.19,373.87,862.04,371.48,844.78,0.163034,2,0
3,1863,609.19,885.88,618.13,872.24,635.94,883.91,626.99,897.55,0.163034,2,0
3,1864,826.34,513.56,846.67,514.41,846.04,529.52,825.71,528.66,0.163034,2,0
3,1866,643.64,254.62,656.80,247.01,665.08,261.33,651.92,268.94,0.160952,2,0
3,1867,496.84,809.55,508.88,749.96,528.96,754.01,516.91,813.60,0.159131,0,0
3,1868,980.93,636.90,995.74,637.97,992.23,686.42,977.42,685.35,0.158708,0,0
3,1869,185.86,774.24,189.02,782.39,177.68,786.79,174.51,778.64,0.158151,2,0
3,1870,793.72,-36.06,864.29,-48.96,868.35,-26.73,797.79,-13.83,0.156481,0,0
3,1871,795.63,-19.63,983.20,21.52,980.36,34.45,792.80,-6.70,0.156481,0,0
3,1874,912.23,65.04,950.74,48.07,983.56,122.53,945.06,139.50,0.155283,0,0
3,1875,653.87,-110.43,656.71,-97.94,637.15,-93.50,634.31,-105.99,0.155283,0,0
3,1876,1007.36,165.74,1024.05,155.46,1027.38,160.87,1010.69,171.15,0.154166,0,0
3,1877,734.59,378.43,751.41,485.77,739.23,487.68,722.41,380.34,0.153855,0,0
3,1878,-27.18,741.57,31.43,759.57,23.87,784.17,-34.74,766.17,0.152809,0,0
3,1879,874.28,215.98,891.81,215.99,891.81,224.98,874.27,224.96,0.151737,2,0
3,1880,462.79,128.20,468.10,150.70,451.59,154.59,446.28,132.09,0.151737,2,0
3,1881,247.06,330.74,248.09,298.36,295.12,299.86,294.09,332.24,0.151577,0,0
3,1883,520.92,160.77,531.15,176.63,512.83,188.45,502.60,172.60,0.150947,2,0
3,1884,1010.28,196.97,1033.33,198.23,1032.67,210.33,1009.62,209.07,0.150947,2,0
3,1887,359.04,793.29,360.03,808.78,343.81,809.82,342.82,794.33,0.149520,2,0
3,1888,253.41,767.89,255.15,785.26,239.86,786.80,238.12,769.42,0.149520,2,0
3,1889,869.87,221.95,882.50,235.74,868.20,248.84,855.57,235.06,0.149198,2,0
3,1890,660.17,409.43,714.29,463.07,700.04,477.45,645.92,423.81,0.147199,0,0
3,1891,135.16,558.66,147.87,630.96,122.61,635.40,109.90,563.09,0.147199,0,0
3,1892,157.94,627.47,192.43,632.54,190.60,644.98,156.11,639.90,0.147094,2,0
3,1896,478.07,336.02,517.89,353.02,513.09,364.24,473.28,347.24,0.146034,2,0
3,1897,440.86,232.00,466.02,234.96,464.68,246.34,439.52,243.38,0.146034,2,0
3,1898,704.84,872.58,717.21,875.63,711.79,897.58,699.42,894.53,0.145602,2,0
3,1899,528.86,767.07,548.59,761.51,551.46,771.70,531.73,777.25,0.145602,2,0
3,1900,792.39,149.53,904.71,308.78,887.29,321.06,774.97,161.81,0.144852,0,0
3,1901,249.57,505.64,261.65,501.32,266.30,514.32,254.22,518.64,0.143144,2,0
3,1902,123.78,497.22,151.20,482.83,155.41,490.85,127.99,505.23,0.143144,2,0
3,1903,390.83,531.36,436.29,554.24,424.80,577.08,379.34,554.20,0.142614,0,0
3,1904,571.23,365.69,668.53,318.61,672.59,326.99,575.29,374.07,0.142614,0,0
3,1906,20.63,368.98,57.16,323.54,70.27,334.08,33.74,379.52,0.141788,0,0
3,1907,298.04,687.23,397.15,668.41,402.07,694.33,302.96,713.14,0.141788,0,0
3,1908,242.20,199.43,252.20,196.74,255.44,208.79,245.44,211.48,0.140227,2,0
3,1909,518.64,90.19,533.96,85.62,536.31,93.53,520.99,98.09,0.140227,2,0
3,1910,154.57,895.06,189.68,891.00,191.78,909.16,156.67,913.22,0.139599,0,0
3,1911,204.88,855.15,205.64,826.97,215.95,827.24,215.20,855.43,0.139596,2,0
3,1912,89.19,657.95,103.15,628.00,110.07,631.23,96.11,661.18,0.139596,2,0
3,1916,421.53,646.15,432.99,661.46,422.20,669.54,410.74,654.23,0.138416,2,0
3,1917,1228.54,614.49,1234.27,832.23,1155.71,834.29,1149.98,616.55,0.138090,0,0
3,1919,796.38,136.15,808.29,136.76,807.86,145.28,795.95,144.68,0.138030,2,0
3,1920,1087.25,339.85,1091.18,362.15,1080.59,364.02,1076.66,341.72,0.136349,2,0
3,1921,855.50,198.46,897.06,187.12,901.17,202.17,859.61,213.51,0.136349,2,0
3,1922,722.63,305.26,743.55,316.11,738.19,326.44,717.28,315.59,0.135643,0,0
3,1923,1161.47,339.22,1171.62,317.62,1189.40,325.97,1179.24,347.58,0.135643,0,0
3,1925,582.06,347.94,639.45,353.20,638.57,362.77,581.18,357.51,0.134914,2,0
3,1927,996.61,808.28,1003.47,805.43,1009.36,819.62,1002.51,822.46,0.133899,2,0
3,1929,133.55,509.49,155.08,492.27,163.75,503.11,142.22,520.33,0.133389,2,0
3,1930,781.89,285.87,786.91,304.13,774.51,307.54,769.48,289.28,0.133389,2,0
3,1931,-10.02,616.91,33.31,599.60,42.49,622.57,-0.84,639.88,0.132557,0,0
3,1932,930.88,870.82,939.80,875.66,930.67,892.50,921.75,887.66,0.132331,0,0
3,1933,420.36,33.40,421.62,40.42,397.37,44.75,396.12,37.73,0.132168,2,0
3,1934,454.38,161.91,458.46,179.46,440.84,183.55,436.76,166.01,0.131666,2,0
3,1935,244.86,781.34,297.63,770.49,303.71,800.09,250.95,810.94,0.130683,0,0
3,1936,384.88,633.36,407.43,616.51,423.86,638.50,401.31,655.35,0.130683,0,0
3,1937,214.98,437.85,234.84,456.91,224.06,468.14,204.20,449.07,0.130453,2,0
3,1938,268.30,513.39,285.32,506.14,289.90,516.90,272.88,524.15,0.130453,2,0
3,1939,522.17,596.55,538.62,602.28,531.34,623.19,514.89,617.46,0.130127,2,0
3,1942,204.90,153.12,288.91,193.19,271.66,229.34,187.66,189.27,0.129436,0,0
3,1943,493.54,46.82,521.51,-65.72,554.78,-57.46,526.82,55.09,0.129436,0,0
3,1944,551.36,856.47,562.99,862.22,547.27,894.06,535.63,888.31,0.129426,2,0
3,1945,723.76,351.43,729.30,334.71,738.10,337.63,732.56,354.34,0.128785,0,0
3,1946,875.11,772.72,904.60,768.28,907.32,786.28,877.82,790.72,0.128782,2,0
3,1947,1055.97,826.77,1101.85,819.43,1103.42,829.28,1057.54,836.62,0.128782,2,0
3,1950,1323.64,169.23,1344.22,252.47,1320.19,258.41,1299.61,175.17,0.128629,0,0
3,1951,1546.98,492.54,1616.14,440.46,1626.87,454.72,1557.72,506.79,0.128140,0,0
3,1952,126.60,655.12,129.58,668.63,113.62,672.14,110.65,658.63,0.127741,2,0
3,1953,765.20,53.55,809.68,70.25,800.97,93.46,756.49,76.76,0.127718,0,0
3,1955,564.84,573.40,588.41,581.61,584.50,592.82,560.94,584.62,0.127414,2,0
3,1956,1198.18,644.03,1316.34,748.15,1301.67,764.80,1183.51,660.68,0.127161,0,0
3,1957,498.93,620.03,535.77,666.45,519.38,679.46,482.53,633.05,0.125404,2,0
3,1958,379.59,580.66,402.96,622.95,386.59,632.00,363.22,589.71,0.125404,2,0
3,1959,900.22,881.18,906.96,877.19,914.38,889.72,907.64,893.71,0.125027,2,0
3,1960,784.87,767.95,812.50,761.69,814.97,772.60,787.35,778.87,0.125027,2,0
3,1961,893.53,244.31,946.94,399.42,900.90,415.27,847.49,260.16,0.124904,0,0
3,1962,1320.19,278.13,1328.91,372.57,1270.35,377.97,1261.62,283.54,0.124904,0,0
3,1963,519.78,2.12,526.09,15.36,502.02,26.82,495.72,13.59,0.124353,2,0
3,1964,594.96,279.59,605.15,289.38,586.32,308.99,576.13,299.21,0.124353,2,0
3,1967,364.31,334.07,400.26,332.07,401.21,349.09,365.26,351.09,0.124118,2,0
3,1968,540.26,613.83,553.62,611.58,555.46,622.53,542.11,624.78,0.124118,2,0
3,1969,394.85,148.18,424.26,141.60,429.76,166.20,400.36,172.78,0.123417,2,0
3,1970,465.25,211.14,502.50,184.41,517.62,205.48,480.37,232.21,0.123417,2,0
3,1971,337.92,108.70,357.84,101.60,361.69,112.42,341.78,119.52,0.123239,2,0
3,1972,405.83,103.80,440.02,89.58,446.13,104.28,411.95,118.50,0.123239,2,0
3,1973,921.53,184.44,989.43,210.43,974.35,249.85,906.45,223.86,0.122746,0,0
3,1974,1120.88,-35.90,1200.93,-26.38,1193.70,34.41,1113.65,24.89,0.122746,0,0
3,1975,300.43,655.55,313.96,673.60,287.85,693.16,274.33,675.11,0.122661,2,0
3,1976,240.66,570.80,252.39,569.82,253.69,585.51,241.97,586.48,0.122661,2,0
3,1977,574.14,386.14,592.17,355.66,602.98,362.05,584.94,392.53,0.122237,2,0
3,1978,732.05,858.10,734.86,1001.54,703.13,1002.16,700.32,858.72,0.121970,0,0
3,1979,518.36,851.59,553.43,924.90,515.51,943.04,480.43,869.73,0.121905,0,0
3,1980,585.05,936.13,632.26,1003.18,598.73,1026.79,551.51,959.75,0.121905,0,0
3,1981,638.81,274.06,663.97,266.99,668.72,283.91,643.56,290.97,0.120509,2,0
3,1982,394.97,247.57,411.54,270.80,399.69,279.25,383.13,256.01,0.120509,2,0
3,1983,964.97,144.61,988.67,137.28,991.96,147.93,968.27,155.26,0.120367,0,0
3,1985,444.49,147.84,466.95,150.80,463.77,174.96,441.30,172.00,0.119634,2,0
3,1986,465.21,131.01,466.29,106.86,488.20,107.84,487.12,131.99,0.119634,2,0
3,1987,531.78,446.02,540.64,453.16,528.61,468.08,519.75,460.94,0.119300,2,0
3,1988,54.14,154.08,75.09,146.75,76.95,152.08,56.01,159.41,0.119093,2,0
3,1989,117.61,396.46,128.02,384.25,134.98,390.19,124.58,402.40,0.119093,2,0
3,1992,165.19,414.85,178.64,405.57,185.75,415.88,172.30,425.15,0.118637,2,0
3,1993,175.61,643.28,199.04,645.61,198.07,655.42,174.63,653.09,0.118637,2,0
3,1997,948.05,267.54,984.72,263.04,987.00,281.64,950.33,286.14,0.118181,2,0
3,1998,1134.43,67.22,1154.86,86.72,1143.05,99.09,1122.62,79.59,0.118181,2,0
3,2001,766.74,-94.06,847.25,23.40,814.80,45.64,734.29,-71.82,0.118114,0,0
3,2002,819.40,755.65,835.13,798.61,806.39,809.14,790.66,766.18,0.117244,0,0
3,2005,607.98,790.48,610.21,755.83,626.74,756.90,624.51,791.55,0.116403,2,0
3,2006,593.80,870.34,599.26,904.86,570.10,909.47,564.64,874.96,0.116403,2,0
3,2011,1199.11,322.42,1212.71,332.41,1192.12,360.46,1178.52,350.47,0.115774,0,0
3,2016,495.14,694.92,512.58,676.41,520.58,683.95,503.13,702.46,0.114784,2,0
3,2017,825.85,735.62,841.03,739.42,837.55,753.28,822.37,749.47,0.114784,2,0
3,2018,710.27,364.27,738.18,429.63,699.36,446.20,671.45,380.84,0.114498,0,0
3,2019,444.25,748.97,448.53,771.55,438.93,773.37,434.65,750.78,0.114253,2,0
3,2021,431.47,272.15,475.73,311.68,468.37,319.92,424.11,280.39,0.113424,2,0
3,2023,813.09,748.59,820.85,747.16,825.22,770.86,817.46,772.29,0.112845,2,0
3,2027,328.34,784.04,336.51,789.12,330.36,799.01,322.19,793.93,0.110962,2,0
3,2028,461.63,786.70,475.56,786.85,475.42,800.77,461.49,800.63,0.110962,2,0
3,2029,125.41,487.51,139.13,482.30,141.87,489.50,128.14,494.71,0.110863,2,0
3,2030,335.04,797.56,347.29,801.85,344.47,809.91,332.22,805.63,0.110863,2,0
3,2033,412.98,249.43,415.55,265.50,400.59,267.89,398.03,251.81,0.108887,2,0
3,2034,497.14,700.60,498.75,705.08,474.70,713.76,473.08,709.28,0.108887,2,0
3,2035,1126.18,709.35,1153.24,738.66,1147.98,743.51,1120.92,714.20,0.108558,2,0
3,2036,672.06,848.50,685.07,859.68,674.52,871.96,661.51,860.77,0.108558,2,0
3,2039,225.40,735.14,225.54,719.08,236.22,719.18,236.08,735.24,0.107539,2,0
3,2040,208.23,710.81,222.70,717.89,213.66,736.35,199.19,729.26,0.107539,2,0
3,2041,464.35,853.42,474.30,865.14,468.08,870.43,458.13,858.70,0.106970,2,0
3,2042,809.18,847.97,820.20,866.31,812.18,871.13,801.16,852.79,0.106970,2,0
3,2043,480.14,688.55,482.91,697.56,464.48,703.22,461.71,694.21,0.106927,2,0
3,2044,208.66,671.04,210.91,680.42,196.72,683.83,194.47,674.45,0.106927,2,0
3,2046,739.67,464.20,758.79,442.37,768.74,451.09,749.62,472.92,0.104923,2,0
3,2047,753.11,363.63,763.13,388.93,750.99,393.74,740.97,368.43,0.104923,2,0
3,2048,517.90,329.71,556.17,358.93,531.86,390.77,493.59,361.54,0.104710,0,0
3,2049,609.85,334.43,611.01,344.64,590.75,346.96,589.58,336.75,0.104710,0,0
3,2050,102.11,27.99,105.36,14.92,143.13,24.31,139.88,37.38,0.104563,2,0
3,2051,170.87,53.18,175.29,72.41,149.98,78.23,145.56,59.01,0.104563,2,0
3,2052,598.35,688.13,606.61,693.90,600.65,702.45,592.38,696.68,0.104032,2,0
3,2053,443.02,607.45,446.12,623.44,432.46,626.09,429.36,610.10,0.104032,2,0
3,2054,163.99,186.61,185.41,188.52,184.35,200.32,162.94,198.40,0.102894,2,0
3,2055,152.92,586.10,172.79,602.28,167.12,609.24,147.25,593.06,0.102894,2,0
3,2056,1125.47,751.74,1135.12,800.33,1093.78,808.54,1084.13,759.95,0.102249,0,0
3,2057,1072.08,785.55,1102.36,609.61,1181.28,623.19,1151.00,799.13,0.102249,0,0
3,2058,742.57,366.66,772.94,366.98,772.78,382.97,742.41,382.66,0.102207,2,0
3,2059,854.10,533.46,869.97,540.11,864.19,553.88,848.32,547.23,0.102207,2,0
3,2066,319.90,722.03,336.51,720.07,337.47,728.12,320.85,730.09,0.101796,2,0
3,2067,826.05,828.27,844.04,834.18,841.17,842.92,823.18,837.01,0.101796,2,0
3,2068,407.13,160.96,420.86,166.26,417.13,175.94,403.40,170.64,0.101760,2,0
3,2069,380.36,247.14,392.53,253.42,387.94,262.31,375.77,256.03,0.101760,2,0
3,2070,-134.38,678.53,-29.16,673.69,-27.49,710.04,-132.70,714.88,0.101314,0,0
3,2071,90.96,623.34,159.94,644.42,147.47,685.22,78.49,664.14,0.101314,0,0
3,2074,296.70,839.30,329.02,866.22,302.02,898.64,269.69,871.72,0.100984,2,0
3,2075,259.32,583.38,305.58,590.34,303.35,605.17,257.09,598.21,0.100984,2,0
3,2077,796.63,486.75,815.64,576.62,787.77,582.52,768.76,492.65,0.099821,0,0
3,2083,869.64,148.70,874.14,166.59,811.74,182.30,807.24,164.41,0.096892,2,0
3,2084,1000.45,235.21,1026.86,259.94,1017.95,269.46,991.54,244.72,0.096892,2,0
3,2086,235.14,596.37,242.04,602.12,233.85,611.96,226.95,606.21,0.096476,2,0
3,2087,417.62,272.35,435.27,271.24,435.81,279.87,418.16,280.97,0.096019,2,0
3,2091,1054.87,848.04,1125.76,850.39,1125.03,872.39,1054.14,870.04,0.094141,0,0
3,2092,1206.30,890.09,1269.91,907.03,1257.08,955.21,1193.47,938.28,0.094141,0,0
3,2095,777.17,694.47,805.85,807.23,765.83,817.41,737.15,704.65,0.093378,0,0
3,2096,413.39,-27.73,440.52,67.75,389.22,82.32,362.09,-13.16,0.092737,0,0
3,2097,568.24,-150.84,596.46,50.79,551.58,57.07,523.36,-144.55,0.092737,0,0
3,2102,1072.10,411.93,1110.58,396.76,1112.04,400.45,1073.55,415.63,0.092301,2,0
3,2104,172.47,412.64,195.40,416.65,194.16,423.77,171.22,419.77,0.092220,2,0
3,2105,61.82,206.18,79.59,200.15,85.65,218.00,67.88,224.04,0.092220,2,0
3,2108,679.99,800.86,680.70,814.45,669.94,815.01,669.23,801.42,0.091838,2,0
3,2112,446.53,836.17,454.28,914.06,425.95,916.87,418.20,838.99,0.091665,0,0
3,2113,377.95,871.58,386.81,916.55,364.50,920.95,355.64,875.97,0.091665,0,0
3,2114,556.19,328.30,602.50,327.15,603.80,379.36,557.49,380.52,0.091512,0,0
3,2115,-173.85,315.96,-64.73,382.42,-89.47,423.05,-198.59,356.60,0.090963,0,0
3,2116,1086.90,833.13,1087.91,862.44,1060.53,863.38,1059.53,834.07,0.090098,2,0
3,2117,374.89,865.74,394.50,857.25,403.80,878.76,384.19,887.24,0.090098,2,0
3,2118,514.68,48.00,586.15,75.00,575.87,102.20,504.41,75.20,0.089400,0,0
3,2119,236.01,-46.26,257.97,-40.26,252.33,-19.61,230.37,-25.61,0.089400,0,0
3,2122,223.87,794.86,229.83,836.05,214.78,838.23,208.81,797.04,0.088873,2,0
3,2123,273.03,860.64,281.09,903.83,250.33,909.57,242.27,866.39,0.088873,2,0
3,2124,225.78,161.41,227.55,190.33,211.32,191.31,209.56,162.40,0.088383,2,0
3,2125,116.04,423.47,157.16,380.77,165.30,388.61,124.19,431.31,0.088383,2,0
3,2126,497.46,-22.60,516.77,-18.06,503.80,37.10,484.49,32.56,0.088328,2,0
3,2127,71.32,404.79,109.60,396.47,112.10,407.94,73.81,416.26,0.087619,2,0
3,2128,87.83,233.27,106.92,240.41,100.19,258.38,81.10,251.24,0.087619,2,0
3,2130,848.01,932.89,865.14,921.41,886.98,953.98,869.85,965.46,0.086841,0,0
3,2131,820.85,728.67,824.59,731.91,811.24,747.31,807.50,744.07,0.086065,2,0
3,2134,449.19,798.18,462.72,785.11,487.11,810.38,473.58,823.45,0.085776,0,0
3,2135,212.80,491.06,230.23,485.88,234.87,501.49,217.45,506.67,0.085776,0,0
3,2136,974.35,846.12,1013.07,854.00,1011.11,863.61,972.39,855.72,0.084837,2,0
3,2137,1072.92,780.10,1092.58,793.23,1077.74,815.46,1058.08,802.34,0.084837,2,0
3,2138,1544.11,258.50,1687.05,229.05,1693.03,258.11,1550.10,287.56,0.084175,0,0
3,2139,1127.83,327.18,1178.98,275.55,1191.63,288.08,1140.48,339.71,0.084175,0,0
3,2140,432.86,469.39,460.70,450.04,467.58,459.94,439.74,479.29,0.084079,2,0
3,2141,456.73,172.06,496.50,182.72,494.92,188.60,455.15,177.95,0.084079,2,0
3,2142,215.15,202.36,255.10,202.74,254.85,228.45,214.90,228.06,0.083820,0,0
3,2143,271.14,200.26,308.53,220.14,298.10,239.75,260.71,219.87,0.083820,0,0
3,2144,1178.00,545.20,1183.83,502.58,1188.45,503.21,1182.61,545.83,0.083485,2,0
3,2145,808.87,730.04,813.06,746.86,792.11,752.08,787.92,735.26,0.083485,2,0
3,2146,-401.86,153.66,-301.37,201.32,-310.71,221.00,-411.19,173.34,0.082851,0,0
3,2147,22.72,59.37,81.33,66.10,78.38,91.81,19.76,85.07,0.082851,0,0
3,2151,871.52,261.97,882.62,264.80,877.74,283.91,866.64,281.08,0.081709,2,0
3,2152,410.83,678.59,420.59,680.63,417.82,693.90,408.05,691.86,0.080913,2,0
3,2154,1467.55,706.20,1591.83,659.90,1608.00,703.29,1483.72,749.59,0.080873,0,0
3,2155,964.03,339.23,965.39,382.82,946.79,383.40,945.43,339.81,0.079754,2,0
3,2156,53.16,591.52,65.68,628.28,52.08,632.91,39.56,596.16,0.079624,2,0
3,2157,945.61,431.02,994.80,372.91,1015.28,390.24,966.09,448.35,0.079624,2,0
3,2158,670.80,476.16,741.27,524.99,736.01,532.59,665.53,483.76,0.079548,0,0
3,2159,913.69,697.12,935.79,689.04,940.74,702.58,918.64,710.66,0.079290,2,0
3,2161,0.43,69.57,49.16,48.56,61.15,76.37,12.42,97.39,0.078645,0,0
3,2164,1027.49,783.09,1077.34,876.68,1061.26,885.24,1011.41,791.65,0.077031,0,0
3,2165,956.73,896.16,993.31,848.80,1032.71,879.23,996.12,926.59,0.077031,0,0
3,2166,685.13,784.39,696.39,745.13,707.22,748.24,695.96,787.50,0.076971,2,0
3,2167,567.07,881.04,585.73,824.40,596.37,827.91,577.72,884.55,0.076971,2,0
3,2168,120.43,586.97,122.11,566.86,128.94,567.42,127.26,587.54,0.076567,2,0
3,2169,107.04,398.42,107.27,372.44,117.21,372.53,116.98,398.51,0.076567,2,0
3,2170,396.22,487.65,408.00,503.15,395.89,512.36,384.11,496.86,0.076125,2,0
3,2171,659.55,773.07,686.85,784.38,666.09,834.49,638.80,823.19,0.076125,2,0
3,2172,1114.24,343.00,1132.62,297.19,1149.05,303.78,1130.66,349.59,0.075085,2,0
3,2173,959.03,191.20,990.26,202.62,976.84,239.31,945.61,227.88,0.075085,2,0
3,2174,481.19,208.23,486.12,244.03,479.08,245.00,474.16,209.20,0.074992,2,0
3,2175,800.30,518.02,820.38,567.39,800.07,575.65,779.99,526.28,0.074849,0,0
3,2176,92.97,523.53,96.67,505.03,127.50,511.20,123.80,529.70,0.074849,0,0
3,2179,1227.77,243.24,1262.08,249.50,1260.27,259.45,1225.95,253.19,0.074224,0,0
3,2180,973.63,779.29,999.88,819.83,976.67,834.86,950.42,794.32,0.072586,2,0
3,2185,1111.77,404.34,1132.22,410.58,1126.90,428.03,1106.44,421.80,0.071387,2,0
3,2187,1135.64,568.68,1154.64,558.18,1165.10,577.09,1146.10,587.60,0.071171,2,0
3,2188,1028.38,337.84,1061.67,374.25,1050.75,384.24,1017.46,347.83,0.071147,2,0
3,2189,993.39,229.84,1036.28,233.81,1033.63,262.52,990.73,258.55,0.071147,2,0
3,2191,1275.87,407.64,1345.74,572.75,1333.14,578.08,1263.28,412.97,0.070005,0,0
3,2192,1288.01,521.57,1383.25,454.14,1402.18,480.88,1306.94,548.31,0.070005,0,0
3,2193,1207.15,404.72,1253.84,494.60,1220.23,512.06,1173.54,422.17,0.068500,2,0
3,2194,1083.42,480.55,1095.28,590.01,1078.25,591.86,1066.39,482.40,0.068500,2,0
3,2195,176.51,735.95,195.17,738.65,192.78,755.19,174.12,752.49,0.068484,2,0
3,2196,1007.98,714.73,1032.44,760.91,1012.11,771.68,987.64,725.50,0.068484,2,0
3,2198,502.06,725.51,506.46,740.47,496.69,743.34,492.29,728.39,0.068091,2,0
3,2199,420.15,147.33,431.80,161.66,403.78,184.45,392.13,170.12,0.067696,2,0
3,2200,331.93,329.67,335.98,266.32,369.02,268.43,364.97,331.78,0.067696,2,0
3,2201,716.61,775.28,745.04,763.34,750.47,776.28,722.04,788.21,0.067476,2,0
3,2202,53.92,546.45,58.10,523.73,66.86,525.34,62.68,548.06,0.067379,2,0
3,2203,-1.91,394.08,0.47,433.60,-28.51,435.35,-30.89,395.83,0.067331,0,0
3,2204,11.93,604.79,16.52,644.79,1.74,646.48,-2.85,606.49,0.067331,0,0
3,2205,750.31,758.30,815.74,794.07,795.79,830.57,730.36,794.80,0.067003,2,0
3,2206,653.61,447.54,677.00,397.02,680.15,398.47,656.75,449.00,0.066944,2,0
3,2208,1090.18,743.01,1091.21,738.00,1111.94,742.26,1110.91,747.27,0.066910,2,0
3,2209,771.62,694.55,799.25,700.94,795.98,715.12,768.34,708.73,0.066910,2,0
3,2212,87.28,178.19,113.84,255.54,103.13,259.21,76.57,181.86,0.066726,2,0
3,2213,-7.93,94.25,11.33,82.08,22.92,100.41,3.65,112.59,0.066726,2,0
3,2214,1315.71,486.56,1424.56,546.27,1409.59,573.57,1300.73,513.86,0.066492,0,0
3,2215,917.67,636.50,925.33,635.08,930.95,665.35,923.29,666.77,0.066230,2,0
3,2216,887.61,558.16,926.67,556.79,927.18,571.27,888.12,572.64,0.066230,2,0
3,2217,1129.94,343.27,1169.92,324.52,1173.19,331.51,1133.21,350.26,0.066230,2,0
3,2218,89.46,441.89,112.90,431.98,120.84,450.77,97.39,460.67,0.065974,2,0
3,2219,76.51,246.44,102.84,221.69,113.67,233.20,87.33,257.95,0.065974,2,0
3,2220,27.66,372.00,43.29,367.63,46.56,379.33,30.92,383.70,0.065616,2,0
3,2221,199.86,476.22,214.12,464.75,219.05,470.88,204.79,482.35,0.065616,2,0
3,2222,983.28,811.69,1085.24,828.59,1077.46,875.55,975.49,858.65,0.065466,0,0
3,2223,848.52,1149.29,896.75,1124.65,911.21,1152.95,862.98,1177.59,0.065466,0,0
3,2224,372.54,580.58,376.53,582.09,367.48,606.00,363.48,604.48,0.065351,2,0
3,2225,863.36,521.38,883.33,527.00,877.25,548.64,857.27,543.02,0.065351,2,0
3,2226,996.76,431.51,1010.86,479.61,988.77,486.08,974.67,437.98,0.065228,2,0
3,2227,813.67,35.68,891.41,72.86,886.79,82.53,809.04,45.35,0.064982,2,0
3,2228,878.67,710.25,885.94,723.66,874.40,729.92,867.13,716.51,0.064772,2,0
3,2229,370.21,789.91,380.27,817.45,366.88,822.34,356.82,794.80,0.064772,2,0
3,2234,757.58,836.77,758.84,774.55,778.58,774.95,777.32,837.16,0.063578,2,0
3,2236,555.55,207.15,578.95,201.51,580.85,209.39,557.44,215.03,0.062997,2,0
3,2237,1065.53,466.86,1109.73,413.29,1140.08,438.34,1095.88,491.91,0.062766,2,0
3,2238,553.29,814.86,571.18,819.38,559.60,865.24,541.71,860.73,0.061758,2,0
3,2239,1098.68,345.58,1177.19,340.32,1177.71,348.02,1099.19,353.28,0.061758,2,0
3,2240,427.99,693.78,435.51,706.91,426.85,711.87,419.33,698.73,0.061725,2,0
3,2243,103.98,449.74,112.38,429.49,126.94,435.53,118.53,455.78,0.061610,2,0
3,2246,422.28,541.40,431.31,529.54,453.05,546.09,444.01,557.96,0.061173,2,0
3,2247,738.24,576.41,756.67,614.55,737.66,623.73,719.24,585.58,0.061173,2,0
3,2248,776.86,474.85,837.90,544.24,813.76,565.48,752.71,496.09,0.060592,0,0
3,2249,1106.40,810.44,1130.25,848.84,1098.95,868.28,1075.10,829.88,0.060592,0,0
3,2250,350.58,902.23,368.43,924.17,341.44,946.13,323.59,924.19,0.060395,0,0
3,2251,537.46,787.87,566.80,832.46,552.46,841.90,523.12,797.30,0.060395,0,0
3,2252,727.86,693.69,735.52,719.03,713.61,725.66,705.94,700.32,0.060115,2,0
3,2253,149.77,583.56,163.09,525.40,181.69,529.66,168.36,587.82,0.060100,0,0
3,2254,-159.38,424.51,-149.21,477.81,-170.80,481.92,-180.96,428.63,0.060100,0,0
3,2255,1183.16,559.14,1191.42,575.42,1179.45,581.50,1171.19,565.22,0.059938,2,0
3,2258,1182.15,480.75,1195.79,444.62,1204.23,447.81,1190.59,483.93,0.058103,2,0
3,2259,642.32,585.65,654.21,591.30,639.43,622.39,627.55,616.74,0.058103,2,0
3,2260,1015.47,363.90,1065.84,438.89,1046.85,451.64,996.48,376.65,0.057497,2,0
3,2261,1093.05,382.42,1112.14,350.92,1138.17,366.70,1119.08,398.20,0.057106,2,0
3,2264,661.98,768.30,663.65,780.52,651.02,782.24,649.35,770.03,0.056712,2,0
3,2265,315.20,565.38,315.85,556.58,331.20,557.72,330.55,566.53,0.056712,2,0
3,2272,145.30,132.14,172.97,85.71,195.88,99.37,168.21,145.79,0.055916,0,0
3,2274,974.13,774.68,1016.15,797.91,995.94,834.45,953.93,811.22,0.055554,0,0
3,2275,1522.44,259.43,1547.71,289.36,1536.11,299.15,1510.85,269.22,0.055520,0,0
3,2276,1106.59,490.67,1143.23,482.50,1144.41,487.79,1107.77,495.96,0.055520,0,0
3,2277,473.07,611.83,484.17,634.90,455.64,648.62,444.54,625.55,0.055125,2,0
3,2278,937.81,494.90,952.69,544.03,938.25,548.41,923.38,499.27,0.054919,2,0
3,2279,859.12,593.78,913.51,591.24,915.37,631.09,860.98,633.62,0.054811,0,0
3,2280,950.83,248.80,974.78,215.14,992.09,227.46,968.13,261.11,0.054692,2,0
3,2281,1246.60,643.80,1291.81,618.85,1306.76,645.95,1261.55,670.90,0.054404,2,0
3,2283,758.71,659.00,762.16,626.53,779.24,628.34,775.80,660.82,0.054268,2,0
3,2284,514.72,415.81,520.72,469.14,514.35,469.85,508.35,416.53,0.054268,2,0
3,2285,1212.20,899.16,1261.77,999.05,1219.99,1019.79,1170.42,919.89,0.054206,0,0
3,2286,1155.68,517.88,1194.22,545.76,1192.94,547.53,1154.40,519.66,0.054080,2,0
3,2288,19.98,633.47,88.95,598.16,97.12,614.11,28.15,649.42,0.053432,0,0
3,2289,-97.47,537.08,-27.91,588.88,-38.50,603.10,-108.06,551.30,0.053432,0,0
3,2292,799.63,1164.06,823.81,1194.62,794.70,1217.64,770.53,1187.09,0.053405,0,0
3,2293,970.96,831.74,1005.56,959.36,984.22,965.14,949.62,837.52,0.053405,0,0
3,2294,492.59,746.72,495.45,737.04,507.68,740.66,504.82,750.34,0.053383,2,0
3,2295,705.30,954.38,760.16,991.03,739.12,1022.53,684.25,985.88,0.053339,0,0
3,2296,290.84,276.62,313.26,273.59,315.74,291.92,293.32,294.95,0.053320,2,0
3,2299,876.92,687.11,919.26,679.75,924.09,707.52,881.75,714.88,0.053177,2,0
3,2301,485.11,783.09,500.07,790.95,493.98,802.55,479.01,794.68,0.053147,2,0
3,2304,868.23,579.93,883.94,581.88,881.79,599.19,866.08,597.25,0.053104,2,0
3,2305,393.85,537.90,415.76,533.65,418.67,548.62,396.75,552.87,0.053104,2,0
3,2306,1162.54,958.86,1196.31,925.21,1223.71,952.71,1189.94,986.35,0.053033,0,0
3,2307,856.14,611.72,890.35,676.62,869.90,687.40,835.68,622.50,0.052985,0,0
3,2308,1057.62,858.18,1084.36,868.60,1072.99,897.77,1046.25,887.35,0.052985,0,0
3,2309,681.73,759.84,691.47,698.31,742.11,706.33,732.37,767.86,0.052599,2,0
3,2310,647.61,599.64,681.49,636.24,642.10,672.70,608.23,636.11,0.052599,2,0
3,2311,171.46,324.72,177.65,303.51,187.00,306.24,180.81,327.45,0.052448,2,0
3,2312,481.93,435.04,488.63,451.30,471.04,458.54,464.35,442.29,0.052448,2,0
3,2313,725.25,341.62,758.67,393.10,730.57,411.34,697.15,359.86,0.052087,2,0
3,2314,1260.70,632.27,1327.28,725.27,1307.81,739.21,1241.22,646.21,0.052053,0,0
3,2315,1260.76,542.39,1280.45,621.19,1258.64,626.64,1238.96,547.83,0.052053,0,0
3,2316,662.09,569.61,710.97,560.16,716.39,588.18,667.51,597.62,0.051834,2,0
3,2317,658.12,648.74,696.83,651.78,694.96,675.55,656.26,672.52,0.051664,2,0
3,2318,865.55,394.53,914.13,427.65,893.67,457.65,845.10,424.53,0.051513,2,0
3,2319,687.21,701.85,726.04,687.42,737.61,718.55,698.78,732.98,0.051510,0,0
3,2321,781.57,738.46,801.53,723.29,811.54,736.46,791.57,751.63,0.051260,2,0
3,2322,90.17,239.27,93.46,264.97,87.16,265.77,83.87,240.08,0.051222,2,0
3,2323,54.16,555.02,72.92,554.05,73.25,560.43,54.48,561.40,0.051222,2,0
3,2324,663.20,733.33,669.76,753.84,633.82,765.34,627.26,744.83,0.051216,0,0
3,2325,703.38,554.73,754.35,567.00,746.71,598.78,695.73,586.51,0.051216,0,0
3,2326,488.99,1125.87,501.82,1146.62,449.71,1178.84,436.88,1158.09,0.051128,0,0
3,2327,405.07,547.85,485.90,623.47,466.40,644.31,385.57,568.70,0.051128,0,0
3,2328,534.43,657.11,543.71,653.58,550.31,670.90,541.03,674.44,0.050924,2,0
3,2329,1376.28,560.77,1393.60,564.33,1392.31,570.60,1374.99,567.04,0.050924,2,0
3,2330,-51.56,252.99,15.40,275.79,6.74,301.23,-60.22,278.44,0.050886,0,0
3,2331,122.06,230.19,164.24,240.30,158.24,265.34,116.06,255.24,0.050886,0,0
3,2332,1200.65,592.25,1243.93,640.05,1207.56,672.99,1164.28,625.19,0.050808,2,0
3,2333,1328.84,450.81,1353.94,450.07,1354.28,461.71,1329.18,462.45,0.050755,2,0
3,2334,508.51,449.91,529.06,488.50,501.59,503.13,481.04,464.54,0.050755,2,0
3,2335,-174.78,291.13,-139.85,265.28,-135.28,271.45,-170.21,297.30,0.050724,0,0
3,2336,24.93,95.43,60.87,69.02,69.87,81.27,33.93,107.68,0.050724,0,0
3,2337,-55.07,469.58,-23.36,463.24,-21.81,471.01,-53.51,477.36,0.050667,2,0
3,2338,978.62,539.88,1060.21,558.23,1057.06,572.24,975.47,553.88,0.050652,2,0
3,2339,1246.27,828.22,1273.27,832.97,1271.43,843.40,1244.43,838.65,0.050652,2,0
3,2341,850.25,602.31,862.47,575.30,877.60,582.15,865.38,609.16,0.050421,0,0
3,2342,869.56,537.98,901.05,560.19,874.51,597.80,843.03,575.58,0.050377,2,0
3,2343,1403.91,764.61,1457.45,860.74,1442.17,869.25,1388.63,773.12,0.050236,2,0
3,2344,804.39,605.26,812.62,698.84,798.19,700.11,789.96,606.53,0.050236,2,0
3,2345,-32.87,396.35,6.13,388.59,8.33,399.60,-30.68,407.36,0.050172,0,0
3,7,963.59,70.45,1000.52,78.11,996.62,96.95,959.69,89.30,0.278448,0,0
3,8,749.65,207.68,797.98,232.79,787.41,253.14,739.08,228.03,0.303194,0,0
3,12,701.46,25.55,1157.92,98.04,1149.39,151.69,692.94,79.20,0.355470,0,0
3,14,736.14,69.77,809.45,49.90,822.96,99.73,749.65,119.60,0.394306,0,0
3,17,536.54,13.76,615.66,12.61,616.08,41.81,536.97,42.95,0.233689,0,0
3,19,884.97,181.08,938.57,321.05,891.03,339.25,837.43,199.28,0.127783,0,0
3,25,841.28,237.79,892.02,251.58,886.57,271.65,835.82,257.86,0.180467,0,0
3,30,715.71,204.96,734.37,104.19,765.32,109.92,746.67,210.69,0.367074,0,0
3,31,551.23,374.57,910.95,298.24,927.26,375.10,567.54,451.43,0.144818,0,0
3,34,777.99,407.07,778.25,204.19,861.77,204.30,861.51,407.18,0.319163,0,0
3,35,331.83,32.01,352.89,68.96,322.89,86.07,301.82,49.12,0.180323,0,0
3,36,624.95,108.44,635.66,146.21,595.47,157.61,584.76,119.84,0.366614,0,0
3,38,835.95,107.12,837.20,152.52,779.12,154.11,777.87,108.71,0.331424,0,0
3,41,945.60,25.06,965.33,187.70,906.19,194.88,886.45,32.23,0.281402,0,0
3,43,528.31,355.87,802.25,359.90,801.64,401.13,527.71,397.10,0.180003,0,0
3,48,747.45,761.11,852.52,946.71,808.66,971.54,703.59,785.94,0.061707,0,0
3,52,669.24,276.48,824.89,321.73,813.00,362.62,657.35,317.37,0.128629,0,0
3,59,640.10,152.40,670.27,151.47,671.20,181.58,641.03,182.51,0.170892,0,0
3,65,1476.28,347.80,1573.28,344.80,1573.59,354.78,1476.59,357.78,0.065607,0,0
3,78,741.76,71.63,896.63,169.86,861.44,225.36,706.56,127.13,0.224044,0,0
3,79,693.83,239.21,696.12,282.42,665.44,284.04,663.15,240.83,0.334969,0,0
3,81,759.41,2.45,829.01,62.26,814.51,79.12,744.92,19.31,0.308451,0,0
3,90,473.32,62.23,478.87,116.14,454.39,118.66,448.85,64.74,0.303221,0,0
3,91,684.82,157.04,717.57,252.26,676.30,266.46,643.55,171.23,0.416564,0,0
3,94,770.23,374.75,779.14,189.21,844.87,192.37,835.96,377.91,0.232830,0,0
3,95,1096.72,440.23,1118.96,441.59,1118.08,456.08,1095.83,454.71,0.115494,0,0
3,104,504.41,45.32,706.41,48.40,705.55,104.72,503.56,101.64,0.360489,0,0
3,105,574.18,157.20,752.51,-39.39,806.60,9.68,628.27,206.26,0.205653,0,0
3,109,678.95,837.38,691.03,942.86,653.04,947.21,640.96,841.73,0.159131,0,0
3,111,93.03,789.78,137.03,774.93,148.53,809.00,104.52,823.85,0.179279,0,0
3,119,548.46,-104.10,688.77,-8.24,650.18,48.25,509.87,-47.61,0.118114,0,0
3,124,883.80,176.93,944.77,338.68,912.04,351.02,851.06,189.27,0.254884,0,0
3,125,567.04,356.53,590.14,360.78,587.30,376.17,564.20,371.92,0.266860,0,0
3,129,581.27,444.22,582.69,372.89,614.62,373.53,613.21,444.85,0.050421,0,0
3,132,605.10,490.32,649.35,532.11,608.33,575.54,564.08,533.76,0.050851,0,0
3,136,773.79,31.94,796.56,73.61,777.08,84.25,754.31,42.58,0.259479,0,0
3,140,627.97,506.17,637.60,570.18,597.90,576.15,588.27,512.14,0.234856,0,0
3,141,266.87,438.76,298.44,392.80,314.08,403.54,282.50,449.50,0.050172,0,0
3,145,537.09,474.31,594.58,496.85,584.07,523.67,526.57,501.13,0.179286,0,0
3,151,180.38,767.55,199.61,775.46,187.70,804.44,168.46,796.53,0.152809,0,0
3,153,333.33,582.03,336.42,655.82,299.69,657.36,296.60,583.56,0.231962,0,0
3,159,648.52,855.22,666.74,902.70,649.45,909.33,631.23,861.85,0.114813,0,0
3,161,1132.09,108.77,1151.23,220.64,1115.46,226.75,1096.33,114.88,0.151577,0,0
3,164,725.92,103.94,740.09,123.09,729.23,131.14,715.05,111.99,0.113424,2,0
3,165,235.12,186.73,254.99,187.22,254.77,196.09,234.90,195.60,0.096146,2,0
3,166,722.13,71.91,781.61,101.49,770.05,124.72,710.57,95.15,0.098407,2,0
3,169,73.05,101.95,77.83,112.28,65.14,118.14,60.36,107.82,0.210634,2,0
3,172,320.26,762.37,323.32,743.10,339.97,745.75,336.91,765.01,0.234081,2,0
3,175,561.28,210.92,709.19,-127.40,768.87,-101.31,620.96,237.01,0.344834,0,0
3,184,519.29,470.42,539.11,472.60,536.41,497.17,516.59,494.99,0.125100,2,0
3,185,139.58,467.99,149.04,448.29,161.62,454.33,152.16,474.03,0.085792,2,0
3,201,110.69,459.01,134.65,424.20,143.59,430.36,119.63,465.17,0.052606,0,0
3,205,1060.78,199.38,1090.13,161.25,1102.66,170.89,1073.31,209.03,0.058826,2,0
3,206,599.68,810.16,621.50,808.72,624.65,856.53,602.84,857.96,0.138416,2,0
3,208,312.68,412.79,533.58,324.04,558.67,386.49,337.76,475.24,0.170707,0,0
3,209,570.19,359.19,690.14,349.22,694.95,407.09,575.00,417.06,0.191604,0,0
3,211,619.18,483.83,657.57,546.34,624.93,566.38,586.55,503.87,0.133529,0,0
3,215,564.23,882.21,616.43,929.24,590.01,958.56,537.82,911.53,0.114813,0,0
3,218,449.50,9.29,481.56,3.52,485.04,22.83,452.98,28.60,0.206887,0,0
3,220,146.31,788.06,146.48,759.22,159.00,759.29,158.84,788.13,0.167499,2,0
3,225,751.35,74.53,879.79,162.82,870.06,176.97,741.63,88.67,0.174473,0,0
3,238,614.35,340.53,749.75,436.62,731.87,461.81,596.47,365.73,0.144818,0,0
3,246,1128.94,746.58,1167.12,805.10,1139.14,823.36,1100.95,764.84,0.078068,0,0
3,247,713.97,857.86,717.49,885.58,684.65,889.74,681.14,862.03,0.271891,0,0
3,259,1189.92,272.75,1291.83,290.53,1288.43,309.99,1186.53,292.20,0.127718,0,0
3,260,990.81,193.47,1061.12,173.82,1071.72,211.76,1001.42,231.42,0.285195,0,0
3,263,437.65,345.55,461.93,348.99,458.97,369.90,434.68,366.46,0.123527,2,0
3,267,333.14,716.92,422.56,708.26,427.55,759.77,338.14,768.43,0.218317,2,0
3,268,528.77,120.02,562.14,161.17,536.10,182.29,502.73,141.13,0.225991,0,0
3,269,990.92,133.22,998.22,191.80,957.43,196.88,950.14,138.30,0.372640,0,0
3,272,1100.97,577.70,1130.37,651.82,1101.20,663.39,1071.80,589.28,0.099821,0,0
3,281,653.15,44.84,844.65,43.82,844.91,93.72,653.42,94.74,0.360489,0,0
3,292,512.34,128.05,646.46,140.48,643.46,172.85,509.34,160.42,0.217910,2,0
3,293,754.51,81.90,757.82,95.44,746.15,98.29,742.84,84.75,0.266322,2,0
3,299,-65.25,587.75,-55.34,477.57,-38.20,479.11,-48.11,589.29,0.052606,0,0
3,311,362.70,30.45,367.21,42.22,353.05,47.65,348.54,35.89,0.132168,2,0
3,329,1233.67,275.95,1270.16,306.31,1251.43,328.82,1214.94,298.46,0.162541,0,0
3,343,577.83,179.40,584.42,184.93,571.53,200.28,564.94,194.74,0.168471,2,0
3,351,40.13,235.98,69.22,244.27,66.47,253.91,37.38,245.62,0.056457,2,0
3,352,986.47,857.94,994.26,868.23,985.91,874.56,978.11,864.28,0.110838,2,0
3,370,541.79,319.75,542.65,299.11,560.84,299.87,559.98,320.51,0.074992,2,0
3,375,1216.53,769.73,1222.28,799.68,1198.06,804.34,1192.30,774.39,0.107043,0,0
3,383,440.08,813.43,448.16,847.31,422.56,853.41,414.48,819.53,0.114253,2,0
3,392,165.48,610.55,178.97,637.21,156.22,648.72,142.73,622.06,0.067379,2,0
3,394,483.64,825.99,492.69,831.15,485.25,844.20,476.20,839.04,0.070773,2,0
3,395,1195.76,652.71,1207.79,662.95,1198.88,673.41,1186.85,663.18,0.098407,2,0
3,404,1038.82,813.99,1062.72,867.61,1040.31,877.59,1016.42,823.98,0.110838,2,0
3,406,955.13,887.31,959.43,959.49,918.70,961.92,914.39,889.74,0.070810,0,0
3,407,1225.66,819.03,1242.60,932.82,1169.52,943.70,1152.57,829.91,0.111403,0,0
3,419,1226.50,488.54,1308.91,561.92,1274.89,600.13,1192.47,526.74,0.088633,0,0
3,430,1189.80,534.39,1235.18,548.51,1226.46,576.55,1181.08,562.44,0.080873,0,0
3,439,59.01,639.57,71.73,646.87,67.30,654.59,54.58,647.29,0.130127,2,0
3,446,934.21,417.91,959.99,315.20,997.41,324.59,971.63,427.30,0.144852,0,0
3,449,665.32,804.74,710.94,862.41,691.71,877.62,646.09,819.95,0.107043,0,0
3,451,304.62,922.80,314.64,821.68,358.06,825.98,348.04,927.11,0.151628,0,0
3,463,1500.84,227.64,1604.25,332.12,1579.80,356.32,1476.38,251.84,0.050959,0,0
3,464,1251.25,178.71,1296.74,213.49,1278.26,237.65,1232.77,202.87,0.129944,0,0
3,470,774.86,966.63,800.40,991.59,761.40,1031.50,735.86,1006.53,0.053339,0,0
3,473,1394.73,768.83,1426.72,861.46,1398.04,871.37,1366.05,778.73,0.061707,0,0
3,477,689.18,957.12,759.26,818.63,808.40,843.50,738.32,981.99,0.151628,0,0
3,486,1156.49,872.04,1180.86,905.04,1153.14,925.51,1128.77,892.51,0.100566,0,0
3,498,557.57,390.56,580.49,415.96,563.30,431.47,540.38,406.06,0.084971,2,0
3,502,848.09,549.84,848.87,487.41,878.38,487.79,877.60,550.21,0.114498,0,0
3,511,1184.40,325.36,1210.80,288.39,1238.28,308.02,1211.87,344.98,0.128140,0,0
3,513,1146.21,769.44,1151.99,781.45,1133.21,790.49,1127.43,778.48,0.067476,2,0
3,520,326.61,714.73,337.93,719.89,333.44,729.76,322.11,724.60,0.194496,2,0
3,529,705.12,28.57,781.77,156.01,741.14,180.45,664.49,53.01,0.366614,0,0
3,532,78.59,407.88,109.49,418.39,103.80,435.12,72.90,424.60,0.050667,2,0
3,536,397.96,884.01,457.05,869.44,465.90,905.37,406.81,919.93,0.097781,0,0
3,541,900.83,764.63,960.81,839.95,936.60,859.22,876.62,783.90,0.100566,0,0
3,545,1178.52,408.58,1224.28,435.89,1205.16,467.92,1159.41,440.61,0.066492,0,0
3,552,851.73,993.49,878.07,877.75,942.62,892.43,916.28,1008.18,0.070810,0,0
3,584,816.93,572.58,822.32,519.46,842.87,521.55,837.47,574.67,0.219156,2,0
3,591,1049.22,877.74,1128.55,991.22,1091.67,1017.00,1012.34,903.52,0.111403,0,0
3,593,480.21,964.64,494.89,809.99,550.57,815.28,535.89,969.92,0.121970,0,0
3,607,798.80,432.50,947.15,360.76,953.52,373.95,805.17,445.68,0.084971,2,0
3,615,1293.65,553.40,1402.84,667.49,1374.72,694.40,1265.53,580.31,0.140509,0,0
3,616,1255.32,279.16,1259.80,566.49,1193.01,567.53,1188.54,280.20,0.140509,0,0
3,620,248.59,534.74,274.17,570.20,256.71,582.80,231.13,547.33,0.132557,0,0
3,622,1022.50,678.25,1060.01,684.10,1057.12,702.61,1019.61,696.76,0.051510,0,0
3,627,801.05,605.59,827.80,603.99,829.15,626.58,802.40,628.18,0.054692,2,0
3,631,1111.18,539.77,1119.46,529.90,1137.16,544.76,1128.88,554.63,0.055652,2,0
3,632,642.36,416.50,683.75,384.99,706.89,415.38,665.49,446.89,0.053983,2,0
3,634,703.77,340.74,740.67,341.13,740.47,360.35,703.57,359.96,0.213006,2,0
3,638,933.13,828.91,947.92,855.89,914.04,874.46,899.25,847.48,0.065008,2,0
3,645,431.28,405.12,471.02,429.39,467.70,434.83,427.96,410.55,0.147006,2,0
3,647,564.95,548.57,586.78,557.42,578.04,579.01,556.20,570.16,0.054919,2,0
3,650,745.72,739.25,776.31,779.35,750.53,799.01,719.94,758.91,0.067003,2,0
3,652,393.11,732.39,402.78,729.14,407.09,741.96,397.42,745.22,0.158151,2,0
3,658,742.12,777.44,758.27,776.14,759.41,790.26,743.26,791.57,0.169633,2,0
3,664,674.06,750.99,695.30,787.80,670.43,802.15,649.19,765.34,0.072586,2,0
3,667,835.51,768.06,838.45,746.89,859.36,749.79,856.41,770.97,0.129426,2,0
3,668,1242.76,383.73,1261.75,336.22,1299.54,351.33,1280.55,398.83,0.127783,0,0
3,682,77.57,255.92,101.57,227.79,111.33,236.12,87.33,264.25,0.073654,2,0
3,687,873.42,740.76,908.18,739.48,908.71,753.69,873.95,754.98,0.066230,2,0
3,690,-70.11,137.36,24.85,139.49,24.35,162.01,-70.61,159.88,0.078645,0,0
3,721,951.89,784.78,968.92,764.15,992.09,783.27,975.06,803.90,0.055554,0,0
3,728,-1717.51,5214.57,3033.30,-3611.85,3033.33,-3611.83,-1717.48,5214.59,0.250327,2,0
3,751,725.26,522.37,731.56,503.48,745.87,508.25,739.58,527.14,0.053383,2,0
3,760,1361.23,803.02,1402.76,653.21,1439.47,663.39,1397.94,813.20,0.052335,0,0
3,768,794.18,824.15,830.00,828.22,826.59,858.21,790.77,854.14,0.097781,0,0
3,776,69.81,205.09,185.71,320.10,156.23,349.81,40.33,234.80,0.090963,0,0
3,782,735.52,467.63,772.27,425.92,782.86,435.26,746.11,476.96,0.185442,2,0
3,787,968.88,658.44,981.42,683.45,962.14,693.12,949.60,668.11,0.065008,2,0
3,801,1082.58,470.22,1100.47,513.05,1078.96,522.03,1061.07,479.21,0.149198,2,0
3,811,293.38,449.24,316.48,469.17,305.92,481.40,282.82,461.47,0.123527,2,0
3,816,1160.97,342.21,1173.63,384.90,1148.35,392.40,1135.69,349.71,0.065228,2,0
3,825,191.30,441.16,213.61,445.63,211.29,457.18,188.98,452.71,0.096019,2,0
3,831,395.51,422.35,494.49,387.65,502.70,411.08,403.72,445.78,0.142206,0,0
3,832,1067.89,611.71,1114.11,529.21,1140.92,544.23,1094.70,626.72,0.053409,0,0
3,841,644.91,616.76,656.35,568.44,674.77,572.80,663.33,621.13,0.059938,2,0
3,843,626.95,542.38,730.51,612.97,708.31,645.54,604.75,574.95,0.050851,0,0
3,844,771.11,669.48,780.26,702.64,761.37,707.85,752.22,674.68,0.055125,2,0
3,847,805.32,615.61,831.35,623.16,827.20,637.46,801.17,629.91,0.075743,2,0
3,851,629.77,311.45,718.38,569.54,672.66,585.24,584.05,327.15,0.231962,0,0
3,852,765.24,287.16,772.31,328.90,742.34,333.98,735.27,292.23,0.060115,2,0
3,853,866.42,647.22,887.69,637.70,896.00,656.24,874.73,665.77,0.053177,2,0
3,855,931.17,678.09,940.80,700.08,927.27,706.00,917.64,684.01,0.063578,2,0
3,860,838.14,464.31,878.50,314.43,905.29,321.65,864.93,471.52,0.079754,2,0
3,861,718.82,629.96,750.09,625.72,752.06,640.26,720.79,644.50,0.055652,2,0
3,865,52.97,392.03,73.74,391.56,74.18,410.66,53.40,411.13,0.073045,0,0
3,875,677.61,620.82,731.24,586.36,746.30,609.80,692.67,644.26,0.051834,2,0
3,881,919.41,699.71,949.59,693.82,956.10,727.13,925.92,733.03,0.053033,0,0
3,889,1458.10,711.60,1459.70,584.95,1495.03,585.40,1493.43,712.05,0.052335,0,0
3,891,505.39,704.33,564.31,680.12,578.01,713.48,519.09,737.68,0.125100,2,0
3,895,1182.75,458.46,1251.12,513.65,1210.31,564.21,1141.94,509.02,0.088633,0,0
3,901,1351.26,512.46,1363.92,432.89,1386.82,436.54,1374.16,516.10,0.138090,0,0
3,907,1310.17,646.30,1363.14,648.69,1361.65,681.55,1308.68,679.16,0.109993,0,0
4,2,537.64,328.16,599.79,323.17,601.68,346.73,539.53,351.72,0.185226,0,0
4,32,666.82,386.90,671.13,502.75,609.08,505.06,604.76,389.21,0.384374,0,0
4,44,634.84,145.03,684.17,311.11,640.98,323.93,591.66,157.85,0.271819,0,0
4,92,876.70,11.89,929.13,-28.28,946.08,-6.16,893.65,34.02,0.099125,0,0
4,137,491.29,185.02,696.85,217.02,688.67,269.60,483.10,237.60,0.113620,0,0
4,188,1070.54,616.45,1298.24,594.06,1304.17,654.40,1076.47,676.79,0.084351,0,0
4,210,398.31,610.73,410.94,668.46,379.38,675.37,366.74,617.64,0.202815,0,0
4,255,962.38,7.59,1077.02,193.41,1036.05,218.68,921.42,32.86,0.182783,0,0
4,330,468.40,190.99,618.27,217.57,610.50,261.36,460.63,234.78,0.161687,0,0
4,469,1036.35,260.16,1098.49,279.71,1085.86,319.84,1023.72,300.29,0.131538,0,0
4,510,808.12,206.66,828.25,360.12,772.67,367.41,752.54,213.95,0.369057,0,0
4,823,1009.59,286.27,1110.31,402.18,1082.38,426.45,981.66,310.54,0.061793,0,0
4,833,1160.55,116.05,1515.45,264.35,1491.52,321.61,1136.62,173.31,0.070327,0,0
4,842,746.87,276.59,761.33,108.97,821.63,114.17,807.17,281.79,0.316568,0,0
4,919,745.26,171.80,749.30,66.12,790.01,67.67,785.97,173.35,0.225632,0,0
4,938,1086.58,243.06,1296.31,202.95,1303.46,240.34,1093.73,280.46,0.199975,0,0
4,940,883.42,183.83,906.33,336.34,843.65,345.76,820.74,193.24,0.275865,0,0
4,947,836.34,-56.38,859.38,59.13,803.24,70.33,780.20,-45.19,0.231585,0,0
4,949,437.65,191.69,464.29,253.73,432.64,267.32,406.00,205.27,0.120276,0,0
4,959,635.24,38.11,760.87,179.56,707.13,227.30,581.50,85.85,0.228723,0,0
4,961,986.61,167.22,1057.46,187.83,1047.57,221.84,976.72,201.22,0.225566,0,0
4,962,1268.53,601.81,1344.54,651.24,1320.89,687.60,1244.88,638.18,0.082913,0,0
4,995,552.29,238.69,753.88,38.07,811.08,95.54,609.48,296.16,0.204466,0,0
4,1002,961.12,130.18,1145.26,233.02,1124.96,269.36,940.83,166.51,0.194862,0,0
4,1091,699.32,69.11,736.95,217.36,703.32,225.89,665.69,77.65,0.082176,0,0
4,1139,190.61,164.39,210.00,163.92,210.27,174.90,190.88,175.38,0.108102,2,0
4,1157,1202.98,774.69,1224.40,679.06,1254.47,685.79,1233.05,781.43,0.094838,0,0
4,1265,666.13,817.60,690.71,834.05,677.38,853.96,652.80,837.50,0.126001,2,0
4,1343,1197.60,671.49,1284.29,726.47,1273.32,743.76,1186.63,688.78,0.051000,0,0
4,1361,349.02,470.56,370.86,445.80,389.74,462.44,367.90,487.20,0.055560,2,0
4,1425,180.06,536.47,216.76,507.09,228.54,521.81,191.85,551.19,0.083116,2,0
4,1430,1102.76,624.68,1194.20,437.89,1243.87,462.20,1152.44,649.00,0.052068,0,0
4,1482,155.10,426.04,173.70,425.42,174.01,434.54,155.41,435.17,0.113906,2,0
4,1511,615.92,615.51,681.92,611.38,683.52,636.90,617.52,641.03,0.055175,2,0
4,1561,700.47,582.92,861.98,578.49,863.25,624.46,701.73,628.89,0.051392,2,0
4,1613,1106.95,727.40,1228.54,526.91,1277.56,556.64,1155.97,757.13,0.095625,0,0
4,1640,1274.24,773.35,1431.76,841.08,1405.72,901.64,1248.20,833.91,0.061574,0,0
4,1641,904.72,562.05,941.93,649.35,917.57,659.73,880.37,572.43,0.051488,2,0
4,1691,580.47,557.65,692.42,581.56,686.31,610.14,574.36,586.23,0.057854,2,0
4,1706,754.19,778.12,763.80,703.14,791.64,706.71,782.04,781.69,0.058192,2,0
4,1715,1201.19,572.62,1285.22,483.45,1324.70,520.65,1240.67,609.82,0.056834,0,0
4,1737,420.85,154.59,457.77,134.13,471.18,158.32,434.25,178.78,0.119039,0,0
4,1739,888.90,84.17,976.33,147.73,953.63,178.95,866.20,115.39,0.131538,0,0
4,1740,623.47,210.15,678.71,338.52,647.86,351.80,592.62,223.43,0.331671,0,0
4,1746,589.39,209.74,628.77,276.34,603.71,291.16,564.33,224.55,0.233279,0,0
4,1763,1059.12,548.71,1169.36,634.14,1158.34,648.36,1048.10,562.93,0.051564,0,0
4,1771,509.86,749.49,522.03,764.00,515.19,769.73,503.02,755.23,0.132358,2,0
4,1778,953.45,590.66,963.33,588.95,965.37,600.73,955.49,602.43,0.081049,2,0
4,1795,969.82,684.95,971.15,670.21,991.03,672.00,989.71,686.74,0.091320,2,0
4,1804,688.90,562.82,729.33,588.36,718.73,605.15,678.30,579.60,0.055796,2,0
4,1805,857.11,447.64,976.60,430.46,981.44,464.14,861.96,481.32,0.122249,0,0
4,1806,819.13,383.97,821.14,286.42,857.24,287.17,855.23,384.71,0.161145,0,0
4,1820,618.03,112.92,644.41,133.59,625.30,157.98,598.92,137.31,0.219371,0,0
4,1822,264.18,742.20,269.64,756.48,260.93,759.81,255.47,745.54,0.098510,2,0
4,1823,344.41,11.79,415.32,39.81,401.76,74.12,330.85,46.10,0.215956,0,0
4,1824,122.57,668.16,123.26,656.76,132.04,657.30,131.35,668.69,0.057767,2,0
4,1830,974.58,265.08,1145.08,82.13,1180.60,115.23,1010.10,298.18,0.362072,0,0
4,1844,584.92,327.75,624.87,371.10,590.22,403.03,550.27,359.68,0.137530,0,0
4,1864,381.90,390.30,389.00,418.59,368.21,423.81,361.11,395.52,0.107795,2,0
4,1881,-45.66,426.56,-36.66,445.48,-61.14,457.12,-70.14,438.20,0.055173,0,0
4,1890,864.40,807.42,914.13,719.91,937.62,733.26,887.89,820.77,0.173400,0,0
4,1892,240.85,394.75,267.26,406.70,262.92,416.28,236.51,404.33,0.056434,2,0
4,1898,680.60,435.95,699.08,418.47,730.73,451.92,712.25,469.40,0.130699,2,0
4,1900,729.72,151.70,1059.10,242.93,1048.97,279.50,719.60,188.27,0.314408,0,0
4,1917,1272.68,779.81,1392.49,684.51,1426.88,727.75,1307.08,823.05,0.123484,0,0
4,1929,-16.94,525.07,-0.64,521.48,1.08,529.30,-15.22,532.89,0.050983,2,0
4,1931,43.31,576.02,103.09,558.57,112.36,590.32,52.57,607.77,0.058012,0,0
4,1939,557.86,639.35,566.98,637.25,569.67,648.92,560.55,651.02,0.060870,2,0
4,1944,627.35,841.00,631.57,847.51,614.46,858.58,610.25,852.06,0.181550,2,0
4,1946,1028.55,812.63,1047.24,799.85,1054.99,811.20,1036.30,823.97,0.069914,2,0
4,1956,1140.59,648.81,1427.06,858.95,1397.06,899.84,1110.59,689.70,0.054035,0,0
4,1958,472.70,592.80,489.57,664.08,461.48,670.73,444.61,599.45,0.095123,2,0
4,1967,109.08,434.17,130.16,421.56,136.17,431.59,115.09,444.21,0.061479,2,0
4,1971,534.43,543.02,562.76,545.18,561.57,560.73,533.25,558.57,0.083885,2,0
4,1973,656.40,262.18,705.10,322.79,669.57,351.34,620.87,290.73,0.106247,0,0
4,1974,770.41,14.68,786.96,32.83,774.20,44.47,757.65,26.33,0.087054,0,0
4,1988,4.97,74.46,58.84,73.19,59.17,87.02,5.30,88.30,0.079563,2,0
4,2002,804.39,788.71,852.36,789.32,851.95,821.56,803.98,820.95,0.084606,0,0
4,2005,244.96,514.25,258.30,496.50,266.62,502.75,253.28,520.50,0.062495,2,0
4,2011,969.04,190.83,999.51,184.81,1011.40,245.03,980.93,251.05,0.281056,0,0
4,2028,206.86,681.07,208.45,657.07,232.73,658.68,231.14,682.68,0.064907,2,0
4,2035,1105.41,584.41,1140.46,586.74,1140.05,592.98,1105.00,590.65,0.079921,2,0
4,2040,223.01,795.66,224.00,809.78,206.16,811.03,205.17,796.91,0.072209,2,0
4,2043,657.30,754.53,666.68,761.43,653.20,779.78,643.82,772.88,0.065995,2,0
4,2053,550.17,824.42,571.95,829.42,567.67,848.07,545.89,843.07,0.114804,2,0
4,2056,980.68,691.31,1034.20,699.94,1027.03,744.40,973.51,735.77,0.054035,0,0
4,2057,1213.06,446.14,1266.29,469.89,1256.10,492.74,1202.87,468.99,0.067975,0,0
4,2071,91.56,594.28,125.85,613.22,114.78,633.26,80.49,614.31,0.061839,0,0
4,2077,1159.28,453.49,1243.82,431.83,1250.53,458.04,1165.99,479.70,0.051381,0,0
4,2096,69.40,-9.14,117.54,19.55,102.29,45.13,54.15,16.44,0.100789,0,0
4,2101,372.62,377.93,514.30,360.23,516.33,376.46,374.64,394.16,0.150467,2,0
4,2104,84.27,379.82,102.13,394.46,97.52,400.08,79.66,385.44,0.065804,2,0
4,2118,759.75,96.63,1008.35,8.30,1042.38,104.05,793.77,192.38,0.240938,0,0
4,2124,119.07,317.23,136.35,305.07,143.18,314.78,125.90,326.93,0.096370,2,0
4,2130,754.40,862.58,766.49,841.93,805.86,864.97,793.77,885.63,0.164047,0,0
4,2155,818.92,355.55,825.53,389.17,811.09,392.01,804.47,358.39,0.266847,2,0
4,2196,530.30,586.86,533.58,549.99,549.87,551.44,546.59,588.31,0.095330,2,0
4,2200,253.12,462.32,254.04,417.60,277.42,418.08,276.50,462.80,0.076707,2,0
4,2209,956.72,692.19,983.65,684.24,987.72,698.02,960.79,705.98,0.055965,2,0
4,2216,1146.12,538.80,1180.61,444.39,1216.23,457.40,1181.74,551.81,0.051387,2,0
4,2222,1033.42,650.92,1079.97,689.93,1062.22,711.11,1015.67,672.11,0.194366,0,0
4,2244,712.83,459.92,726.05,463.23,720.06,487.21,706.83,483.90,0.126573,2,0
4,2248,908.34,598.51,914.56,546.84,932.42,548.99,926.20,600.66,0.052938,0,0
4,2249,1154.05,724.04,1184.09,716.78,1190.04,741.38,1159.99,748.64,0.090488,0,0
4,2278,919.01,687.27,969.33,732.18,956.03,747.09,905.70,702.18,0.053512,2,0
4,2279,1329.33,411.28,1358.01,450.65,1329.48,471.43,1300.80,432.06,0.051114,0,0
4,2280,755.08,177.91,778.89,177.20,779.26,189.46,755.45,190.17,0.143032,2,0
4,2285,1137.24,829.00,1223.03,845.63,1216.04,881.69,1130.25,865.06,0.125753,0,0
4,2309,658.21,704.03,658.71,723.32,643.13,723.72,642.63,704.43,0.065025,2,0
4,2315,1297.28,636.98,1339.51,609.23,1347.27,621.03,1305.04,648.78,0.055663,0,0
4,2316,855.25,480.15,858.90,431.34,886.83,433.43,883.19,482.24,0.053611,2,0
4,2318,713.48,486.47,760.51,515.24,742.91,544.00,695.89,515.24,0.052207,2,0
4,2319,1394.81,723.31,1408.36,753.42,1385.46,763.73,1371.90,733.63,0.051185,0,0
4,2324,552.09,843.34,553.55,859.25,527.99,861.60,526.53,845.69,0.103513,0,0
4,2325,1063.95,328.89,1066.42,223.45,1133.15,225.01,1130.69,330.45,0.214652,0,0
4,2338,886.24,551.67,1022.67,583.12,1017.27,606.57,880.83,575.12,0.052047,2,0
4,2342,1113.25,544.07,1139.77,547.41,1135.76,579.17,1109.24,575.83,0.054147,2,0
4,2344,638.17,636.46,665.62,740.56,649.33,744.86,621.88,640.75,0.055367,2,0
4,8,848.05,208.46,935.53,182.26,946.50,218.88,859.02,245.08,0.320993,0,0
4,14,905.39,-39.09,1000.03,-66.96,1019.38,-1.29,924.74,26.58,0.191553,0,0
4,17,641.05,14.59,668.40,0.26,673.71,10.40,646.36,24.73,0.133358,0,0
4,19,699.03,147.33,710.70,269.05,670.45,272.91,658.78,151.19,0.301393,0,0
4,38,728.68,100.37,741.27,131.98,703.86,146.89,691.26,115.29,0.231585,0,0
4,41,922.77,105.95,1035.03,89.78,1040.75,129.48,928.49,145.65,0.362072,0,0
4,48,485.86,888.47,752.26,897.04,750.16,962.27,483.76,953.70,0.050615,0,0
4,52,829.71,159.98,977.66,275.44,946.74,315.06,798.80,199.60,0.306934,0,0
4,79,582.73,325.67,611.63,357.40,589.42,377.63,560.52,345.90,0.363913,0,0
4,90,1180.46,-40.14,1214.22,-8.79,1200.07,6.46,1166.30,-24.89,0.052921,0,0
4,94,700.80,198.05,714.28,341.34,663.31,346.14,649.83,202.84,0.354930,0,0
4,132,604.03,477.31,663.98,510.59,632.08,568.06,572.13,534.78,0.224952,0,0
4,153,475.27,780.24,545.99,743.27,564.44,778.56,493.72,815.53,0.133194,0,0
4,161,1142.82,194.36,1252.91,147.44,1268.05,182.95,1157.95,229.87,0.176902,0,0
4,165,114.98,98.22,118.66,113.19,112.20,114.78,108.52,99.81,0.093279,2,0
4,166,893.17,219.65,898.37,277.08,877.21,279.00,872.00,221.56,0.049820,2,0
4,206,310.82,617.68,314.04,607.87,333.62,614.30,330.40,624.11,0.150534,2,0
4,211,829.19,292.89,889.93,375.88,847.32,407.07,786.57,324.08,0.241553,0,0
4,299,68.48,440.23,201.78,340.79,217.66,362.08,84.37,461.52,0.052372,0,0
4,329,1062.99,546.41,1100.29,510.80,1121.72,533.25,1084.43,568.87,0.065145,0,0
4,370,605.71,286.94,610.46,305.25,594.54,309.38,589.79,291.08,0.221105,2,0
4,375,1101.08,915.75,1137.88,935.75,1122.57,963.92,1085.77,943.92,0.056756,0,0
4,406,1013.16,832.56,1072.06,804.10,1087.95,836.98,1029.05,865.44,0.055322,0,0
4,407,991.70,825.60,1012.85,889.33,973.93,902.25,952.78,838.52,0.051927,0,0
4,419,1387.08,592.43,1454.18,661.60,1424.87,690.02,1357.78,620.85,0.064390,0,0
4,464,181.55,175.78,199.38,197.06,188.16,206.46,170.33,185.18,0.050414,0,0
4,477,435.31,892.71,542.46,886.06,544.84,924.52,437.70,931.17,0.067821,0,0
4,511,1281.43,389.80,1309.29,433.04,1278.46,452.90,1250.60,409.65,0.095212,0,0
4,552,1040.12,785.61,1057.07,875.35,1009.57,884.31,992.63,794.58,0.056694,0,0
4,607,901.66,473.05,1156.87,565.82,1148.35,589.27,893.13,496.50,0.049597,2,0
4,616,965.35,370.55,1194.05,298.67,1211.02,352.67,982.32,424.54,0.125666,0,0
4,622,1231.32,506.86,1312.20,470.92,1329.03,508.80,1248.15,544.74,0.063114,0,0
4,645,191.20,349.74,276.13,290.40,284.48,302.36,199.55,361.70,0.089148,2,0
4,664,-14126997.00,2786597.25,14128491.00,-2785538.75,14128493.00,-2785528.25,-14126995.00,2786607.75,0.224842,2,0
4,667,653.43,737.87,659.40,750.11,647.83,755.76,641.85,743.52,0.084041,2,0
4,760,1203.49,429.84,1280.66,415.56,1283.94,433.30,1206.77,447.58,0.063934,0,0
4,782,1046.88,583.78,1081.79,518.96,1098.14,527.76,1063.24,592.58,0.053624,2,0
4,811,506.31,574.08,560.40,563.62,566.02,592.71,511.93,603.17,0.060087,2,0
4,841,676.38,713.41,789.54,708.54,791.44,752.53,678.27,757.41,0.051856,2,0
4,843,1315.59,596.36,1355.28,682.20,1328.32,694.66,1288.64,608.83,0.052806,0,0
4,844,689.33,750.96,693.80,790.14,671.16,792.73,666.69,753.54,0.135838,2,0
4,847,821.69,680.30,864.72,671.98,869.32,695.73,826.28,704.05,0.051022,2,0
4,851,722.64,378.79,950.01,466.11,934.08,507.60,706.71,420.28,0.064138,0,0
4,853,953.94,735.09,962.54,773.73,928.95,781.20,920.35,742.56,0.052985,2,0
4,875,636.77,708.44,638.25,747.39,620.90,748.04,619.43,709.10,0.113025,2,0
4,881,1156.97,564.15,1182.68,582.00,1166.63,605.13,1140.92,587.29,0.052068,0,0
4,895,1005.36,409.71,1077.63,412.44,1075.66,464.80,1003.39,462.07,0.050941,0,0
4,2348,708.89,382.20,738.47,447.86,703.06,463.82,673.47,398.16,0.384374,0,0
4,2349,633.80,170.49,682.55,253.60,641.25,277.82,592.50,194.71,0.354930,0,0
4,2350,629.50,169.40,661.78,327.42,630.14,333.88,597.86,175.87,0.331671,0,0
4,2351,660.59,171.72,715.93,237.79,659.98,284.65,604.64,218.58,0.316568,0,0
4,2352,617.50,292.31,695.05,295.14,693.67,333.01,616.12,330.18,0.314408,0,0
4,2353,706.43,335.84,713.61,465.02,668.23,467.54,661.04,338.37,0.311222,0,0
4,2354,895.56,9.37,955.35,73.42,916.84,109.37,857.04,45.32,0.311017,0,0
4,2355,631.22,236.03,703.34,278.47,684.01,311.32,611.89,268.88,0.303136,0,0
4,2356,635.58,417.12,646.34,488.19,559.99,501.27,549.23,430.19,0.303136,0,0
4,2357,592.21,66.13,664.21,123.30,630.83,165.34,558.83,108.17,0.301393,0,0
4,2358,621.74,375.41,693.48,306.22,725.73,339.66,654.00,408.85,0.290454,0,0
4,2359,1157.50,418.83,1162.77,480.04,1136.22,482.34,1130.94,421.12,0.275865,0,0
4,2360,203.35,94.00,218.36,84.61,223.17,92.30,208.17,101.69,0.267364,2,0
4,2361,857.99,437.45,868.98,462.00,859.40,466.29,848.41,441.73,0.266847,2,0
4,2362,627.40,244.34,666.87,262.56,653.71,291.06,614.24,272.84,0.260314,0,0
4,2363,1065.06,85.79,1070.09,67.28,1082.86,70.75,1077.83,89.26,0.259356,2,0
4,2364,744.43,116.53,746.00,130.17,736.08,131.31,734.50,117.68,0.259356,2,0
4,2365,616.50,253.44,642.23,380.40,597.52,389.47,571.79,262.50,0.253126,0,0
4,2366,604.77,287.59,621.38,350.87,605.86,354.95,589.24,291.67,0.253126,0,0
4,2367,586.10,415.50,721.80,441.41,714.18,481.29,578.48,455.38,0.233279,0,0
4,2368,309.37,25.68,323.90,110.01,287.79,116.23,273.27,31.90,0.232196,0,0
4,2369,492.99,136.41,498.90,172.35,469.26,177.22,463.36,141.28,0.229236,0,0
4,2370,344.63,49.20,366.58,44.04,369.58,56.84,347.63,61.99,0.226930,2,0
4,2371,867.93,32.41,920.25,37.18,919.41,46.36,867.09,41.60,0.226930,2,0
4,2372,602.83,294.29,636.19,369.26,581.38,393.66,548.01,318.68,0.226161,0,0
4,2373,705.80,147.08,741.61,229.31,724.51,236.76,688.70,154.52,0.225632,0,0
4,2374,485.24,312.32,505.37,374.20,471.91,385.09,451.78,323.21,0.224952,0,0
4,2375,706.74,243.76,724.54,248.49,715.63,282.02,697.84,277.30,0.224842,2,0
4,2377,618.11,854.57,624.09,868.09,616.07,871.63,610.09,858.11,0.223571,2,0
4,2378,837.21,158.03,851.36,139.18,886.07,165.25,871.92,184.10,0.222688,0,0
4,2379,740.41,34.98,780.65,8.13,796.38,31.70,756.14,58.55,0.222688,0,0
4,2380,803.32,45.66,816.33,59.59,811.90,63.73,798.88,49.80,0.214652,0,0
4,2384,251.95,149.13,262.05,165.75,248.62,173.92,238.52,157.30,0.208963,2,0
4,2385,359.40,101.80,366.89,120.36,356.21,124.67,348.72,106.11,0.208963,2,0
4,2386,613.08,567.21,621.22,580.43,614.66,584.47,606.52,571.25,0.206648,0,0
4,2388,310.63,689.51,359.21,702.33,350.31,736.04,301.73,723.22,0.202815,0,0
4,2389,718.50,327.72,718.76,360.71,706.15,360.81,705.88,327.82,0.201329,2,0
4,2390,740.69,183.22,765.18,187.46,761.54,208.47,737.05,204.23,0.200661,2,0
4,2391,752.94,-21.90,784.38,65.57,731.28,84.66,699.84,-2.82,0.200092,0,0
4,2392,1190.78,248.13,1306.55,233.94,1309.89,261.18,1194.12,275.38,0.199975,0,0
4,2393,355.33,722.30,383.76,714.08,388.13,729.21,359.71,737.43,0.195053,2,0
4,2394,455.43,658.34,486.77,668.40,484.35,675.96,453.00,665.90,0.195053,2,0
4,2395,115.67,722.48,162.83,916.35,102.88,930.93,55.72,737.06,0.194366,0,0
4,2396,1021.77,53.29,1027.06,13.10,1055.93,16.90,1050.65,57.09,0.193817,2,0
4,2397,743.86,118.07,789.29,120.34,788.01,145.99,742.58,143.72,0.193817,2,0
4,2398,664.25,319.81,710.74,301.04,719.52,322.78,673.02,341.55,0.190818,0,0
4,2402,535.18,393.19,548.05,418.24,542.19,421.26,529.31,396.21,0.184006,2,0
4,2403,765.99,225.62,778.85,239.25,772.50,245.24,759.65,231.61,0.184006,2,0
4,2404,590.35,264.10,621.21,265.24,620.30,290.06,589.43,288.93,0.182743,0,0
4,2405,695.57,392.19,722.91,392.00,723.01,406.92,695.67,407.11,0.182743,0,0
4,2406,377.21,167.61,379.70,183.48,369.65,185.06,367.16,169.19,0.182531,2,0
4,2407,124.32,352.15,131.91,370.60,121.82,374.74,114.24,356.29,0.182531,2,0
4,2408,724.60,262.62,752.98,361.61,712.65,373.18,684.27,274.18,0.179587,0,0
4,2409,417.97,750.16,420.48,767.17,410.64,768.62,408.13,751.61,0.179157,2,0
4,2410,636.33,319.11,665.24,314.95,669.35,343.58,640.45,347.73,0.178249,0,0
4,2411,322.30,369.91,379.36,394.54,370.62,414.78,313.56,390.15,0.178249,0,0
4,2412,443.86,574.01,447.13,601.06,413.61,605.11,410.34,578.07,0.176104,2,0
4,2413,577.71,440.76,603.07,443.32,601.61,457.82,576.24,455.26,0.176104,2,0
4,2414,556.21,290.81,564.93,300.11,551.75,312.48,543.02,303.18,0.175137,2,0
4,2415,550.36,192.79,555.53,209.82,538.02,215.14,532.84,198.12,0.175137,2,0
4,2416,645.74,320.91,731.27,319.67,731.69,349.12,646.16,350.36,0.173812,0,0
4,2417,1138.53,384.85,1167.68,388.24,1164.80,412.99,1135.65,409.60,0.173812,0,0
4,2418,801.21,476.28,824.80,489.56,822.52,493.60,798.94,480.32,0.172787,2,0
4,2419,614.08,425.02,706.08,468.50,675.42,533.37,583.42,489.89,0.171373,0,0
4,2420,352.03,605.43,366.41,619.41,354.96,631.18,340.58,617.20,0.170947,2,0
4,2422,992.68,856.62,1003.42,867.12,990.71,880.12,979.97,869.62,0.170345,2,0
4,2425,546.74,365.97,614.28,348.86,614.72,350.56,547.17,367.67,0.169829,2,0
4,2426,612.00,-26.94,628.33,91.71,582.47,98.03,566.14,-20.62,0.168923,0,0
4,2427,152.73,842.95,229.08,860.72,223.48,884.80,147.12,867.03,0.168824,0,0
4,2428,75.20,716.73,152.02,701.79,157.88,731.93,81.07,746.88,0.168824,0,0
4,2429,534.80,403.17,552.03,406.58,550.34,415.09,533.11,411.68,0.167720,2,0
4,2431,751.11,409.30,764.12,395.37,769.37,400.27,756.36,414.20,0.165242,2,0
4,2433,409.01,650.47,412.35,636.12,429.12,640.03,425.78,654.38,0.164237,2,0
4,2434,1144.60,902.92,1213.64,881.74,1220.82,905.14,1151.78,926.32,0.164047,0,0
4,2435,449.10,105.31,468.38,91.66,477.02,103.87,457.74,117.52,0.163817,2,0
4,2436,384.34,268.68,405.26,256.54,409.58,263.99,388.67,276.13,0.163817,2,0
4,2437,784.47,243.01,789.09,276.09,778.64,277.55,774.02,244.46,0.162454,2,0
4,2438,556.26,423.93,570.23,445.73,553.06,456.74,539.09,434.94,0.162132,2,0
4,2441,599.44,365.64,614.52,399.96,598.85,406.85,583.76,372.53,0.159917,2,0
4,2442,538.64,542.12,545.58,530.22,560.31,538.81,553.37,550.71,0.158334,2,0
4,2443,405.58,767.40,438.67,767.97,438.43,782.15,405.33,781.57,0.158172,2,0
4,2445,308.99,152.84,325.25,145.25,328.19,151.56,311.93,159.14,0.157354,2,0
4,2446,398.55,804.66,403.55,812.46,382.79,825.75,377.80,817.94,0.155895,2,0
4,2447,887.28,866.18,890.47,893.75,873.73,895.69,870.53,868.12,0.155492,2,0
4,2448,734.81,485.24,783.21,572.47,759.09,585.85,710.69,498.62,0.153379,0,0
4,2449,619.47,442.33,638.35,330.28,710.04,342.36,691.17,454.41,0.153379,0,0
4,2451,282.24,543.68,291.10,544.80,289.20,559.86,280.34,558.75,0.153219,2,0
4,2452,622.05,874.55,626.92,884.10,618.22,888.54,613.35,878.98,0.152243,2,0
4,2454,467.57,375.88,473.12,403.17,450.09,407.85,444.55,380.56,0.152001,2,0
4,2455,940.30,232.91,968.40,215.95,979.00,233.51,950.89,250.47,0.152001,2,0
4,2456,409.72,80.57,420.20,89.12,414.77,95.78,404.28,87.24,0.151474,2,0
4,2458,399.74,367.48,420.96,382.28,414.29,391.84,393.07,377.05,0.150588,2,0
4,2459,380.02,144.51,409.43,136.31,411.74,144.59,382.33,152.79,0.150588,2,0
4,2460,759.91,369.16,773.00,380.99,763.15,391.90,750.05,380.07,0.149189,2,0
4,2462,695.00,341.82,701.13,341.10,703.10,357.79,696.96,358.52,0.147043,0,0
4,2464,777.52,184.13,787.04,187.15,782.17,202.49,772.65,199.47,0.145784,2,0
4,2473,242.20,155.69,256.92,157.62,255.39,169.28,240.67,167.35,0.142688,2,0
4,2474,343.54,260.46,353.64,240.31,359.41,243.21,349.30,263.35,0.139962,2,0
4,2475,1043.90,74.69,1064.60,102.87,1053.46,111.05,1032.76,82.87,0.139788,2,0
4,2477,598.73,192.01,617.11,188.63,618.22,194.64,599.84,198.03,0.139735,2,0
4,2478,677.66,-182.31,739.20,-131.84,697.77,-81.33,636.24,-131.79,0.137953,0,0
4,2480,317.15,161.26,327.78,158.90,330.92,173.07,320.29,175.43,0.136053,2,0
4,2481,413.06,668.56,414.36,638.33,427.64,638.90,426.35,669.13,0.135838,2,0
4,2482,375.99,162.35,393.06,151.26,401.19,163.77,384.13,174.86,0.135447,2,0
4,2484,1195.12,873.83,1199.59,843.91,1214.90,846.20,1210.43,876.12,0.134921,0,0
4,2485,678.79,-183.33,704.26,-146.67,663.59,-118.42,638.12,-155.08,0.134835,0,0
4,2487,1208.73,220.75,1216.45,234.40,1210.32,237.87,1202.59,224.22,0.134279,2,0
4,2493,1062.90,385.01,1063.77,368.78,1075.22,369.40,1074.34,385.62,0.132534,2,0
4,2495,358.39,305.25,377.26,297.20,379.47,302.38,360.61,310.43,0.132362,2,0
4,2496,260.91,562.41,267.20,558.13,278.51,574.75,272.22,579.03,0.132316,2,0
4,2497,544.61,139.11,548.72,112.26,563.18,114.47,559.07,141.33,0.132316,2,0
4,2501,1143.38,369.07,1149.37,366.81,1158.92,392.10,1152.93,394.36,0.128271,2,0
4,2504,469.17,317.05,482.33,331.40,463.44,348.71,450.29,334.35,0.127677,0,0
4,2505,474.87,444.16,484.34,467.59,458.11,478.20,448.63,454.77,0.127677,0,0
4,2509,429.86,848.66,453.65,852.48,451.39,866.55,427.60,862.73,0.126001,2,0
4,2510,1120.61,493.20,1167.78,582.13,1148.33,592.45,1101.17,503.51,0.125753,0,0
4,2511,1185.16,482.04,1296.87,462.13,1300.68,483.52,1188.97,503.44,0.125666,0,0
4,2513,487.34,833.39,495.32,847.93,484.96,853.62,476.97,839.08,0.124820,2,0
4,2514,718.63,1.00,736.39,4.41,732.67,23.84,714.90,20.44,0.124583,2,0
4,2515,323.46,8.92,326.51,29.05,312.96,31.10,309.92,10.97,0.123566,2,0
4,2517,525.51,764.66,532.17,780.54,523.86,784.03,517.20,768.14,0.122869,2,0
4,2518,519.70,842.14,520.99,824.17,531.37,824.91,530.08,842.89,0.122869,2,0
4,2519,696.89,554.87,700.80,531.04,719.34,534.08,715.44,557.91,0.122674,2,0
4,2520,672.97,350.01,689.30,339.09,707.95,366.97,691.62,377.89,0.122249,0,0
4,2521,575.61,331.47,576.63,319.61,589.01,320.66,588.00,332.53,0.122172,2,0
4,2525,67.73,111.37,79.76,104.67,83.62,111.60,71.59,118.30,0.120670,2,0
4,2526,32.36,74.26,50.27,71.16,51.56,78.59,33.65,81.70,0.120670,2,0
4,2527,739.97,908.40,752.12,867.73,796.41,880.95,784.26,921.63,0.120264,0,0
4,2528,134.01,720.36,148.08,759.60,128.30,766.69,114.23,727.45,0.118570,2,0
4,2529,242.23,147.70,243.75,172.34,231.36,173.11,229.83,148.46,0.118362,2,0
4,2532,282.91,-15.16,296.57,-21.31,307.36,2.66,293.70,8.81,0.117586,0,0
4,2533,1063.36,169.30,1077.56,162.71,1091.45,192.64,1077.26,199.23,0.117586,0,0
4,2534,151.14,659.24,153.32,667.08,140.95,670.52,138.77,662.68,0.116743,2,0
4,2535,865.91,890.64,871.22,886.00,883.03,899.52,877.72,904.15,0.116433,2,0
4,2537,418.44,507.76,420.82,504.92,444.49,524.76,442.11,527.60,0.115805,2,0
4,2538,1181.09,728.37,1196.25,722.83,1201.97,738.47,1186.82,744.01,0.115758,2,0
4,2541,746.41,258.65,767.37,269.96,756.44,290.20,735.48,278.89,0.115474,2,0
4,2546,859.73,453.86,893.41,437.84,901.66,455.17,867.97,471.20,0.114513,2,0
4,2547,1156.04,495.53,1180.54,472.76,1188.52,481.35,1164.02,504.11,0.114513,2,0
4,2548,117.51,233.62,161.32,257.91,141.90,292.93,98.09,268.64,0.113620,0,0
4,2549,1113.01,416.14,1125.56,452.51,1111.78,457.27,1099.23,420.89,0.113385,2,0
4,2550,1121.51,345.70,1122.13,321.10,1137.01,321.48,1136.38,346.08,0.113385,2,0
4,2552,528.73,667.01,537.71,681.97,505.47,701.32,496.49,686.35,0.111728,2,0
4,2553,332.86,692.50,339.17,734.17,320.21,737.04,313.90,695.37,0.111084,0,0
4,2554,381.72,799.02,382.24,856.17,346.08,856.50,345.56,799.34,0.111084,0,0
4,2558,181.48,454.67,192.06,465.98,177.13,479.95,166.55,468.65,0.109011,2,0
4,2559,578.77,174.41,614.27,181.05,612.43,190.88,576.93,184.24,0.109011,2,0
4,2561,191.33,520.78,193.77,539.02,181.28,540.69,178.84,522.45,0.108630,2,0
4,2563,826.82,897.47,840.12,795.39,872.32,799.58,859.03,901.67,0.107798,0,0
4,2564,977.00,963.17,1011.47,1020.05,983.50,1037.00,949.03,980.12,0.107798,0,0
4,2565,235.63,360.60,249.46,384.45,237.85,391.18,224.03,367.32,0.107795,2,0
4,2566,112.41,381.97,134.73,380.29,135.90,395.81,113.58,397.49,0.107742,2,0
4,2567,939.37,534.21,987.16,562.55,974.15,584.48,926.37,556.14,0.107587,2,0
4,2569,1136.89,76.58,1232.36,167.69,1228.90,171.31,1133.43,80.21,0.106981,0,0
4,2571,73.79,659.75,89.36,660.19,89.05,671.35,73.48,670.92,0.106655,2,0
4,2572,1057.00,498.22,1099.60,427.60,1111.92,435.04,1069.33,505.66,0.106247,0,0
4,2575,300.41,282.34,321.08,282.34,321.08,297.89,300.41,297.89,0.105652,2,0
4,2576,314.93,296.79,348.96,287.78,351.08,295.80,317.06,304.81,0.105652,2,0
4,2579,462.27,842.10,486.01,840.37,487.00,853.93,463.26,855.66,0.105157,2,0
4,2580,1043.06,856.62,1066.78,860.54,1063.66,879.42,1039.94,875.50,0.105157,2,0
4,2581,748.46,215.42,754.11,210.91,768.21,228.57,762.56,233.08,0.104958,2,0
4,2582,-9.21,637.29,-3.95,627.61,33.78,648.12,28.52,657.79,0.104889,0,0
4,2583,250.55,623.82,300.34,653.33,288.83,672.75,239.04,643.24,0.104889,0,0
4,2584,337.81,473.52,340.74,489.33,319.94,493.18,317.01,477.37,0.103737,2,0
4,2585,205.59,509.02,206.88,479.71,213.76,480.01,212.46,509.33,0.103737,2,0
4,2586,403.50,189.89,419.81,189.59,420.06,203.49,403.75,203.79,0.103616,2,0
4,2587,470.16,-3.65,505.86,-3.76,505.91,12.42,470.21,12.53,0.103616,2,0
4,2588,250.07,599.24,253.10,581.76,259.76,582.91,256.72,600.40,0.103465,0,0
4,2589,5.74,892.12,11.70,899.80,-0.06,908.93,-6.02,901.25,0.103465,0,0
4,2590,788.99,420.27,821.86,423.69,820.15,440.14,787.28,436.72,0.103245,2,0
4,2591,726.64,535.65,726.79,553.60,689.31,553.92,689.16,535.97,0.103245,2,0
4,2593,492.33,349.37,494.13,331.58,504.86,332.67,503.06,350.45,0.101876,2,0
4,2594,153.45,123.64,209.93,162.86,196.88,181.65,140.41,142.42,0.100789,0,0
4,2595,564.27,787.08,565.78,820.22,553.44,820.78,551.93,787.65,0.099752,2,0
4,2596,251.57,498.47,263.67,511.07,256.16,518.28,244.06,505.68,0.099666,2,0
4,2597,656.72,89.97,753.40,92.38,753.03,107.51,656.34,105.10,0.099125,0,0
4,2600,431.74,824.17,439.69,808.52,454.69,816.15,446.74,831.80,0.098510,2,0
4,2601,1154.63,362.59,1163.91,348.58,1171.59,353.66,1162.31,367.68,0.098143,2,0
4,2602,469.43,117.07,475.79,102.19,487.99,107.41,481.62,122.29,0.098143,2,0
4,2605,822.62,-14.77,855.76,-36.65,861.91,-27.32,828.78,-5.44,0.097599,2,0
4,2606,191.77,37.22,210.33,30.20,214.76,41.89,196.20,48.91,0.097599,2,0
4,2607,908.19,417.77,921.25,460.88,897.63,468.04,884.57,424.93,0.096443,2,0
4,2608,146.89,328.48,149.69,345.98,132.27,348.76,129.48,331.26,0.095039,2,0
4,2609,1050.40,813.05,1076.47,799.83,1085.60,817.85,1059.53,831.06,0.094389,0,0
4,2610,509.65,613.60,525.47,624.18,518.04,635.28,502.22,624.70,0.094034,2,0
4,2612,722.79,808.29,735.12,753.58,755.38,758.15,743.05,812.85,0.093258,0,0
4,2613,194.05,290.92,220.02,328.78,211.61,334.55,185.64,296.68,0.092189,2,0
4,2614,614.82,791.00,616.02,755.31,639.05,756.08,637.86,791.77,0.091553,2,0
4,2615,939.45,793.87,973.66,767.13,993.69,792.75,959.48,819.49,0.091553,2,0
4,2616,523.96,762.06,545.25,759.59,547.17,776.17,525.88,778.64,0.090223,2,0
4,2621,576.95,174.03,603.85,168.91,605.16,175.81,578.26,180.93,0.088127,2,0
4,2622,1201.07,824.47,1221.46,813.54,1225.88,821.79,1205.49,832.72,0.088127,2,0
4,2623,157.34,363.26,163.39,378.11,132.36,390.76,126.31,375.91,0.088058,2,0
4,2624,4.76,441.19,19.56,418.66,39.48,431.74,24.69,454.27,0.088058,2,0
4,2625,792.72,811.27,813.34,860.55,782.34,873.52,761.72,824.24,0.087953,0,0
4,2626,1093.18,842.17,1113.10,895.48,1094.05,902.59,1074.13,849.28,0.087953,0,0
4,2627,1206.10,560.40,1311.02,631.62,1277.18,681.47,1172.26,610.25,0.087940,0,0
4,2628,89.60,734.78,120.94,768.65,106.90,781.64,75.56,747.77,0.087882,0,0
4,2629,151.48,719.52,155.86,742.12,115.38,749.97,111.00,727.37,0.087882,0,0
4,2630,998.18,855.53,1053.67,855.78,1053.60,871.15,998.12,870.91,0.087608,2,0
4,2631,1114.83,785.99,1165.20,816.61,1148.87,843.47,1098.50,812.85,0.087608,2,0
4,2632,1126.56,349.90,1129.42,348.02,1153.71,385.07,1150.85,386.95,0.087580,2,0
4,2633,159.08,538.65,190.96,523.19,202.13,546.23,170.25,561.68,0.087337,2,0
4,2634,1150.38,272.92,1153.36,302.22,1125.81,305.01,1122.83,275.71,0.087078,2,0
4,2635,547.15,760.51,565.19,757.83,570.21,791.61,552.17,794.29,0.086217,2,0
4,2636,152.34,327.84,176.97,311.16,181.73,318.20,157.10,334.87,0.086217,2,0
4,2637,431.75,433.29,448.90,425.88,454.02,437.75,436.88,445.16,0.085688,2,0
4,2638,678.21,424.24,727.50,441.88,720.14,462.44,670.85,444.80,0.085234,0,0
4,2639,234.93,631.08,265.79,603.92,273.71,612.93,242.85,640.08,0.084645,0,0
4,2640,-7.19,498.89,11.20,496.17,13.16,509.45,-5.23,512.17,0.084645,0,0
4,2641,488.26,984.43,517.81,963.88,535.50,989.32,505.94,1009.87,0.084606,0,0
4,2642,1303.98,507.14,1449.61,496.73,1451.54,523.72,1305.91,534.13,0.084351,0,0
4,2643,-5.83,321.87,28.84,303.93,39.27,324.07,4.59,342.02,0.084328,2,0
4,2644,106.51,666.12,152.21,690.71,140.74,712.02,95.04,687.43,0.084328,2,0
4,2645,789.22,778.92,789.59,798.78,776.56,799.03,776.19,779.17,0.084041,2,0
4,2647,169.23,12.18,206.26,118.42,173.64,129.79,136.60,23.55,0.082870,0,0
4,2648,1047.78,-73.19,1072.15,9.32,1042.42,18.10,1018.05,-64.41,0.082870,0,0
4,2649,1027.05,443.12,1175.09,479.02,1168.61,505.72,1020.57,469.82,0.082493,0,0
4,2650,445.07,-58.20,458.28,-40.89,414.96,-7.83,401.75,-25.13,0.082176,0,0
4,2651,785.44,362.93,870.43,327.86,882.51,357.14,797.52,392.21,0.082062,0,0
4,2652,1189.73,149.99,1254.91,91.32,1264.87,102.40,1199.69,161.06,0.082062,0,0
4,2653,641.97,480.04,688.14,392.58,709.75,403.99,663.58,491.45,0.081829,0,0
4,2654,1210.02,312.88,1218.76,341.15,1189.05,350.34,1180.31,322.07,0.081614,2,0
4,2658,498.05,825.65,504.26,833.03,492.49,842.94,486.27,835.56,0.080518,2,0
4,2659,280.43,93.53,308.05,79.79,313.90,91.53,286.28,105.28,0.080395,2,0
4,2661,1140.18,417.28,1159.71,438.34,1156.97,440.88,1137.44,419.82,0.079391,2,0
4,2662,541.79,251.14,563.70,280.57,550.16,290.65,528.25,261.22,0.078856,2,0
4,2663,178.58,440.06,191.94,461.50,169.98,475.18,156.62,453.74,0.078856,2,0
4,2664,186.22,344.24,188.43,367.49,174.69,368.80,172.47,345.55,0.077289,2,0
4,2665,-9.68,312.96,49.58,312.37,49.77,331.87,-9.48,332.46,0.077165,2,0
4,2666,93.73,349.83,153.04,335.15,159.57,361.50,100.26,376.19,0.077165,2,0
4,2667,1197.78,702.10,1202.08,741.39,1186.46,743.10,1182.16,703.82,0.077135,2,0
4,2668,139.61,470.75,160.23,465.90,162.07,473.72,141.45,478.57,0.077052,2,0
4,2669,201.03,258.53,219.78,220.94,226.88,224.48,208.13,262.07,0.077052,2,0
4,2670,1230.16,97.56,1323.09,16.94,1330.43,25.39,1237.50,106.01,0.076823,0,0
4,2673,811.07,776.49,820.46,750.32,835.98,755.88,826.59,782.06,0.076566,2,0
4,2679,476.31,732.21,478.21,754.95,457.17,756.71,455.27,733.97,0.074965,2,0
4,2680,915.39,465.76,940.52,475.44,936.02,487.14,910.89,477.45,0.074806,2,0
4,2681,1066.85,553.19,1104.22,555.71,1103.82,561.59,1066.46,559.06,0.074143,2,0
4,2682,1122.42,858.88,1159.85,848.81,1161.62,855.39,1124.20,865.47,0.074143,2,0
4,2683,1152.12,624.92,1180.90,662.27,1177.65,664.78,1148.86,627.43,0.073316,2,0
4,2688,1190.14,272.92,1193.04,299.04,1188.18,299.58,1185.28,273.46,0.072363,2,0
4,2689,957.15,820.46,974.53,812.19,984.18,832.46,966.80,840.73,0.071782,2,0
4,2690,894.86,905.38,919.46,876.59,936.10,890.81,911.50,919.60,0.071782,2,0
4,2691,127.35,642.26,156.57,680.38,120.87,707.73,91.66,669.61,0.071755,0,0
4,2692,-55.29,516.86,117.67,623.21,100.20,651.62,-72.76,545.27,0.071755,0,0
4,2693,784.59,714.60,791.14,736.80,771.89,742.47,765.35,720.27,0.071641,2,0
4,2694,591.96,789.48,607.19,804.32,597.49,814.28,582.26,799.44,0.071641,2,0
4,2695,855.38,818.45,884.00,817.85,884.19,826.92,855.56,827.52,0.071184,2,0
4,2698,1112.81,62.94,1121.39,66.91,1107.94,95.96,1099.36,91.99,0.070495,0,0
4,2701,1480.87,458.30,1536.27,600.19,1509.40,610.68,1454.00,468.79,0.069613,0,0
4,2702,1160.22,391.94,1165.79,431.86,1142.58,435.09,1137.01,395.18,0.069103,2,0
4,2703,242.31,772.18,276.58,781.42,272.52,796.49,238.25,787.26,0.067949,2,0
4,2706,485.72,663.85,488.74,668.42,471.07,680.07,468.06,675.50,0.067024,2,0
4,2709,215.03,210.21,226.62,204.63,232.16,216.15,220.56,221.72,0.066374,2,0
4,2710,1093.64,477.85,1130.46,548.09,1111.34,558.11,1074.53,487.87,0.065273,0,0
4,2713,500.96,449.48,511.51,464.05,505.03,468.74,494.48,454.17,0.065148,2,0
4,2714,1130.44,818.84,1162.54,836.60,1157.41,845.87,1125.31,828.11,0.065035,2,0
4,2715,389.21,847.56,390.91,857.53,374.06,860.41,372.36,850.43,0.065035,2,0
4,2716,354.25,796.77,357.66,787.43,371.88,792.63,368.47,801.96,0.065025,2,0
4,2717,514.80,320.13,518.40,298.07,528.75,299.76,525.16,321.82,0.064427,2,0
4,2718,253.88,130.65,284.31,121.85,288.68,136.99,258.26,145.78,0.063527,0,0
4,2719,242.07,632.81,249.91,650.64,233.10,658.03,225.26,640.20,0.062805,2,0
4,2726,-4.42,545.29,23.97,556.13,16.33,576.15,-12.06,565.31,0.062494,2,0
4,2727,673.10,272.31,791.47,247.96,794.06,260.60,675.70,284.94,0.062355,2,0
4,2728,714.35,809.30,791.65,693.79,819.48,712.41,742.19,827.93,0.061793,0,0
4,2729,338.65,542.43,343.78,555.78,331.37,560.54,326.25,547.19,0.061748,2,0
4,2730,311.51,429.65,314.84,445.32,293.99,449.75,290.66,434.09,0.061748,2,0
4,2731,437.30,192.16,486.24,211.03,482.53,220.66,433.59,201.79,0.061653,0,0
4,2733,498.23,478.78,512.35,480.31,510.28,499.34,496.17,497.81,0.060966,2,0
4,2737,120.78,633.63,134.57,626.81,138.34,634.43,124.55,641.25,0.060151,2,0
4,2738,433.91,606.65,458.99,610.68,455.47,632.56,430.39,628.52,0.060087,2,0
4,2739,640.78,647.48,662.85,640.59,673.94,676.15,651.87,683.04,0.059980,2,0
4,2744,1215.94,778.20,1313.70,805.51,1306.96,829.63,1209.20,802.32,0.058818,0,0
4,2745,1020.77,710.16,1077.38,742.78,1065.28,763.78,1008.66,731.16,0.058818,0,0
4,2747,389.82,500.89,390.36,492.37,409.01,493.55,408.47,502.07,0.058717,2,0
4,2748,678.23,474.14,692.63,464.33,716.55,499.45,702.15,509.26,0.058113,2,0
4,2749,700.97,565.93,701.61,510.02,724.45,510.28,723.80,566.19,0.058113,2,0
4,2750,-151.03,617.71,-74.10,564.99,-59.93,585.67,-136.86,638.38,0.058012,0,0
4,2751,326.34,547.82,347.40,596.13,314.18,610.61,293.12,562.30,0.057977,2,0
4,2752,293.03,477.08,323.15,494.79,311.57,514.48,281.45,496.77,0.057977,2,0
4,2753,138.59,223.97,149.37,268.47,112.08,277.50,101.30,233.00,0.057674,0,0
4,2754,1264.20,424.83,1318.10,366.00,1331.47,378.24,1277.58,437.08,0.057674,0,0
4,2755,877.72,585.17,900.97,581.47,902.56,591.42,879.30,595.12,0.057420,2,0
4,2757,121.83,632.51,138.26,611.52,145.16,616.91,128.73,637.91,0.057224,2,0
4,2759,1647.12,443.19,1746.29,362.56,1774.50,397.25,1675.33,477.88,0.056834,0,0
4,2762,902.20,607.95,930.58,616.72,926.62,629.52,898.24,620.75,0.056660,2,0
4,2763,707.04,528.45,728.49,554.00,719.22,561.78,697.78,536.23,0.056660,2,0
4,2764,656.62,287.28,711.98,294.08,710.41,306.84,655.05,300.04,0.056508,2,0
4,2765,132.40,473.29,135.82,435.75,149.55,437.00,146.13,474.54,0.056465,0,0
4,2768,709.87,860.11,730.09,865.18,721.49,899.50,701.27,894.43,0.056438,0,0
4,2769,544.06,652.61,561.25,659.14,554.38,677.21,537.19,670.67,0.056198,2,0
4,2770,1066.99,479.26,1109.81,475.66,1111.00,489.77,1068.17,493.37,0.055978,2,0
4,2772,998.93,253.05,1026.06,296.03,1010.42,305.90,983.29,262.93,0.055175,2,0
4,2773,-14.68,561.61,42.88,628.00,21.74,646.33,-35.82,579.93,0.055173,0,0
4,2774,280.30,398.33,283.11,420.00,270.95,421.58,268.14,399.91,0.055053,2,0
4,2775,307.53,461.68,330.77,453.79,337.04,472.25,313.80,480.14,0.054927,2,0
4,2778,421.42,554.45,425.86,589.87,395.90,593.62,391.46,558.20,0.054765,2,0
4,2779,1034.98,703.16,1050.99,721.25,1043.12,728.20,1027.12,710.11,0.054739,2,0
4,2780,623.18,588.12,637.95,597.11,628.76,612.21,613.99,603.23,0.054739,2,0
4,2781,822.20,490.66,843.00,564.36,840.33,565.11,819.53,491.42,0.054487,2,0
4,2782,902.93,585.01,934.84,639.83,909.86,654.37,877.95,599.55,0.054487,2,0
4,2785,808.73,617.54,845.25,640.78,836.80,654.06,800.28,630.82,0.054102,2,0
4,2786,777.87,669.34,793.72,682.06,786.79,690.68,770.95,677.96,0.054068,2,0
4,2787,535.09,802.14,571.56,809.51,567.86,827.80,531.39,820.42,0.054068,2,0
4,2790,702.98,617.87,728.73,625.19,726.82,631.93,701.06,624.61,0.053621,2,0
4,2794,1250.95,234.42,1448.33,204.69,1448.55,206.13,1251.17,235.86,0.053074,0,0
4,2795,655.17,594.26,668.66,599.99,663.60,611.93,650.10,606.20,0.052922,2,0
4,2796,492.15,364.40,503.70,366.88,500.37,382.37,488.82,379.89,0.052922,2,0
4,2797,433.01,212.60,460.25,238.19,451.99,246.98,424.76,221.38,0.052920,2,0
4,2798,718.49,534.97,732.69,551.44,719.58,562.74,705.38,546.28,0.052920,2,0
4,2799,972.88,417.13,973.27,427.87,955.20,428.53,954.81,417.79,0.052833,2,0
4,2800,718.89,728.30,739.50,716.98,743.03,723.40,722.42,734.73,0.052639,2,0
4,2801,882.77,508.20,898.48,507.48,899.16,522.17,883.45,522.90,0.052549,2,0
4,2802,804.64,700.69,806.26,709.42,783.78,713.59,782.16,704.86,0.052549,2,0
4,2803,757.22,736.23,767.50,821.33,737.52,824.95,727.24,739.85,0.052484,0,0
4,2804,664.36,575.45,686.44,632.66,666.85,640.22,644.77,583.02,0.052484,0,0
4,2805,782.42,630.95,816.53,608.69,831.62,631.81,797.51,654.07,0.052366,2,0
4,2806,923.00,609.72,959.26,667.68,940.21,679.60,903.95,621.64,0.052366,2,0
4,2807,815.05,881.64,823.41,850.13,847.11,856.42,838.75,887.93,0.052077,0,0
4,2808,1133.86,1008.55,1150.35,1021.12,1142.77,1031.06,1126.28,1018.49,0.052077,0,0
4,2809,1259.15,777.87,1324.98,859.80,1315.52,867.40,1249.69,785.47,0.052073,0,0
4,2810,720.30,605.07,821.77,657.10,808.58,682.83,707.11,630.80,0.052047,2,0
4,2811,1011.43,300.09,1051.48,389.74,1044.49,392.86,1004.45,303.21,0.052023,2,0
4,2812,1111.71,626.13,1157.33,654.93,1135.69,689.22,1090.06,660.42,0.052023,2,0
4,2815,448.38,1130.82,462.16,1132.59,458.28,1162.81,444.50,1161.04,0.051927,0,0
4,2816,540.77,614.16,565.62,612.10,566.71,625.17,541.86,627.23,0.051838,2,0
4,2817,1059.35,594.06,1061.88,608.57,1037.70,612.80,1035.16,598.28,0.051838,2,0
4,2819,715.89,1083.57,723.79,1061.52,740.61,1067.55,732.70,1089.60,0.051577,0,0
4,2820,400.68,1075.65,409.79,1073.92,417.22,1113.04,408.12,1114.77,0.051577,0,0
4,2821,1180.21,307.27,1298.80,370.46,1290.80,385.48,1172.21,322.28,0.051564,0,0
4,2823,1115.07,645.28,1142.73,645.22,1142.77,663.69,1115.10,663.74,0.051342,2,0
4,2824,1214.20,698.86,1247.99,716.17,1245.04,721.93,1211.25,704.62,0.051342,2,0
4,2825,769.41,350.40,824.05,382.24,811.48,403.81,756.84,371.97,0.051341,0,0
4,2826,1183.08,379.36,1208.11,394.87,1175.84,446.94,1150.81,431.43,0.051279,0,0
4,2827,815.14,690.38,892.97,708.55,878.25,771.64,800.41,753.46,0.051128,2,0
4,2828,-348.15,541.91,-249.16,487.30,-239.03,505.66,-338.02,560.27,0.051128,0,0
4,2829,30.02,546.77,110.18,538.58,112.08,557.20,31.92,565.38,0.051128,0,0
4,2831,923.03,487.81,931.33,387.35,953.92,389.22,945.62,489.68,0.051084,2,0
4,2832,1172.07,632.49,1226.47,631.08,1227.14,657.03,1172.75,658.44,0.051022,2,0
4,2833,798.14,1029.59,862.77,1010.51,881.13,1072.72,816.50,1091.80,0.050962,0,0
4,2834,225.67,741.50,233.74,725.77,275.40,747.14,267.33,762.87,0.050962,0,0
4,2837,864.20,611.83,927.37,679.08,907.58,697.66,844.42,630.41,0.050839,2,0
4,2838,-108.34,624.54,-86.11,613.91,-83.57,619.23,-105.79,629.86,0.050696,0,0
4,2839,378.49,826.03,403.79,866.39,377.99,882.56,352.69,842.20,0.050620,0,0
4,2840,895.06,702.19,918.26,650.85,925.49,654.12,902.29,705.45,0.050620,0,0
4,2842,-137.49,109.88,-114.90,128.74,-127.07,143.31,-149.66,124.44,0.050414,0,0
4,2843,650.72,580.07,683.43,649.69,670.18,655.91,637.47,586.29,0.050383,2,0
4,2844,1252.21,353.52,1287.36,359.39,1284.39,377.19,1249.24,371.33,0.050359,0,0
4,2845,754.27,356.35,796.81,353.22,798.54,376.69,755.99,379.81,0.050359,0,0
4,2846,1209.08,654.85,1255.14,684.30,1236.56,713.37,1190.50,683.91,0.050324,2,0
4,2847,627.58,662.70,715.01,682.86,708.76,709.97,621.33,689.81,0.050324,2,0
4,2848,167.44,212.15,202.07,224.51,193.31,249.04,158.69,236.69,0.050239,0,0
4,2849,-205.77,182.42,-151.46,224.19,-164.93,241.72,-219.25,199.94,0.050239,0,0
4,2850,450.00,400.75,469.22,398.55,470.50,409.67,451.27,411.87,0.050058,2,0
4,2851,-26.52,437.20,-25.35,454.64,-32.06,455.09,-33.23,437.65,0.050058,2,0
4,2852,1010.73,432.95,1140.59,442.35,1139.97,450.92,1010.11,441.53,0.049989,0,0
4,2853,1216.61,477.37,1268.71,484.14,1268.11,488.73,1216.01,481.97,0.049966,0,0
4,2855,-36.83,369.15,-16.26,380.21,-18.48,384.34,-39.05,373.28,0.049939,0,0
4,2856,89.00,519.86,107.00,527.72,100.63,542.29,82.64,534.43,0.049939,0,0
4,2857,527.15,984.07,551.35,954.80,588.35,985.39,564.15,1014.66,0.049912,0,0
4,2858,410.62,720.34,438.71,674.92,460.01,688.09,431.92,733.52,0.049912,0,0
4,2859,853.11,773.79,868.85,832.07,850.07,837.14,834.33,778.87,0.049756,0,0
4,2860,1008.23,464.31,1010.73,422.27,1018.04,422.70,1015.54,464.74,0.049756,0,0
4,2861,1397.52,779.86,1474.97,744.75,1482.67,761.75,1405.23,796.86,0.049733,0,0
4,2864,1052.31,388.26,1073.75,403.72,1059.88,422.94,1038.44,407.48,0.049709,0,0
4,2865,163.01,745.16,185.28,771.31,177.72,777.75,155.45,751.60,0.049524,0,0
4,2866,-332.78,518.98,-275.32,514.86,-274.04,532.66,-331.51,536.78,0.049524,0,0
4,2867,217.14,309.26,229.40,310.47,227.64,328.17,215.38,326.95,0.049468,2,0
4,13,649.54,-4.98,740.88,282.20,676.39,302.71,585.04,15.54,0.249711,0,0
4,15,743.25,-67.39,758.53,-19.35,717.91,-6.44,702.64,-54.47,0.168923,0,0
4,40,703.72,314.18,742.58,351.08,719.99,374.87,681.13,337.97,0.315004,0,0
4,63,1120.85,174.65,1178.41,202.96,1165.77,228.67,1108.20,200.36,0.317332,0,0
4,72,1029.22,285.24,1044.08,225.97,1075.65,233.88,1060.79,293.16,0.204466,0,0
4,74,237.45,608.66,305.62,572.13,314.56,588.82,246.40,625.35,0.050696,0,0
4,77,334.58,169.41,335.64,153.64,350.83,154.67,349.77,170.43,0.055371,2,0
4,83,417.05,238.97,440.69,244.07,438.44,254.47,414.81,249.37,0.139962,2,0
4,96,897.31,232.77,999.03,234.40,998.13,291.11,896.41,289.48,0.132011,0,0
4,101,370.31,301.81,398.51,295.52,401.13,307.28,372.93,313.57,0.083206,2,0
4,102,480.03,224.74,540.08,229.68,536.22,276.59,476.17,271.66,0.142264,0,0
4,116,707.70,436.30,733.47,440.59,731.21,454.20,705.44,449.91,0.054927,2,0
4,117,767.02,377.05,774.47,374.09,781.76,392.43,774.31,395.39,0.223248,2,0
4,122,406.47,274.00,415.68,283.54,405.98,292.89,396.78,283.35,0.052833,2,0
4,123,729.61,392.41,744.52,398.13,739.31,411.70,724.40,405.99,0.096443,2,0
4,127,751.18,585.29,794.29,535.54,805.43,545.19,762.32,594.94,0.050146,0,0
4,158,1052.46,34.10,1113.14,82.27,1090.11,111.27,1029.44,63.10,0.306934,0,0
4,162,792.33,384.33,897.67,200.36,926.61,216.93,821.26,400.89,0.142264,0,0
4,192,462.82,-8.28,485.35,8.55,475.88,21.21,453.36,4.38,0.061653,0,0
4,199,395.01,416.33,482.34,405.20,486.27,436.06,398.94,447.19,0.290454,0,0
4,233,879.11,83.38,898.82,165.58,876.90,170.83,857.18,88.64,0.118313,2,0
4,235,823.85,314.16,875.72,378.96,858.41,392.82,806.54,328.02,0.052936,2,0
4,244,425.74,434.12,439.24,365.90,447.87,367.61,434.37,435.83,0.077289,2,0
4,249,835.53,467.90,845.07,497.77,822.16,505.08,812.62,475.21,0.056625,2,0
4,256,1216.49,275.99,1390.95,234.41,1398.63,266.63,1224.17,308.21,0.179587,0,0
4,274,494.29,727.06,510.25,679.07,525.97,684.30,510.00,732.28,0.164237,2,0
4,280,553.36,140.02,569.71,131.82,577.50,147.34,561.14,155.54,0.267364,2,0
4,353,869.24,856.03,884.79,847.62,892.22,861.37,876.66,869.77,0.170345,2,0
4,376,626.34,-21.94,663.29,-16.66,659.00,13.35,622.06,8.06,0.134835,0,0
4,380,883.73,791.29,898.78,778.68,923.64,808.34,908.59,820.95,0.134921,0,0
4,388,126.21,506.53,167.57,570.32,133.31,592.53,91.95,528.75,0.118570,2,0
4,397,63.38,499.19,77.65,500.18,76.77,512.83,62.49,511.84,0.053947,2,0
4,418,727.76,363.31,834.66,447.19,810.57,477.90,703.67,394.03,0.171373,0,0
4,420,1306.66,61.95,1315.36,153.45,1287.14,156.13,1278.44,64.64,0.110247,0,0
4,421,1167.82,192.55,1199.27,-111.16,1240.71,-106.87,1209.26,196.84,0.219371,0,0
4,426,1042.21,877.49,1053.28,847.70,1071.29,854.38,1060.22,884.18,0.122201,2,0
4,428,1210.53,465.13,1242.47,462.62,1245.96,507.02,1214.02,509.54,0.317332,0,0
4,435,102.77,272.84,112.87,306.67,104.74,309.10,94.64,275.27,0.136053,2,0
4,474,1213.72,710.47,1233.52,828.04,1192.64,834.92,1172.85,717.35,0.107161,0,0
4,480,725.53,331.86,743.75,309.21,761.70,323.65,743.47,346.30,0.107587,2,0
4,487,1193.80,597.60,1282.36,567.88,1297.38,612.65,1208.82,642.37,0.082493,0,0
4,488,975.38,788.72,997.68,781.91,1001.90,795.70,979.60,802.52,0.081614,2,0
4,489,1037.00,792.25,1050.61,785.51,1057.04,798.52,1043.43,805.25,0.095123,2,0
4,490,1199.35,266.66,1213.22,285.94,1180.35,309.60,1166.47,290.32,0.051111,0,0
4,495,773.45,930.75,817.48,938.74,813.26,961.98,769.24,953.99,0.056438,0,0
4,500,1128.77,288.80,1238.49,256.92,1246.65,285.00,1136.94,316.88,0.110247,0,0
4,522,1116.27,467.19,1210.87,422.01,1231.67,465.55,1137.07,510.74,0.064138,0,0
4,544,1268.39,510.60,1338.66,623.69,1299.23,648.20,1228.96,535.11,0.074015,0,0
4,555,609.00,89.99,1077.31,906.97,1033.66,931.99,565.36,115.01,0.050500,0,0
4,560,618.97,828.05,706.01,836.29,702.22,876.25,615.18,868.01,0.120264,0,0
4,568,1247.68,211.48,1299.21,187.45,1313.35,217.77,1261.81,241.79,0.076823,0,0
4,572,1033.18,828.69,1048.85,847.04,1034.93,858.94,1019.25,840.59,0.060053,2,0
4,575,634.65,692.94,674.31,736.99,655.05,754.33,615.39,710.27,0.098305,2,0
4,582,542.95,697.49,555.74,700.93,549.91,722.60,537.12,719.16,0.059980,2,0
4,602,501.27,525.76,503.63,541.51,487.35,543.94,485.00,528.19,0.158334,2,0
4,603,105.00,596.87,127.20,583.66,135.49,597.60,113.30,610.81,0.062494,2,0
4,624,165.57,493.22,190.59,525.17,171.95,539.76,146.93,507.81,0.165242,2,0
4,637,1015.68,778.60,1015.84,806.24,1002.28,806.32,1002.12,778.68,0.060053,2,0
4,646,687.74,527.88,724.56,536.21,719.50,558.55,682.69,550.22,0.051392,2,0
4,657,602.53,728.59,604.90,738.20,589.73,741.95,587.35,732.34,0.113025,2,0
4,669,1345.60,273.17,1373.83,292.26,1360.10,312.56,1331.87,293.47,0.049709,0,0
4,683,436.81,212.11,471.62,222.80,467.88,234.98,433.07,224.29,0.142688,2,0
4,684,865.93,871.99,924.77,893.67,913.64,923.89,854.80,902.21,0.075105,0,0
4,692,398.13,452.36,439.50,441.44,445.92,465.77,404.55,476.69,0.144646,2,0
4,707,713.06,496.94,724.93,465.04,736.35,469.29,724.48,501.19,0.064427,2,0
4,711,63.87,614.51,76.79,625.12,69.92,633.48,57.00,622.86,0.067949,2,0
4,712,-83.84,269.97,-50.13,205.83,-28.56,217.16,-62.27,281.31,0.056465,0,0
4,722,527.57,266.97,661.15,319.19,649.60,348.72,516.02,296.50,0.128271,2,0
4,736,267.39,275.35,286.37,268.70,289.19,276.73,270.21,283.38,0.112274,2,0
4,767,235.00,267.89,295.39,264.47,296.24,279.46,235.85,282.88,0.157354,2,0
4,771,592.39,720.95,626.64,749.01,611.30,767.73,577.06,739.67,0.053621,2,0
4,792,830.66,602.74,833.76,554.19,869.08,556.45,865.97,605.00,0.051084,2,0
4,795,858.87,687.50,877.82,622.14,912.14,632.09,893.18,697.46,0.056625,2,0
4,797,-7250289.00,-1848151.00,7252543.00,1848745.25,7252543.00,1848747.25,-7250289.00,-1848149.00,0.170730,2,0
4,802,518.93,401.66,567.23,394.78,572.23,429.82,523.93,436.70,0.054102,2,0
4,805,1202.56,892.55,1237.57,740.58,1297.50,754.39,1262.49,906.36,0.107161,0,0
4,808,755.52,348.35,783.09,372.32,777.82,378.38,750.25,354.41,0.170124,2,0
4,812,704.12,570.57,719.39,557.92,729.75,570.42,714.48,583.07,0.053252,2,0
4,815,802.93,508.09,855.26,656.86,813.95,671.38,761.63,522.62,0.050383,2,0
4,819,1356.52,673.75,1428.70,619.71,1441.14,636.32,1368.96,690.37,0.051341,0,0
4,834,1264.78,393.56,1346.95,395.75,1346.30,420.58,1264.12,418.40,0.182783,0,0
4,835,1438.03,594.62,1452.02,564.58,1466.34,571.25,1452.35,601.29,0.049989,0,0
4,840,587.55,652.42,601.82,605.56,625.99,612.92,611.72,659.78,0.095330,2,0
4,850,737.25,552.46,764.34,642.17,732.30,651.84,705.21,562.13,0.050141,0,0
4,862,650.83,554.60,671.23,544.16,680.86,562.97,660.45,573.41,0.082248,2,0
4,869,859.49,634.18,878.50,600.30,924.86,626.33,905.85,660.20,0.052936,2,0
4,872,934.49,641.77,1023.64,559.49,1049.10,587.08,959.94,669.36,0.049733,0,0
4,896,1204.32,575.50,1278.39,641.22,1234.15,691.07,1160.08,625.35,0.049926,0,0
4,897,1015.85,608.74,1031.30,699.92,983.22,708.07,967.76,616.89,0.050615,0,0
4,909,925.64,444.61,1003.84,569.71,954.02,600.86,875.81,475.76,0.065273,0,0
4,1,555.26,217.41,597.14,229.38,590.06,254.14,548.18,242.17,0.137530,0,0
4,9,648.29,297.63,701.06,534.02,626.62,550.64,573.85,314.25,0.315004,0,0
4,16,344.69,48.77,421.26,98.92,406.06,122.14,329.48,71.98,0.106362,0,0
4,33,633.26,-91.37,669.95,-97.03,676.63,-53.72,639.94,-48.06,0.063527,0,0
4,37,621.32,-23.06,700.87,73.50,649.92,115.47,570.37,18.92,0.311017,0,0
4,42,862.44,132.65,872.25,184.63,827.39,193.09,817.58,141.11,0.369057,0,0
4,60,936.45,324.31,1002.05,320.57,1004.47,363.04,938.88,366.78,0.064378,0,0
4,75,632.58,582.48,645.64,580.54,649.40,605.82,636.34,607.76,0.094389,0,0
4,97,554.23,283.87,755.73,452.18,722.92,491.46,521.42,323.15,0.363913,0,0
4,189,736.93,-89.50,769.54,13.69,735.13,24.57,702.52,-78.63,0.106362,0,0
4,195,1000.22,142.44,1009.20,147.43,1002.85,158.87,993.86,153.88,0.123922,2,0
4,200,679.00,-14.23,708.73,92.96,659.28,106.68,629.54,-0.51,0.232196,0,0
4,223,830.76,249.07,889.56,275.54,870.99,316.79,812.19,290.32,0.229236,0,0
4,239,1254.64,617.84,1329.97,615.33,1331.50,661.31,1256.17,663.82,0.087940,0,0
4,266,947.77,589.40,979.87,565.89,1000.92,594.65,968.82,618.15,0.052207,2,0
4,302,849.82,268.37,911.50,241.61,923.04,268.20,861.36,294.97,0.181419,0,0
4,309,874.27,-10.56,1055.74,19.61,1046.10,77.63,864.63,47.46,0.200092,0,0
4,313,560.22,173.74,594.38,164.32,597.73,176.46,563.57,185.88,0.200661,2,0
4,398,378.70,621.48,396.29,555.04,425.57,562.80,407.98,629.23,0.092189,2,0
4,403,855.57,553.28,889.81,586.53,869.12,607.84,834.88,574.59,0.050892,2,0
4,496,1173.67,810.55,1246.24,972.84,1150.38,1015.71,1077.81,853.42,0.095625,0,0
4,540,733.44,826.46,738.09,899.30,702.94,901.54,698.29,828.70,0.076793,0,0
4,595,252.25,635.64,273.95,661.58,260.64,672.72,238.94,646.78,0.107742,2,0
4,597,926.78,678.58,932.65,571.56,966.13,573.40,960.27,680.42,0.081829,0,0
4,623,14.29,347.44,55.75,341.49,58.13,358.08,16.68,364.03,0.087337,2,0
4,654,1652.18,554.67,1697.07,585.60,1680.21,610.07,1635.32,579.15,0.049942,0,0
4,713,38.78,565.88,70.41,697.30,42.65,703.98,11.02,572.56,0.271899,0,0
4,829,613.17,311.49,616.10,296.93,633.72,300.48,630.79,315.04,0.226161,0,0
4,839,1088.96,486.78,1238.06,504.97,1231.36,559.86,1082.26,541.67,0.123484,0,0
4,887,651.39,771.02,654.03,740.07,670.50,741.47,667.85,772.43,0.099752,2,0
4,900,1353.88,553.62,1414.79,576.31,1407.84,594.97,1346.93,572.27,0.051352,0,0
4,905,93.33,509.68,100.82,506.56,106.31,519.73,98.81,522.85,0.111728,2,0
4,906,1409.55,347.41,1425.27,373.94,1404.09,386.49,1388.37,359.96,0.051279,0,0
4,922,504.66,139.64,764.04,53.93,775.75,89.37,516.37,175.08,0.320993,0,0
4,926,695.63,143.45,713.47,16.91,765.27,24.21,747.44,150.75,0.249711,0,0
4,929,1172.21,227.92,1314.52,244.60,1310.73,276.89,1168.43,260.21,0.194862,0,0
4,931,1071.64,149.19,1117.90,151.82,1115.29,197.78,1069.03,195.15,0.281056,0,0
4,936,795.01,39.30,843.98,190.82,784.90,209.92,735.93,58.40,0.240938,0,0
4,943,709.05,453.98,804.64,471.83,800.49,494.06,704.90,476.21,0.085234,0,0
4,944,795.08,278.04,816.46,272.53,821.51,292.12,800.13,297.64,0.260314,0,0
4,951,821.54,389.20,838.44,406.50,820.33,424.20,803.43,406.90,0.159917,2,0
4,965,839.68,165.81,842.13,84.56,895.63,86.17,893.19,167.42,0.271819,0,0
4,972,788.97,336.22,844.77,342.75,842.26,364.25,786.45,357.73,0.176902,0,0
4,974,369.70,590.66,408.51,548.97,434.22,572.89,395.41,614.59,0.181419,0,0
4,978,1154.80,247.02,1190.41,250.20,1187.92,278.13,1152.31,274.95,0.051352,0,0
4,994,730.05,72.10,796.12,85.46,789.44,118.48,723.37,105.12,0.228723,0,0
4,1011,388.73,620.45,396.94,677.53,357.50,683.21,349.28,626.13,0.271899,0,0
4,1013,1114.46,384.63,1158.44,418.51,1141.86,440.03,1097.88,406.14,0.050146,0,0
4,1023,560.23,194.90,564.61,180.61,573.22,183.25,568.84,197.55,0.162454,2,0
4,1051,119.80,644.49,125.23,636.18,135.35,642.80,129.91,651.11,0.055053,2,0
4,1052,999.31,175.58,1191.68,306.11,1179.68,323.78,987.32,193.26,0.241553,0,0
4,1063,433.04,134.67,439.70,141.18,430.34,150.76,423.68,144.25,0.124583,2,0
4,1085,495.78,470.60,537.85,439.83,550.24,456.76,508.17,487.53,0.123922,2,0
4,1088,348.65,327.26,349.64,358.55,337.88,358.92,336.89,327.63,0.055371,2,0
4,1090,708.51,274.63,730.00,278.28,728.18,288.97,706.69,285.32,0.066300,2,0
4,1092,804.67,221.26,812.96,270.45,788.39,274.59,780.10,225.40,0.132011,0,0
4,1099,563.59,364.28,670.98,330.85,683.67,371.62,576.28,405.04,0.132534,2,0
4,1112,941.86,877.34,1026.10,784.54,1064.71,819.59,980.48,912.39,0.093258,0,0
4,1158,688.83,554.78,718.39,481.85,761.86,499.47,732.31,572.40,0.063114,0,0
4,1161,288.34,186.29,291.83,206.93,281.46,208.69,277.96,188.04,0.111257,2,0
4,1199,1070.87,293.19,1080.45,337.25,1065.60,340.48,1056.01,296.43,0.087078,2,0
4,1208,289.73,825.09,290.83,852.09,276.20,852.68,275.10,825.68,0.124820,2,0
4,1220,241.05,112.24,258.44,109.47,260.08,119.80,242.70,122.57,0.223248,2,0
4,1230,424.68,824.66,426.25,809.61,433.30,810.35,431.73,825.39,0.179157,2,0
4,1240,1031.38,72.06,1035.55,84.99,1005.36,94.72,1001.19,81.79,0.137953,0,0
4,1246,201.79,725.90,231.94,729.44,230.23,743.98,200.09,740.44,0.118068,2,0
4,1251,113.19,112.24,116.13,102.48,135.48,108.30,132.54,118.07,0.118362,2,0
4,1262,1005.21,387.95,1049.18,423.43,1032.44,444.18,988.47,408.69,0.049942,0,0
4,1275,274.64,234.10,307.19,240.59,303.57,258.76,271.01,252.27,0.162132,2,0
4,1276,59.50,543.64,84.53,555.76,78.08,569.09,53.04,556.97,0.053947,2,0
4,1283,1204.18,450.69,1267.33,556.53,1233.69,576.61,1170.53,470.76,0.069613,0,0
4,1291,219.94,500.87,248.56,466.01,259.77,475.21,231.14,510.07,0.083116,2,0
4,1299,423.30,866.34,432.30,820.85,451.32,824.61,442.32,870.11,0.051500,2,0
4,1323,1053.71,642.28,1125.75,735.80,1091.80,761.95,1019.76,668.43,0.049820,2,0
4,1339,900.50,288.32,1038.85,340.40,1024.09,379.60,885.74,327.52,0.225566,0,0
4,1344,1034.37,741.39,1180.70,985.78,1137.28,1011.78,990.95,767.39,0.094838,0,0
4,1348,305.13,13.10,306.86,99.43,290.42,99.75,288.69,13.43,0.123566,2,0
4,1371,609.87,659.12,614.23,636.81,626.11,639.14,621.75,661.44,0.062805,2,0
4,1374,-12810.93,-5555.98,13884.01,6330.29,13883.98,6330.36,-12810.96,-5555.91,0.155708,2,0
4,1380,732.52,496.38,780.34,495.84,780.59,518.04,732.77,518.58,0.062355,2,0
4,1389,353.25,578.88,362.91,564.15,368.41,567.76,358.76,582.49,0.099666,2,0
4,1395,1053.26,599.68,1292.76,535.39,1306.29,585.81,1066.79,650.11,0.064378,0,0
4,1398,1004.37,819.14,1143.42,865.32,1134.50,892.16,995.45,845.99,0.075105,0,0
4,1405,1069.38,815.78,1140.21,926.91,1113.15,944.15,1042.33,833.02,0.050521,2,0
4,1408,1246.88,382.18,1307.32,404.42,1300.85,421.99,1240.41,399.74,0.070327,0,0
4,1412,630.91,569.26,651.33,621.20,619.28,633.80,598.86,581.87,0.050141,0,0
4,1428,732.18,280.16,737.01,303.41,713.29,308.33,708.46,285.08,0.201329,2,0
4,1431,452.06,694.77,474.87,711.14,471.21,716.24,448.40,699.87,0.187038,2,0
4,1443,552.04,674.41,597.76,647.32,611.44,670.42,565.72,697.50,0.085688,2,0
4,1444,553.28,215.63,601.44,206.93,605.50,229.41,557.34,238.11,0.172787,2,0
4,1456,575.62,627.74,605.12,492.09,621.62,495.68,592.11,631.33,0.098305,2,0
4,1465,454.78,768.05,469.76,778.67,462.94,788.29,447.96,777.66,0.116433,2,0
4,1478,156.88,320.54,171.26,320.68,171.11,336.69,156.73,336.55,0.066374,2,0
4,1480,739.99,428.64,787.75,450.99,779.03,469.63,731.27,447.28,0.052061,2,0
4,1487,663.24,652.90,677.26,647.07,682.18,658.89,668.16,664.73,0.057157,2,0
4,1493,985.95,222.39,1056.24,223.72,1055.91,240.91,985.62,239.58,0.125501,2,0
4,1494,695.85,514.05,713.77,580.87,692.44,586.59,674.53,519.77,0.122674,2,0
4,1498,318.40,323.76,324.49,347.18,303.80,352.56,297.71,329.14,0.095039,2,0
4,1517,192.91,696.83,211.33,699.13,210.04,709.43,191.62,707.12,0.106655,2,0
4,1531,873.19,620.51,905.46,571.51,926.80,585.57,894.53,634.56,0.052639,2,0
4,1538,785.19,927.09,807.76,965.37,788.36,976.81,765.79,938.53,0.076793,0,0
4,1549,322.14,597.13,332.36,591.23,337.52,600.16,327.29,606.06,0.098777,2,0
4,1554,1294.97,443.05,1312.38,416.78,1337.79,433.61,1320.38,459.89,0.161145,0,0
4,1567,589.49,656.29,609.45,696.02,597.85,701.85,577.89,662.12,0.090223,2,0
4,1572,660.80,649.99,661.54,695.66,645.03,695.93,644.29,650.25,0.060966,2,0
4,1573,962.58,620.19,984.53,553.55,1014.47,563.41,992.52,630.05,0.055978,2,0
4,1574,1130.94,673.48,1302.65,741.04,1281.88,793.82,1110.17,726.25,0.095212,0,0
4,1582,602.27,661.68,616.62,645.66,622.36,650.80,608.01,666.82,0.079921,2,0
4,1587,1030.73,381.79,1053.60,366.22,1063.72,381.06,1040.85,396.64,0.139788,2,0
4,1588,876.72,499.95,891.67,551.17,873.38,556.51,858.43,505.28,0.053611,2,0
4,1594,987.77,700.89,1011.80,692.59,1015.85,704.32,991.82,712.61,0.061253,2,0
4,1596,1081.47,632.17,1088.49,619.70,1097.73,624.90,1090.71,637.37,0.072363,2,0
4,1597,482.11,484.88,492.85,488.55,487.30,504.79,476.56,501.12,0.082248,2,0
4,1604,226.08,193.92,226.99,168.30,237.00,168.65,236.10,194.27,0.111257,2,0
4,1612,543.48,382.88,581.57,316.31,615.92,335.96,577.83,402.53,0.311222,0,0
4,1624,1022.13,735.70,1029.59,755.10,1011.89,761.91,1004.43,742.51,0.076566,2,0
4,1627,1411.00,449.26,1523.96,482.05,1516.96,506.16,1404.00,473.38,0.052073,0,0
4,1635,687.76,652.55,702.97,711.78,685.05,716.38,669.84,657.15,0.050521,2,0
4,1643,984.28,649.49,999.52,679.79,977.44,690.90,962.19,660.60,0.049597,2,0
4,1644,915.15,650.98,924.18,614.02,957.69,622.20,948.66,659.16,0.051128,2,0
4,1665,969.06,589.46,969.61,489.09,1016.85,489.35,1016.29,589.72,0.069103,2,0
4,1673,1335.77,520.54,1433.88,467.87,1454.95,507.11,1356.84,559.78,0.058163,0,0
4,1679,1004.84,418.32,1072.70,486.85,1057.79,501.61,989.93,433.08,0.050892,2,0
4,1714,1032.78,623.37,1056.98,815.07,997.59,822.56,973.39,630.87,0.058163,0,0
4,1716,1082.29,524.25,1126.70,580.63,1103.16,599.17,1058.75,542.80,0.050839,2,0
4,1724,1395.29,637.04,1444.22,795.50,1395.37,810.59,1346.43,652.12,0.074015,0,0
4,1728,950.56,446.29,985.51,438.03,988.66,451.36,953.71,459.62,0.051488,2,0
4,1734,857.64,492.40,1048.11,497.69,1047.12,533.49,856.64,528.20,0.049926,0,0
5,32,590.29,451.84,657.65,508.03,628.06,543.50,560.70,487.31,0.165723,0,0
5,44,526.36,380.86,689.98,387.50,688.21,431.13,524.59,424.49,0.235743,0,0
5,137,623.31,133.17,652.31,341.87,597.73,349.45,568.73,140.76,0.407936,0,0
5,210,69.52,623.69,99.08,615.88,103.23,631.60,73.67,639.41,0.066759,0,0
5,255,882.18,19.96,1036.61,79.12,1023.40,113.60,868.97,54.44,0.206070,0,0
5,510,1043.56,232.62,1060.20,351.74,1016.58,357.83,999.94,238.72,0.207647,0,0
5,842,741.28,134.04,830.70,170.28,817.50,202.84,728.08,166.60,0.155913,0,0
5,919,824.59,107.51,831.47,205.19,793.03,207.89,786.15,110.22,0.268797,0,0
5,940,773.97,292.65,901.37,270.41,910.36,321.88,782.96,344.12,0.243035,0,0
5,947,620.92,-58.33,644.16,42.13,595.24,53.45,572.00,-47.01,0.223479,0,0
5,959,669.97,208.74,714.59,62.45,770.82,79.60,726.20,225.89,0.265398,0,0
5,961,977.20,397.54,1004.25,458.46,975.27,471.32,948.23,410.40,0.142377,0,0
5,962,1168.79,713.31,1258.20,725.86,1252.28,768.06,1162.87,755.51,0.073207,0,0
5,995,689.42,152.74,833.82,205.58,819.61,244.41,675.21,191.56,0.236428,0,0
5,1002,742.07,173.52,950.87,157.85,954.02,199.89,745.22,215.55,0.210344,0,0
5,1157,1269.12,679.97,1399.19,654.73,1407.28,696.40,1277.21,721.64,0.053315,0,0
5,1361,203.15,494.86,235.61,473.80,251.29,497.97,218.83,519.03,0.109650,2,0
5,1425,117.00,411.08,144.81,412.71,144.16,423.82,116.35,422.19,0.118192,2,0
5,1511,772.91,510.33,806.64,491.20,813.83,503.88,780.10,523.01,0.062614,2,0
5,1561,804.15,663.13,839.87,754.98,813.09,765.40,777.37,673.55,0.106348,2,0
5,1640,817.90,828.20,884.15,709.27,931.00,735.36,864.75,854.30,0.115408,0,0
5,1641,710.56,421.08,834.12,416.62,835.40,452.07,711.84,456.52,0.055749,2,0
5,1691,637.45,612.08,716.47,607.07,717.75,627.29,638.73,632.29,0.052107,2,0
5,1715,1350.03,624.80,1412.76,571.24,1436.21,598.70,1373.48,652.26,0.052226,0,0
5,1740,525.63,319.41,601.75,302.10,605.97,320.67,529.85,337.99,0.071142,0,0
5,1746,693.87,226.22,757.55,245.52,750.20,269.76,686.52,250.46,0.154723,0,0
5,1804,748.65,617.86,781.14,589.60,792.94,603.17,760.44,631.42,0.052995,2,0
5,1820,575.23,150.93,590.68,166.28,577.26,179.79,561.81,164.45,0.202884,0,0
5,1830,1390.29,486.31,1407.23,333.71,1434.10,336.69,1417.16,489.29,0.155908,0,0
5,1900,576.80,516.35,869.89,193.24,906.61,226.56,613.53,549.67,0.242144,0,0
5,1931,93.66,587.04,109.64,625.88,89.70,634.09,73.71,595.25,0.060950,0,0
5,1946,1078.44,573.67,1099.25,577.15,1097.22,589.27,1076.42,585.80,0.092915,2,0
5,2028,93.68,657.72,104.06,675.51,86.80,685.58,76.42,667.79,0.125363,2,0
5,2077,1110.58,286.90,1211.30,300.22,1207.13,331.70,1106.42,318.38,0.152119,0,0
5,2118,933.45,12.79,1072.43,173.81,1010.35,227.40,871.37,66.38,0.246999,0,0
5,2130,887.51,819.23,905.67,823.89,897.20,856.92,879.04,852.26,0.072293,0,0
5,2200,171.77,459.76,196.62,441.58,206.20,454.68,181.35,472.85,0.068820,2,0
5,2222,1215.45,578.19,1226.20,490.53,1265.75,495.38,1255.01,583.04,0.131109,0,0
5,2278,914.92,720.56,930.88,773.00,915.37,777.72,899.41,725.28,0.052855,2,0
5,2285,1282.13,559.43,1371.87,557.51,1372.68,595.52,1282.94,597.44,0.086315,0,0
5,2318,628.97,741.98,657.23,738.64,659.30,756.20,631.05,759.54,0.056057,2,0
5,2342,754.88,657.88,775.25,653.01,780.92,676.74,760.55,681.61,0.061671,2,0
5,8,921.56,164.66,1015.62,135.99,1027.82,176.03,933.77,204.70,0.392167,0,0
5,38,587.90,89.42,637.14,59.38,671.40,115.53,622.15,145.57,0.441328,0,0
5,41,947.55,214.86,1085.37,117.28,1120.76,167.26,982.94,264.85,0.412031,0,0
5,52,1236.73,427.52,1256.37,538.66,1229.47,543.41,1209.82,432.28,0.074944,0,0
5,94,797.87,83.18,852.72,209.43,807.01,229.29,752.16,103.04,0.368742,0,0
5,132,537.39,462.01,563.60,434.51,589.14,458.86,562.93,486.35,0.242144,0,0
5,153,412.19,912.12,471.33,878.15,488.70,908.38,429.56,942.35,0.075540,0,0
5,211,811.02,277.32,853.50,347.90,822.39,366.62,779.91,296.04,0.185769,0,0
5,375,968.52,914.89,989.85,958.15,955.96,974.86,934.63,931.60,0.053519,0,0
5,645,249.66,272.62,296.57,360.94,283.69,367.77,236.79,279.46,0.052702,2,0
5,811,693.17,628.08,722.15,654.66,708.08,670.01,679.09,643.43,0.054622,2,0
5,841,751.30,759.37,826.72,712.79,845.13,742.60,769.72,789.18,0.055226,2,0
5,844,701.82,624.32,738.42,662.85,716.03,684.12,679.42,645.59,0.052167,2,0
5,851,1063.51,520.91,1157.65,680.75,1127.73,698.38,1033.59,538.54,0.052066,0,0
5,895,1320.51,405.63,1347.25,459.26,1310.52,477.58,1283.77,423.95,0.104817,0,0
5,2349,563.22,191.86,708.43,200.27,704.22,273.02,559.00,264.61,0.197780,0,0
5,2351,744.23,138.26,767.53,181.73,731.60,200.99,708.31,157.51,0.232649,0,0
5,2352,582.69,374.55,669.50,417.68,648.47,460.00,561.67,416.86,0.232106,0,0
5,2353,466.46,440.41,548.16,462.14,540.54,490.80,458.83,469.07,0.177215,0,0
5,2355,660.60,205.46,708.88,306.67,662.80,328.65,614.51,227.45,0.363452,0,0
5,2356,593.12,551.31,628.15,556.89,621.68,597.49,586.65,591.91,0.190980,0,0
5,2358,774.84,270.25,849.57,255.74,856.26,290.21,781.53,304.71,0.077465,0,0
5,2365,595.97,316.71,735.92,365.17,718.60,415.18,578.65,366.72,0.065324,0,0
5,2367,616.24,277.23,727.81,277.36,727.77,310.46,616.20,310.32,0.235069,0,0
5,2369,747.64,284.01,748.90,222.75,798.59,223.77,797.32,285.03,0.392167,0,0
5,2373,786.11,72.39,922.93,457.87,841.86,486.64,705.04,101.17,0.252620,0,0
5,2388,248.50,760.44,271.45,800.61,243.75,816.43,220.80,776.26,0.105098,0,0
5,2391,789.70,167.42,824.51,165.34,825.76,186.23,790.95,188.31,0.197129,0,0
5,2395,209.76,779.86,247.00,865.34,220.60,876.84,183.37,791.36,0.247467,0,0
5,2409,166.53,695.84,186.08,721.11,171.45,732.43,151.90,707.16,0.135545,2,0
5,2416,1170.64,237.68,1210.70,383.58,1160.22,397.43,1120.16,251.54,0.157960,0,0
5,2419,658.84,468.42,682.14,533.37,637.61,549.35,614.31,484.40,0.240587,0,0
5,2426,675.00,-77.55,743.88,10.14,709.84,36.88,640.96,-50.81,0.157660,0,0
5,2427,-2797536.25,-425739.22,2798161.75,426196.72,2798161.25,426199.97,-2797536.75,-425735.97,0.197129,0,0
5,2428,0.33,523.37,97.32,542.67,89.69,581.01,-7.30,561.71,0.067852,0,0
5,2441,1022.33,351.52,1027.68,391.37,1009.44,393.81,1004.10,353.97,0.066104,2,0
5,2442,1022.44,499.40,1023.00,515.58,1002.91,516.28,1002.35,500.10,0.133057,2,0
5,2443,534.06,667.07,549.39,624.72,567.62,631.32,552.28,673.67,0.075364,2,0
5,2449,446.05,390.50,772.12,278.71,844.93,491.06,518.85,602.85,0.168973,0,0
5,2483,-121.45,346.70,-90.12,348.57,-90.57,356.13,-121.90,354.26,0.050064,2,0
5,2505,258.95,320.81,263.82,332.00,251.76,337.25,246.89,326.07,0.058649,0,0
5,2546,247.84,366.20,254.40,380.35,247.15,383.72,240.59,369.56,0.077541,2,0
5,2553,292.08,541.34,348.64,542.20,348.25,567.98,291.68,567.12,0.127517,0,0
5,2563,745.09,729.65,802.82,833.26,769.93,851.58,712.21,747.97,0.053735,0,0
5,2566,349.30,520.31,366.23,508.03,374.63,519.62,357.70,531.90,0.055876,2,0
5,2575,261.79,383.83,276.85,390.64,271.78,401.84,256.72,395.03,0.052882,2,0
5,2584,282.30,423.56,289.84,429.06,282.94,438.52,275.40,433.03,0.053145,2,0
5,2601,1147.41,568.55,1163.29,561.37,1167.14,569.88,1151.26,577.06,0.091163,2,0
5,2613,174.80,668.42,216.44,650.96,220.34,660.26,178.70,677.71,0.057264,2,0
5,2637,212.46,409.36,218.92,395.44,228.48,399.88,222.02,413.80,0.061949,2,0
5,2642,1119.25,731.64,1354.52,769.29,1347.49,813.18,1112.22,775.53,0.104817,0,0
5,2649,1111.55,376.21,1344.99,377.70,1344.72,420.39,1111.28,418.91,0.079403,0,0
5,2651,523.06,342.07,591.32,349.51,588.77,372.96,520.50,365.52,0.235743,0,0
5,2658,451.92,798.03,453.16,807.04,438.52,809.06,437.27,800.06,0.056895,2,0
5,2703,499.40,531.55,501.37,509.36,511.06,510.22,509.09,532.41,0.124528,2,0
5,2728,458.30,863.84,565.44,934.46,548.40,960.30,441.27,889.69,0.054311,0,0
5,2737,149.01,621.78,149.01,595.86,163.52,595.86,163.51,621.78,0.113668,2,0
5,2738,203.01,603.30,211.77,613.18,203.46,620.55,194.70,610.67,0.123637,2,0
5,2739,497.40,572.43,508.79,570.07,512.51,588.01,501.13,590.38,0.071443,2,0
5,2744,924.21,838.51,1069.68,697.68,1105.11,734.28,959.65,875.11,0.057203,0,0
5,2754,422.86,347.95,452.03,236.62,477.73,243.35,448.56,354.68,0.051537,0,0
5,2760,1164.32,385.18,1176.80,389.70,1173.57,398.61,1161.09,394.09,0.124599,2,0
5,2772,791.04,367.86,808.19,443.03,780.58,449.33,763.43,374.16,0.094867,2,0
5,2775,465.01,265.16,485.26,266.85,483.93,282.91,463.67,281.22,0.078396,2,0
5,2802,771.16,689.55,773.60,699.63,751.10,705.07,748.66,694.99,0.051443,2,0
5,2806,892.83,707.39,905.18,570.91,950.32,574.99,937.97,711.47,0.051329,2,0
5,2809,919.45,999.68,921.85,789.25,946.55,789.53,944.15,999.96,0.066792,0,0
5,2810,337.01,630.66,394.29,623.50,396.11,638.05,338.83,645.21,0.053709,2,0
5,2816,560.07,517.73,572.04,545.01,557.95,551.19,545.98,523.91,0.073784,2,0
5,2821,1253.44,209.02,1451.41,74.94,1468.56,100.27,1270.59,234.34,0.059352,0,0
5,2826,707.49,286.25,707.89,301.45,679.10,302.21,678.70,287.01,0.103693,0,0
5,2839,548.03,862.18,587.69,819.11,615.03,844.28,575.36,887.36,0.074257,0,0
5,2843,423.57,699.74,432.46,753.94,421.98,755.66,413.09,701.46,0.253087,2,0
5,2847,671.25,677.27,705.11,641.97,716.13,652.54,682.28,687.85,0.054147,2,0
5,2858,577.74,487.10,640.30,604.10,584.93,633.70,522.38,516.70,0.367722,0,0
5,13,568.60,218.39,778.33,192.10,784.36,240.24,574.64,266.53,0.291657,0,0
5,72,713.25,203.87,781.28,275.96,742.48,312.57,674.45,240.48,0.188520,0,0
5,102,865.56,262.75,894.48,220.49,926.03,242.08,897.11,284.34,0.307718,0,0
5,116,621.25,366.72,629.77,390.87,617.02,395.37,608.50,371.22,0.151311,2,0
5,162,1040.79,398.92,1069.50,266.19,1090.83,270.81,1062.12,403.54,0.324427,0,0
5,249,837.28,588.57,839.39,563.41,858.47,565.02,856.35,590.17,0.059521,2,0
5,274,882.64,817.85,893.86,775.45,908.21,779.24,896.99,821.65,0.122979,2,0
5,280,322.22,167.90,338.80,173.32,334.06,187.84,317.47,182.42,0.145572,2,0
5,418,1094.01,489.23,1148.98,369.08,1184.25,385.22,1129.29,505.37,0.054655,0,0
5,500,996.53,200.96,1134.41,222.16,1128.94,257.70,991.07,236.50,0.227848,0,0
5,522,1318.70,392.73,1386.03,465.68,1357.08,492.40,1289.75,419.45,0.076271,0,0
5,544,903.64,602.06,1005.19,608.21,1003.02,643.97,901.48,637.82,0.050568,0,0
5,568,1330.82,288.79,1339.68,240.23,1366.28,245.08,1357.42,293.65,0.071805,0,0
5,603,251.56,540.32,275.18,543.79,273.04,558.34,249.42,554.87,0.122902,2,0
5,771,830.80,699.18,864.41,706.14,860.63,724.42,827.01,717.47,0.058957,2,0
5,779,380.53,283.69,393.09,271.31,402.84,281.20,390.28,293.58,0.081924,2,0
5,792,882.88,627.80,909.70,603.53,927.36,623.04,900.53,647.31,0.050844,2,0
5,795,1042.58,645.92,1111.32,672.53,1097.19,709.02,1028.45,682.41,0.050351,2,0
5,805,1044.96,904.38,1093.60,761.59,1149.89,780.77,1101.25,923.56,0.086065,0,0
5,850,1089.86,520.05,1165.94,592.99,1139.50,620.57,1063.42,547.62,0.157960,0,0
5,872,980.72,480.04,1045.44,544.25,1025.55,564.31,960.82,500.10,0.074245,0,0
5,9,444.24,458.28,513.67,346.87,549.33,369.09,479.90,480.51,0.227870,0,0
5,37,465.52,57.06,559.47,49.18,563.64,98.91,469.69,106.79,0.210373,0,0
5,97,451.57,489.62,643.58,278.40,686.34,317.28,494.33,528.50,0.267485,0,0
5,200,972.79,120.71,983.74,209.58,943.51,214.54,932.56,125.66,0.178459,0,0
5,223,391.11,133.14,414.85,182.85,379.53,199.72,355.79,150.01,0.270278,0,0
5,239,1342.58,723.88,1386.92,654.09,1428.17,680.30,1383.83,750.09,0.084578,0,0
5,309,686.80,-70.61,743.31,50.64,705.15,68.42,648.64,-52.83,0.143425,0,0
5,403,827.69,422.21,856.62,455.76,835.56,473.92,806.63,440.37,0.084831,2,0
5,540,1086.18,691.40,1106.18,643.11,1128.54,652.37,1108.54,700.66,0.078683,0,0
5,597,1168.55,601.66,1241.13,713.68,1205.53,736.75,1132.94,624.73,0.064511,0,0
5,922,472.91,164.64,677.77,64.77,691.74,93.42,486.87,193.29,0.257056,0,0
5,926,725.92,53.87,751.16,132.88,718.91,143.18,693.66,64.18,0.338721,0,0
5,936,668.58,-7.04,833.34,113.34,784.90,179.65,620.14,59.26,0.268959,0,0
5,951,803.16,473.92,817.95,485.07,806.25,500.58,791.46,489.43,0.187838,2,0
5,1011,460.40,466.15,471.53,495.09,451.48,502.81,440.34,473.86,0.099180,0,0
5,1023,258.85,226.46,283.84,230.23,281.52,245.58,256.53,241.80,0.113365,2,0
5,1051,162.44,626.41,172.54,623.66,175.80,635.58,165.70,638.34,0.087337,2,0
5,1085,476.95,538.24,478.00,578.23,461.68,578.66,460.63,538.67,0.123251,2,0
5,1092,843.08,208.55,902.36,215.74,898.80,245.04,839.52,237.85,0.268375,0,0
5,1199,655.97,381.36,691.49,377.11,692.97,389.43,657.44,393.69,0.059364,2,0
5,1208,416.34,825.70,434.85,848.57,422.30,858.73,403.79,835.86,0.114703,2,0
5,1246,85.00,651.11,95.53,671.43,85.63,676.55,75.11,656.23,0.083408,2,0
5,1291,201.85,482.83,225.68,524.29,211.93,532.19,188.11,490.73,0.159255,2,0
5,1344,1168.83,727.81,1185.96,972.28,1141.88,975.37,1124.75,730.90,0.184468,0,0
5,1395,930.12,568.52,974.28,358.10,1019.21,367.53,975.05,577.95,0.219800,0,0
5,1412,664.47,579.84,673.97,607.81,656.54,613.73,647.04,585.75,0.108158,0,0
5,1428,815.54,336.38,820.96,357.32,800.77,362.54,795.35,341.61,0.195565,2,0
5,1456,473.93,568.93,495.86,442.18,511.74,444.93,489.80,571.68,0.147862,2,0
5,1531,954.43,545.28,996.68,555.68,992.13,574.18,949.88,563.79,0.052974,2,0
5,1549,214.47,499.89,216.20,521.08,197.88,522.57,196.16,501.38,0.086448,2,0
5,1572,401.28,756.92,438.58,767.22,434.81,780.88,397.50,770.57,0.058507,2,0
5,1574,1204.58,740.44,1331.55,692.64,1346.46,732.24,1219.49,780.05,0.051670,0,0
5,1588,1040.08,377.14,1084.27,403.49,1075.01,419.01,1030.83,392.67,0.052556,2,0
5,1635,878.79,706.50,895.88,793.92,868.79,799.21,851.70,711.79,0.051188,2,0
5,1673,1213.13,676.37,1218.70,598.18,1249.64,600.39,1244.07,678.57,0.089170,0,0
5,1679,1026.28,372.22,1093.42,450.54,1076.05,465.43,1008.91,387.11,0.061462,2,0
5,1716,988.48,504.79,1020.23,555.22,998.75,568.74,966.99,518.31,0.051166,2,0
5,1724,1214.38,719.48,1331.51,643.04,1355.46,679.75,1238.33,756.18,0.050793,0,0
5,2869,699.86,339.05,717.06,428.68,699.04,432.14,681.85,342.50,0.421351,0,0
5,2870,696.15,196.42,726.81,296.43,712.27,300.89,681.62,200.88,0.407936,0,0
5,2871,598.77,184.63,722.76,240.22,703.13,284.01,579.14,228.42,0.381032,0,0
5,2872,544.08,506.42,586.11,544.47,567.45,565.08,525.42,527.03,0.367722,0,0
5,2873,779.53,111.89,786.39,89.25,798.61,92.96,791.74,115.60,0.330821,2,0
5,2874,637.09,212.73,661.99,96.15,718.68,108.26,693.78,224.84,0.328765,0,0
5,2875,589.53,166.01,591.22,181.06,577.24,182.63,575.56,167.57,0.305135,2,0
5,2876,733.53,246.13,733.70,215.00,742.88,215.05,742.71,246.18,0.305135,2,0
5,2880,428.22,415.19,432.33,407.04,445.89,413.87,441.78,422.02,0.295676,0,0
5,2881,870.86,119.84,943.23,125.23,941.34,150.66,868.97,145.26,0.277994,0,0
5,2882,976.43,-26.26,1033.56,-39.37,1047.06,19.47,989.93,32.58,0.277994,0,0
5,2884,323.11,698.84,388.89,728.24,385.40,736.05,319.62,706.65,0.273221,0,0
5,2885,215.44,134.06,218.34,143.93,203.34,148.33,200.44,138.45,0.269071,2,0
5,2886,525.81,319.21,531.33,333.81,519.03,338.46,513.51,323.86,0.269071,2,0
5,2887,1128.29,171.06,1141.63,201.03,1118.26,211.43,1104.92,181.46,0.268375,0,0
5,2888,885.68,156.00,956.76,165.29,954.06,185.96,882.98,176.66,0.261952,0,0
5,2889,459.06,646.94,461.76,630.16,468.20,631.19,465.50,647.98,0.253087,2,0
5,2890,799.25,397.74,834.52,469.56,811.38,480.93,776.11,409.10,0.252620,0,0
5,2891,629.88,307.21,630.89,291.27,647.66,292.34,646.64,308.28,0.252466,2,0
5,2892,560.58,293.44,568.12,308.21,557.35,313.71,549.81,298.95,0.252466,2,0
5,2893,90.78,309.75,103.91,330.95,79.37,346.15,66.24,324.95,0.249374,0,0
5,2894,395.80,180.74,404.40,189.74,390.48,203.06,381.87,194.06,0.248651,0,0
5,2895,631.18,257.97,643.81,262.18,638.65,277.67,626.02,273.46,0.248651,0,0
5,2897,613.57,113.32,719.42,250.82,688.54,274.59,582.70,137.08,0.247528,0,0
5,2898,783.81,427.86,801.46,563.34,780.64,566.06,762.99,430.57,0.240587,0,0
5,2899,466.62,363.63,467.75,345.52,480.24,346.30,479.11,364.41,0.238393,2,0
5,2900,676.97,108.89,716.03,358.05,626.80,372.04,587.74,122.88,0.235274,0,0
5,2901,530.87,268.65,587.71,247.98,595.59,269.67,538.76,290.34,0.235069,0,0
5,2902,910.99,360.77,940.45,384.31,926.26,402.07,896.80,378.53,0.227247,0,0
5,2903,592.71,255.56,673.29,242.87,677.79,271.43,597.21,284.12,0.227247,0,0
5,2904,658.83,323.39,668.94,300.16,692.02,310.20,681.92,333.43,0.225747,2,0
5,2905,282.87,844.29,294.21,837.65,299.57,846.80,288.22,853.44,0.218854,2,0
5,2906,466.02,804.86,471.28,785.71,480.21,788.16,474.95,807.32,0.218854,2,0
5,2907,558.56,410.97,607.36,447.12,605.88,449.12,557.07,412.97,0.218151,0,0
5,2909,336.70,94.00,373.33,84.49,375.31,92.14,338.68,101.65,0.217543,2,0
5,2910,591.53,44.70,602.61,19.49,617.60,26.08,606.52,51.29,0.217543,2,0
5,2913,463.80,758.34,470.91,769.67,453.47,780.62,446.36,769.29,0.213690,2,0
5,2915,302.86,668.77,312.43,650.73,322.47,656.06,312.90,674.09,0.208882,2,0
5,2916,532.04,763.02,536.79,734.67,552.25,737.26,547.49,765.61,0.208882,2,0
5,2917,1081.69,50.00,1083.07,58.81,1060.25,62.38,1058.87,53.57,0.208261,2,0
5,2918,998.58,88.65,1025.80,96.79,1020.44,114.70,993.22,106.55,0.208261,2,0
5,2919,1063.16,220.00,1081.48,186.99,1103.70,199.32,1085.38,232.33,0.207480,0,0
5,2920,737.88,-31.25,783.79,-41.16,788.45,-19.60,742.54,-9.69,0.206070,0,0
5,2921,698.90,403.58,731.16,397.77,733.67,411.73,701.42,417.54,0.204033,0,0
5,2922,573.83,272.69,628.53,263.84,631.89,284.61,577.19,293.46,0.204033,0,0
5,2923,25.24,899.13,118.56,738.39,151.34,757.42,58.03,918.17,0.199809,0,0
5,2924,171.33,478.06,210.86,496.00,201.05,517.62,161.52,499.68,0.199809,0,0
5,2925,265.18,251.58,296.97,225.26,310.15,241.17,278.36,267.49,0.190233,0,0
5,2926,677.74,265.94,685.40,205.19,713.82,208.77,706.17,269.53,0.190233,0,0
5,2929,497.15,405.71,498.08,428.69,484.85,429.22,483.91,406.25,0.185397,2,0
5,2930,507.55,710.21,512.09,713.96,498.82,730.04,494.28,726.30,0.184038,2,0
5,2931,1011.72,144.76,1012.40,107.07,1050.50,107.76,1049.82,145.45,0.182710,2,0
5,2934,1087.96,677.91,1098.96,673.59,1104.72,688.27,1093.72,692.59,0.182503,2,0
5,2935,499.16,200.60,516.05,235.94,490.63,248.08,473.75,212.74,0.181255,0,0
5,2936,534.66,196.66,560.96,205.32,558.25,213.53,531.96,204.87,0.179167,2,0
5,2937,367.31,322.63,376.97,330.31,370.01,339.05,360.36,331.36,0.179167,2,0
5,2940,1267.18,108.48,1366.46,144.04,1344.48,205.43,1245.20,169.87,0.178459,0,0
5,2942,1065.39,324.08,1108.56,340.79,1102.79,355.72,1059.61,339.00,0.173327,0,0
5,2943,1001.93,207.22,1059.72,269.78,1033.27,294.22,975.47,231.67,0.173327,0,0
5,2944,683.38,550.73,686.10,569.13,674.64,570.83,671.92,552.42,0.173320,2,0
5,2945,45.96,126.41,63.01,121.18,66.85,133.70,49.79,138.93,0.172825,2,0
5,2946,24.50,162.15,43.63,157.52,47.39,173.04,28.27,177.68,0.172825,2,0
5,2949,532.02,488.90,532.43,508.02,524.72,508.19,524.30,489.07,0.169926,2,0
5,2950,599.27,705.81,611.56,688.80,617.31,692.95,605.02,709.97,0.168973,0,0
5,2951,737.37,134.61,750.68,135.70,749.38,151.49,736.07,150.40,0.168872,2,0
5,2955,521.05,393.76,566.37,393.59,566.38,396.89,521.06,397.05,0.167050,2,0
5,2956,692.08,355.02,738.04,362.25,733.68,390.00,687.71,382.77,0.166993,0,0
5,2960,230.06,629.48,236.06,618.86,249.84,626.65,243.84,637.27,0.166491,2,0
5,2962,512.51,575.81,513.03,557.35,520.30,557.55,519.78,576.01,0.164147,2,0
5,2963,636.93,184.67,730.94,153.28,739.24,178.14,645.23,209.53,0.163801,0,0
5,2964,107.65,169.64,124.45,201.61,100.40,214.25,83.60,182.27,0.163801,0,0
5,2965,542.75,816.71,555.60,828.79,548.68,836.15,535.83,824.06,0.163194,2,0
5,2968,869.76,372.72,870.91,499.01,854.11,499.16,852.96,372.87,0.162728,0,0
5,2969,384.34,469.65,386.87,445.49,399.23,446.78,396.70,470.94,0.162574,2,0
5,2974,407.69,829.26,408.25,820.21,420.30,820.96,419.74,830.00,0.159495,2,0
5,2976,242.06,233.16,245.52,308.18,216.08,309.54,212.62,234.52,0.159382,0,0
5,2977,239.61,317.68,246.88,331.61,234.92,337.86,227.64,323.93,0.159255,2,0
5,2978,472.70,814.09,477.52,822.38,461.32,831.78,456.51,823.50,0.158840,2,0
5,2979,544.89,638.30,550.44,651.89,538.79,656.65,533.24,643.06,0.158840,2,0
5,2980,853.18,438.23,867.94,423.55,895.12,450.86,880.37,465.54,0.158641,2,0
5,2983,671.62,464.22,685.41,464.77,685.02,474.69,671.23,474.14,0.154852,2,0
5,2984,420.10,172.37,439.15,169.58,443.88,201.87,424.83,204.66,0.154723,0,0
5,2987,1134.85,470.40,1138.25,449.03,1157.20,452.04,1153.81,473.41,0.151065,2,0
5,2991,810.01,432.02,815.23,418.15,822.41,420.85,817.20,434.72,0.147949,2,0
5,2993,48.65,335.27,66.88,325.69,71.72,334.90,53.49,344.48,0.147893,2,0
5,2994,215.33,493.03,216.94,474.61,228.23,475.60,226.61,494.02,0.147862,2,0
5,2996,611.32,632.92,615.39,611.28,623.73,612.86,619.65,634.49,0.146901,2,0
5,2999,734.74,74.23,756.16,79.31,754.69,85.51,733.27,80.42,0.144140,2,0
5,3000,247.54,100.36,259.46,95.13,266.19,110.46,254.26,115.69,0.144140,2,0
5,3001,356.58,86.95,360.57,72.97,370.04,75.67,366.05,89.65,0.144051,2,0
5,3004,413.28,487.96,428.83,486.05,430.27,497.68,414.71,499.60,0.143883,2,0
5,3007,478.49,222.11,496.81,137.79,508.54,140.34,490.22,224.66,0.139162,0,0
5,3008,683.33,241.35,696.17,195.39,721.35,202.42,708.51,248.39,0.139162,0,0
5,3009,528.27,850.62,534.85,862.77,526.85,867.11,520.27,854.95,0.138370,2,0
5,3010,568.83,819.41,572.14,840.23,563.07,841.68,559.75,820.86,0.138370,2,0
5,3012,1026.31,879.97,1042.25,867.57,1056.28,885.61,1040.34,898.00,0.137849,2,0
5,3016,504.84,288.42,507.82,307.47,499.68,308.74,496.70,289.69,0.136022,2,0
5,3018,595.05,508.74,626.36,483.03,629.76,487.17,598.44,512.87,0.135888,2,0
5,3019,126.83,774.59,135.65,794.88,127.16,798.57,118.33,778.28,0.134844,2,0
5,3020,600.45,-53.03,618.87,-42.08,606.66,-21.54,588.24,-32.49,0.134706,0,0
5,3021,403.66,71.18,434.32,53.05,446.54,73.71,415.88,91.84,0.134706,0,0
5,3022,68.70,269.01,75.67,271.44,71.02,284.72,64.06,282.28,0.134200,2,0
5,3023,212.87,130.00,223.62,128.27,225.46,139.63,214.71,141.36,0.134200,2,0
5,3024,348.91,620.18,366.72,636.10,357.53,646.39,339.71,630.47,0.133458,2,0
5,3025,621.50,816.24,632.23,821.60,627.47,831.16,616.73,825.80,0.133458,2,0
5,3026,671.91,264.66,710.20,247.09,720.22,268.94,681.93,286.50,0.132117,0,0
5,3027,394.75,113.48,424.71,97.67,436.43,119.88,406.47,135.69,0.132117,0,0
5,3028,132.44,-11.36,163.88,54.05,145.90,62.69,114.45,-2.72,0.131757,0,0
5,3030,614.42,542.45,616.40,550.75,579.58,559.52,577.60,551.22,0.129196,0,0
5,3034,105.31,714.13,136.91,865.03,115.23,869.57,83.63,718.68,0.128442,0,0
5,3035,333.48,973.31,345.63,1009.46,306.73,1022.53,294.58,986.37,0.128442,0,0
5,3037,117.37,131.19,136.80,131.67,136.57,141.39,117.13,140.91,0.128412,2,0
5,3038,183.41,313.37,195.17,305.75,200.40,313.81,188.64,321.44,0.128201,2,0
5,3043,686.80,85.45,722.18,139.01,709.70,147.25,674.32,93.69,0.126555,0,0
5,3044,1087.89,85.23,1113.04,90.00,1106.92,122.33,1081.77,117.56,0.126555,0,0
5,3046,603.54,406.69,614.67,407.25,613.53,429.57,602.40,429.00,0.126238,2,0
5,3047,1081.95,610.38,1084.84,594.20,1097.03,596.38,1094.14,612.56,0.125410,2,0
5,3048,882.47,258.77,931.06,258.08,931.32,275.82,882.73,276.51,0.125410,2,0
5,3049,193.26,17.66,196.59,-5.14,213.97,-2.60,210.64,20.20,0.125192,2,0
5,3053,689.73,83.02,745.73,68.68,750.48,87.22,694.48,101.55,0.123533,0,0
5,3056,138.70,551.18,141.13,560.15,129.02,563.43,126.58,554.46,0.123251,2,0
5,3061,291.58,410.39,323.64,386.26,332.27,397.71,300.20,421.85,0.119938,2,0
5,3064,27.31,95.94,64.67,143.33,53.55,152.09,16.19,104.71,0.119376,2,0
5,3065,958.76,741.48,967.78,746.51,962.73,755.57,953.71,750.54,0.118196,2,0
5,3066,334.45,834.19,344.08,834.92,342.97,849.80,333.33,849.07,0.118196,2,0
5,3067,718.91,111.12,746.90,105.99,748.68,115.71,720.70,120.85,0.117718,0,0
5,3068,379.15,419.99,387.95,407.27,395.50,412.50,386.70,425.21,0.117694,2,0
5,3069,1129.90,638.99,1147.38,643.54,1141.60,665.74,1124.12,661.18,0.116867,2,0
5,3071,665.00,569.90,671.77,565.80,685.80,588.94,679.03,593.04,0.116415,2,0
5,3072,649.91,469.91,660.31,512.10,641.77,516.67,631.37,474.49,0.115408,0,0
5,3073,-41.27,541.31,53.33,632.57,19.81,667.32,-74.79,576.05,0.114759,0,0
5,3074,110.85,640.56,122.12,756.08,96.61,758.57,85.33,643.05,0.114759,0,0
5,3076,414.60,4.06,418.39,-0.85,438.65,14.82,434.86,19.73,0.114215,2,0
5,3077,654.90,473.15,681.27,540.97,661.68,548.58,635.31,480.77,0.113628,0,0
5,3084,602.15,463.27,635.36,495.23,630.79,499.99,597.58,468.03,0.111985,0,0
5,3085,526.75,679.73,538.79,689.82,524.08,707.36,512.04,697.26,0.111985,0,0
5,3086,288.46,357.73,298.59,308.27,323.40,313.35,313.27,362.81,0.111508,0,0
5,3087,373.36,424.06,449.98,515.46,446.44,518.43,369.82,427.03,0.111467,0,0
5,3088,1109.46,791.20,1123.94,796.43,1121.23,803.94,1106.75,798.71,0.111349,2,0
5,3089,690.93,300.36,716.56,281.73,726.27,295.09,700.63,313.72,0.110169,2,0
5,3090,52.58,527.20,55.52,543.48,47.10,545.00,44.16,528.72,0.109650,2,0
5,3091,-54.69,570.90,0.10,512.40,18.87,529.98,-35.91,588.48,0.109563,0,0
5,3098,809.30,778.62,814.12,804.86,804.61,806.61,799.79,780.37,0.106348,2,0
5,3100,37.95,748.90,53.63,757.43,50.43,763.31,34.75,754.79,0.105330,2,0
5,3101,557.36,195.72,618.82,189.13,619.74,197.69,558.27,204.28,0.105149,2,0
5,3102,253.38,927.10,346.06,937.75,339.26,996.92,246.58,986.27,0.105098,0,0
5,3103,119.10,780.88,130.09,781.19,129.75,793.06,118.77,792.75,0.104281,2,0
5,3106,176.38,521.80,176.70,544.89,157.57,545.16,157.25,522.06,0.104125,2,0
5,3107,702.47,572.80,779.39,511.19,789.57,523.89,712.65,585.50,0.103693,0,0
5,3108,80.38,572.82,112.33,542.40,124.41,555.09,92.45,585.50,0.102678,0,0
5,3109,69.26,334.82,82.26,331.84,84.88,343.28,71.88,346.26,0.102665,2,0
5,3111,618.85,6.69,628.42,21.64,618.81,27.79,609.24,12.84,0.102557,2,0
5,3112,690.59,540.59,696.79,550.50,685.90,557.31,679.70,547.40,0.101584,2,0
5,3113,662.52,-21.36,665.08,34.42,641.73,35.50,639.17,-20.28,0.101453,0,0
5,3119,518.57,777.12,529.74,774.76,532.17,786.23,521.00,788.59,0.101069,0,0
5,3120,291.81,185.11,321.33,181.03,323.77,198.72,294.25,202.79,0.099619,2,0
5,3122,433.82,170.24,438.25,193.44,428.92,195.22,424.49,172.02,0.097668,2,0
5,3123,407.33,36.74,416.90,31.80,425.66,48.77,416.09,53.71,0.097668,2,0
5,3126,992.90,-204.14,1004.37,-185.79,920.22,-133.18,908.74,-151.54,0.096577,0,0
5,3128,685.03,282.13,702.23,269.74,723.22,298.88,706.01,311.27,0.094867,2,0
5,3129,973.18,799.87,975.99,822.13,965.21,823.49,962.40,801.23,0.093829,2,0
5,3130,16.68,812.18,33.49,797.87,40.71,806.34,23.89,820.66,0.093688,2,0
5,3131,168.45,362.26,177.67,379.88,166.95,385.49,157.73,367.87,0.093621,2,0
5,3133,533.53,845.74,548.04,852.71,543.48,862.20,528.97,855.23,0.093353,2,0
5,3134,928.26,876.10,933.49,887.18,925.39,891.00,920.16,879.92,0.093353,2,0
5,3139,469.42,557.86,483.75,574.61,476.43,580.87,462.10,564.13,0.090671,2,0
5,3141,432.51,554.82,447.77,570.66,436.42,581.59,421.16,565.76,0.089779,2,0
5,3142,832.89,803.02,858.65,816.17,850.96,831.24,825.20,818.09,0.089189,2,0
5,3143,224.57,834.61,245.24,831.22,249.99,860.18,229.32,863.57,0.089189,2,0
5,3148,433.33,894.23,441.79,883.32,453.99,892.78,445.53,903.68,0.087302,0,0
5,3149,812.95,781.86,817.18,826.14,802.32,827.56,798.10,783.27,0.087302,0,0
5,3152,562.16,722.04,565.16,743.87,545.79,746.54,542.79,724.71,0.086662,2,0
5,3153,697.68,791.46,709.38,666.08,742.62,669.18,730.92,794.56,0.086065,0,0
5,3156,162.35,263.60,179.67,254.24,184.06,262.35,166.74,271.71,0.084701,2,0
5,3157,83.78,143.89,101.29,136.55,105.98,147.74,88.47,155.08,0.084701,2,0
5,3158,221.96,497.59,284.84,462.28,292.41,475.78,229.54,511.08,0.084586,0,0
5,3159,407.13,606.68,409.62,627.31,399.55,628.52,397.06,607.90,0.083790,2,0
5,3160,83.24,112.77,93.31,105.35,104.53,120.58,94.46,128.00,0.083084,2,0
5,3161,215.95,606.80,263.22,596.52,271.72,635.65,224.46,645.92,0.082960,0,0
5,3162,1132.06,710.52,1200.55,668.52,1209.81,683.62,1141.32,725.62,0.082557,0,0
5,3167,721.61,462.09,749.00,477.17,742.09,489.73,714.69,474.65,0.081844,2,0
5,3168,36.50,448.21,45.66,454.09,37.42,466.92,28.26,461.03,0.081680,2,0
5,3171,427.14,182.05,462.30,187.19,461.65,191.66,426.48,186.51,0.081527,2,0
5,3174,205.21,808.49,213.96,837.35,202.79,840.74,194.05,811.87,0.080785,2,0
5,3175,617.40,744.97,653.14,767.72,641.04,786.72,605.31,763.97,0.079524,2,0
5,3176,723.48,842.83,748.78,851.14,744.47,864.25,719.18,855.95,0.079524,2,0
5,3178,169.02,898.66,207.43,874.08,226.44,903.79,188.03,928.37,0.078100,0,0
5,3180,49.26,414.36,63.88,404.58,71.71,416.28,57.09,426.06,0.077522,2,0
5,3181,977.17,383.49,991.19,381.48,996.51,418.51,982.49,420.53,0.077465,0,0
5,3182,66.53,721.97,88.21,721.01,88.81,734.60,67.13,735.55,0.077331,2,0
5,3186,896.07,800.37,915.26,832.91,905.91,838.42,886.71,805.89,0.076430,2,0
5,3189,469.22,703.01,477.65,713.23,462.00,726.14,453.57,715.92,0.074751,2,0
5,3190,1216.40,741.89,1232.80,765.25,1221.68,773.05,1205.29,749.69,0.074751,2,0
5,3191,889.47,913.54,911.99,957.12,898.56,964.07,876.04,920.49,0.074701,0,0
5,3192,600.28,883.20,606.00,899.12,595.16,903.01,589.45,887.09,0.074589,2,0
5,3193,744.15,795.83,753.93,809.64,745.99,815.27,736.21,801.45,0.074589,2,0
5,3194,1213.21,470.34,1301.55,401.93,1309.57,412.29,1221.23,480.69,0.074580,0,0
5,3196,716.56,735.86,731.97,840.23,693.78,845.87,678.37,741.50,0.074257,0,0
5,3197,1097.45,332.85,1117.79,406.94,1100.68,411.64,1080.34,337.55,0.074245,0,0
5,3198,647.47,678.40,657.87,705.95,649.50,709.12,639.09,681.56,0.073756,2,0
5,3202,257.70,232.47,276.97,248.78,267.63,259.80,248.36,243.49,0.073290,0,0
5,3203,797.37,756.94,819.16,708.37,841.64,718.46,819.85,767.02,0.073207,0,0
5,3204,1374.22,146.79,1486.50,186.26,1477.69,211.33,1365.40,171.86,0.072988,0,0
5,3206,318.79,958.05,367.76,965.97,361.87,1002.35,312.90,994.43,0.072293,0,0
5,3207,872.20,351.58,886.76,355.76,884.52,363.57,869.95,359.39,0.071981,2,0
5,3208,1049.59,808.31,1058.73,811.44,1053.32,827.23,1044.18,824.10,0.071981,2,0
5,3209,1031.85,271.41,1110.92,380.84,1073.97,407.54,994.90,298.11,0.071805,0,0
5,3210,1028.95,803.50,1048.11,829.20,1031.86,841.31,1012.71,815.61,0.071443,2,0
5,3216,122.09,741.17,157.20,734.07,160.34,749.58,125.22,756.68,0.069759,0,0
5,3218,1151.69,129.13,1153.98,135.52,1134.42,142.55,1132.12,136.15,0.069367,2,0
5,3219,706.23,306.72,711.68,287.01,726.12,291.01,720.67,310.71,0.069127,2,0
5,3221,611.77,1008.57,612.82,1066.33,474.58,1068.83,473.54,1011.07,0.068455,0,0
5,3228,7.49,467.87,30.61,460.09,34.91,472.86,11.78,480.64,0.067852,0,0
5,3229,960.03,514.36,981.55,566.87,949.79,579.88,928.28,527.37,0.067726,0,0
5,3231,133.71,-105.48,176.47,-27.82,159.87,-18.68,117.11,-96.35,0.066884,0,0
5,3232,484.20,45.41,542.76,47.63,542.14,63.98,483.58,61.76,0.066884,0,0
5,3233,841.52,768.67,842.24,840.02,812.12,840.33,811.40,768.98,0.066792,0,0
5,3236,793.34,817.56,803.38,795.05,819.24,802.13,809.19,824.64,0.066547,2,0
5,3238,1198.18,683.60,1209.88,700.38,1177.81,722.76,1166.10,705.98,0.066131,2,0
5,3239,1042.21,522.13,1075.60,517.89,1077.81,535.25,1044.41,539.49,0.066131,2,0
5,3244,384.04,359.65,399.67,350.68,404.90,359.79,389.28,368.76,0.064683,2,0
5,3246,985.94,289.21,1017.40,332.68,1010.81,337.45,979.35,293.98,0.064637,2,0
5,3248,880.53,623.35,902.36,647.81,896.73,652.83,874.90,628.37,0.064399,0,0
5,3250,847.05,321.18,857.37,341.55,845.71,347.45,835.40,327.08,0.063651,0,0
5,3251,473.05,528.16,505.58,532.14,503.83,546.40,471.30,542.41,0.063651,0,0
5,3252,97.79,704.16,110.47,707.10,108.28,716.55,95.60,713.61,0.063503,2,0
5,3253,664.45,447.85,743.77,518.40,739.21,523.52,659.89,452.97,0.062401,0,0
5,3254,631.45,540.32,640.68,554.87,635.76,557.99,626.53,543.44,0.061480,2,0
5,3255,-18.39,214.87,-5.44,249.05,-21.57,255.17,-34.52,220.99,0.061175,0,0
5,3256,963.26,579.11,1001.35,654.68,983.91,663.47,945.82,587.90,0.060812,0,0
5,3257,1207.42,768.50,1240.06,870.35,1208.06,880.61,1175.42,778.76,0.060812,0,0
5,3263,765.51,-28.66,771.14,8.19,742.60,12.54,736.98,-24.30,0.060370,2,0
5,3264,276.86,401.27,290.45,395.39,296.17,408.61,282.58,414.49,0.060317,0,0
5,3265,1076.99,853.21,1090.99,740.28,1109.09,742.52,1095.10,855.45,0.060258,0,0
5,3266,-130.24,3.24,-114.97,38.95,-132.70,46.53,-147.97,10.82,0.060248,0,0
5,3272,647.30,681.39,653.88,728.99,629.20,732.40,622.62,684.80,0.059371,2,0
5,3273,335.24,522.97,337.00,503.19,351.41,504.48,349.65,524.26,0.059297,0,0
5,3274,338.42,859.52,357.15,863.44,353.81,879.39,335.08,875.47,0.059227,2,0
5,3275,688.33,746.66,691.01,720.57,703.46,721.85,700.78,747.93,0.059227,2,0
5,3276,1128.80,617.67,1164.33,625.63,1161.93,636.35,1126.40,628.40,0.058957,2,0
5,3277,840.01,342.43,867.04,425.93,851.63,430.92,824.59,347.42,0.058427,0,0
5,3278,610.91,643.86,616.17,656.46,580.77,671.23,575.52,658.63,0.058424,2,0
5,3279,733.73,548.47,751.39,569.98,746.67,573.86,729.00,552.35,0.058424,2,0
5,3284,1294.55,252.22,1318.83,298.62,1309.54,303.48,1285.26,257.08,0.058053,0,0
5,3287,631.89,698.98,640.38,680.09,647.79,683.42,639.30,702.31,0.057167,2,0
5,3288,628.38,548.12,641.52,545.09,643.63,554.28,630.49,557.31,0.057167,2,0
5,3289,942.16,440.05,949.94,482.91,930.48,486.44,922.70,443.59,0.057126,2,0
5,3290,721.15,445.98,728.18,471.76,718.95,474.28,711.92,448.49,0.057126,2,0
5,3292,199.60,669.50,203.45,670.66,195.42,697.42,191.57,696.26,0.057086,2,0
5,3295,369.36,465.62,401.71,475.89,398.61,485.64,366.27,475.37,0.056959,2,0
5,3296,720.53,635.93,738.31,656.63,719.40,672.87,701.62,652.17,0.056959,2,0
5,3299,249.34,637.02,272.24,683.67,247.39,695.86,224.50,649.21,0.056131,2,0
5,3300,501.91,502.77,516.88,517.56,513.53,520.95,498.56,506.17,0.055846,2,0
5,3303,972.53,609.68,1001.26,610.70,1000.61,628.99,971.88,627.97,0.055686,2,0
5,3305,706.30,460.88,707.88,461.78,676.15,517.52,674.56,516.62,0.055660,2,0
5,3306,959.41,531.36,974.26,566.86,957.16,574.01,942.31,538.51,0.055596,0,0
5,3307,680.47,331.74,695.96,370.48,684.84,374.93,669.35,336.19,0.055596,0,0
5,3308,707.08,570.18,730.85,558.44,735.88,568.63,712.11,580.37,0.055343,2,0
5,3310,471.06,524.16,481.75,542.10,466.52,551.17,455.84,533.23,0.055293,2,0
5,3313,651.39,541.58,687.04,555.83,684.09,563.22,648.43,548.96,0.055151,2,0
5,3314,557.58,463.26,558.15,480.05,551.51,480.28,550.94,463.49,0.055089,0,0
5,3315,179.24,482.77,183.77,491.51,170.47,498.40,165.94,489.67,0.055089,0,0
5,3316,703.05,734.66,707.48,760.56,698.33,762.13,693.90,736.23,0.054938,2,0
5,3317,217.15,371.78,217.55,383.59,204.76,384.02,204.37,372.21,0.054815,2,0
5,3318,203.36,374.34,209.87,384.92,201.94,389.81,195.43,379.23,0.054815,2,0
5,3319,525.87,275.44,527.96,295.69,522.24,296.28,520.15,276.03,0.054732,2,0
5,3320,563.73,736.79,642.57,749.80,641.10,758.74,562.25,745.73,0.054638,2,0
5,3321,57.83,665.55,64.16,661.49,72.45,674.42,66.13,678.48,0.054534,0,0
5,3323,1288.05,73.80,1382.72,138.11,1378.24,144.71,1283.56,80.40,0.054422,2,0
5,3326,975.01,603.56,985.48,667.71,961.15,671.68,950.69,607.53,0.054216,2,0
5,3327,800.20,539.80,802.51,569.12,783.01,570.65,780.70,541.33,0.054216,2,0
5,3328,619.94,705.24,642.89,689.20,664.18,719.67,641.22,735.71,0.054065,2,0
5,3330,629.48,766.60,639.02,775.77,632.29,782.77,622.75,773.61,0.053983,2,0
5,3331,47.04,235.87,71.38,200.25,83.99,208.86,59.65,244.48,0.053798,2,0
5,3332,1351.70,592.89,1402.16,559.37,1416.00,580.20,1365.54,613.71,0.053732,2,0
5,3333,1196.72,859.68,1201.81,844.12,1231.56,853.87,1226.46,869.43,0.053732,2,0
5,3334,-205.94,586.79,-150.15,548.92,-137.42,567.67,-193.21,605.54,0.053698,0,0
5,3335,-0.44,457.42,52.97,435.56,62.61,459.11,9.20,480.97,0.053698,0,0
5,3336,870.88,869.09,885.65,885.57,878.14,892.29,863.38,875.82,0.053626,2,0
5,3338,985.37,575.36,992.62,530.84,1001.81,532.34,994.57,576.86,0.053494,2,0
5,3339,627.47,777.27,634.84,714.53,649.49,716.25,642.12,778.99,0.053446,2,0
5,3341,749.43,1160.13,766.18,1153.04,775.39,1174.77,758.64,1181.87,0.053163,0,0
5,3342,597.96,924.15,610.67,924.66,609.92,943.33,597.20,942.82,0.053163,0,0
5,3343,829.18,661.85,871.63,599.37,876.44,602.64,833.99,665.12,0.053152,2,0
5,3344,281.31,442.14,283.04,474.18,271.91,474.79,270.18,442.75,0.052995,2,0
5,3345,876.47,425.62,962.76,405.36,968.45,429.60,882.16,449.86,0.052939,2,0
5,3346,1031.10,717.28,1054.06,705.96,1061.69,721.45,1038.73,732.77,0.052328,2,0
5,3347,625.95,717.74,636.27,709.68,641.57,716.46,631.25,724.52,0.052328,2,0
5,3348,1528.29,379.72,1640.52,355.72,1642.93,367.01,1530.71,391.00,0.052226,0,0
5,3349,1202.85,496.58,1257.22,422.65,1281.47,440.49,1227.10,514.42,0.052162,0,0
5,3350,1296.78,597.74,1361.91,540.64,1378.71,559.81,1313.58,616.91,0.052015,0,0
5,3352,1422.05,358.36,1543.58,473.80,1540.54,477.01,1419.00,361.56,0.051997,0,0
5,3353,723.09,541.73,750.24,563.25,731.60,586.77,704.45,565.25,0.051910,0,0
5,3354,724.47,641.27,725.47,792.13,693.02,792.35,692.01,641.49,0.051831,0,0
5,3355,1188.38,411.77,1191.57,436.69,1177.27,438.52,1174.08,413.61,0.051670,0,0
5,3356,682.14,736.58,685.41,768.88,668.57,770.58,665.30,738.28,0.051650,2,0
5,3357,-151.58,300.07,-87.81,289.06,-85.65,301.60,-149.42,312.61,0.051594,0,0
5,3358,93.25,200.63,138.35,190.27,143.38,212.16,98.28,222.52,0.051594,0,0
5,3359,38.03,487.10,69.25,461.06,78.60,472.27,47.38,498.30,0.051563,0,0
5,3360,844.54,919.39,866.12,909.73,871.16,920.97,849.57,930.63,0.051522,0,0
5,3363,-73.80,510.46,-73.19,540.72,-84.22,540.94,-84.83,510.68,0.051301,0,0
5,3364,419.95,1208.22,434.91,1207.23,436.98,1238.78,422.02,1239.77,0.051264,2,0
5,3365,868.16,764.76,877.12,782.51,858.26,792.04,849.30,774.28,0.051117,0,0
5,3366,1109.94,761.47,1119.43,793.97,1094.49,801.26,1085.00,768.75,0.051117,0,0
5,3367,71.75,464.43,100.01,483.33,87.72,501.72,59.45,482.83,0.050922,0,0
5,3368,-51.39,590.96,-32.41,591.74,-32.96,605.09,-51.94,604.32,0.050922,0,0
5,3370,-40.54,257.15,-19.31,342.71,-25.23,344.18,-46.47,258.62,0.050877,0,0
5,3371,72.58,247.55,75.84,285.53,54.15,287.39,50.90,249.41,0.050868,0,0
5,3372,545.57,1204.26,551.61,1204.19,552.05,1244.62,546.01,1244.69,0.050824,2,0
5,3373,578.31,626.12,597.68,635.40,586.26,659.23,566.89,649.95,0.050684,0,0
5,3374,1243.65,403.29,1270.22,433.32,1263.86,438.95,1237.28,408.93,0.050684,0,0
5,3375,938.71,616.71,1023.53,607.09,1026.86,636.47,942.05,646.10,0.050311,0,0
5,89,587.26,525.37,604.45,551.60,583.65,565.23,566.46,538.99,0.162728,0,0
5,120,836.05,101.80,837.60,120.03,826.12,121.00,824.58,102.77,0.330821,2,0
5,142,233.03,586.53,444.63,525.79,456.45,566.97,244.85,627.71,0.051301,0,0
5,152,188.90,765.26,261.57,697.78,280.42,718.08,207.75,785.56,0.128598,0,0
5,155,1355.99,661.13,1356.79,625.86,1375.24,626.28,1374.44,661.56,0.058427,0,0
5,173,204.76,803.86,215.24,819.03,208.95,823.38,198.47,808.21,0.063503,2,0
5,194,476.11,293.03,480.85,309.41,469.91,312.57,465.18,296.19,0.061480,2,0
5,248,506.82,145.58,532.89,141.62,535.92,161.56,509.85,165.53,0.185172,2,0
5,275,1104.47,488.12,1127.80,510.91,1109.86,529.26,1086.54,506.47,0.052939,2,0
5,303,-13560.67,4814.95,15367.02,-3467.95,15367.03,-3467.92,-13560.66,4814.98,0.072684,2,0
5,326,278.53,52.68,286.89,94.46,266.89,98.47,258.52,56.69,0.125192,2,0
5,331,575.43,967.57,655.30,896.37,686.03,930.84,606.15,1002.04,0.051831,0,0
5,365,305.32,484.19,316.96,479.39,322.06,491.75,310.42,496.55,0.105149,2,0
5,400,718.75,342.06,851.81,313.88,854.19,325.15,721.14,353.33,0.108579,2,0
5,415,803.26,882.97,825.28,873.51,831.80,888.71,809.79,898.16,0.104641,2,0
5,417,1065.83,63.66,1091.29,-3.01,1109.64,4.00,1084.18,70.66,0.101974,2,0
5,424,998.98,716.75,1007.75,728.22,999.62,734.44,990.85,722.97,0.077106,2,0
5,434,550.58,648.50,605.64,757.00,588.53,765.68,533.47,657.18,0.050824,2,0
5,456,181.86,421.32,194.49,423.55,192.82,432.94,180.20,430.70,0.081680,2,0
5,471,1033.29,764.30,1068.24,745.21,1078.94,764.81,1043.99,783.90,0.052015,0,0
5,531,984.70,777.06,1053.28,735.93,1071.96,767.07,1003.38,808.21,0.054638,2,0
5,583,626.59,522.77,646.55,516.20,652.77,535.12,632.81,541.68,0.158641,2,0
5,587,991.31,307.38,1135.40,319.52,1132.15,358.06,988.06,345.91,0.097551,2,0
5,655,361.29,725.76,362.41,742.38,349.65,743.24,348.53,726.62,0.059297,0,0
5,688,781.80,671.48,790.46,702.29,774.98,706.64,766.32,675.83,0.051883,0,0
5,699,885.22,347.59,924.13,356.38,918.91,379.51,879.99,370.72,0.110169,2,0
5,706,467.92,524.87,476.66,516.72,485.94,526.68,477.20,534.83,0.056030,2,0
5,717,1405.67,521.72,1475.17,618.26,1434.28,647.70,1364.77,551.15,0.064511,0,0
5,720,566.55,529.11,658.69,442.65,686.52,472.31,594.37,558.76,0.147506,0,0
5,730,152.44,278.94,180.70,318.76,156.19,336.16,127.92,296.34,0.159382,0,0
5,741,1043.12,897.71,1156.70,991.39,1112.74,1044.68,999.17,950.99,0.053572,0,0
5,746,1001.03,576.69,1010.89,570.72,1016.28,579.61,1006.41,585.58,0.063829,2,0
5,756,865.44,709.66,872.92,744.16,848.13,749.54,840.65,715.04,0.051188,2,0
5,763,238.18,345.89,265.27,346.50,264.85,364.77,237.77,364.15,0.121113,2,0
5,770,904.48,539.87,925.45,539.92,925.41,555.30,904.44,555.25,0.070753,2,0
5,781,646.89,735.00,660.30,676.17,677.32,680.05,663.90,738.88,0.086662,2,0
5,803,1491.26,501.76,1553.49,574.79,1530.23,594.61,1468.00,521.58,0.052162,0,0
5,804,1022.96,360.57,1340.72,164.77,1359.79,195.70,1042.02,391.51,0.207647,0,0
5,807,923.41,413.33,1064.96,331.60,1077.29,352.95,935.73,434.68,0.053318,2,0
5,810,901.85,472.21,917.30,534.98,903.82,538.29,888.38,475.53,0.059955,2,0
5,854,910.96,619.89,1003.57,589.64,1018.79,636.24,926.18,666.49,0.068853,2,0
5,877,-12.79,195.44,7.90,258.82,-8.76,264.26,-29.45,200.87,0.050868,0,0
5,894,928.62,433.52,940.41,471.04,906.90,481.57,895.11,444.04,0.112287,0,0
5,899,744.81,702.84,857.42,673.36,860.82,686.32,748.21,715.81,0.051522,0,0
5,912,842.60,609.75,845.60,582.66,867.09,585.04,864.10,612.13,0.055876,2,0
5,3,553.07,173.99,643.67,206.99,629.94,244.69,539.34,211.68,0.058053,0,0
5,46,844.78,610.14,846.12,622.17,837.64,623.11,836.30,611.08,0.060474,2,0
5,56,687.15,494.35,749.32,531.64,728.70,566.01,666.54,528.72,0.169510,0,0
5,66,1109.47,398.45,1143.97,380.03,1167.07,423.29,1132.56,441.71,0.055302,0,0
5,85,561.51,102.62,693.30,237.29,650.82,278.86,519.04,144.19,0.232649,0,0
5,93,440.11,45.93,450.21,99.14,431.24,102.74,421.15,49.53,0.247528,0,0
5,224,798.54,-153.68,866.48,-73.25,841.51,-52.15,773.57,-132.58,0.131757,0,0
5,445,996.98,130.93,1031.89,116.54,1039.06,133.93,1004.14,148.32,0.261952,0,0
5,472,936.48,92.89,984.35,201.43,960.08,212.13,912.21,103.60,0.368742,0,0
5,476,521.31,824.15,567.40,820.31,569.56,846.28,523.48,850.12,0.129650,0,0
5,497,73.48,638.99,104.83,644.40,101.04,666.31,69.69,660.90,0.054190,2,0
5,561,533.45,570.11,553.27,483.17,583.38,490.03,563.56,576.97,0.111467,0,0
5,594,858.27,831.50,885.28,832.62,884.32,855.92,857.31,854.80,0.104641,2,0
5,601,287.07,225.96,352.17,252.07,344.19,271.98,279.08,245.87,0.235274,0,0
5,663,895.59,592.33,899.74,578.97,908.68,581.75,904.53,595.11,0.051590,2,0
5,685,654.88,915.62,689.52,973.60,658.41,992.19,623.77,934.20,0.053331,0,0
5,773,964.77,698.40,978.89,665.95,1001.38,675.74,987.26,708.19,0.050821,2,0
5,784,1152.50,584.69,1206.32,579.64,1209.06,608.84,1155.24,613.88,0.061319,0,0
5,789,1032.05,353.55,1045.01,271.38,1072.94,275.79,1059.98,357.95,0.060370,2,0
5,813,830.35,550.15,854.00,582.06,836.71,594.87,813.06,562.95,0.051894,0,0
5,916,1050.40,209.13,1074.81,136.04,1107.39,146.92,1082.98,220.01,0.219800,0,0
5,917,1026.65,50.94,1090.94,109.57,1067.13,135.68,1002.84,77.05,0.246999,0,0
5,928,722.66,147.96,815.21,124.65,824.51,161.57,731.96,184.88,0.441328,0,0
5,932,1089.67,175.55,1173.28,185.83,1169.20,219.04,1085.59,208.76,0.256266,0,0
5,933,797.59,380.97,827.52,241.28,863.82,249.06,833.89,388.75,0.246135,0,0
5,935,870.18,164.56,903.07,97.79,928.98,110.56,896.09,177.33,0.328765,0,0
5,937,868.27,-52.90,900.78,-31.51,872.55,11.41,840.03,-9.98,0.220380,0,0
5,939,691.47,179.29,799.68,311.69,772.97,333.52,664.76,201.12,0.232106,0,0
5,941,887.23,208.85,948.64,254.94,924.99,286.45,863.58,240.36,0.073290,0,0
5,946,312.24,643.66,370.60,599.87,391.35,627.52,332.99,671.31,0.109563,0,0
5,948,1050.93,239.16,1117.37,221.73,1123.12,243.65,1056.68,261.08,0.051670,0,0
5,983,768.78,-22.18,772.63,81.22,743.41,82.31,739.56,-21.10,0.158335,0,0
5,988,493.50,749.56,499.49,747.21,505.57,762.75,499.57,765.09,0.055842,2,0
5,997,526.34,272.92,526.99,250.36,534.71,250.58,534.06,273.14,0.104616,2,0
5,1003,587.05,223.89,587.63,258.63,579.82,258.76,579.24,224.02,0.129959,2,0
5,1008,595.21,341.80,608.86,371.38,596.97,376.87,583.32,347.28,0.093621,2,0
5,1012,1118.71,607.60,1130.60,553.08,1155.45,558.50,1143.57,613.02,0.131109,0,0
5,1030,544.47,28.61,545.87,10.67,579.31,13.27,577.92,31.21,0.101974,2,0
5,1032,426.81,420.25,450.83,477.49,418.07,491.24,394.05,434.00,0.113628,0,0
5,1040,531.44,427.92,533.66,443.63,518.86,445.72,516.64,430.01,0.162353,2,0
5,1046,-23.79,519.16,14.20,488.66,27.35,505.04,-10.64,535.54,0.084586,0,0
5,1047,392.16,589.46,414.63,599.80,405.67,619.28,383.20,608.94,0.091354,0,0
5,1048,277.21,485.98,312.05,478.00,316.77,498.57,281.93,506.56,0.197780,0,0
5,1049,1061.52,54.79,1095.43,140.45,1074.13,148.88,1040.23,63.21,0.166993,0,0
5,1079,194.37,741.68,211.85,751.07,203.78,766.09,186.30,756.70,0.052329,2,0
5,1087,591.86,264.14,624.38,279.09,616.42,296.38,583.91,281.42,0.184038,2,0
5,1089,926.01,256.46,990.54,250.69,992.57,273.48,928.04,279.24,0.154852,2,0
5,1104,336.68,650.19,360.02,658.51,351.07,683.61,327.73,675.29,0.128598,0,0
5,1113,277.15,310.89,290.39,256.95,317.61,263.63,304.37,317.57,0.234791,0,0
5,1131,531.78,347.47,534.78,335.60,545.54,338.32,542.54,350.19,0.185397,2,0
5,1146,563.51,704.51,591.33,707.95,588.46,731.21,560.64,727.78,0.056325,2,0
5,1147,314.84,214.75,323.12,235.75,312.15,240.08,303.87,219.08,0.116800,2,0
5,1154,1130.44,379.62,1166.77,360.84,1183.12,392.46,1146.80,411.25,0.153024,2,0
5,1178,502.80,606.57,518.81,606.04,519.04,613.05,503.03,613.58,0.149830,2,0
5,1192,462.92,612.97,493.72,606.98,502.97,654.54,472.17,660.53,0.056257,2,0
5,1201,652.48,490.23,724.84,540.44,707.74,565.08,635.38,514.87,0.053318,2,0
5,1205,1042.01,798.09,1076.92,803.48,1075.22,814.49,1040.31,809.10,0.050844,2,0
5,1226,950.19,312.33,963.70,299.42,971.94,308.04,958.43,320.96,0.168872,2,0
5,1231,1123.80,790.99,1165.58,736.04,1210.51,770.20,1168.72,825.15,0.086315,0,0
5,1243,922.41,820.79,991.58,832.07,986.17,865.23,917.00,853.94,0.139680,0,0
5,1244,41.81,616.09,46.89,625.59,34.41,632.27,29.32,622.77,0.080785,2,0
5,1245,248.72,535.96,262.35,527.41,270.61,540.58,256.97,549.13,0.053798,2,0
5,1248,276.85,622.73,279.28,647.19,270.91,648.03,268.48,623.56,0.134844,2,0
5,1249,1097.68,721.54,1149.48,654.91,1173.70,673.74,1121.90,740.37,0.089170,0,0
5,1252,290.79,190.92,298.22,222.74,281.04,226.75,273.62,194.92,0.121601,2,0
5,1272,666.63,873.86,689.82,854.13,720.15,889.77,696.96,909.51,0.100964,0,0
5,1282,1296.21,530.35,1382.98,604.04,1361.72,629.06,1274.96,555.37,0.062506,0,0
5,1287,-66777.11,-1154.35,67947.81,2333.01,67947.80,2333.40,-66777.12,-1153.96,0.247708,2,0
5,1297,453.30,270.87,475.66,266.80,477.95,279.38,455.59,283.45,0.117694,2,0
5,1298,463.39,176.75,472.58,160.50,491.15,171.00,481.96,187.26,0.104616,2,0
5,1326,1128.07,555.08,1163.49,640.40,1112.87,661.42,1077.45,576.10,0.052167,2,0
5,1334,100.75,517.57,102.07,494.52,116.78,495.37,115.45,518.42,0.116800,2,0
5,1350,292.83,301.38,304.21,318.42,293.97,325.25,282.59,308.22,0.052882,2,0
5,1352,638.42,823.83,638.58,846.40,618.55,846.54,618.40,823.97,0.137849,2,0
5,1360,442.54,594.64,519.31,574.58,534.01,630.82,457.23,650.88,0.114292,2,0
5,1370,266.07,873.56,315.76,907.71,299.93,930.74,250.24,896.60,0.052329,2,0
5,1372,828.18,720.80,925.09,725.09,923.79,754.54,826.88,750.25,0.055224,0,0
5,1373,947.04,814.94,964.62,868.74,940.93,876.49,923.34,822.68,0.051883,0,0
5,1382,1181.73,428.37,1206.95,466.02,1188.00,478.72,1162.78,441.07,0.116867,2,0
5,1383,582.99,617.66,585.22,673.11,560.90,674.09,558.67,618.64,0.055180,2,0
5,1384,549.39,636.14,565.45,613.19,582.10,624.83,566.04,647.79,0.082377,2,0
5,1396,1401.86,324.32,1448.23,282.66,1458.93,294.57,1412.56,336.23,0.072988,0,0
5,1400,49.97,447.16,62.09,460.32,51.52,470.06,39.40,456.90,0.054732,2,0
5,1403,1024.73,684.08,1076.68,670.83,1085.21,704.31,1033.26,717.56,0.071142,0,0
5,1410,866.21,734.12,870.28,768.84,843.89,771.93,839.83,737.20,0.075364,2,0
5,1437,769.13,483.08,828.38,464.93,834.29,484.22,775.04,502.37,0.299677,2,0
5,1439,80.78,426.69,100.38,419.47,102.85,426.17,83.25,433.38,0.098608,2,0
5,1450,1188.13,768.76,1267.23,867.11,1226.73,899.69,1147.62,801.34,0.051910,0,0
5,1461,716.97,552.79,724.56,587.00,707.48,590.79,699.89,556.57,0.054894,2,0
5,1466,41.41,544.09,59.37,553.29,52.74,566.24,34.77,557.04,0.054190,2,0
5,1479,79.29,382.64,94.07,384.65,92.59,395.50,77.81,393.48,0.151937,2,0
5,1481,1023.41,668.15,1037.33,678.43,1032.74,684.65,1018.82,674.37,0.067036,2,0
5,1519,352.00,874.53,420.31,854.79,432.40,896.63,364.09,916.37,0.129650,0,0
5,1539,554.23,528.08,589.98,582.63,570.69,595.27,534.94,540.73,0.089779,2,0
5,1546,812.58,576.75,817.86,628.10,788.04,631.17,782.75,579.82,0.051443,2,0
5,1552,651.45,622.28,661.04,635.77,644.29,647.67,634.70,634.18,0.056325,2,0
5,1562,956.79,417.49,1081.68,467.66,1077.04,479.23,952.14,429.06,0.056131,2,0
5,1565,1238.04,676.74,1262.87,665.64,1273.11,688.56,1248.29,699.66,0.055302,0,0
5,1570,1010.94,492.05,1023.27,475.85,1042.78,490.71,1030.44,506.91,0.055006,2,0
5,1571,1160.02,391.28,1169.18,385.16,1177.65,397.85,1168.48,403.96,0.081844,2,0
5,1576,299.55,457.73,304.49,448.22,315.48,453.93,310.54,463.44,0.054894,2,0
5,1583,158.85,421.35,170.82,441.02,160.02,447.60,148.04,427.92,0.104125,2,0
5,1607,950.66,508.53,975.83,499.42,980.88,513.37,955.71,522.48,0.055293,2,0
5,1625,898.78,678.96,908.72,693.23,891.25,705.41,881.31,691.14,0.066547,2,0
5,1626,1314.49,397.38,1387.28,393.16,1388.51,414.42,1315.72,418.64,0.256266,0,0
5,1634,622.52,565.78,637.21,591.16,613.02,605.15,598.33,579.77,0.162574,2,0
5,1638,1182.73,683.16,1252.93,673.30,1256.21,696.67,1186.01,706.53,0.082557,0,0
5,1646,945.18,735.10,974.29,730.03,976.41,742.23,947.31,747.30,0.067036,2,0
5,1660,-100.08,256.39,-5.35,386.99,-13.41,392.84,-108.14,262.24,0.052514,2,0
5,1669,1275.15,707.72,1295.03,721.10,1284.39,736.90,1264.52,723.52,0.060258,0,0
5,1672,912.60,730.73,934.65,725.39,938.84,742.71,916.79,748.04,0.053554,0,0
5,1697,103.93,182.78,105.15,139.97,116.16,140.28,114.94,183.10,0.128201,2,0
5,103,879.05,267.21,890.59,208.80,930.15,216.62,918.61,275.02,0.265398,0,0
5,108,1132.01,733.83,1202.20,743.12,1197.45,779.07,1127.25,769.79,0.069723,0,0
5,258,558.62,161.89,813.06,124.75,820.12,173.12,565.68,210.27,0.249374,0,0
5,512,298.33,252.10,317.35,230.83,329.15,241.38,310.13,262.65,0.238393,2,0
5,920,352.19,175.55,459.21,193.34,453.45,227.99,346.43,210.19,0.155633,0,0
5,927,863.92,37.54,1004.73,82.79,993.05,119.11,852.24,73.87,0.236764,0,0
5,950,732.72,73.35,749.09,113.93,729.53,121.82,713.16,81.24,0.186283,0,0
5,966,871.24,100.57,918.80,192.92,895.03,205.16,847.47,112.81,0.227848,0,0
5,973,55.67,523.54,128.11,501.23,142.59,548.24,70.15,570.56,0.068455,0,0
5,977,879.79,259.66,883.89,282.28,867.34,285.28,863.24,262.66,0.060248,0,0
5,979,567.66,235.46,588.00,221.83,601.20,241.50,580.85,255.14,0.199068,0,0
5,1070,595.32,386.79,601.67,702.19,540.38,703.42,534.04,388.02,0.181255,0,0
5,1094,885.13,877.19,904.14,872.29,907.07,883.66,888.06,888.55,0.092130,2,0
5,1250,1052.46,784.43,1081.25,722.01,1104.08,732.55,1075.29,794.96,0.062401,0,0
5,1253,1056.17,529.26,1068.53,565.73,1056.50,569.80,1044.14,533.34,0.064637,2,0
5,1266,522.43,585.90,533.26,606.78,521.09,613.10,510.25,592.21,0.054938,2,0
5,1307,1178.47,9.64,1261.23,84.73,1239.30,108.90,1156.54,33.81,0.117718,0,0
5,1322,826.17,126.77,828.15,171.41,790.28,173.09,788.30,128.45,0.186283,0,0
5,1337,513.01,771.42,523.49,798.50,504.99,805.66,494.51,778.58,0.073756,2,0
5,1342,815.83,886.45,833.26,995.15,794.11,1001.43,776.68,892.73,0.053331,0,0
5,1413,731.86,554.33,753.97,636.95,723.79,645.02,701.68,562.41,0.051894,0,0
5,1446,839.09,403.44,839.46,396.12,858.01,397.05,857.64,404.37,0.232084,2,0
5,1462,6.77,451.83,24.66,440.01,31.67,450.62,13.79,462.44,0.099619,2,0
5,1473,681.44,780.22,731.92,1087.83,678.28,1096.63,627.80,789.02,0.086818,0,0
5,1477,4.69,485.55,74.85,430.19,90.11,449.53,19.96,504.90,0.102678,0,0
5,1490,596.65,722.22,605.01,737.51,591.38,744.96,583.02,729.67,0.106922,2,0
5,1526,268.90,390.25,295.61,457.56,278.94,464.18,252.22,396.87,0.083790,2,0
5,1555,1220.66,587.41,1245.98,621.82,1204.33,652.46,1179.01,618.05,0.062506,0,0
5,1579,1019.17,739.78,1042.69,692.50,1071.46,706.82,1047.93,754.09,0.165723,0,0
5,1580,1221.60,344.21,1441.06,444.07,1425.29,478.72,1205.83,378.85,0.061319,0,0
5,1621,492.61,617.93,512.29,633.08,502.67,645.57,482.99,630.42,0.059955,2,0
5,1687,681.09,24.94,691.15,113.06,673.30,115.10,663.24,26.98,0.164147,2,0
5,1695,258.24,637.30,301.38,695.86,288.06,705.67,244.92,647.11,0.051650,2,0
5,1710,584.14,440.29,591.25,530.95,560.99,533.32,553.89,442.66,0.238354,0,0
5,1727,673.10,96.10,696.80,288.59,636.34,296.04,612.63,103.55,0.167621,0,0
5,1735,922.66,136.44,982.50,219.18,955.14,238.97,895.30,156.23,0.234791,0,0
5,1736,682.31,75.22,700.71,99.30,641.56,144.50,623.15,120.42,0.170693,0,0
5,1738,404.15,-1.87,898.32,94.65,865.18,264.33,371.01,167.81,0.295676,0,0
5,1741,735.90,83.42,764.09,176.87,714.46,191.84,686.27,98.39,0.220380,0,0
5,1742,675.51,74.09,696.87,157.69,649.20,169.87,627.84,86.26,0.381032,0,0
5,1743,963.18,232.59,998.22,313.18,975.38,323.11,940.34,242.52,0.188520,0,0
5,1747,59.91,835.01,120.20,867.33,109.12,887.98,48.84,855.66,0.297275,0,0
5,1748,381.70,510.57,391.32,518.21,370.80,544.06,361.18,536.42,0.069759,0,0
5,1752,999.52,279.13,1026.01,224.96,1057.92,240.57,1031.42,294.73,0.236813,0,0
5,1754,447.11,8.35,451.79,70.22,427.90,72.03,423.22,10.16,0.101453,0,0
5,1755,585.53,-1.81,608.65,126.26,572.79,132.73,549.68,4.66,0.223479,0,0
5,1756,492.18,150.89,651.29,-68.29,715.45,-21.72,556.35,197.47,0.307718,0,0
5,1757,419.15,222.77,613.07,209.12,614.87,234.66,420.95,248.32,0.210344,0,0
5,1760,563.83,505.62,711.78,522.12,708.76,549.20,560.81,532.71,0.169510,0,0
5,1772,538.84,-7.84,576.96,-115.25,643.07,-91.79,604.95,15.62,0.167621,0,0
5,1777,657.19,33.36,700.53,208.44,634.74,224.72,591.41,49.64,0.421351,0,0
5,1786,205.47,81.93,208.85,107.08,190.40,109.56,187.02,84.41,0.102557,2,0
5,1789,1013.69,85.46,1016.65,36.86,1042.62,38.45,1039.65,87.04,0.236764,0,0
5,1790,256.96,194.46,279.76,171.90,298.54,190.88,275.75,213.44,0.111508,0,0
5,1794,698.18,345.27,701.77,326.78,712.85,328.93,709.26,347.42,0.225747,2,0
5,1817,643.92,444.16,655.05,425.30,679.86,439.94,668.73,458.80,0.338721,0,0
5,1819,473.84,679.85,501.63,707.98,488.55,720.90,460.76,692.77,0.052514,2,0
5,1849,538.33,586.92,574.43,617.29,556.07,639.12,519.97,608.75,0.054065,2,0
5,1855,59.06,661.78,81.62,666.58,76.18,692.14,53.62,687.34,0.077331,2,0
5,1859,1145.72,272.17,1174.13,228.02,1205.53,248.22,1177.12,292.38,0.412031,0,0
5,1861,593.97,795.34,596.71,817.44,576.34,819.97,573.60,797.87,0.053446,2,0
5,1867,471.28,797.66,547.94,739.16,567.90,765.32,491.24,823.82,0.078100,0,0
5,1871,684.11,-28.17,1113.68,-3.91,1111.96,26.37,682.40,2.12,0.232853,0,0
5,1877,715.86,574.40,744.49,436.63,760.14,439.88,731.50,577.65,0.195545,0,0
5,1878,-29.40,755.59,-12.18,708.58,7.06,715.63,-10.17,762.64,0.082960,0,0
5,1880,474.04,121.43,474.58,153.57,450.73,153.97,450.19,121.83,0.054422,2,0
5,1899,533.15,744.19,565.29,774.70,549.25,791.58,517.12,761.08,0.077877,2,0
5,1901,234.28,496.20,247.45,490.84,252.93,504.31,239.76,509.67,0.056030,2,0
5,1910,170.78,872.62,206.01,948.31,166.62,966.64,131.39,890.95,0.086818,0,0
5,1950,1313.84,210.02,1341.63,277.26,1322.21,285.29,1294.41,218.05,0.053554,0,0
5,1957,523.18,604.46,527.58,643.36,514.08,644.89,509.68,605.99,0.059371,2,0
5,1960,788.58,761.98,798.78,790.91,787.34,794.94,777.14,766.01,0.093829,2,0
5,1961,820.29,335.26,916.18,306.98,924.36,334.70,828.47,362.99,0.185769,0,0
5,1972,415.84,67.80,423.49,111.71,404.63,114.99,396.99,71.08,0.119376,2,0
5,1977,580.64,356.32,586.25,374.35,579.87,376.33,574.27,358.30,0.160591,2,0
5,1978,662.59,856.33,837.47,965.18,812.90,1004.65,638.02,895.81,0.053735,0,0
5,1979,545.53,870.47,558.90,945.36,520.37,952.24,507.00,877.35,0.119082,0,0
5,1985,452.76,148.14,462.85,147.37,463.67,158.09,453.59,158.86,0.055258,2,0
5,1997,961.04,270.04,989.22,260.73,994.05,275.36,965.88,284.67,0.151065,2,0
5,2001,797.00,-77.36,812.25,29.74,782.34,34.01,767.08,-73.10,0.143425,0,0
5,2017,822.20,742.75,830.65,731.83,839.88,738.98,831.43,749.89,0.054274,2,0
5,2018,669.13,435.10,695.62,375.26,731.20,391.01,704.72,450.85,0.246135,0,0
5,2039,217.27,724.85,233.78,727.09,232.27,738.18,215.77,735.94,0.104281,2,0
5,2081,341.16,113.21,346.75,132.69,339.86,134.67,334.27,115.19,0.175538,2,0
5,2106,540.70,734.39,558.83,756.20,544.52,768.09,526.40,746.28,0.055686,2,0
5,2112,373.23,848.14,475.04,840.51,477.86,878.21,376.05,885.83,0.297275,0,0
5,2137,1076.84,765.41,1080.55,784.39,1060.62,788.29,1056.90,769.32,0.076430,2,0
5,2140,457.56,449.75,462.93,482.70,451.17,484.62,445.81,451.67,0.051590,2,0
5,2143,271.03,199.60,277.85,251.80,250.11,255.42,243.30,203.23,0.061175,0,0
5,2145,800.79,742.47,811.19,738.28,816.24,750.83,805.84,755.02,0.054274,2,0
5,2164,995.45,720.16,1167.85,942.09,1128.90,972.35,956.50,750.41,0.139680,0,0
5,2169,100.42,383.92,125.30,398.57,119.60,408.27,94.71,393.62,0.151937,2,0
5,2175,754.72,509.99,877.45,529.43,869.44,580.02,746.71,560.59,0.053315,0,0
5,2176,108.04,499.62,114.33,508.46,101.82,517.36,95.53,508.52,0.243035,0,0
5,2180,958.35,822.23,968.34,785.33,989.53,791.07,979.54,827.97,0.091163,2,0
5,2181,519.96,824.56,528.70,827.66,521.44,848.21,512.69,845.12,0.082665,2,0
5,2185,1096.11,398.29,1126.29,395.29,1128.88,421.29,1098.70,424.28,0.092915,2,0
5,2193,1165.94,458.88,1224.78,508.07,1206.07,530.45,1147.22,481.26,0.097551,2,0
5,2208,1085.77,743.90,1088.38,738.97,1106.52,748.56,1103.91,753.49,0.055180,2,0
5,2225,894.79,503.26,912.93,545.68,866.14,565.69,848.00,523.26,0.069127,2,0
5,2229,342.77,802.40,392.44,826.55,380.54,851.03,330.87,826.88,0.068853,2,0
5,2238,552.23,821.73,556.27,816.40,568.85,825.94,564.81,831.26,0.111349,2,0
5,2243,107.24,432.68,125.54,429.73,127.58,442.42,109.29,445.37,0.077522,2,0
5,2247,755.80,597.57,759.56,655.07,731.14,656.93,727.39,599.43,0.050821,2,0
5,2252,698.81,713.48,718.41,717.55,714.97,734.08,695.37,730.00,0.056257,2,0
5,2255,1180.49,578.37,1193.82,562.76,1205.16,572.44,1191.84,588.05,0.128552,2,0
5,2261,1114.26,374.80,1128.31,371.34,1131.12,382.78,1117.08,386.23,0.173320,2,0
5,2277,472.69,623.34,475.23,636.27,459.36,639.39,456.82,626.46,0.146901,2,0
5,2284,480.76,391.80,554.38,482.28,543.31,491.29,469.69,400.81,0.160591,2,0
5,2306,1143.88,916.93,1207.94,903.38,1219.07,955.96,1155.01,969.52,0.055224,0,0
5,2307,876.04,585.37,894.27,686.04,862.77,691.75,844.54,591.07,0.050311,0,0
5,2308,1051.14,882.41,1056.10,856.27,1083.34,861.44,1078.39,887.57,0.184468,0,0
5,2312,472.89,432.36,489.04,437.05,483.93,454.63,467.78,449.94,0.093364,2,0
5,2317,684.20,663.03,687.54,685.58,673.97,687.59,670.63,665.04,0.053626,2,0
5,2345,-75.27,388.41,-21.35,357.03,-12.79,371.74,-66.71,403.11,0.051563,0,0
5,25,817.02,265.90,858.56,251.64,864.28,268.29,822.74,282.55,0.199068,0,0
5,30,714.11,97.27,798.83,187.47,770.21,214.34,685.50,124.14,0.207480,0,0
5,34,771.78,421.70,773.97,234.52,850.65,235.42,848.46,422.59,0.195545,0,0
5,91,677.54,120.28,727.42,276.83,658.94,298.65,609.06,142.10,0.268959,0,0
5,109,682.62,849.53,714.62,970.22,670.47,981.93,638.47,861.23,0.100964,0,0
5,119,596.28,-107.71,671.71,-34.66,642.16,-4.15,566.73,-77.19,0.158335,0,0
5,124,908.42,162.02,942.67,329.33,908.54,336.32,874.29,169.01,0.096577,0,0
5,129,610.19,397.34,623.83,485.93,583.67,492.11,570.03,403.52,0.140434,0,0
5,140,531.38,541.11,600.11,566.79,584.69,608.07,515.95,582.39,0.238354,0,0
5,145,552.95,473.55,583.98,477.01,582.37,491.49,551.34,488.03,0.101069,0,0
5,209,616.74,386.31,636.31,335.46,659.87,344.53,640.29,395.38,0.112287,0,0
5,238,571.95,399.89,785.61,365.02,792.31,406.09,578.65,440.96,0.155633,0,0
5,260,1025.10,215.69,1057.09,172.89,1080.41,190.32,1048.41,233.12,0.060317,0,0
5,263,467.46,358.33,468.94,375.42,454.28,376.69,452.80,359.60,0.132856,2,0
5,269,900.49,169.78,976.63,122.72,1010.01,176.73,933.87,223.79,0.236813,0,0
5,272,1038.24,617.55,1162.46,564.96,1183.69,615.09,1059.47,667.69,0.074580,0,0
5,281,686.78,64.95,811.59,11.00,825.66,43.55,700.86,97.51,0.232853,0,0
5,446,919.25,342.28,1041.54,389.77,1024.07,434.76,901.78,387.27,0.051670,0,0
5,449,660.67,791.23,688.13,847.87,669.22,857.04,641.76,800.39,0.054311,0,0
5,451,269.52,877.42,384.70,850.57,396.53,901.31,281.35,928.16,0.091354,0,0
5,486,1178.43,878.33,1187.49,954.19,1124.19,961.75,1115.13,885.89,0.084578,0,0
5,498,589.56,389.19,594.21,434.12,564.06,437.24,559.41,392.31,0.114292,2,0
5,529,684.15,77.21,747.52,234.68,696.31,255.29,632.94,97.82,0.363452,0,0
5,545,1197.21,397.89,1223.84,423.08,1206.71,441.20,1180.07,416.00,0.067726,0,0
5,584,796.70,552.02,852.22,513.19,867.40,534.90,811.88,573.73,0.053152,2,0
5,615,1314.52,564.20,1416.24,670.14,1389.90,695.43,1288.18,589.48,0.069723,0,0
5,658,757.65,784.14,761.41,803.55,744.43,806.85,740.66,787.43,0.106922,2,0
5,831,694.91,557.23,797.03,484.51,814.55,509.11,712.43,581.84,0.140434,0,0
5,860,866.01,367.71,922.33,540.08,890.61,550.44,834.29,378.08,0.055006,2,0
5,889,1351.07,669.33,1448.67,612.87,1463.40,638.34,1365.81,694.80,0.079403,0,0
5,891,520.91,684.21,577.61,684.46,577.46,717.45,520.76,717.20,0.063829,2,0
5,907,1285.96,645.18,1347.46,674.29,1329.79,711.63,1268.29,682.52,0.053572,0,0
6,32,590.42,470.91,605.87,564.78,556.36,572.93,540.92,479.05,0.172937,0,0
6,137,625.00,235.77,709.39,452.23,651.20,474.92,566.81,258.45,0.217544,0,0
6,255,796.04,52.01,883.79,49.18,884.41,68.59,796.66,71.41,0.262913,0,0
6,842,911.22,13.16,941.08,101.05,909.21,111.88,879.34,23.99,0.394169,0,0
6,919,679.44,220.23,783.21,209.19,787.59,250.34,683.82,261.38,0.348873,0,0
6,940,745.11,406.00,824.82,560.97,760.68,593.96,680.97,438.99,0.053427,0,0
6,959,784.27,97.31,841.67,194.33,805.25,215.87,747.85,118.85,0.196728,0,0
6,961,1001.91,387.86,1038.19,427.52,1022.59,441.79,986.31,402.13,0.059841,0,0
6,962,734.87,910.24,841.37,919.73,836.91,969.76,730.41,960.26,0.055971,0,0
6,1640,911.78,846.84,1023.54,820.60,1034.05,865.35,922.29,891.60,0.081887,0,0
6,1746,744.43,163.13,745.58,335.16,678.20,335.61,677.05,163.58,0.156838,0,0
6,1946,806.74,429.68,831.47,413.56,840.72,427.74,815.99,443.87,0.170289,2,0
6,2077,987.16,404.45,1090.41,398.39,1092.33,431.00,989.08,437.06,0.050539,0,0
6,2130,318.71,690.45,320.96,705.37,300.85,708.42,298.59,693.50,0.068210,0,0
6,2222,1390.95,484.72,1435.81,557.24,1403.52,577.21,1358.66,504.69,0.052000,0,0
6,38,632.45,89.68,653.81,153.00,584.40,176.41,563.04,113.09,0.262210,0,0
6,41,913.38,172.87,1081.60,187.85,1076.18,248.74,907.96,233.76,0.441142,0,0
6,94,838.52,177.54,848.46,58.18,891.63,61.77,881.69,181.14,0.449761,0,0
6,132,645.47,503.28,669.78,528.56,649.74,547.83,625.43,522.55,0.273421,0,0
6,2349,515.08,131.16,603.17,119.92,608.86,164.48,520.76,175.71,0.296230,0,0
6,2352,580.02,399.19,597.29,492.47,551.90,500.87,534.63,407.59,0.290716,0,0
6,2365,493.63,226.11,571.68,220.51,573.71,248.72,495.65,254.32,0.203945,0,0
6,2416,1306.47,416.16,1399.37,425.59,1396.26,456.26,1303.36,446.82,0.052028,0,0
6,2419,348.76,540.94,393.87,532.41,399.69,563.18,354.58,571.71,0.157659,0,0
6,2649,968.57,365.57,1018.28,574.78,979.24,584.06,929.53,374.85,0.052169,0,0
6,2858,471.41,360.25,554.75,439.10,517.74,478.23,434.39,399.38,0.252867,0,0
6,72,580.81,277.23,635.82,352.09,596.21,381.20,541.20,306.34,0.240064,0,0
6,418,1249.74,290.70,1284.92,360.70,1267.31,369.55,1232.13,299.55,0.080008,0,0
6,544,683.51,818.31,687.34,977.57,629.32,978.97,625.48,819.71,0.053673,0,0
6,568,1261.84,355.75,1333.36,311.52,1357.65,350.79,1286.13,395.02,0.051846,0,0
6,850,1149.92,653.78,1262.28,716.11,1239.33,757.48,1126.97,695.15,0.068856,0,0
6,540,1171.56,491.92,1195.92,540.46,1172.97,551.97,1148.62,503.44,0.201864,0,0
6,597,1063.30,575.98,1194.55,653.92,1170.12,695.04,1038.88,617.11,0.085689,0,0
6,951,959.56,604.77,961.40,630.00,936.00,631.85,934.16,606.62,0.053091,2,0
6,1291,121.33,448.61,126.87,482.15,116.16,483.91,110.63,450.37,0.132383,2,0
6,1428,510.86,469.64,522.21,469.05,522.74,479.20,511.38,479.79,0.182132,2,0
6,1673,1225.11,632.80,1312.18,620.39,1317.06,654.66,1229.99,667.07,0.089751,0,0
6,1679,996.65,333.42,1026.28,399.01,1012.03,405.44,982.40,339.86,0.051016,2,0
6,2871,249.96,191.43,350.19,182.75,353.26,218.23,253.03,226.91,0.251778,0,0
6,2874,884.16,100.25,961.60,90.20,966.42,127.40,888.99,137.45,0.266053,0,0
6,2881,961.76,250.46,993.76,146.85,1030.19,158.10,998.19,261.72,0.290459,0,0
6,2898,876.07,625.01,973.63,376.26,1012.41,391.47,914.85,640.22,0.058325,0,0
6,2901,670.43,354.24,670.45,523.14,605.64,523.15,605.62,354.25,0.226246,0,0
6,2902,698.64,187.82,749.63,283.89,692.13,314.41,641.14,218.34,0.301619,0,0
6,2903,1086.38,231.47,1107.31,236.89,1105.38,244.36,1084.44,238.94,0.230239,0,0
6,2910,677.86,72.37,703.12,75.32,701.37,90.38,676.10,87.43,0.198899,2,0
6,2913,694.98,807.86,701.32,801.81,710.54,811.47,704.20,817.52,0.068231,2,0
6,2931,906.79,160.04,907.91,177.91,890.12,179.03,889.00,161.16,0.156832,2,0
6,2937,701.63,194.34,719.50,207.89,707.38,223.86,689.51,210.30,0.102042,2,0
6,2951,792.90,126.66,796.09,140.95,779.67,144.61,776.48,130.32,0.190183,2,0
6,2956,772.86,401.10,787.20,286.95,856.51,295.65,842.17,409.81,0.239043,0,0
6,2993,71.33,475.44,85.46,485.97,80.07,493.20,65.94,482.67,0.091634,2,0
6,3000,308.43,230.91,316.38,241.70,302.44,251.98,294.49,241.19,0.173981,2,0
6,3007,622.57,177.97,691.95,420.25,657.97,429.98,588.58,187.70,0.237159,0,0
6,3044,998.88,179.31,1005.76,146.14,1046.49,154.58,1039.61,187.75,0.294661,0,0
6,3047,905.47,770.95,919.83,815.43,886.30,826.25,871.94,781.77,0.071393,2,0
6,3056,-365184.78,367093.09,366597.09,-366181.59,366598.28,-366180.41,-365183.59,367094.28,0.225379,2,0
6,3074,-33.70,614.00,33.04,677.39,19.02,692.15,-47.72,628.76,0.069386,0,0
6,3084,898.09,685.49,1067.81,614.25,1078.08,638.73,908.36,709.97,0.056963,0,0
6,3091,-14.91,544.66,95.71,586.73,82.00,622.76,-28.61,580.70,0.053288,0,0
6,3108,-7.05,731.03,12.53,755.08,3.35,762.55,-16.23,738.50,0.090353,0,0
6,3113,663.03,-71.22,722.83,65.58,665.02,90.85,605.22,-45.95,0.156838,0,0
6,3117,771.92,455.82,783.54,465.91,778.88,471.28,767.26,461.19,0.076693,2,0
6,3142,399.72,611.41,420.41,599.13,427.70,611.41,407.01,623.69,0.113438,2,0
6,3152,635.62,713.59,636.21,727.03,625.02,727.53,624.42,714.09,0.055755,2,0
6,3171,523.50,131.69,558.74,139.02,557.79,143.57,522.55,136.24,0.107657,2,0
6,3203,769.25,629.82,845.37,611.04,854.05,646.23,777.94,665.01,0.050043,0,0
6,3233,963.68,873.34,972.03,995.31,920.02,998.87,911.67,876.90,0.109891,0,0
6,3239,1011.29,649.78,1019.37,683.70,1002.11,687.81,994.03,653.89,0.051576,2,0
6,3253,736.92,43.09,858.47,408.53,834.62,416.46,713.07,51.02,0.208914,0,0
6,3256,1152.82,768.23,1266.70,664.60,1290.84,691.12,1176.96,794.76,0.097448,0,0
6,3287,234.60,448.80,251.54,440.42,254.82,447.06,237.88,455.44,0.053983,2,0
6,3308,449.18,605.58,450.49,644.79,433.58,645.36,432.27,606.14,0.113842,2,0
6,3317,475.51,562.95,484.12,593.53,451.61,602.69,442.99,572.12,0.052012,2,0
6,3326,868.20,673.21,920.28,673.90,920.02,693.83,867.93,693.14,0.057805,2,0
6,3328,452.20,622.11,458.14,629.46,449.33,636.57,443.39,629.23,0.051240,2,0
6,3345,993.29,329.40,1026.40,276.67,1041.40,286.09,1008.30,338.82,0.131676,2,0
6,3349,787.16,832.19,874.51,875.27,860.38,903.93,773.03,860.85,0.062418,0,0
6,3350,1115.94,410.34,1152.51,571.58,1104.62,582.44,1068.05,421.20,0.217544,0,0
6,3353,906.43,830.31,917.90,871.39,883.19,881.09,871.72,840.00,0.078631,0,0
6,3354,772.05,631.11,815.33,777.54,783.53,786.94,740.25,640.51,0.094757,0,0
6,3356,816.96,606.90,837.27,645.96,817.33,656.33,797.01,617.28,0.051576,2,0
6,3357,122.31,400.20,178.25,542.93,149.77,554.09,93.83,411.36,0.074769,0,0
6,3361,-72637544.00,-96142072.00,72638584.00,96142856.00,72638568.00,96142872.00,-72637560.00,-96142056.00,0.201864,0,0
6,3366,745.09,909.01,765.90,953.18,731.92,969.19,711.11,925.02,0.055804,0,0
6,3374,801.38,638.83,836.66,541.24,857.50,548.77,822.22,646.36,0.225374,0,0
6,3375,1214.29,366.97,1240.41,459.77,1208.51,468.74,1182.39,375.95,0.093867,0,0
6,358,409.08,826.96,413.97,830.80,400.58,847.84,395.68,844.00,0.123883,2,0
6,365,457.57,593.79,472.68,614.51,451.80,629.74,436.69,609.02,0.054786,2,0
6,587,1067.44,298.14,1073.53,424.97,1038.64,426.65,1032.55,299.82,0.092378,2,0
6,699,573.54,248.68,580.26,219.28,598.29,223.41,591.57,252.80,0.054044,2,0
6,720,545.97,457.30,566.11,257.54,632.82,264.27,612.68,464.02,0.214016,0,0
6,741,1073.66,941.20,1152.72,841.69,1199.22,878.63,1120.16,978.14,0.138140,0,0
6,781,696.50,638.48,743.81,645.25,741.89,658.64,694.59,651.87,0.054625,2,0
6,85,897.39,387.44,949.78,309.69,971.60,324.39,919.21,402.14,0.127220,0,0
6,773,892.21,586.24,935.99,592.58,931.79,621.58,888.01,615.24,0.052042,2,0
6,784,1016.57,526.78,1042.51,492.36,1059.90,505.46,1033.95,539.89,0.082237,0,0
6,916,814.99,183.86,916.90,198.26,910.40,244.22,808.49,229.82,0.297650,0,0
6,941,672.20,362.34,744.28,346.88,752.29,384.23,680.21,399.69,0.179157,0,0
6,983,656.33,-20.37,768.31,110.43,730.17,143.08,618.19,12.28,0.451147,0,0
6,1089,870.35,171.54,931.40,180.86,928.16,202.07,867.11,192.74,0.182417,2,0
6,1231,841.94,756.31,900.62,709.28,938.13,756.10,879.45,803.12,0.051052,0,0
6,1243,1250.22,876.02,1318.28,859.00,1326.32,891.13,1258.26,908.16,0.096115,0,0
6,1245,124.35,654.26,137.63,669.35,123.09,682.15,109.81,667.06,0.057852,2,0
6,1282,1122.28,339.42,1276.09,437.77,1246.55,483.97,1092.74,385.62,0.061874,0,0
6,1326,888.46,540.87,913.31,609.47,872.57,624.24,847.71,555.63,0.079683,2,0
6,1571,883.72,372.61,887.67,361.95,900.77,366.81,896.81,377.47,0.175265,2,0
6,1638,1089.60,397.80,1105.90,388.29,1108.97,393.55,1092.67,403.05,0.107737,0,0
6,927,1196.35,192.46,1243.95,43.45,1283.37,56.04,1235.76,205.05,0.125907,0,0
6,966,970.68,151.77,1059.22,166.95,1055.29,189.84,966.75,174.67,0.169565,0,0
6,973,314.12,633.85,319.40,713.35,268.91,716.71,263.63,637.21,0.178970,0,0
6,1250,1401.83,682.93,1491.32,674.57,1494.35,707.07,1404.86,715.43,0.063911,0,0
6,1413,538.86,514.43,682.87,359.04,741.17,413.07,597.17,568.46,0.224036,0,0
6,1462,17.96,242.47,24.23,258.43,15.11,262.01,8.84,246.05,0.050340,2,0
6,1555,1237.83,691.44,1259.26,645.72,1310.58,669.78,1289.15,715.50,0.088847,0,0
6,1580,1084.42,419.75,1233.44,144.94,1278.17,169.19,1129.15,444.00,0.223884,0,0
6,1687,769.20,57.15,788.14,107.79,777.75,111.67,758.81,61.03,0.126360,2,0
6,1710,649.91,473.62,654.97,420.73,671.43,422.30,666.38,475.19,0.108277,0,0
6,1727,768.17,173.78,950.96,154.08,957.26,212.53,774.47,232.23,0.373750,0,0
6,1735,732.82,159.75,767.84,361.37,700.04,373.15,665.01,171.53,0.235873,0,0
6,1736,425.70,112.84,444.34,111.91,446.08,146.97,427.43,147.90,0.235876,0,0
6,1747,1011.07,744.94,1056.62,704.11,1070.36,719.45,1024.81,760.27,0.078860,0,0
6,1754,547.68,-15.44,589.53,-16.62,589.99,-0.18,548.15,1.01,0.074117,0,0
6,1755,659.07,91.30,746.79,182.85,721.01,207.55,633.29,116.00,0.160773,0,0
6,1777,734.02,62.69,813.52,219.75,754.00,249.88,674.50,92.81,0.235873,0,0
6,1859,925.08,241.03,930.93,200.41,959.86,204.58,954.02,245.20,0.074769,0,0
6,1899,865.94,722.59,874.18,752.68,858.76,756.91,850.52,726.81,0.051152,2,0
6,1960,680.09,683.95,720.11,753.42,692.39,769.39,652.36,699.92,0.053628,2,0
6,1972,439.29,140.79,453.05,166.20,442.17,172.09,428.41,146.69,0.165455,2,0
6,2001,35.19,-57.41,59.02,-149.13,85.14,-142.35,61.30,-50.63,0.058385,0,0
6,2164,1105.53,646.25,1231.71,870.26,1191.13,893.12,1064.95,669.11,0.054299,0,0
6,2175,705.42,584.90,832.10,667.34,797.06,721.18,670.39,638.74,0.086128,0,0
6,2225,874.71,478.77,909.58,497.58,891.47,531.16,856.60,512.34,0.055884,2,0
6,2306,1165.07,985.13,1204.07,1043.22,1156.82,1074.93,1117.83,1016.84,0.129845,0,0
6,2307,361.55,507.04,419.13,621.98,382.29,640.43,324.72,525.49,0.077719,0,0
6,2312,406.82,331.29,414.72,344.51,401.20,352.59,393.30,339.38,0.114074,2,0
6,124,1007.77,284.81,1065.63,133.74,1096.73,145.65,1038.87,296.73,0.248079,0,0
6,129,459.00,537.07,499.19,617.19,462.69,635.49,422.51,555.38,0.086128,0,0
6,209,508.05,214.87,563.87,160.59,589.28,186.73,533.45,241.01,0.268103,0,0
6,238,782.49,198.68,1001.98,327.51,976.43,371.03,756.94,242.20,0.370918,0,0
6,260,886.85,174.45,948.95,169.65,951.51,202.70,889.40,207.50,0.373750,0,0
6,269,860.18,225.98,861.11,150.91,911.50,151.54,910.57,226.60,0.313713,0,0
6,272,1355.75,530.58,1426.29,612.42,1394.78,639.58,1324.24,557.73,0.088152,0,0
6,281,1047.17,-71.46,1124.10,-34.15,1114.25,-13.85,1037.32,-51.16,0.109546,0,0
6,498,427.31,497.75,458.23,504.75,453.66,524.90,422.75,517.90,0.155938,2,0
6,584,1010.17,479.42,1027.58,512.66,1015.81,518.83,998.39,485.59,0.119005,2,0
6,831,1063.79,151.50,1207.49,275.47,1176.94,310.88,1033.24,186.92,0.121328,0,0
6,907,1386.73,670.89,1444.01,733.40,1407.43,766.91,1350.15,704.40,0.064983,0,0
6,3376,878.59,172.48,904.11,58.30,952.79,69.19,927.27,183.36,0.449761,0,0
6,3377,539.62,410.75,657.50,481.61,654.54,486.55,536.65,415.69,0.419843,0,0
6,3378,646.97,92.66,674.06,176.61,595.50,201.97,568.40,118.02,0.380929,0,0
6,3379,861.01,231.32,895.44,359.23,863.49,367.83,829.07,239.92,0.365342,0,0
6,3380,949.03,234.40,1004.58,158.62,1033.68,179.95,978.13,255.73,0.365342,0,0
6,3381,251.63,857.93,265.55,880.62,243.23,894.31,229.30,871.62,0.349624,0,0
6,3382,116.20,848.29,125.38,876.01,75.33,892.57,66.16,864.86,0.349624,0,0
6,3383,631.63,258.85,697.05,329.05,676.06,348.61,610.65,278.41,0.320124,0,0
6,3384,886.54,128.39,961.70,221.14,947.47,232.67,872.31,139.92,0.318293,0,0
6,3385,612.15,59.04,627.45,100.67,574.13,120.26,558.83,78.64,0.315304,0,0
6,3386,626.50,362.22,647.32,454.55,611.52,462.62,590.70,370.29,0.290716,0,0
6,3387,572.82,361.47,664.36,301.13,666.16,303.86,574.62,364.20,0.276663,0,0
6,3388,744.65,306.45,792.28,291.18,795.40,300.91,747.77,316.18,0.274719,0,0
6,3389,608.86,388.38,651.19,484.35,611.04,502.06,568.71,406.09,0.273421,0,0
6,3390,667.05,61.45,681.39,114.57,670.32,117.56,655.98,64.44,0.270900,0,0
6,3391,557.56,117.44,727.54,107.41,731.17,168.96,561.20,179.00,0.268103,0,0
6,3392,657.39,36.01,710.84,23.52,718.14,54.77,664.69,67.26,0.266053,0,0
6,3393,715.11,351.70,771.12,253.42,785.84,261.80,729.83,360.08,0.264657,0,0
6,3394,653.20,90.81,741.59,180.37,697.64,223.75,609.25,134.19,0.264657,0,0
6,3395,579.47,67.78,619.59,64.32,621.64,88.07,581.52,91.53,0.262913,0,0
6,3396,830.95,240.07,899.54,399.34,862.05,415.48,793.46,256.22,0.255656,0,0
6,3398,589.80,357.95,595.81,371.68,573.11,381.61,567.10,367.89,0.245741,2,0
6,3399,569.64,393.64,576.62,403.68,568.57,409.28,561.59,399.25,0.245741,2,0
6,3400,696.15,56.46,701.70,89.25,686.48,91.83,680.93,59.03,0.242606,2,0
6,3401,760.51,158.24,760.86,135.94,769.09,136.07,768.75,158.37,0.242606,2,0
6,3402,693.31,135.05,696.15,193.31,632.47,196.40,629.64,138.15,0.234970,0,0
6,3403,677.73,249.27,684.41,333.98,645.78,337.03,639.09,252.32,0.234506,0,0
6,3405,1112.29,142.28,1121.06,129.40,1128.50,134.47,1119.73,147.35,0.232288,2,0
6,3406,1061.35,259.30,1069.83,246.78,1081.08,254.40,1072.59,266.92,0.232288,2,0
6,3407,309.25,166.64,309.75,104.40,346.35,104.69,345.86,166.93,0.231683,0,0
6,3408,571.50,644.55,625.49,501.84,672.69,519.70,618.70,662.41,0.231134,0,0
6,3409,611.26,657.17,614.81,495.46,657.60,496.40,654.06,658.11,0.231134,0,0
6,3412,632.56,504.55,636.60,608.35,572.18,610.85,568.15,507.05,0.225374,0,0
6,3414,658.31,594.71,687.59,554.72,699.99,563.80,670.71,603.79,0.224036,0,0
6,3415,1373.95,293.96,1406.31,408.69,1378.08,416.66,1345.72,301.93,0.223884,0,0
6,3417,605.58,369.94,651.59,397.49,605.76,474.03,559.76,446.49,0.219397,0,0
6,3418,575.03,228.33,609.33,278.01,593.06,289.24,558.76,239.56,0.218790,0,0
6,3419,785.29,95.33,805.27,91.68,808.45,109.05,788.48,112.71,0.217369,2,0
6,3420,893.34,181.47,933.91,150.63,941.12,160.12,900.55,190.96,0.215854,2,0
6,3421,200.84,899.82,219.51,948.59,195.15,957.92,176.48,909.14,0.215021,0,0
6,3422,716.96,119.76,722.15,132.12,711.04,136.78,705.85,124.42,0.214399,2,0
6,3423,719.18,398.87,724.51,294.38,754.02,295.89,748.69,400.37,0.214016,0,0
6,3424,800.50,223.13,847.90,271.10,819.04,299.62,771.64,251.64,0.213238,0,0
6,3425,710.67,97.37,710.97,132.99,692.93,133.14,692.64,97.52,0.210726,2,0
6,3426,476.56,34.23,483.13,50.03,469.62,55.65,463.05,39.85,0.210726,2,0
6,3427,188.86,202.50,211.88,203.47,210.98,224.96,187.96,223.99,0.209422,0,0
6,3428,517.10,345.80,526.07,334.74,531.56,339.19,522.59,350.26,0.208928,2,0
6,3429,838.78,272.11,859.65,273.49,858.98,283.68,838.10,282.31,0.208928,2,0
6,3430,768.37,404.55,770.56,381.31,784.24,382.60,782.06,405.84,0.208543,2,0
6,3431,627.01,322.66,629.93,343.65,620.97,344.89,618.05,323.90,0.208543,2,0
6,3433,52.76,777.92,112.23,834.82,97.46,850.26,37.98,793.36,0.202252,0,0
6,3434,610.56,39.26,635.76,35.42,638.22,51.54,613.02,55.38,0.198899,2,0
6,3435,719.45,96.71,724.90,116.86,707.07,121.68,701.63,101.52,0.198732,2,0
6,3436,616.49,299.38,626.49,319.04,616.45,324.15,606.46,304.49,0.197319,2,0
6,3437,996.32,166.64,1043.92,165.28,1044.18,174.61,996.59,175.97,0.194801,2,0
6,3441,373.73,84.17,398.99,90.39,396.60,100.08,371.34,93.85,0.187059,2,0
6,3442,647.52,192.51,654.59,154.86,729.35,168.88,722.29,206.53,0.185156,0,0
6,3443,908.51,248.46,917.87,256.65,909.87,265.79,900.51,257.60,0.183184,2,0
6,3444,767.26,356.29,778.82,326.38,790.69,330.96,779.13,360.87,0.179626,2,0
6,3445,976.86,255.30,995.10,271.02,978.56,290.20,960.33,274.48,0.179157,0,0
6,3446,430.93,149.92,481.29,154.77,477.93,189.67,427.57,184.82,0.178433,0,0
6,3447,685.02,180.30,721.51,188.76,715.70,213.79,679.21,205.33,0.178433,0,0
6,3449,244.92,18.14,267.88,17.18,268.16,23.85,245.19,24.80,0.173337,2,0
6,3450,794.64,43.17,795.54,62.71,780.85,63.39,779.95,43.84,0.172998,2,0
6,3451,770.88,57.21,774.81,44.58,788.45,48.83,784.51,61.46,0.172998,2,0
6,3452,899.11,413.59,914.45,357.87,955.78,369.24,940.45,424.96,0.172937,0,0
6,3455,413.02,728.63,413.43,736.35,400.15,737.06,399.74,729.33,0.170766,2,0
6,3456,409.28,312.12,428.72,314.32,426.87,330.67,407.43,328.47,0.170008,2,0
6,3459,891.52,417.24,929.71,383.63,943.22,398.98,905.03,432.60,0.169565,0,0
6,3460,593.91,329.22,597.77,312.95,622.00,318.70,618.13,334.97,0.169475,2,0
6,3461,302.83,319.39,347.10,321.30,346.70,330.71,302.43,328.79,0.169029,0,0
6,3462,843.25,419.81,858.03,438.39,850.12,444.69,835.34,426.11,0.167769,2,0
6,3463,861.13,394.85,870.75,428.11,850.99,433.82,841.37,400.57,0.167769,2,0
6,3464,588.23,533.82,622.42,605.61,586.09,622.91,551.90,551.12,0.167502,0,0
6,3465,652.42,676.30,683.54,735.82,640.84,758.14,609.72,698.63,0.167502,0,0
6,3466,42.21,708.13,51.99,719.22,45.56,724.89,35.78,713.80,0.166421,2,0
6,3468,598.96,613.19,646.68,658.63,622.57,683.94,574.86,638.50,0.165390,0,0
6,3469,584.34,499.36,742.18,488.35,743.27,504.00,585.44,515.01,0.165390,0,0
6,3470,247.10,311.99,262.27,332.65,252.19,340.05,237.02,319.38,0.164481,2,0
6,3471,551.39,237.03,565.47,237.77,564.63,253.76,550.55,253.02,0.163120,2,0
6,3472,103.36,161.36,113.43,171.41,100.24,184.64,90.17,174.59,0.163120,2,0
6,3473,408.13,626.03,417.82,638.90,403.68,649.54,393.99,636.67,0.161559,2,0
6,3474,344.25,766.94,369.28,763.77,370.72,775.15,345.69,778.32,0.161035,2,0
6,3475,120.57,707.08,149.34,710.08,148.06,722.36,119.29,719.36,0.161035,2,0
6,3477,626.89,281.33,630.03,282.58,609.70,333.97,606.55,332.73,0.160816,0,0
6,3478,717.03,191.09,773.98,210.77,768.03,227.99,711.08,208.30,0.160773,0,0
6,3479,460.62,69.70,495.19,61.08,499.34,77.73,464.77,86.34,0.159996,0,0
6,3484,398.92,403.89,416.62,402.90,417.20,413.19,399.50,414.18,0.155128,2,0
6,3486,519.43,252.35,522.16,251.42,536.14,292.57,533.40,293.50,0.153208,2,0
6,3488,211.29,237.92,240.96,232.18,247.87,267.95,218.21,273.68,0.152325,0,0
6,3489,1010.64,255.28,1051.11,162.22,1099.75,183.37,1059.29,276.43,0.152325,0,0
6,3490,910.03,127.50,984.96,157.13,976.74,177.91,901.81,148.28,0.150587,0,0
6,3491,101.66,54.93,121.04,57.02,120.41,62.80,101.04,60.70,0.150396,2,0
6,3492,878.11,429.10,880.54,396.70,902.16,398.32,899.73,430.73,0.150354,2,0
6,3493,698.82,837.27,703.10,853.52,689.56,857.08,685.28,840.83,0.150182,2,0
6,3494,540.54,848.57,541.49,833.39,551.46,834.01,550.52,849.19,0.150182,2,0
6,3495,990.09,304.75,991.70,282.77,998.55,283.27,996.93,305.25,0.150157,2,0
6,3496,127.66,154.22,128.13,146.95,142.88,147.91,142.41,155.17,0.149157,2,0
6,3498,1051.20,348.91,1123.87,269.68,1125.95,271.59,1053.28,350.82,0.145762,0,0
6,3499,1057.32,384.11,1105.35,378.88,1106.29,387.49,1058.26,392.72,0.145762,0,0
6,3500,142.78,627.30,146.78,614.32,162.07,619.03,158.07,632.00,0.143600,2,0
6,3501,574.46,488.71,593.38,481.30,599.64,497.29,580.72,504.69,0.143600,2,0
6,3502,505.94,62.73,556.62,67.09,555.84,76.09,505.16,71.72,0.141212,2,0
6,3503,563.44,9.32,602.33,-2.26,605.57,8.64,566.68,20.22,0.141212,2,0
6,3504,857.99,250.06,901.43,276.42,891.32,293.09,847.87,266.73,0.140881,2,0
6,3505,497.39,866.71,500.13,852.28,510.13,854.18,507.39,868.62,0.140502,2,0
6,3507,1143.11,461.71,1147.77,465.45,1133.28,483.51,1128.63,479.77,0.139400,2,0
6,3508,331.78,115.04,340.77,120.04,331.64,136.43,322.66,131.42,0.139159,2,0
6,3510,1161.77,875.35,1170.64,781.81,1193.34,783.96,1184.48,877.51,0.138140,0,0
6,3512,264.81,453.49,314.35,436.82,322.50,461.06,272.96,477.73,0.137184,0,0
6,3513,1021.34,317.18,1038.13,289.87,1045.89,294.64,1029.11,321.96,0.135831,2,0
6,3514,912.20,469.36,973.30,342.34,996.73,353.61,935.63,480.63,0.135320,0,0
6,3516,282.63,628.28,307.34,652.62,289.17,671.06,264.46,646.71,0.131493,0,0
6,3517,212.47,251.82,315.08,278.22,311.35,292.75,208.73,266.35,0.131493,0,0
6,3518,1366.86,139.54,1373.56,219.61,1338.71,222.52,1332.02,142.45,0.130196,0,0
6,3521,303.35,719.14,309.96,718.01,313.13,736.57,306.52,737.70,0.129412,0,0
6,3523,1157.62,843.99,1168.23,964.48,1138.97,967.05,1128.37,846.57,0.128966,0,0
6,3524,815.97,158.92,865.44,192.33,857.77,203.68,808.30,170.27,0.128769,2,0
6,3527,512.95,254.25,528.76,265.59,522.84,273.84,507.03,262.50,0.127115,2,0
6,3530,616.02,792.76,616.79,801.95,605.69,802.89,604.92,793.69,0.124438,2,0
6,3531,241.94,673.71,246.14,664.46,259.52,670.52,255.32,679.78,0.124438,2,0
6,3534,115.14,349.74,123.80,379.44,111.48,383.03,102.82,353.33,0.122985,0,0
6,3535,217.10,322.49,253.77,317.59,257.12,342.64,220.45,347.54,0.121224,2,0
6,3538,587.52,329.24,629.91,307.57,640.99,329.24,598.59,350.90,0.120728,2,0
6,3539,335.50,541.52,360.12,527.79,363.81,534.40,339.18,548.13,0.120708,2,0
6,3544,207.28,263.16,221.58,260.66,223.52,271.76,209.23,274.26,0.120141,2,0
6,3545,431.63,729.77,435.25,721.12,447.98,726.46,444.36,735.10,0.118049,2,0
6,3546,1088.54,100.03,1105.97,105.93,1104.01,111.74,1086.58,105.84,0.117696,2,0
6,3547,993.17,317.20,994.92,297.24,1016.17,299.10,1014.42,319.06,0.117470,2,0
6,3548,850.11,464.28,865.85,477.21,853.19,492.63,837.45,479.71,0.117449,2,0
6,3549,1207.62,129.60,1244.95,133.36,1242.93,153.43,1205.61,149.67,0.117449,2,0
6,3551,238.72,359.53,242.51,334.07,255.08,335.94,251.29,361.40,0.115665,2,0
6,3552,203.24,335.03,205.04,315.48,214.61,316.37,212.81,335.91,0.115665,2,0
6,3553,563.29,591.50,568.78,598.05,556.99,607.92,551.50,601.37,0.115502,2,0
6,3557,697.57,670.11,726.56,648.46,737.36,662.92,708.37,684.57,0.113061,0,0
6,3559,202.81,553.83,250.04,572.04,249.31,573.94,202.08,555.73,0.111483,2,0
6,3560,1000.04,367.77,1016.38,324.82,1028.93,329.60,1012.59,372.54,0.110799,2,0
6,3562,1202.50,781.22,1251.62,800.11,1239.77,830.94,1190.65,812.05,0.109962,0,0
6,3563,1132.26,888.23,1178.09,771.02,1219.52,787.23,1173.69,904.43,0.109692,0,0
6,3564,319.10,97.85,354.75,95.51,355.03,99.69,319.38,102.04,0.109212,2,0
6,3570,236.19,192.52,242.99,187.00,251.77,197.80,244.97,203.33,0.108322,2,0
6,3571,123.35,28.61,132.80,28.16,133.38,40.46,123.93,40.90,0.108322,2,0
6,3574,1161.73,465.62,1236.37,372.34,1253.15,385.77,1178.51,479.05,0.107798,0,0
6,3575,488.73,432.92,502.26,418.54,516.06,431.52,502.53,445.90,0.107427,2,0
6,3576,682.91,573.95,695.38,590.22,680.98,601.26,668.51,584.99,0.107427,2,0
6,3577,628.11,322.33,645.51,432.80,606.94,438.87,589.54,328.41,0.106528,0,0
6,3578,685.53,511.99,719.98,464.55,722.04,466.05,687.59,513.49,0.106396,0,0
6,3579,1162.63,748.44,1167.10,744.95,1188.99,773.02,1184.52,776.51,0.106396,0,0
6,3580,789.45,788.17,799.52,776.24,806.91,782.49,796.85,794.41,0.106381,2,0
6,3581,1070.28,518.28,1083.82,528.74,1075.26,539.82,1061.72,529.35,0.106381,2,0
6,3582,161.68,536.96,176.94,540.03,173.99,554.72,158.73,551.65,0.106361,2,0
6,3583,888.36,116.90,937.36,129.62,935.49,136.79,886.50,124.07,0.105379,0,0
6,3584,736.17,408.70,762.23,406.87,764.29,436.17,738.23,438.01,0.105013,2,0
6,3585,39.78,593.06,42.78,601.75,27.71,606.97,24.70,598.28,0.104123,2,0
6,3590,1044.74,-23.34,1070.22,-3.16,1052.00,19.84,1026.53,-0.34,0.100491,0,0
6,3591,763.96,134.56,814.62,137.62,813.91,149.24,763.26,146.17,0.100491,0,0
6,3592,469.70,394.91,491.59,414.32,484.98,421.78,463.09,402.37,0.100445,2,0
6,3593,330.41,291.40,347.20,301.84,334.53,322.21,317.75,311.77,0.100445,2,0
6,3596,-49.42,29.56,-9.94,21.48,-8.30,29.51,-47.78,37.59,0.099716,0,0
6,3597,381.98,801.88,382.55,778.45,397.57,778.82,397.00,802.24,0.099171,2,0
6,3602,29.77,474.14,41.97,486.48,28.28,500.02,16.08,487.67,0.097793,2,0
6,3603,850.14,899.64,864.36,945.56,801.17,965.13,786.95,919.21,0.097448,0,0
6,3606,443.55,547.31,447.71,565.43,438.48,567.55,434.32,549.43,0.095811,2,0
6,3607,421.28,511.55,425.96,521.01,414.89,526.49,410.20,517.03,0.095811,2,0
6,3608,1002.23,869.02,1020.90,868.64,1021.08,877.98,1002.42,878.36,0.095692,2,0
6,3609,788.26,807.04,809.92,807.13,809.89,815.65,788.23,815.56,0.095676,2,0
6,3610,72.39,165.02,77.22,159.87,91.63,173.38,86.80,178.54,0.094955,2,0
6,3611,264.34,858.92,284.07,840.20,290.55,847.03,270.81,865.75,0.094955,2,0
6,3612,4.30,136.32,34.34,168.58,14.63,186.94,-15.41,154.67,0.094536,0,0
6,3613,84.52,166.54,121.64,213.37,98.69,231.56,61.57,184.74,0.094536,0,0
6,3615,181.96,162.41,194.75,173.48,189.16,179.94,176.37,168.87,0.093950,2,0
6,3616,913.33,347.91,941.87,342.60,943.03,348.87,914.49,354.18,0.093813,0,0
6,3618,872.79,1030.79,898.09,921.89,949.71,933.87,924.42,1042.78,0.093728,0,0
6,3619,1069.91,104.93,1088.18,156.43,1058.92,166.82,1040.64,115.32,0.092378,2,0
6,3621,546.96,42.18,553.46,79.32,527.78,83.82,521.28,46.68,0.091355,2,0
6,3622,1090.38,-6.49,1113.21,17.25,1093.85,35.86,1071.03,12.11,0.091355,2,0
6,3623,286.87,302.23,293.40,322.21,281.04,326.25,274.51,306.27,0.090199,2,0
6,3624,828.76,492.16,833.83,412.32,851.00,413.41,845.92,493.25,0.090014,2,0
6,3625,464.66,488.97,492.39,494.64,486.99,521.04,459.26,515.37,0.090014,2,0
6,3626,574.95,556.02,591.25,594.91,565.18,605.84,548.87,566.95,0.088819,0,0
6,3628,740.90,265.29,749.22,309.94,721.13,315.18,712.80,270.53,0.086700,2,0
6,3629,519.71,659.08,527.19,668.83,514.69,678.42,507.21,668.67,0.085660,2,0
6,3630,151.36,599.01,168.04,610.93,163.07,617.88,146.39,605.97,0.085313,2,0
6,3636,1184.31,474.46,1216.16,473.43,1216.81,493.48,1184.96,494.50,0.083741,2,0
6,3640,13.97,465.99,27.39,469.28,25.30,477.80,11.88,474.50,0.082401,2,0
6,3641,131.84,383.01,147.23,384.71,146.37,392.52,130.98,390.82,0.082401,2,0
6,3642,1203.91,749.31,1279.23,802.16,1261.33,827.67,1186.00,774.83,0.081887,0,0
6,3643,791.29,316.48,840.03,264.16,843.11,267.04,794.38,319.36,0.081421,0,0
6,3645,873.37,403.51,898.83,454.72,886.93,460.63,861.48,409.42,0.079526,2,0
6,3646,1010.48,835.20,1065.12,777.97,1083.84,795.85,1029.20,853.07,0.078903,0,0
6,3647,1047.10,694.47,1088.36,718.25,1066.67,755.89,1025.41,732.11,0.078903,0,0
6,3648,1106.81,706.75,1182.41,677.95,1197.99,718.84,1122.39,747.64,0.078860,0,0
6,3654,1119.49,448.89,1145.53,446.48,1147.51,467.86,1121.47,470.27,0.076144,2,0
6,3655,730.97,447.61,740.98,439.30,753.93,454.90,743.91,463.21,0.076144,2,0
6,3656,1315.45,424.83,1380.60,279.64,1421.44,297.97,1356.29,443.16,0.075259,0,0
6,3657,1356.78,437.83,1427.04,634.16,1386.26,648.75,1316.00,452.42,0.075259,0,0
6,3661,58.79,115.66,126.18,106.31,130.14,134.88,62.75,144.22,0.074484,0,0
6,3662,123.83,503.54,127.47,513.54,113.92,518.47,110.28,508.47,0.073664,2,0
6,3663,253.51,611.56,263.36,640.30,250.73,644.63,240.88,615.89,0.073664,2,0
6,3664,1168.10,385.00,1186.45,428.29,1167.84,436.18,1149.49,392.89,0.073243,2,0
6,3669,642.70,-2.20,668.39,25.76,655.06,38.01,629.37,10.05,0.072392,2,0
6,3671,572.58,231.77,582.06,232.37,581.31,244.12,571.83,243.52,0.072334,2,0
6,3672,1004.22,713.52,1015.69,710.05,1022.66,733.10,1011.18,736.56,0.071898,2,0
6,3673,868.85,751.02,879.17,791.11,849.50,798.74,839.18,758.66,0.071393,2,0
6,3674,352.34,746.17,377.17,749.34,374.79,767.96,349.97,764.79,0.071036,2,0
6,3677,718.63,430.74,736.82,452.47,717.44,468.70,699.24,446.97,0.070777,2,0
6,3678,15.65,514.43,64.59,507.30,67.04,524.15,18.10,531.28,0.070438,0,0
6,3679,79.34,604.47,117.26,627.14,103.43,650.28,65.51,627.61,0.070438,0,0
6,3684,1437.24,764.56,1525.64,845.16,1505.13,867.66,1416.72,787.05,0.068856,0,0
6,3685,855.71,567.27,933.28,550.77,935.80,562.61,858.23,579.11,0.068116,0,0
6,3688,716.40,328.31,731.23,323.47,733.45,330.24,718.62,335.09,0.067926,2,0
6,3690,225.57,-80.00,227.79,-85.04,246.14,-76.94,243.91,-71.90,0.067790,2,0
6,3692,1030.04,696.75,1072.58,728.87,1054.87,752.32,1012.33,720.19,0.067514,0,0
6,3693,669.70,820.91,679.17,777.64,695.57,781.23,686.10,824.50,0.067504,2,0
6,3694,765.71,140.63,769.13,150.26,759.81,153.57,756.39,143.93,0.067061,2,0
6,3696,100.85,504.46,107.60,488.24,120.47,493.59,113.72,509.81,0.066087,2,0
6,3701,707.92,570.61,726.49,623.18,716.77,626.61,698.21,574.04,0.065240,2,0
6,3702,569.75,604.77,579.94,633.52,565.72,638.57,555.52,609.82,0.065240,2,0
6,3703,232.50,222.59,260.01,206.42,265.34,215.49,237.83,231.66,0.064731,2,0
6,3704,892.33,1017.70,964.21,1005.43,969.82,1038.32,897.94,1050.58,0.064066,0,0
6,3705,462.03,562.02,468.78,569.91,457.83,579.29,451.07,571.41,0.064053,2,0
6,3706,643.04,651.15,671.04,654.61,669.41,667.78,641.41,664.32,0.063965,2,0
6,3708,218.37,405.00,243.35,410.44,239.13,429.84,214.15,424.41,0.063671,2,0
6,3709,1100.50,340.84,1130.30,364.98,1123.67,373.16,1093.87,349.02,0.063552,2,0
6,3713,238.93,531.67,244.05,477.70,261.77,479.38,256.66,533.35,0.061602,0,0
6,3714,219.15,263.03,232.34,227.02,259.84,237.10,246.65,273.11,0.061602,0,0
6,3721,478.32,858.59,487.32,884.44,477.04,888.02,468.04,862.17,0.060690,0,0
6,3722,971.44,913.37,973.68,926.11,962.10,928.15,959.86,915.41,0.060690,0,0
6,3724,880.04,490.92,884.47,482.18,893.98,486.99,889.56,495.73,0.059916,2,0
6,3727,596.65,703.15,598.93,717.10,582.32,719.82,580.04,705.86,0.059607,2,0
6,3728,107.94,531.79,109.97,508.47,118.74,509.23,116.71,532.55,0.059607,2,0
6,3729,178.93,458.65,205.40,454.51,207.48,467.82,181.01,471.96,0.059539,2,0
6,3734,522.46,39.49,529.52,54.66,484.89,75.43,477.83,60.26,0.059213,0,0
6,3735,184.27,-66.45,241.06,-68.74,242.63,-29.95,185.83,-27.66,0.059213,0,0
6,3736,1095.29,728.80,1099.74,716.17,1109.44,719.59,1104.99,732.21,0.059202,2,0
6,3737,8.61,337.47,20.68,363.04,6.78,369.61,-5.30,344.03,0.059197,2,0
6,3738,814.38,504.90,816.71,520.92,800.10,523.32,797.78,507.30,0.059155,2,0
6,3740,1146.71,208.61,1202.16,176.33,1203.57,178.76,1148.12,211.04,0.058854,2,0
6,3746,688.01,658.70,706.41,645.20,712.94,654.11,694.55,667.61,0.057763,2,0
6,3747,237.82,683.28,253.09,700.63,236.61,715.14,221.34,697.79,0.057763,2,0
6,3748,230.30,81.24,245.58,115.53,239.34,118.31,224.06,84.02,0.057704,2,0
6,3750,1272.10,818.52,1382.43,805.15,1385.02,826.52,1274.69,839.89,0.056963,0,0
6,3754,679.22,605.66,707.34,599.84,709.52,610.37,681.40,616.19,0.056514,2,0
6,3757,1193.39,627.07,1228.46,608.45,1245.30,640.16,1210.23,658.79,0.056377,0,0
6,3759,50.07,599.99,54.90,607.27,42.11,615.76,37.28,608.48,0.056276,2,0
6,3760,602.11,837.60,633.73,835.48,634.56,847.91,602.95,850.02,0.056191,2,0
6,3762,658.81,582.63,694.92,643.05,684.25,649.43,648.14,589.00,0.056132,2,0
6,3764,365.05,813.62,375.10,820.66,366.91,832.35,356.86,825.32,0.056067,2,0
6,3769,265.25,734.81,289.03,729.96,291.25,740.86,267.47,745.70,0.055084,2,0
6,3770,680.31,741.95,695.56,744.80,693.95,753.42,678.70,750.58,0.055084,2,0
6,3771,634.87,728.35,650.03,778.96,633.32,783.97,618.16,733.35,0.054807,0,0
6,3774,164.00,604.21,164.63,613.63,143.62,615.03,142.99,605.62,0.054761,2,0
6,3775,316.06,343.64,325.44,361.18,304.83,372.20,295.45,354.65,0.054646,2,0
6,3777,748.88,613.72,766.54,610.37,768.62,621.35,750.96,624.70,0.054625,2,0
6,3780,200.09,569.28,211.41,591.65,201.53,596.65,190.21,574.28,0.054562,2,0
6,3784,538.09,584.30,572.57,605.69,566.65,615.24,532.17,593.85,0.054324,2,0
6,3785,671.54,682.71,683.55,705.26,674.48,710.09,662.48,687.53,0.054324,2,0
6,3786,214.33,285.40,219.93,297.80,210.20,302.19,204.60,289.79,0.053898,2,0
6,3787,1124.86,595.56,1179.48,558.49,1195.48,582.07,1140.86,619.14,0.053830,0,0
6,3789,1317.84,845.63,1373.98,779.76,1395.59,798.18,1339.45,864.04,0.053673,0,0
6,3790,695.93,551.68,711.74,592.18,690.21,600.59,674.39,560.09,0.053654,0,0
6,3791,862.15,653.61,868.19,595.40,898.38,598.53,892.33,656.75,0.053654,0,0
6,3792,-101.01,547.78,-66.01,536.96,-57.71,563.82,-92.70,574.64,0.053628,0,0
6,3793,541.24,778.03,555.20,799.16,533.48,813.50,519.53,792.37,0.053523,2,0
6,3794,1327.12,805.33,1348.08,813.91,1343.44,825.25,1322.48,816.68,0.053482,2,0
6,3795,806.99,640.50,845.02,646.85,843.80,654.10,805.78,647.75,0.052995,2,0
6,3796,1264.36,847.71,1321.81,890.19,1306.06,911.48,1248.61,869.00,0.052985,0,0
6,3797,475.65,466.99,477.82,424.61,511.41,426.32,509.24,468.71,0.052774,2,0
6,3800,704.85,852.21,710.35,878.75,682.23,884.58,676.72,858.04,0.052511,2,0
6,3801,546.41,911.47,562.16,883.12,581.15,893.68,565.40,922.02,0.052511,2,0
6,3802,216.14,470.23,223.06,457.85,236.98,465.63,230.07,478.01,0.052489,2,0
6,3803,1083.80,707.93,1090.65,720.38,1076.14,728.35,1069.30,715.90,0.052052,2,0
6,3804,663.14,1049.42,674.23,1059.91,657.05,1078.05,645.97,1067.56,0.052024,2,0
6,3805,651.35,772.90,651.74,739.40,669.81,739.61,669.42,773.11,0.052024,2,0
6,3806,483.91,1014.36,484.50,997.65,500.74,998.22,500.16,1014.93,0.051915,0,0
6,3807,885.45,812.29,895.38,808.79,903.84,832.82,893.92,836.32,0.051915,0,0
6,3808,1010.12,776.93,1051.93,727.79,1073.06,745.77,1031.24,794.90,0.051855,0,0
6,3809,1129.24,944.61,1162.27,925.82,1178.55,954.44,1145.52,973.23,0.051855,0,0
6,3810,422.99,718.37,437.49,694.74,455.38,705.71,440.87,729.35,0.051802,2,0
6,3811,11.24,257.26,16.19,255.56,31.73,300.95,26.78,302.64,0.051776,2,0
6,3813,1300.71,417.90,1314.36,409.93,1318.11,416.35,1304.46,424.32,0.051722,2,0
6,3814,511.64,259.23,542.56,253.47,545.25,267.93,514.34,273.69,0.051722,2,0
6,3816,688.92,574.02,709.98,632.91,671.14,646.80,650.08,587.91,0.051627,2,0
6,3818,637.68,835.90,646.61,859.03,637.33,862.61,628.40,839.48,0.051611,2,0
6,3819,1271.72,746.22,1281.81,701.91,1294.96,704.91,1284.88,749.21,0.051579,0,0
6,3823,665.81,368.97,669.73,380.70,661.88,383.32,657.96,371.60,0.051551,0,0
6,3824,963.44,474.19,995.89,483.84,988.69,508.04,956.25,498.39,0.051526,2,0
6,3825,1071.97,1028.69,1088.89,1047.48,1073.59,1061.26,1056.67,1042.47,0.051385,0,0
6,3826,538.80,856.67,547.94,867.03,521.33,890.52,512.19,880.16,0.051385,0,0
6,3827,667.88,707.53,712.54,747.61,693.15,769.21,648.49,729.14,0.051378,2,0
6,3829,993.23,552.52,1000.72,546.99,1011.07,561.03,1003.57,566.55,0.051312,2,0
6,3831,11.42,462.89,36.52,508.21,19.52,517.63,-5.59,472.31,0.051295,2,0
6,3833,107.76,67.03,124.73,53.80,131.10,61.97,114.13,75.20,0.051065,2,0
6,3834,-27.61,163.78,17.98,153.48,22.92,175.36,-22.67,185.66,0.051065,2,0
6,3835,1574.21,671.63,1688.95,689.58,1685.87,709.23,1571.14,691.28,0.051016,2,0
6,3836,617.56,467.20,658.52,431.81,670.14,445.25,629.18,480.64,0.050933,0,0
6,3837,927.28,679.30,1024.14,634.53,1046.87,683.72,950.01,728.48,0.050837,2,0
6,3838,720.38,614.22,786.81,736.51,742.52,760.57,676.10,638.27,0.050837,2,0
6,3839,669.96,945.37,722.21,950.85,716.61,1004.18,664.37,998.70,0.050803,2,0
6,3840,-47.43,617.59,28.40,561.08,32.50,566.58,-43.34,623.09,0.050293,0,0
6,49,921.51,118.72,959.88,-54.77,1032.29,-38.75,993.92,134.74,0.286767,0,0
6,54,193.81,524.52,274.82,533.44,272.30,556.25,191.30,547.33,0.096011,0,0
6,86,345.09,184.49,347.55,196.12,327.33,200.40,324.87,188.76,0.158997,2,0
6,183,402.43,318.17,474.05,316.70,474.67,347.18,403.06,348.65,0.097793,2,0
6,217,438.90,864.51,447.69,903.68,437.67,905.93,428.88,866.76,0.083129,2,0
6,278,629.23,771.05,638.79,795.60,617.85,803.75,608.30,779.20,0.054807,0,0
6,291,357.93,271.85,382.34,288.29,373.67,301.17,349.26,284.73,0.054646,2,0
6,374,906.32,868.68,917.77,969.45,877.11,974.07,865.66,873.30,0.093728,0,0
6,379,597.01,855.36,637.99,903.56,590.33,944.08,549.35,895.89,0.053122,0,0
6,411,672.19,596.67,705.25,592.55,706.12,599.51,673.06,603.63,0.058543,2,0
6,413,596.64,217.74,617.29,186.96,633.28,197.69,612.63,228.46,0.189757,0,0
6,438,250.53,426.97,275.60,424.69,277.30,443.28,252.22,445.56,0.090258,2,0
6,503,1183.68,370.42,1231.35,370.15,1231.46,390.00,1183.79,390.27,0.161153,0,0
6,537,1124.50,845.91,1136.26,977.73,1104.01,980.61,1092.24,848.79,0.086929,0,0
6,539,171.79,277.03,298.50,275.19,298.85,299.04,172.14,300.88,0.138140,2,0
6,547,354.01,415.12,358.70,393.04,380.20,397.61,375.50,419.68,0.051943,2,0
6,564,254.63,457.89,273.50,493.92,260.80,500.57,241.93,464.54,0.053603,2,0
6,571,413.46,391.46,419.49,406.30,404.39,412.44,398.36,397.59,0.164481,2,0
6,579,118.11,228.41,120.78,239.50,102.93,243.80,100.26,232.71,0.070777,2,0
6,586,1187.88,407.36,1210.21,424.21,1201.21,436.13,1178.88,419.27,0.089180,2,0
6,598,856.13,398.55,877.24,407.31,871.15,421.99,850.04,413.23,0.152428,2,0
6,600,73.99,71.27,135.19,186.97,96.81,207.27,35.61,91.56,0.052699,0,0
6,608,-514050.25,271962.38,516469.69,-270641.44,516469.94,-270641.00,-514050.00,271962.81,0.059049,2,0
6,628,1048.14,396.61,1082.74,405.44,1079.26,419.05,1044.67,410.22,0.053105,2,0
6,659,1301.29,858.68,1385.34,843.23,1393.16,885.74,1309.11,901.20,0.054962,0,0
6,697,865.34,629.82,892.51,625.79,895.43,645.43,868.26,649.47,0.056067,2,0
6,710,256.53,815.31,265.95,814.48,267.44,831.47,258.02,832.30,0.115945,2,0
6,791,852.05,739.60,940.30,717.78,952.82,768.45,864.57,790.27,0.054321,2,0
6,800,543.11,793.11,543.85,766.32,603.46,767.97,602.72,794.76,0.055971,0,0
6,824,952.12,148.24,1073.26,-28.19,1104.31,-6.87,983.17,169.56,0.224440,0,0
6,836,742.13,570.78,778.78,572.50,777.89,591.40,741.24,589.68,0.056514,2,0
6,863,285.70,353.55,291.55,378.90,275.05,382.70,269.20,357.35,0.051627,2,0
6,908,955.75,609.84,1042.43,440.52,1090.92,465.34,1004.23,634.66,0.051846,0,0
6,10,520.86,110.77,560.13,113.20,558.90,133.05,519.63,130.62,0.213851,0,0
6,27,614.41,-6.31,657.20,43.16,613.54,80.92,570.75,31.45,0.234970,0,0
6,110,380.79,660.42,429.38,639.54,442.14,669.25,393.56,690.12,0.202252,0,0
6,318,881.22,250.61,885.31,259.10,866.71,268.06,862.62,259.57,0.110799,2,0
6,460,1062.25,534.87,1064.42,551.57,1049.95,553.45,1047.77,536.76,0.071051,2,0
6,491,1135.80,237.80,1297.58,444.21,1265.87,469.07,1104.09,262.65,0.161153,0,0
6,610,791.26,632.28,824.57,695.45,778.21,719.90,744.90,656.72,0.091526,0,0
6,618,476.66,815.31,508.26,846.07,488.66,866.20,457.06,835.44,0.069499,0,0
6,698,177.02,725.19,186.79,718.06,197.00,732.08,187.23,739.20,0.060242,2,0
6,893,449.66,903.48,525.08,934.70,514.59,960.05,439.17,928.82,0.128894,0,0
6,930,1143.73,142.36,1179.81,140.12,1181.96,174.76,1145.88,177.00,0.150587,0,0
6,954,702.83,131.85,869.27,159.06,859.72,217.48,693.28,190.26,0.255656,0,0
6,956,557.99,40.90,586.92,101.36,556.33,116.00,527.40,55.54,0.270900,0,0
6,967,715.66,223.52,743.83,202.28,752.30,213.51,724.13,234.75,0.138908,0,0
6,993,128.39,567.88,154.39,589.99,141.42,605.23,115.43,583.12,0.096288,0,0
6,998,492.49,251.01,493.65,238.15,505.54,239.22,504.38,252.09,0.158997,2,0
6,1007,419.68,340.86,441.85,436.78,397.51,447.03,375.33,351.12,0.215534,0,0
6,1018,310.70,381.58,347.01,367.47,353.46,384.05,317.14,398.17,0.052995,2,0
6,1025,799.51,163.91,859.16,169.85,857.60,185.51,797.95,179.57,0.194126,0,0
6,1036,507.81,162.76,538.25,157.69,540.00,168.18,509.56,173.25,0.198732,2,0
6,1066,730.12,371.52,749.09,374.65,746.26,391.78,727.29,388.65,0.150354,2,0
6,1067,432.86,595.35,459.06,611.09,451.70,623.34,425.50,607.59,0.066087,2,0
6,1081,491.03,403.70,672.98,455.85,670.83,463.35,488.88,411.20,0.054641,2,0
6,1111,578.48,905.58,680.69,890.54,687.83,939.09,585.62,954.12,0.062229,0,0
6,1143,523.63,348.44,525.29,362.63,508.30,364.62,506.64,350.43,0.135804,2,0
6,1181,33.02,661.49,42.04,677.37,27.42,685.68,18.39,669.80,0.053604,2,0
6,1188,146.55,674.50,170.58,680.44,167.38,693.41,143.35,687.47,0.061691,2,0
6,1202,583.68,350.69,636.48,347.48,638.62,382.62,585.81,385.82,0.182132,2,0
6,1280,919.14,895.11,950.17,937.77,911.08,966.20,880.05,923.53,0.062418,0,0
6,1292,913.77,812.93,915.48,725.79,954.81,726.56,953.10,813.70,0.120819,0,0
6,1304,720.86,385.22,721.94,406.98,705.01,407.83,703.93,386.06,0.135804,2,0
6,1305,381.35,694.01,402.19,681.27,415.98,703.83,395.14,716.57,0.113061,0,0
6,1315,70.14,479.69,91.33,476.51,93.14,488.57,71.95,491.75,0.071036,2,0
6,1317,527.27,570.29,549.63,580.96,540.51,600.08,518.15,589.41,0.073216,2,0
6,1321,987.37,258.21,1010.56,278.14,1000.28,290.10,977.10,270.16,0.370918,0,0
6,1329,436.64,452.00,455.19,457.77,451.77,468.78,433.21,463.02,0.116938,2,0
6,1336,1076.70,525.05,1169.74,541.47,1160.64,593.02,1067.60,576.60,0.051526,2,0
6,1345,1268.09,421.11,1337.81,489.75,1307.75,520.29,1238.02,451.64,0.051052,0,0
6,1349,131.33,444.18,164.19,407.16,172.34,414.39,139.48,451.41,0.075403,2,0
6,1368,1047.14,653.73,1056.10,689.94,1026.11,697.36,1017.15,661.15,0.060188,0,0
6,1381,1065.15,344.40,1082.46,340.91,1085.66,356.80,1068.34,360.28,0.089180,2,0
6,1402,1134.20,628.93,1151.32,691.79,1096.87,706.62,1079.75,643.76,0.089751,0,0
6,1420,258.96,229.37,263.91,242.26,250.89,247.27,245.94,234.37,0.172178,2,0
6,1440,259.93,766.50,315.09,773.04,312.89,791.53,257.73,784.98,0.083129,2,0
6,1447,535.61,567.29,538.08,552.22,560.00,555.82,557.52,570.89,0.053603,2,0
6,1499,97.57,189.68,123.16,193.21,120.34,213.65,94.75,210.12,0.115339,2,0
6,1524,923.32,401.81,968.08,388.18,974.17,408.19,929.41,421.82,0.063525,2,0
6,1525,186.13,302.37,197.31,328.84,181.76,335.41,170.58,308.94,0.090199,2,0
6,1541,757.81,853.87,771.51,853.22,771.87,860.91,758.17,861.55,0.053775,2,0
6,1599,1183.13,790.87,1197.48,846.64,1166.51,854.61,1152.16,798.84,0.071051,2,0
6,1602,525.21,858.10,549.59,927.39,533.01,933.23,508.63,863.93,0.054168,2,0
6,1617,488.60,353.34,595.28,420.54,578.97,446.44,472.29,379.23,0.183184,2,0
6,1618,749.30,997.63,754.64,971.43,781.86,976.98,776.52,1003.18,0.052059,0,0
6,1623,695.69,591.86,711.35,602.60,701.71,616.66,686.05,605.92,0.057125,2,0
6,1639,831.83,760.78,968.25,843.24,946.20,879.73,809.78,797.27,0.052985,0,0
6,1642,1034.60,439.82,1061.17,469.75,1042.75,486.11,1016.18,456.18,0.059155,2,0
6,1645,795.98,639.98,1254.30,523.45,1264.37,563.05,806.05,679.58,0.051051,2,0
6,1648,797.29,537.28,813.70,537.34,813.68,543.90,797.27,543.84,0.064053,2,0
6,1654,956.45,435.49,1039.00,419.16,1043.18,440.29,960.62,456.62,0.052774,2,0
6,1658,1146.72,779.83,1163.60,669.11,1202.45,675.04,1185.56,785.76,0.079526,2,0
6,1667,912.14,788.48,915.07,811.81,896.17,814.19,893.24,790.86,0.054168,2,0
6,1692,1176.39,731.33,1230.09,767.15,1222.20,778.98,1168.50,743.17,0.052440,2,0
6,1698,1044.60,261.16,1065.01,252.09,1068.65,260.28,1048.23,269.35,0.053028,2,0
6,1699,1046.25,477.84,1053.91,499.84,1046.72,502.35,1039.05,480.35,0.059329,2,0
6,1712,595.44,659.00,617.32,602.75,644.14,613.18,622.26,669.43,0.056503,2,0
6,1723,1137.52,491.80,1192.95,401.07,1227.56,422.22,1172.13,512.94,0.111859,0,0
6,250,626.43,312.92,641.89,-104.54,703.70,-102.26,688.23,315.21,0.231683,0,0
6,308,475.89,232.87,501.15,220.25,510.43,238.81,485.17,251.43,0.138908,0,0
6,878,736.98,412.69,778.63,465.97,750.25,488.15,708.61,434.88,0.053951,2,0
6,942,812.41,413.74,821.71,487.20,783.83,491.99,774.53,418.54,0.234506,0,0
6,1189,1009.41,691.46,1233.98,628.36,1245.02,667.66,1020.45,730.77,0.109962,0,0
6,1281,980.51,677.02,1002.03,768.10,970.26,775.61,948.74,684.53,0.060188,0,0
6,1529,137.22,811.06,195.81,860.91,168.57,892.91,109.99,843.06,0.215021,0,0
6,1532,732.37,246.63,763.59,245.50,764.36,266.69,733.15,267.83,0.248074,2,0
6,1656,761.73,687.23,765.32,750.98,729.16,753.01,725.58,689.26,0.052012,2,0
6,1744,540.50,53.39,751.44,25.24,760.12,90.26,549.18,118.41,0.229819,0,0
6,1745,470.29,11.08,523.45,7.96,524.65,28.39,471.49,31.51,0.159996,0,0
6,1751,604.43,35.59,629.81,42.02,623.50,66.95,598.11,60.52,0.252604,2,0
6,1796,612.23,302.09,667.08,320.86,660.10,341.25,605.25,322.48,0.213238,0,0
6,1803,798.48,323.64,806.22,354.81,789.84,358.88,782.10,327.71,0.051497,2,0
6,1813,325.06,744.95,391.03,743.87,391.36,763.61,325.38,764.70,0.053628,0,0
6,1815,-88.57,117.35,1403.03,321.51,1400.10,342.90,-91.50,138.75,0.169029,0,0
6,1832,788.83,58.16,922.83,84.73,918.81,105.00,784.81,78.42,0.252604,2,0
6,1836,259.92,688.39,307.44,687.57,307.85,711.40,260.33,712.22,0.186309,0,0
6,1841,1099.60,378.78,1101.76,366.48,1131.18,371.66,1129.02,383.96,0.073243,2,0
6,1874,911.36,67.26,940.08,61.85,950.44,116.87,921.72,122.28,0.274719,0,0
6,1883,525.80,176.35,532.38,191.23,515.63,198.64,509.05,183.76,0.161709,2,0
6,1902,114.95,431.19,172.88,514.95,147.62,532.41,89.70,448.65,0.072392,2,0
6,1904,489.54,155.96,775.27,564.52,738.90,589.96,453.17,181.40,0.135320,0,0
6,1905,630.66,444.72,652.94,430.80,657.16,437.56,634.88,451.48,0.419843,0,0
6,1934,428.37,162.44,444.65,145.41,461.90,161.89,445.62,178.92,0.126360,2,0
6,1935,287.84,714.43,322.34,763.16,295.72,782.00,261.22,733.28,0.069386,0,0
6,1937,197.03,451.87,218.82,461.68,213.48,473.54,191.70,463.72,0.120728,2,0
6,1943,517.71,39.21,568.92,20.47,574.49,35.71,523.28,54.45,0.099716,0,0
6,1970,475.50,188.70,489.31,204.84,480.00,212.79,466.20,196.65,0.096210,2,0
6,1976,249.33,561.42,262.72,570.50,252.15,586.07,238.77,576.98,0.053523,2,0
6,1980,569.16,922.04,681.94,942.49,671.48,1000.16,558.70,979.71,0.053427,0,0
6,1983,923.15,141.38,996.13,110.30,1010.24,143.42,937.26,174.51,0.441142,0,0
6,1989,112.67,383.73,130.90,388.00,128.45,398.46,110.22,394.19,0.063671,2,0
6,2015,186.27,217.21,514.27,244.50,513.46,254.24,185.46,226.96,0.170903,2,0
6,2019,414.87,749.70,442.62,743.86,445.01,755.20,417.25,761.04,0.115945,2,0
6,2032,127.71,437.18,163.99,451.43,157.05,469.12,120.76,454.87,0.085313,2,0
6,2042,799.70,829.41,839.75,847.05,831.96,864.74,791.91,847.10,0.095692,2,0
6,2049,596.82,464.02,599.77,447.00,634.92,453.08,631.97,470.11,0.233029,0,0
6,2052,601.80,677.79,610.84,688.61,599.75,697.86,590.72,687.04,0.085660,2,0
6,2059,842.90,534.57,858.27,528.88,862.90,541.39,847.52,547.08,0.063525,2,0
6,2061,155.16,662.91,163.67,668.44,156.77,679.06,148.26,673.52,0.068100,2,0
6,2095,749.69,735.57,824.64,784.00,807.67,810.27,732.72,761.84,0.054047,0,0
6,2097,479.14,-84.85,664.69,46.01,634.58,88.71,449.03,-42.16,0.105379,0,0
6,2108,653.00,817.43,660.02,794.74,678.42,800.43,671.40,823.11,0.057125,2,0
6,2113,376.23,863.34,379.30,893.23,364.85,894.71,361.78,864.82,0.052059,0,0
6,2125,130.49,373.70,177.96,418.66,169.38,427.73,121.91,382.77,0.051295,2,0
6,2126,508.58,16.71,516.68,18.58,511.60,40.60,503.50,38.74,0.187059,2,0
6,2151,855.24,266.07,871.37,259.73,881.98,286.69,865.85,293.03,0.217369,2,0
6,2156,49.17,593.89,62.32,604.14,58.61,608.89,45.47,598.64,0.053898,2,0
6,2159,929.19,675.77,946.79,699.67,932.28,710.35,914.68,686.45,0.052440,2,0
6,2171,681.34,753.22,684.08,770.95,657.84,775.00,655.10,757.27,0.051156,2,0
6,2186,660.81,616.65,664.44,681.31,628.31,683.34,624.67,618.68,0.056189,2,0
6,2188,1026.58,329.15,1080.17,352.35,1073.03,368.84,1019.43,345.65,0.105013,2,0
6,2192,1321.69,461.69,1413.16,485.07,1406.80,509.94,1315.33,486.57,0.051464,0,0
6,2214,1316.53,481.64,1390.25,633.29,1352.09,651.85,1278.37,500.19,0.111859,0,0
6,2237,1121.68,454.88,1153.18,452.80,1154.33,470.17,1122.83,472.25,0.083741,2,0
6,2240,421.45,695.79,441.22,717.11,427.40,729.92,407.64,708.60,0.053091,2,0
6,2246,434.32,545.03,443.60,542.10,448.78,558.45,439.50,561.39,0.052052,2,0
6,2254,-179.03,448.27,-150.21,489.11,-166.11,500.33,-194.93,459.49,0.099402,0,0
6,2288,6.23,637.06,82.04,601.11,90.50,618.96,14.69,654.90,0.096011,0,0
6,2293,896.02,858.83,1073.13,825.99,1078.78,856.47,901.67,889.31,0.064066,0,0
6,2299,859.18,735.59,871.42,664.38,917.91,672.37,905.66,743.58,0.050803,2,0
6,2310,647.66,636.67,668.11,636.00,668.79,656.82,648.34,657.48,0.051130,2,0
6,2314,1253.83,577.62,1369.78,714.14,1341.04,738.55,1225.09,602.03,0.064983,0,0
6,2330,-49.33,236.95,8.50,294.92,-13.72,317.08,-71.55,259.11,0.052699,0,0
6,2334,494.78,485.70,499.68,511.09,483.91,514.13,479.01,488.74,0.051156,2,0
6,12,629.93,-44.07,1317.73,178.68,1290.31,263.34,602.51,40.59,0.218790,0,0
6,31,582.07,551.90,664.86,170.26,750.54,188.85,667.75,570.48,0.130196,0,0
6,35,317.45,72.66,360.56,-0.23,419.65,34.71,376.53,107.60,0.185156,0,0
6,36,567.38,73.15,625.00,87.03,610.26,148.18,552.65,134.29,0.380929,0,0
6,43,509.88,315.64,691.23,467.20,667.62,495.45,486.26,343.89,0.237159,0,0
6,78,787.97,96.32,821.59,244.65,766.93,257.04,733.31,108.71,0.290459,0,0
6,104,550.61,110.90,722.74,37.71,743.33,86.14,571.21,159.33,0.213851,0,0
6,175,692.57,-80.88,767.48,314.64,694.77,328.41,619.86,-67.11,0.286767,0,0
6,185,93.30,348.25,108.79,351.69,106.54,361.80,91.05,358.36,0.063717,2,0
6,218,498.24,-7.45,519.81,41.16,489.32,54.70,467.74,6.09,0.071006,0,0
6,225,735.05,-2.99,857.58,247.72,828.75,261.81,706.23,11.09,0.196728,0,0
6,392,155.52,618.74,179.92,620.07,178.80,640.61,154.41,639.29,0.062126,2,0
6,404,1019.96,820.80,1084.12,833.48,1078.72,860.81,1014.56,848.14,0.051130,2,0
6,430,1241.52,522.57,1259.83,552.00,1243.29,562.30,1224.97,532.87,0.053122,0,0
6,502,867.50,518.14,906.94,568.11,884.56,585.77,845.13,535.79,0.059582,0,0
6,541,938.96,728.99,999.95,793.52,979.23,813.10,918.25,748.57,0.062229,0,0
6,591,937.76,992.96,1095.32,1001.75,1092.37,1054.59,934.81,1045.80,0.084081,0,0
6,593,475.29,865.76,571.63,883.28,565.18,918.74,468.84,901.21,0.069499,0,0
6,690,-89.65,143.13,18.75,115.12,25.53,141.35,-82.88,169.36,0.074484,0,0
6,787,938.92,688.47,956.20,684.45,959.28,697.67,942.00,701.69,0.056529,2,0
6,832,1045.78,521.36,1180.67,544.46,1173.15,588.42,1038.25,565.32,0.050906,0,0
6,2,531.57,434.48,557.48,451.50,551.65,460.38,525.74,443.36,0.088819,0,0
6,188,1139.97,752.98,1303.90,672.49,1325.58,716.65,1161.65,797.14,0.084760,0,0
6,330,381.15,87.89,464.65,247.52,416.00,272.97,332.49,113.34,0.239043,0,0
6,823,859.20,334.56,932.97,439.60,907.75,457.31,833.98,352.27,0.219397,0,0
6,1091,655.73,132.97,848.01,-51.31,891.34,-6.09,699.07,178.19,0.208914,0,0
6,1265,601.02,866.89,603.77,893.27,584.39,895.29,581.64,868.91,0.067504,2,0
6,1430,1172.67,538.37,1354.05,550.88,1350.64,600.25,1169.26,587.74,0.056377,0,0
6,1739,876.51,126.66,986.16,176.50,968.05,216.33,858.40,166.48,0.181944,0,0
6,1806,769.42,366.54,778.61,443.64,751.44,446.88,742.25,369.78,0.215933,0,0
6,1844,695.89,397.89,720.05,337.99,767.01,356.93,742.84,416.84,0.068357,0,0
6,1917,1411.75,716.85,1423.58,817.88,1387.64,822.09,1375.81,721.05,0.109692,0,0
6,2002,808.90,824.36,875.29,815.45,881.26,859.92,814.87,868.83,0.096115,0,0
6,2011,881.95,174.01,896.06,151.96,935.75,177.37,921.63,199.41,0.318293,0,0
6,2071,82.84,625.06,103.27,592.28,122.14,604.04,101.70,636.82,0.050293,0,0
6,2196,302.29,525.02,307.81,473.76,330.26,476.18,324.75,527.44,0.052489,2,0
6,2248,909.50,586.84,995.97,654.37,972.89,683.93,886.41,616.41,0.050652,0,0
6,2315,1365.65,578.90,1383.37,685.28,1353.44,690.27,1335.73,583.88,0.054962,0,0
6,2316,955.14,384.56,970.83,404.66,959.60,413.43,943.91,393.33,0.067061,2,0
6,19,566.93,121.89,602.81,207.79,574.25,219.72,538.37,133.82,0.262210,0,0
6,166,933.27,317.89,944.99,282.67,958.10,287.03,946.38,322.25,0.197319,2,0
6,406,1065.15,821.55,1083.10,755.76,1119.31,765.64,1101.35,831.43,0.120819,0,0
6,407,864.00,861.83,901.74,869.39,897.07,892.72,859.33,885.16,0.055301,0,0
6,552,1034.30,871.73,1046.88,797.14,1084.33,803.45,1071.75,878.04,0.086929,0,0
6,881,1234.35,494.28,1287.64,485.22,1295.73,532.76,1242.44,541.82,0.060525,0,0
6,2348,683.16,415.69,706.67,453.48,687.98,465.12,664.46,427.32,0.094757,0,0
6,2350,566.70,171.22,697.74,312.88,669.01,339.45,537.97,197.80,0.451147,0,0
6,2354,913.34,-5.69,926.71,43.54,899.00,51.07,885.63,1.83,0.394169,0,0
6,2357,522.55,39.27,703.24,32.17,707.48,140.01,526.79,147.11,0.209422,0,0
6,2362,668.20,248.91,691.15,259.01,684.69,273.69,661.74,263.59,0.248807,0,0
6,2366,432.45,445.42,717.16,97.44,804.99,169.30,520.28,517.28,0.276663,0,0
6,2372,600.00,313.33,630.80,316.25,628.77,337.58,597.98,334.66,0.297650,0,0
6,2378,832.48,137.35,854.82,134.73,859.18,171.85,836.84,174.48,0.315304,0,0
6,2385,347.91,103.70,363.13,107.33,361.11,115.78,345.89,112.15,0.139159,2,0
6,2386,599.12,569.80,621.63,568.28,622.38,579.31,599.86,580.83,0.137184,0,0
6,2398,675.20,329.96,690.82,312.45,698.24,319.07,682.62,336.58,0.261937,0,0
6,2402,520.68,411.44,537.66,425.53,534.37,429.49,517.39,415.40,0.155898,2,0
6,2407,119.35,351.93,131.59,374.07,119.34,380.84,107.10,358.69,0.112103,2,0
6,2408,712.66,295.70,731.23,334.81,716.02,342.03,697.45,302.92,0.294661,0,0
6,2410,647.82,305.36,674.58,332.75,648.36,358.37,621.60,330.98,0.320124,0,0
6,2412,421.48,576.36,429.47,589.90,412.67,599.81,404.68,586.28,0.073216,2,0
6,2431,747.95,392.53,766.72,417.79,757.18,424.88,738.41,399.61,0.131676,2,0
6,2433,408.13,643.07,421.32,642.72,421.73,658.39,408.54,658.73,0.132119,2,0
6,2435,454.93,107.29,461.57,90.20,472.21,94.33,465.56,111.42,0.092259,2,0
6,2445,321.76,143.74,327.96,163.22,320.33,165.65,314.13,146.17,0.159438,2,0
6,2450,564.20,610.04,570.82,616.56,559.26,628.29,552.63,621.77,0.112103,2,0
6,2454,450.42,380.67,460.89,389.80,453.38,398.40,442.92,389.27,0.161709,2,0
6,2472,414.08,81.81,472.69,320.12,459.75,323.31,401.14,84.99,0.122416,2,0
6,2475,1022.13,89.97,1059.39,97.65,1056.29,112.66,1019.03,104.97,0.248074,2,0
6,2520,709.42,367.88,715.78,396.38,672.22,406.10,665.85,377.61,0.215534,0,0
6,2528,116.66,759.48,122.89,708.66,149.09,711.87,142.85,762.69,0.139178,2,0
6,2534,147.60,658.99,157.97,667.11,145.27,683.34,134.90,675.22,0.161559,2,0
6,2538,1206.98,707.60,1221.93,720.33,1209.36,735.10,1194.41,722.36,0.054321,2,0
6,2541,751.97,259.57,762.60,272.12,750.67,282.23,740.04,269.68,0.179626,2,0
6,2556,-15188556.00,-22461100.00,15189074.00,22461328.00,15189070.00,22461332.00,-15188560.00,-22461096.00,0.096210,2,0
6,2576,319.95,286.17,332.47,322.70,323.86,325.65,311.34,289.12,0.076114,2,0
6,2583,239.61,628.05,315.81,643.44,309.76,673.40,233.56,658.01,0.186309,0,0
6,2590,781.60,451.12,801.36,418.96,817.29,428.74,797.53,460.90,0.135831,2,0
6,2597,655.57,26.47,755.90,209.62,726.76,225.58,626.44,42.43,0.313713,0,0
6,2607,886.25,459.46,892.73,430.28,908.57,433.80,902.09,462.98,0.067990,2,0
6,2619,-30421.91,11315.10,30732.62,-10252.59,30732.67,-10252.44,-30421.85,11315.25,0.109031,2,0
6,2620,391.17,552.03,415.47,558.82,413.83,564.71,389.53,557.93,0.074860,2,0
6,2622,1189.97,806.66,1229.22,803.67,1230.45,819.82,1191.20,822.81,0.099171,2,0
6,2625,781.33,835.38,844.97,843.30,840.13,882.23,776.49,874.31,0.084081,0,0
6,2626,1092.69,826.61,1121.35,953.17,1075.63,963.52,1046.97,836.96,0.088847,0,0
6,2627,1213.12,567.10,1281.96,636.35,1249.39,668.73,1180.55,599.48,0.084760,0,0
6,2633,160.26,522.66,190.53,521.12,191.65,543.14,161.37,544.67,0.079791,2,0
6,2638,679.72,404.85,733.81,454.02,713.73,476.11,659.64,426.94,0.059841,0,0
6,2639,233.14,575.76,304.66,701.48,267.45,722.65,195.93,596.93,0.099402,0,0
6,2644,111.62,696.41,137.68,627.40,170.53,639.80,144.47,708.82,0.063965,2,0
6,2648,1034.05,-83.55,1085.24,-25.95,1064.86,-7.83,1013.67,-65.43,0.181944,0,0
6,2653,641.22,331.20,725.78,495.95,684.76,517.00,600.20,352.26,0.215933,0,0
6,2662,553.90,258.19,565.09,269.78,559.77,274.91,548.58,263.32,0.078766,2,0
6,2663,162.68,444.02,179.66,457.04,166.71,473.93,149.73,460.91,0.064731,2,0
6,2667,-526836.94,118635.01,529196.56,-117079.38,529196.81,-117078.23,-526836.69,118636.16,0.067652,2,0
6,2691,79.15,639.05,86.60,616.41,104.04,622.16,96.58,644.79,0.178970,0,0
6,2692,-88.19,479.34,122.73,619.88,99.27,655.08,-111.64,514.54,0.096288,0,0
6,2694,597.67,783.22,615.31,794.15,608.05,805.88,590.40,794.95,0.056070,2,0
6,2701,1470.99,654.11,1500.77,505.95,1528.90,511.60,1499.12,659.76,0.068357,0,0
6,2702,1135.82,420.02,1136.02,388.23,1154.51,388.35,1154.31,420.13,0.150157,2,0
6,2712,429.99,326.64,436.23,341.27,421.81,347.42,415.58,332.79,0.058090,2,0
6,2713,497.59,473.71,504.00,445.31,516.83,448.20,510.41,476.61,0.127342,2,0
6,2719,241.85,637.60,243.16,655.07,227.06,656.28,225.75,638.81,0.139178,2,0
6,2742,508.99,251.05,545.84,239.43,547.00,243.09,510.14,254.72,0.057414,2,0
6,2745,978.05,744.18,1082.43,698.95,1099.58,738.52,995.20,783.75,0.051464,0,0
6,2764,623.35,285.93,712.83,312.95,706.51,333.87,617.03,306.84,0.140881,2,0
6,2768,741.35,861.62,745.72,887.72,705.10,894.53,700.73,868.42,0.128966,0,0
6,2769,542.54,673.07,544.02,659.74,557.60,661.24,556.13,674.57,0.127342,2,0
6,2774,273.84,423.35,278.29,391.63,296.47,394.18,292.02,425.90,0.058090,2,0
6,2785,829.44,622.47,843.15,635.58,838.78,640.15,825.07,627.03,0.051943,2,0
6,2787,538.42,802.14,552.23,834.00,536.18,840.96,522.38,809.10,0.057805,2,0
6,2804,659.94,616.32,699.78,611.34,701.46,624.77,661.61,629.75,0.054047,0,0
6,2805,791.48,684.75,801.36,618.55,846.38,625.26,836.50,691.47,0.054998,2,0
6,2811,947.99,231.77,1160.14,395.45,1147.04,412.43,934.88,248.76,0.086700,2,0
6,2823,1112.92,659.91,1129.94,639.77,1143.31,651.07,1126.28,671.21,0.059202,2,0
6,2824,1198.11,707.81,1252.41,703.03,1253.23,712.39,1198.93,717.17,0.056191,2,0
6,2825,814.79,289.31,861.08,371.03,829.34,389.02,783.05,307.29,0.348873,0,0
6,2837,827.28,686.21,880.35,640.30,893.60,655.62,840.53,701.53,0.054786,2,0
6,2859,869.41,774.37,871.52,818.62,857.36,819.29,855.26,775.05,0.051579,0,0
6,40,665.39,319.74,748.39,321.49,747.29,373.91,664.29,372.16,0.060525,0,0
6,96,909.62,238.54,959.45,249.19,954.07,274.36,904.24,263.71,0.122985,0,0
6,117,777.31,369.04,786.34,372.11,779.54,392.11,770.51,389.04,0.063552,2,0
6,127,715.53,575.16,852.11,517.71,865.37,549.25,728.80,606.69,0.226246,0,0
6,199,402.41,410.43,451.85,387.35,459.89,404.58,410.45,427.66,0.189757,0,0
6,244,406.85,379.73,472.90,411.44,468.71,420.17,402.66,388.46,0.170008,2,0
6,256,1338.39,209.67,1387.32,393.05,1352.51,402.33,1303.58,218.96,0.085689,0,0
6,353,874.97,861.84,879.72,849.57,890.28,853.65,885.53,865.92,0.071898,2,0
6,376,649.25,-44.94,668.48,-4.94,635.78,10.77,616.56,-29.23,0.071006,0,0
6,380,901.55,779.96,912.06,775.74,918.86,792.67,908.35,796.89,0.055301,0,0
6,388,115.47,509.23,150.99,553.21,127.00,572.58,91.49,528.60,0.079791,2,0
6,474,1222.62,754.10,1228.93,855.30,1193.24,857.53,1186.93,756.33,0.067514,0,0
6,487,1261.49,553.65,1313.97,634.84,1272.39,661.71,1219.91,580.53,0.050906,0,0
6,560,622.22,807.40,709.79,851.87,689.84,891.16,602.27,846.69,0.128894,0,0
6,624,154.68,492.87,182.01,521.58,165.14,537.64,137.81,508.93,0.059197,2,0
6,637,1019.97,773.27,1040.54,820.83,1017.19,830.93,996.62,783.37,0.053105,2,0
6,646,692.54,548.38,715.29,557.54,709.85,571.03,687.11,561.88,0.067997,2,0
6,684,877.83,875.15,895.89,932.31,866.51,941.59,848.44,884.44,0.078631,0,0
6,707,700.43,522.12,714.09,431.83,747.62,436.91,733.96,527.20,0.056503,2,0
6,767,228.46,275.86,290.96,257.59,295.71,273.82,233.20,292.09,0.127115,2,0
6,802,559.03,393.29,573.54,423.45,551.58,434.02,537.07,403.86,0.122416,2,0
6,815,762.21,573.95,880.75,661.93,855.91,695.39,737.38,607.41,0.052042,2,0
6,869,869.20,614.09,889.04,640.24,856.11,665.23,836.27,639.08,0.053951,2,0
6,896,1236.51,567.57,1260.00,643.70,1209.34,659.33,1185.85,583.20,0.059582,0,0
6,897,978.35,670.94,1010.94,631.24,1031.32,647.96,998.72,687.66,0.053830,0,0
6,1,551.11,277.68,582.79,269.16,587.91,288.18,556.23,296.70,0.194126,0,0
6,60,1000.32,391.05,1052.16,394.56,1049.86,428.59,998.02,425.08,0.050933,0,0
6,302,996.86,233.81,1022.96,262.59,1010.63,273.77,984.53,244.99,0.087836,0,0
6,839,1114.13,400.28,1182.98,549.12,1126.46,575.27,1057.60,426.43,0.093867,0,0
6,887,648.21,797.16,648.51,733.41,682.87,733.57,682.57,797.32,0.054562,2,0
6,1088,333.88,335.46,352.53,361.32,343.08,368.13,324.43,342.28,0.076114,2,0
6,1099,570.32,326.29,670.95,372.10,653.40,410.64,552.78,364.84,0.053250,2,0
6,1158,670.77,506.77,804.26,527.85,791.40,609.25,657.91,588.16,0.106528,0,0
6,1262,970.12,478.76,988.94,426.00,1013.51,434.76,994.69,487.52,0.107798,0,0
6,1275,273.40,245.10,286.56,224.10,297.09,230.70,283.93,251.70,0.051351,2,0
6,1283,1230.95,443.44,1285.45,654.62,1216.69,672.37,1162.19,461.19,0.050652,0,0
6,1339,969.94,270.36,971.55,389.30,937.98,389.75,936.37,270.81,0.229819,0,0
6,1443,566.45,646.16,620.09,661.45,612.13,689.37,558.49,674.08,0.106361,2,0
6,1480,758.69,385.95,790.86,453.16,764.69,465.68,732.52,398.48,0.054998,2,0
6,1573,974.24,643.93,1004.85,594.58,1026.78,608.18,996.17,657.53,0.051497,2,0
6,1612,607.72,265.19,617.61,345.35,576.01,350.48,566.12,270.32,0.301619,0,0
6,1624,1017.38,737.62,1029.30,735.43,1031.23,745.94,1019.32,748.13,0.095676,2,0
6,1714,941.68,682.81,1127.57,649.90,1138.02,708.95,952.13,741.86,0.091526,0,0
7,32,673.91,682.54,677.87,622.70,706.02,624.56,702.06,684.40,0.051388,0,0
7,842,845.51,25.48,906.99,51.55,897.96,72.85,836.48,46.79,0.051760,0,0
7,959,926.58,65.94,993.02,112.96,975.44,137.81,909.00,90.79,0.280099,0,0
7,2077,945.72,276.52,1038.58,407.54,996.76,437.18,903.90,306.16,0.244250,0,0
7,38,435.74,319.13,436.14,358.23,393.30,358.67,392.90,319.56,0.084789,0,0
7,132,478.59,408.55,506.28,363.48,542.82,385.93,515.12,431.00,0.226401,0,0
7,2352,659.00,405.54,702.67,503.65,654.16,525.24,610.49,427.14,0.137811,0,0
7,2416,1423.83,363.28,1480.28,386.13,1472.97,404.19,1416.51,381.34,0.052258,0,0
7,2858,653.30,331.43,761.17,259.61,795.33,310.92,687.46,382.75,0.280113,0,0
7,72,568.55,386.74,590.14,470.17,546.11,481.56,524.53,398.13,0.359882,0,0
7,544,271.18,967.65,301.33,812.51,360.38,823.98,330.23,979.12,0.250604,0,0
7,568,1112.32,426.31,1167.71,353.04,1206.50,382.37,1151.11,455.63,0.090613,0,0
7,1673,1520.80,756.06,1599.51,744.75,1603.83,774.89,1525.13,786.19,0.051774,0,0
7,2874,1012.69,205.90,1067.91,244.18,1049.65,270.51,994.43,232.24,0.274397,0,0
7,2901,715.14,551.00,847.19,522.77,857.85,572.64,725.80,600.87,0.057087,0,0
7,2902,630.67,72.30,647.67,174.80,585.21,185.17,568.21,82.66,0.090833,0,0
7,2937,799.60,288.66,813.30,287.65,814.21,299.91,800.51,300.92,0.058389,2,0
7,2956,737.12,403.44,746.82,493.25,692.90,499.08,683.20,409.26,0.145803,0,0
7,3000,489.91,215.67,497.97,226.59,483.50,237.26,475.45,226.34,0.241187,2,0
7,3007,678.13,179.51,702.31,524.85,652.76,528.32,628.58,182.98,0.359882,0,0
7,3044,1065.20,132.01,1093.11,149.24,1072.79,182.16,1044.88,164.93,0.154458,0,0
7,3117,845.44,459.37,866.01,446.56,871.98,456.13,851.40,468.94,0.192947,2,0
7,3203,1007.23,561.02,1040.71,491.64,1072.68,507.07,1039.20,576.44,0.059909,0,0
7,3253,633.63,-191.46,878.66,519.30,831.04,535.71,586.02,-175.05,0.333454,0,0
7,3256,1137.17,569.44,1300.80,521.37,1312.21,560.23,1148.59,608.29,0.077660,0,0
7,3317,442.96,651.44,443.15,628.57,467.21,628.78,467.01,651.65,0.162113,2,0
7,3354,576.57,761.01,619.10,902.67,588.09,911.98,545.56,770.32,0.051358,0,0
7,3375,1185.81,641.08,1203.02,722.78,1175.62,728.55,1158.41,646.85,0.106111,0,0
7,741,1146.20,878.08,1242.64,897.99,1233.15,943.94,1136.71,924.03,0.092582,0,0
7,781,476.92,828.50,490.40,777.61,505.16,781.51,491.68,832.41,0.080222,2,0
7,773,947.16,669.68,947.90,705.72,926.61,706.16,925.86,670.12,0.066279,2,0
7,941,594.96,314.14,645.61,317.65,643.89,342.39,593.24,338.88,0.287581,0,0
7,1231,718.11,578.85,741.79,643.40,693.13,661.26,669.44,596.71,0.240200,0,0
7,1282,1218.15,236.24,1318.77,342.49,1288.65,371.00,1188.04,264.75,0.085668,0,0
7,966,1069.25,376.97,1112.89,441.29,1096.30,452.54,1052.67,388.22,0.244250,0,0
7,973,594.88,720.83,653.93,764.65,626.61,801.46,567.57,757.64,0.144699,0,0
7,1413,488.24,298.11,704.94,222.01,733.96,304.63,517.25,380.74,0.490439,0,0
7,1555,933.63,495.76,978.53,497.37,976.76,546.98,931.85,545.37,0.050369,0,0
7,1727,898.00,116.02,1052.62,92.44,1059.85,139.84,905.23,163.41,0.344573,0,0
7,1747,1424.39,838.10,1527.05,768.03,1550.68,802.65,1448.03,872.72,0.052474,0,0
7,1960,892.69,646.85,895.24,723.82,863.85,724.86,861.30,647.89,0.150456,2,0
7,2175,697.96,503.36,792.24,541.58,777.75,577.34,683.46,539.12,0.050511,0,0
7,2225,1046.35,408.85,1070.30,429.01,1053.94,448.44,1030.00,428.28,0.051856,2,0
7,129,749.14,334.51,820.47,338.39,818.89,367.37,747.56,363.49,0.349022,0,0
7,3378,610.20,-14.14,643.45,34.08,598.37,65.16,565.13,16.93,0.211561,0,0
7,3379,828.54,492.79,950.84,477.69,954.66,508.63,832.36,523.74,0.057499,0,0
7,3381,355.22,763.46,365.73,782.06,347.78,792.20,337.27,773.60,0.086143,0,0
7,3384,1114.92,-73.05,1252.25,162.56,1215.53,183.97,1078.20,-51.65,0.199280,0,0
7,3386,676.39,483.53,692.81,356.63,742.37,363.04,725.95,489.95,0.172189,0,0
7,3389,568.90,452.08,624.31,490.64,608.44,513.44,553.04,474.87,0.124395,0,0
7,3394,745.11,264.71,775.48,414.59,701.81,429.52,671.44,279.64,0.140661,0,0
7,3403,795.40,188.55,837.96,240.35,814.60,259.55,772.04,207.74,0.244443,0,0
7,3409,535.88,286.66,835.16,251.38,844.65,331.87,545.37,367.15,0.214829,0,0
7,3412,608.44,540.41,699.70,608.96,657.05,665.73,565.79,597.18,0.211896,0,0
7,3415,1551.38,532.39,1639.31,649.98,1610.23,671.73,1522.30,554.13,0.052161,0,0
7,3422,580.44,185.49,602.42,184.58,603.23,204.20,581.25,205.11,0.245890,2,0
7,3423,533.45,418.21,763.59,443.53,756.38,509.10,526.23,483.78,0.090613,0,0
7,3424,512.12,163.66,532.68,81.13,582.90,93.64,562.34,176.17,0.266639,0,0
7,3426,495.17,74.10,509.23,73.13,510.07,85.40,496.02,86.36,0.134730,2,0
7,3442,930.19,138.08,947.05,135.77,951.11,165.40,934.24,167.71,0.299295,0,0
7,3444,599.72,232.83,600.12,191.49,616.75,191.65,616.35,233.00,0.277832,2,0
7,3466,168.95,685.32,187.14,683.01,188.46,693.46,170.28,695.76,0.130548,2,0
7,3468,405.70,688.19,435.33,761.23,397.14,776.72,367.51,703.68,0.302342,0,0
7,3469,373.62,698.49,498.16,491.52,519.01,504.07,394.47,711.04,0.298952,0,0
7,3478,1416.48,669.90,1429.26,691.45,1422.86,695.24,1410.08,673.69,0.094591,0,0
7,3480,457.11,191.87,463.42,208.40,453.91,212.02,447.61,195.50,0.257214,2,0
7,3481,631.17,845.09,649.49,847.69,647.39,862.54,629.06,859.94,0.153540,2,0
7,3488,359.22,607.78,389.56,621.39,373.03,658.22,342.69,644.60,0.143193,0,0
7,3490,1085.94,127.30,1180.11,104.33,1186.51,130.54,1092.33,153.51,0.195582,0,0
7,3500,212.73,628.47,226.34,637.02,216.21,653.13,202.61,644.58,0.050886,2,0
7,3505,485.80,854.03,502.70,854.96,502.06,866.67,485.15,865.74,0.102208,2,0
7,3510,985.19,851.22,1079.65,822.94,1086.53,845.92,992.07,874.20,0.053650,0,0
7,3516,340.04,682.29,359.09,724.70,327.71,738.79,308.67,696.38,0.250604,0,0
7,3535,361.59,242.78,368.52,206.64,393.51,211.43,386.59,247.57,0.113145,2,0
7,3560,309.41,596.01,414.90,507.20,441.17,538.41,335.68,627.21,0.051393,2,0
7,3562,926.16,868.61,975.84,912.94,947.86,944.31,898.17,899.98,0.050929,0,0
7,3563,937.11,1030.01,981.86,826.86,1054.51,842.87,1009.75,1046.01,0.082688,0,0
7,3564,343.14,122.51,426.62,143.85,424.08,153.77,340.61,132.43,0.137737,2,0
7,3576,-123185.38,-296660.62,124629.30,297586.19,124627.08,297587.12,-123187.59,-296659.69,0.180272,2,0
7,3580,-132501.67,-64999.98,133112.67,65823.88,133112.11,65825.03,-132502.23,-64998.83,0.072150,2,0
7,3603,730.75,883.82,750.97,875.34,761.51,900.45,741.29,908.94,0.052689,0,0
7,3605,221.67,596.01,225.53,568.91,234.18,570.14,230.31,597.24,0.147035,2,0
7,3624,904.13,494.94,916.41,603.48,892.74,606.16,880.46,497.61,0.052404,2,0
7,3661,-51.18,47.12,-31.28,102.92,-54.55,111.21,-74.44,55.42,0.080198,0,0
7,3668,1029.12,568.83,1042.02,562.80,1047.60,574.76,1034.70,580.79,0.135225,2,0
7,3673,993.65,785.67,1031.82,785.92,1031.64,813.91,993.47,813.66,0.082708,2,0
7,3713,108.36,336.48,126.72,292.54,141.08,298.54,122.72,342.48,0.059799,0,0
7,3714,712.58,207.68,775.29,185.16,792.47,233.03,729.76,255.54,0.278773,0,0
7,3747,269.93,721.28,284.10,715.71,289.47,729.39,275.31,734.96,0.110339,2,0
7,3750,1126.53,684.47,1400.97,992.36,1340.29,1046.44,1065.86,738.55,0.086793,0,0
7,3752,656.42,747.83,672.70,754.72,666.16,770.17,649.88,763.29,0.053286,2,0
7,3784,525.31,576.44,537.99,618.71,526.13,622.27,513.45,580.00,0.173816,2,0
7,3800,910.90,829.28,914.87,844.32,898.80,848.56,894.83,833.51,0.060799,2,0
7,3824,965.90,425.41,984.18,471.49,949.87,485.10,931.59,439.02,0.052363,2,0
7,3825,1204.13,852.82,1242.41,837.59,1254.51,868.01,1216.23,883.24,0.051950,0,0
7,3831,102.31,437.56,110.80,406.29,122.65,409.51,114.15,440.78,0.116267,2,0
7,49,924.83,-33.99,1065.62,-45.88,1070.78,15.22,929.99,27.10,0.222582,0,0
7,291,420.09,242.94,441.13,252.56,435.98,263.84,414.94,254.22,0.137931,2,0
7,379,958.76,840.86,970.73,897.36,920.66,907.97,908.69,851.47,0.106111,0,0
7,539,212.77,280.61,291.30,344.03,280.36,357.58,201.83,294.15,0.073154,2,0
7,586,735.07,580.44,776.48,603.18,765.12,623.88,723.71,601.14,0.050071,2,0
7,600,-65.01,203.93,26.27,170.73,37.24,200.90,-54.04,234.09,0.051398,0,0
7,659,1016.40,947.25,1067.32,884.40,1099.15,910.19,1048.24,973.04,0.099508,0,0
7,791,751.49,679.64,804.45,656.71,815.79,682.90,762.82,705.82,0.050833,2,0
7,836,1107.73,485.29,1126.98,508.93,1114.81,518.84,1095.56,495.20,0.061656,2,0
7,908,1186.82,487.91,1254.90,355.76,1291.82,374.78,1223.74,506.93,0.051991,0,0
7,27,626.52,60.93,648.70,120.05,599.00,138.69,576.83,79.56,0.154327,0,0
7,1036,563.87,235.79,602.42,240.76,600.66,254.44,562.11,249.48,0.122964,2,0
7,1111,704.63,959.97,738.07,854.88,787.79,870.70,754.35,975.80,0.130545,0,0
7,1292,848.67,845.09,861.97,804.67,875.34,809.07,862.04,849.49,0.096037,0,0
7,1317,555.66,653.99,580.09,641.52,591.07,663.02,566.64,675.50,0.070734,2,0
7,1345,1206.15,293.32,1220.25,380.33,1182.88,386.39,1168.78,299.37,0.089253,0,0
7,1525,104.36,249.98,118.95,281.55,100.75,289.96,86.17,258.39,0.054883,2,0
7,1618,332.10,869.63,353.22,874.98,348.03,895.45,326.91,890.09,0.148907,0,0
7,1639,1016.73,879.72,1162.68,896.90,1158.00,936.69,1012.05,919.51,0.057856,0,0
7,1712,144.79,483.96,169.94,480.16,171.71,491.87,146.57,495.68,0.060452,2,0
7,1723,1224.08,301.91,1330.29,274.31,1341.18,316.23,1234.97,343.83,0.050792,0,0
7,942,1075.87,339.34,1181.83,405.27,1147.45,460.52,1041.49,394.59,0.078357,0,0
7,1656,969.76,602.84,1030.67,561.15,1053.64,594.71,992.73,636.40,0.050120,2,0
7,1874,911.22,38.71,931.30,52.77,909.95,83.24,889.88,69.18,0.292024,0,0
7,1935,365.12,646.02,401.08,651.38,398.33,669.84,362.37,664.47,0.197227,0,0
7,1983,1187.39,205.61,1230.57,137.21,1260.21,155.92,1217.03,224.33,0.120265,0,0
7,2032,367.48,452.58,399.81,450.47,400.82,466.02,368.49,468.12,0.217184,2,0
7,2042,567.97,715.72,593.57,726.03,589.18,736.94,563.58,726.63,0.092460,2,0
7,2049,856.53,508.20,856.84,534.69,811.33,535.23,811.02,508.74,0.069285,0,0
7,2125,-2532592.25,1743461.00,2533278.25,-1743090.25,2533280.25,-1743087.25,-2532590.25,1743464.00,0.146087,2,0
7,2214,1153.59,728.50,1283.49,560.72,1326.55,594.06,1196.65,761.84,0.069285,0,0
7,2237,842.51,204.28,877.59,193.24,883.73,212.78,848.65,223.81,0.245890,2,0
7,2293,755.62,671.92,880.92,780.50,861.85,802.50,736.55,693.92,0.051311,0,0
7,2314,1023.22,496.38,1027.31,661.68,991.93,662.55,987.84,497.25,0.155993,0,0
7,2334,550.44,454.03,552.57,469.52,542.63,470.88,540.51,455.39,0.103474,2,0
7,35,370.95,27.57,376.80,-51.11,440.11,-46.40,434.26,32.27,0.051551,0,0
7,36,341.78,182.81,382.95,164.45,401.90,206.95,360.73,225.31,0.188112,0,0
7,43,279.27,450.15,361.04,272.88,389.94,286.21,308.16,463.48,0.146603,0,0
7,78,620.69,180.06,780.70,168.42,785.04,228.14,625.03,239.78,0.292934,0,0
7,104,496.85,42.08,511.29,167.14,475.10,171.32,460.66,46.26,0.227902,0,0
7,832,1051.36,521.07,1168.82,499.61,1175.90,538.34,1058.43,559.80,0.232155,0,0
7,188,1276.72,824.64,1293.63,658.27,1339.34,662.92,1322.43,829.29,0.064349,0,0
7,1739,1061.13,94.72,1145.22,140.67,1128.18,171.85,1044.09,125.91,0.255403,0,0
7,1806,1043.09,476.30,1097.44,468.52,1100.17,487.61,1045.81,495.38,0.114072,0,0
7,2011,910.17,55.56,935.00,66.36,917.44,106.76,892.61,95.97,0.262798,0,0
7,2248,817.55,473.74,819.58,588.57,780.13,589.27,778.11,474.43,0.389851,0,0
7,166,753.45,513.46,771.51,421.50,806.83,428.44,788.77,520.40,0.051666,2,0
7,406,1236.52,785.66,1282.35,761.36,1295.14,785.47,1249.31,809.78,0.059571,0,0
7,407,476.13,935.62,486.74,879.27,519.95,885.52,509.34,941.87,0.084978,0,0
7,881,970.46,640.11,977.05,588.96,1021.90,594.73,1015.32,645.89,0.050353,0,0
7,2475,-1375652.00,914103.62,1377427.75,-913426.62,1377430.00,-913423.12,-1375649.75,914107.12,0.180272,2,0
7,2520,290.54,560.38,303.94,583.96,273.81,601.08,260.41,577.50,0.056423,0,0
7,2626,1042.73,877.63,1146.48,866.91,1150.43,905.15,1046.68,915.86,0.080743,0,0
7,2644,172.60,633.39,177.07,584.71,199.99,586.82,195.51,635.50,0.125081,2,0
7,2653,615.22,461.66,615.82,217.16,678.46,217.32,677.86,461.81,0.190502,0,0
7,2662,871.17,342.65,880.14,390.12,857.69,394.36,848.72,346.90,0.094464,2,0
7,2823,1115.63,439.10,1146.60,452.06,1138.23,472.07,1107.25,459.11,0.074839,2,0
7,2825,769.32,67.70,917.56,131.31,892.33,190.12,744.09,126.52,0.095785,0,0
7,40,747.19,370.56,758.52,287.82,808.55,294.67,797.22,377.41,0.373140,0,0
7,96,854.39,251.32,883.77,353.04,833.72,367.49,804.34,265.77,0.251963,0,0
7,388,5.67,467.61,35.10,449.62,45.36,466.38,15.93,484.38,0.052965,2,0
7,474,1071.20,744.46,1137.58,695.19,1154.80,718.38,1088.42,767.65,0.081379,0,0
7,646,630.12,623.39,632.95,637.34,625.84,638.78,623.01,624.84,0.083312,2,0
7,60,1455.41,649.46,1511.52,652.93,1509.31,688.53,1453.21,685.06,0.051489,0,0
7,839,1183.38,480.15,1306.03,568.15,1272.05,615.52,1149.39,527.53,0.078144,0,0
7,1283,945.31,393.54,992.85,569.74,934.04,585.60,886.50,409.41,0.276292,0,0
7,1573,1033.17,680.40,1077.02,682.35,1076.18,701.45,1032.32,699.50,0.050332,2,0
7,1612,624.34,251.66,689.78,278.66,677.11,309.36,611.68,282.36,0.281904,0,0
7,1714,758.82,660.97,798.25,768.18,763.95,780.79,724.52,673.59,0.094700,0,0
7,3841,947.54,67.55,974.60,78.84,962.64,107.53,935.58,96.25,0.357057,0,0
7,3842,577.95,444.70,655.97,455.80,653.29,474.69,575.27,463.59,0.339499,0,0
7,3843,690.18,202.94,759.55,98.53,770.82,106.02,701.46,210.43,0.328788,0,0
7,3844,620.29,378.81,644.36,308.18,677.39,319.44,653.32,390.07,0.316208,0,0
7,3845,681.59,292.33,703.18,386.12,644.04,399.74,622.45,305.94,0.316208,0,0
7,3846,803.16,80.29,843.96,211.26,807.09,222.75,766.29,91.77,0.303802,0,0
7,3847,811.94,121.53,839.05,238.54,810.40,245.17,783.30,128.17,0.296905,0,0
7,3848,503.10,131.24,526.48,200.54,490.57,212.65,467.19,143.35,0.296779,0,0
7,3849,615.49,58.60,663.40,156.47,626.95,174.31,579.04,76.44,0.296779,0,0
7,3850,506.05,300.44,571.77,302.79,570.69,332.95,504.97,330.59,0.292934,0,0
7,3851,505.87,58.24,574.56,25.68,583.29,44.09,514.59,76.65,0.282368,0,0
7,3852,865.88,20.92,898.55,40.68,881.49,68.88,848.82,49.12,0.281904,0,0
7,3853,733.86,236.12,766.61,251.03,751.92,283.28,719.17,268.37,0.280113,0,0
7,3854,662.67,-14.22,714.52,-26.34,723.32,11.34,671.48,23.46,0.280099,0,0
7,3855,530.29,582.80,624.54,610.50,622.54,617.30,528.29,589.60,0.278773,0,0
7,3857,1015.13,223.87,1028.53,167.86,1049.85,172.96,1036.45,228.97,0.272007,0,0
7,3858,744.34,267.61,745.10,287.91,732.21,288.39,731.44,268.10,0.263293,2,0
7,3859,603.80,300.29,607.43,310.23,597.01,314.04,593.38,304.10,0.263202,2,0
7,3860,715.34,342.51,716.51,331.44,732.15,333.08,730.98,344.15,0.263202,2,0
7,3861,604.71,58.15,622.80,107.43,600.52,115.61,582.43,66.34,0.262842,2,0
7,3862,597.98,66.27,614.06,106.92,588.78,116.92,572.70,76.27,0.262842,2,0
7,3863,719.01,13.28,755.90,37.82,735.07,69.13,698.18,44.59,0.262798,0,0
7,3864,567.29,130.74,571.34,150.35,566.10,151.43,562.04,131.82,0.261248,2,0
7,3865,653.31,336.06,653.77,318.66,671.42,319.12,670.96,336.52,0.261248,2,0
7,3866,637.86,39.86,671.73,32.52,675.22,48.64,641.35,55.98,0.257375,2,0
7,3867,581.51,59.92,612.14,55.13,614.63,71.09,584.00,75.88,0.257375,2,0
7,3868,527.99,498.27,540.32,406.52,559.00,409.03,546.66,500.78,0.255507,0,0
7,3869,430.77,211.74,431.52,225.19,417.97,225.95,417.22,212.50,0.251922,2,0
7,3870,664.29,502.08,686.35,595.70,675.74,598.20,653.68,504.58,0.245673,0,0
7,3871,576.44,524.78,664.34,566.24,647.19,602.59,559.29,561.13,0.245673,0,0
7,3872,754.81,276.58,774.63,275.86,775.15,290.20,755.33,290.92,0.244752,2,0
7,3873,696.57,316.07,722.42,305.06,727.55,317.11,701.70,328.12,0.244752,2,0
7,3874,409.92,367.62,413.62,439.66,400.73,440.32,397.03,368.28,0.244443,0,0
7,3875,828.92,127.09,857.48,121.65,859.77,133.64,831.20,139.08,0.244187,2,0
7,3876,1112.89,287.38,1124.48,283.56,1127.17,291.71,1115.58,295.53,0.244187,2,0
7,3877,1055.61,187.01,1056.37,207.25,1035.03,208.05,1034.27,187.82,0.240892,0,0
7,3878,278.19,217.03,279.68,231.48,264.05,233.09,262.56,218.65,0.240285,2,0
7,3879,682.06,641.30,688.31,572.32,723.05,575.47,716.80,644.45,0.240200,0,0
7,3880,997.22,153.65,1045.88,132.07,1055.62,154.03,1006.96,175.61,0.238596,0,0
7,3881,644.11,40.11,676.53,43.47,675.22,56.07,642.80,52.71,0.233853,2,0
7,3882,558.52,49.02,618.46,51.99,617.86,64.20,557.91,61.23,0.233853,2,0
7,3883,381.35,268.96,383.44,277.69,371.32,280.60,369.23,271.86,0.233005,2,0
7,3884,598.72,498.88,606.48,515.37,596.52,520.06,588.75,503.58,0.233005,2,0
7,3885,594.94,517.21,711.77,460.45,716.61,470.41,599.78,527.17,0.230828,0,0
7,3886,749.47,243.95,759.38,265.40,753.44,268.14,743.52,246.70,0.227937,2,0
7,3887,427.49,401.68,437.59,401.74,437.50,415.94,427.41,415.88,0.227937,2,0
7,3888,623.36,556.28,628.03,473.87,682.85,476.98,678.18,559.39,0.226401,0,0
7,3890,862.86,31.70,891.71,78.06,886.43,81.34,857.58,34.98,0.223874,2,0
7,3891,872.09,36.96,877.23,-9.96,908.69,-6.51,903.55,40.41,0.223874,2,0
7,3894,609.43,42.15,613.32,41.28,624.66,91.80,620.78,92.67,0.217123,2,0
7,3895,542.86,634.81,561.41,665.13,533.04,682.49,514.49,652.17,0.214829,0,0
7,3897,519.46,457.47,528.48,453.57,537.26,473.84,528.24,477.74,0.214089,0,0
7,3898,1080.20,92.27,1110.14,87.77,1113.03,106.95,1083.08,111.46,0.212395,2,0
7,3899,926.82,131.16,942.99,139.57,933.29,158.20,917.13,149.79,0.212395,2,0
7,3900,588.35,574.95,650.67,593.90,643.50,617.49,581.17,598.53,0.211896,0,0
7,3901,983.62,85.20,983.69,27.85,1023.81,27.90,1023.74,85.25,0.211561,0,0
7,3902,483.07,808.91,485.74,795.20,496.69,797.33,494.02,811.04,0.207100,2,0
7,3903,538.62,791.10,538.92,814.57,524.44,814.75,524.14,791.29,0.207100,2,0
7,3904,531.45,46.29,532.07,37.83,544.11,38.71,543.49,47.17,0.206782,2,0
7,3905,751.22,50.85,759.80,67.80,748.22,73.66,739.65,56.71,0.206782,2,0
7,3906,346.81,734.85,397.59,724.86,400.31,738.65,349.53,748.64,0.206595,0,0
7,3907,686.63,186.78,699.12,165.58,702.68,167.68,690.20,188.88,0.205970,0,0
7,3910,638.10,319.60,707.76,365.74,681.69,405.10,612.03,358.96,0.199479,0,0
7,3911,804.88,435.55,818.66,443.60,814.75,450.29,800.97,442.23,0.197290,2,0
7,3914,702.22,68.77,737.76,83.95,735.80,88.55,700.26,73.37,0.192947,2,0
7,3915,696.17,879.52,698.40,862.64,709.61,864.11,707.38,881.00,0.191950,2,0
7,3919,503.05,148.01,554.58,173.42,534.39,214.36,482.86,188.96,0.190502,0,0
7,3920,157.90,109.13,169.08,162.80,154.08,165.93,142.90,112.25,0.188708,0,0
7,3921,641.77,498.45,650.26,519.26,626.82,528.83,618.33,508.02,0.188708,0,0
7,3922,617.51,58.28,679.00,86.39,669.83,106.44,608.35,78.33,0.188112,0,0
7,3923,748.34,106.93,762.17,113.15,755.88,127.15,742.05,120.93,0.186868,2,0
7,3924,387.85,737.12,401.27,711.37,407.08,714.40,393.66,740.15,0.186346,0,0
7,3926,692.04,155.70,699.08,157.01,690.29,204.21,683.25,202.90,0.186129,0,0
7,3928,388.58,73.44,396.36,85.09,387.00,91.34,379.22,79.69,0.181496,2,0
7,3929,1008.43,157.01,1029.27,156.78,1029.42,170.32,1008.58,170.55,0.180608,2,0
7,3930,875.86,472.90,885.63,481.23,864.98,505.45,855.21,497.12,0.178834,2,0
7,3933,239.22,866.77,243.40,875.82,233.64,880.32,229.46,871.27,0.177242,2,0
7,3934,1187.68,837.28,1198.60,820.23,1212.71,829.27,1201.79,846.32,0.175039,2,0
7,3935,803.75,490.54,872.43,535.15,849.60,570.30,780.92,525.70,0.174430,0,0
7,3937,859.26,294.72,929.90,240.91,934.74,247.26,864.10,301.08,0.174263,0,0
7,3939,860.24,271.77,905.88,288.97,896.91,312.80,851.26,295.60,0.170858,0,0
7,3940,969.87,162.39,979.19,161.69,980.73,182.31,971.41,183.01,0.170778,2,0
7,3942,901.94,317.29,935.57,318.46,934.24,356.75,900.61,355.58,0.168597,0,0
7,3943,957.63,157.49,1008.99,191.89,994.27,213.87,942.91,179.47,0.167641,0,0
7,3944,323.63,814.43,325.43,799.51,335.98,800.78,334.18,815.70,0.167460,2,0
7,3949,787.48,82.60,789.90,40.03,806.88,40.99,804.47,83.56,0.162197,2,0
7,3950,659.75,5.16,665.05,20.25,651.61,24.97,646.31,9.88,0.162197,2,0
7,3951,777.62,49.63,806.63,74.47,795.19,87.83,766.18,62.99,0.161429,2,0
7,3952,890.77,56.85,911.64,71.98,906.67,78.85,885.79,63.72,0.161429,2,0
7,3954,127.49,122.33,137.38,122.34,137.37,134.80,127.48,134.79,0.160468,2,0
7,3955,578.65,227.04,584.14,244.95,564.42,251.00,558.92,233.09,0.157734,2,0
7,3956,287.34,272.09,297.12,269.95,300.22,284.17,290.44,286.31,0.157631,0,0
7,3957,308.16,752.79,345.58,747.78,346.21,752.47,308.78,757.47,0.157631,0,0
7,3958,716.01,507.81,720.82,601.77,675.95,604.07,671.13,510.11,0.155993,0,0
7,3959,958.88,275.18,966.49,274.42,968.14,290.96,960.53,291.72,0.154817,2,0
7,3961,736.52,164.36,792.68,150.20,797.93,171.01,741.77,185.17,0.154024,0,0
7,3962,637.60,298.71,681.21,294.63,685.98,345.64,642.37,349.71,0.153780,0,0
7,3963,762.07,443.10,798.76,429.54,809.42,458.39,772.73,471.95,0.152673,2,0
7,3964,635.10,381.04,669.08,392.59,663.52,408.96,629.53,397.40,0.150770,0,0
7,3965,347.74,589.57,371.70,598.32,363.48,620.81,339.53,612.06,0.148907,0,0
7,3966,364.09,857.39,375.97,885.06,366.16,889.27,354.28,861.60,0.148870,2,0
7,3967,510.36,887.74,511.33,912.47,497.36,913.02,496.38,888.30,0.148870,2,0
7,3968,821.92,336.21,830.53,340.32,818.96,364.56,810.35,360.45,0.148741,0,0
7,3971,640.10,354.80,707.74,373.86,707.26,375.58,639.62,356.52,0.147418,2,0
7,3973,896.17,328.56,957.70,323.25,961.16,363.31,899.63,368.62,0.146957,0,0
7,3975,801.28,477.15,812.88,442.81,855.45,457.18,843.86,491.52,0.145803,0,0
7,3976,531.97,118.68,547.18,98.52,551.55,101.82,536.35,121.98,0.145250,2,0
7,3977,289.35,299.67,319.49,286.06,325.44,299.24,295.30,312.85,0.145250,2,0
7,3981,931.15,544.04,938.13,625.76,923.28,627.03,916.30,545.31,0.143439,0,0
7,3982,662.36,463.17,670.71,552.22,621.81,556.81,613.45,467.76,0.143439,0,0
7,3983,206.80,756.83,227.90,778.73,212.98,793.11,191.88,771.21,0.143292,2,0
7,3984,155.59,680.08,168.51,685.72,157.55,710.83,144.63,705.19,0.143292,2,0
7,3985,365.45,775.70,368.73,792.62,353.20,795.63,349.92,778.71,0.143193,0,0
7,3986,854.08,471.06,855.74,483.73,845.65,485.05,843.98,472.39,0.142271,2,0
7,3988,147.91,173.96,164.48,168.96,167.91,180.33,151.34,185.33,0.141195,2,0
7,3990,502.31,-16.22,509.18,39.88,492.39,41.93,485.53,-14.17,0.139108,0,0
7,3991,647.72,24.67,660.34,62.15,641.48,68.50,628.86,31.02,0.139108,0,0
7,3992,402.95,180.19,412.96,195.51,404.00,201.37,393.98,186.05,0.139104,2,0
7,3993,439.69,440.76,468.48,459.73,462.53,468.76,433.74,449.78,0.139104,2,0
7,3994,598.63,554.59,667.66,514.90,701.62,573.98,632.60,613.66,0.138956,0,0
7,3998,645.95,88.32,701.73,91.39,700.73,109.58,644.95,106.51,0.138271,0,0
7,3999,269.18,764.07,272.18,789.36,254.23,791.50,251.22,766.21,0.137012,2,0
7,4000,1128.14,599.33,1177.98,563.18,1208.53,605.29,1158.69,641.45,0.136740,0,0
7,4001,38.88,484.35,56.29,502.39,39.89,518.22,22.48,500.18,0.135925,0,0
7,4002,822.85,779.79,889.77,799.73,878.49,837.58,811.57,817.64,0.135120,0,0
7,4005,543.85,567.90,547.66,553.38,560.10,556.64,556.30,571.16,0.134348,2,0
7,4008,764.38,-249.11,771.31,-220.64,761.58,-218.27,754.65,-246.74,0.132772,2,0
7,4011,91.57,639.87,148.59,655.52,146.19,664.29,89.17,648.64,0.132480,0,0
7,4012,374.98,729.31,408.31,750.86,392.47,775.35,359.15,753.81,0.132480,0,0
7,4016,602.77,522.91,609.96,520.66,620.15,553.24,612.96,555.49,0.132343,2,0
7,4017,1054.90,359.32,1072.68,348.34,1080.64,361.23,1062.86,372.21,0.132270,0,0
7,4018,1129.15,368.63,1148.24,365.72,1151.20,385.17,1132.10,388.07,0.132270,0,0
7,4019,917.99,442.90,925.96,351.11,980.83,355.87,972.87,447.66,0.131984,0,0
7,4020,1208.52,296.72,1239.00,325.15,1216.00,349.81,1185.52,321.38,0.130770,0,0
7,4022,675.51,520.45,688.78,584.66,670.72,588.39,657.45,524.19,0.129901,0,0
7,4023,1021.17,348.63,1043.61,266.70,1068.48,273.51,1046.05,355.44,0.129504,0,0
7,4024,135.97,705.27,149.40,702.93,151.68,716.05,138.25,718.38,0.129358,2,0
7,4029,654.46,52.47,657.55,40.26,671.01,43.66,667.93,55.87,0.128206,2,0
7,4033,-127.47,56.81,-37.62,18.29,-33.92,26.93,-123.76,65.45,0.126255,0,0
7,4034,653.08,546.47,722.92,602.03,709.73,618.61,639.89,563.06,0.125033,0,0
7,4035,80.15,744.75,120.95,737.72,124.36,757.49,83.55,764.52,0.124059,2,0
7,4036,310.82,850.80,382.70,855.37,381.27,877.80,309.40,873.23,0.124059,2,0
7,4037,1132.74,609.25,1157.10,529.88,1171.98,534.45,1147.62,613.82,0.122551,0,0
7,4039,516.41,553.77,525.65,548.29,532.80,560.37,523.55,565.84,0.122015,2,0
7,4040,842.21,505.70,850.50,495.00,868.78,509.15,860.49,519.86,0.122015,2,0
7,4041,657.58,42.40,688.70,32.16,692.91,44.95,661.79,55.19,0.121790,0,0
7,4042,330.81,-32.00,393.23,-33.73,393.97,-6.97,331.55,-5.24,0.121790,0,0
7,4045,479.26,611.67,482.47,640.89,465.40,642.77,462.19,613.55,0.121581,0,0
7,4046,60.69,922.50,87.11,811.23,112.08,817.16,85.66,928.43,0.121221,0,0
7,4047,376.57,115.11,382.83,102.20,401.32,111.15,395.07,124.07,0.119896,2,0
7,4048,144.63,268.66,172.30,262.92,174.74,274.65,147.06,280.40,0.119724,2,0
7,4049,813.71,-75.94,866.96,-81.71,868.49,-67.55,815.24,-61.78,0.119569,0,0
7,4050,839.88,-13.06,950.52,34.16,947.92,40.25,837.28,-6.97,0.119569,0,0
7,4052,1048.47,272.46,1067.45,300.17,1054.01,309.38,1035.03,281.66,0.119142,2,0
7,4053,1053.34,841.36,1087.17,834.66,1087.87,838.19,1054.04,844.89,0.118923,2,0
7,4055,1174.85,816.37,1189.89,820.49,1187.37,829.71,1172.33,825.60,0.116301,2,0
7,4056,692.44,859.78,706.43,839.13,729.79,854.96,715.80,875.61,0.116301,2,0
7,4059,296.66,-116.31,308.22,-134.03,322.95,-124.42,311.39,-106.70,0.114174,2,0
7,4060,516.11,64.94,523.18,27.85,531.16,29.37,524.08,66.46,0.113004,0,0
7,4061,671.55,84.48,696.36,77.90,698.52,86.03,673.70,92.61,0.113004,0,0
7,4066,361.47,125.08,399.57,175.42,373.36,195.26,335.26,144.92,0.110894,0,0
7,4067,600.89,500.29,631.82,532.93,609.38,554.20,578.45,521.55,0.110894,0,0
7,4068,55.15,744.44,84.36,742.50,85.32,756.84,56.11,758.78,0.110567,2,0
7,4072,408.58,433.31,411.83,454.96,395.69,457.38,392.45,435.72,0.107516,2,0
7,4073,321.13,636.54,347.36,635.86,347.70,648.93,321.47,649.62,0.105721,2,0
7,4074,516.66,572.79,517.80,539.97,535.04,540.57,533.91,573.38,0.105721,2,0
7,4075,403.97,20.43,418.02,91.34,380.35,98.80,366.30,27.89,0.105640,0,0
7,4076,423.53,772.03,432.15,772.36,431.68,784.61,423.06,784.28,0.105507,2,0
7,4077,831.14,470.59,851.05,477.93,848.61,484.56,828.69,477.22,0.105507,2,0
7,4078,750.08,421.67,753.40,398.35,764.61,399.94,761.30,423.26,0.104878,2,0
7,4085,325.23,827.42,338.39,825.92,339.46,835.20,326.30,836.71,0.102208,2,0
7,4086,897.49,359.46,943.77,394.40,923.11,421.76,876.83,386.82,0.100915,0,0
7,4087,927.16,358.25,963.42,426.12,953.89,431.21,917.63,363.34,0.100915,0,0
7,4089,853.07,835.50,876.56,940.86,840.42,948.91,816.93,843.55,0.099508,0,0
7,4090,29.99,702.57,43.09,712.08,34.11,724.45,21.01,714.94,0.098156,2,0
7,4092,411.27,459.15,414.45,484.24,397.21,486.43,394.03,461.34,0.097693,2,0
7,4093,443.09,494.17,464.93,530.79,452.44,538.23,430.60,501.61,0.097693,2,0
7,4094,602.39,475.94,630.61,472.50,632.04,484.25,603.82,487.69,0.097116,0,0
7,4095,484.35,873.63,491.30,839.08,499.99,840.83,493.04,875.38,0.097116,0,0
7,4096,508.56,597.80,511.96,614.13,502.68,616.06,499.27,599.73,0.096867,2,0
7,4099,204.62,717.84,224.02,734.86,217.48,742.32,198.08,725.30,0.096501,2,0
7,4102,462.68,-48.20,473.10,-80.44,567.65,-49.89,557.23,-17.66,0.096284,0,0
7,4103,626.94,-61.16,672.08,-32.73,658.42,-11.03,613.28,-39.46,0.095785,0,0
7,4104,976.89,403.79,983.32,381.14,1003.39,386.84,996.96,409.48,0.095688,2,0
7,4105,568.17,496.04,582.10,502.25,578.58,510.12,564.66,503.91,0.095341,2,0
7,4106,208.03,526.43,213.14,537.75,197.83,544.67,192.72,533.35,0.094950,2,0
7,4107,435.28,263.96,446.95,271.09,441.87,279.40,430.20,272.28,0.094950,2,0
7,4111,258.14,260.38,283.45,265.59,281.23,276.35,255.93,271.14,0.092738,0,0
7,4114,315.80,687.33,315.97,693.39,292.63,694.04,292.46,687.99,0.091951,2,0
7,4115,489.97,851.46,500.11,857.19,494.40,867.30,484.25,861.57,0.091951,2,0
7,4116,113.76,570.39,145.63,535.37,162.03,550.29,130.15,585.31,0.091919,2,0
7,4117,68.22,133.19,79.74,135.41,78.10,143.93,66.58,141.72,0.091497,2,0
7,4121,670.76,-105.98,684.10,-58.07,656.62,-50.41,643.28,-98.33,0.090833,0,0
7,4122,950.64,524.58,972.21,513.86,977.87,525.24,956.30,535.96,0.090396,2,0
7,4123,1007.82,291.26,1032.96,278.20,1043.20,297.91,1018.06,310.98,0.090396,2,0
7,4124,1191.23,551.61,1290.86,482.61,1320.45,525.34,1220.82,594.33,0.089611,0,0
7,4125,901.78,733.99,985.20,764.33,970.21,805.54,886.79,775.20,0.089611,0,0
7,4128,667.62,509.69,722.19,604.01,674.12,631.81,619.56,537.49,0.088305,0,0
7,4132,1087.58,702.50,1120.27,680.78,1146.50,720.27,1113.81,741.99,0.087402,0,0
7,4135,277.81,103.72,298.12,101.11,299.38,110.90,279.07,113.52,0.087059,2,0
7,4136,838.79,878.18,851.88,878.26,851.65,913.77,838.56,913.69,0.086143,0,0
7,4138,305.26,716.77,312.26,815.95,274.33,818.62,267.34,719.44,0.084978,0,0
7,4140,669.60,636.04,672.04,667.82,662.51,668.55,660.08,636.77,0.083312,2,0
7,4141,503.03,600.42,505.34,571.18,520.19,572.36,517.88,601.59,0.083254,2,0
7,4143,299.49,54.40,309.98,67.47,301.28,74.45,290.79,61.38,0.083111,2,0
7,4144,171.72,696.15,190.84,705.61,184.62,718.18,165.50,708.73,0.082762,2,0
7,4146,1196.92,552.59,1202.69,532.08,1211.87,534.67,1206.10,555.18,0.081661,2,0
7,4148,238.53,289.01,253.11,285.80,255.50,296.67,240.93,299.88,0.081065,2,0
7,4149,217.75,437.99,218.68,445.82,205.25,447.43,204.31,439.60,0.080905,2,0
7,4150,60.96,713.09,64.91,723.16,34.81,734.97,30.86,724.91,0.080263,2,0
7,4152,303.09,607.03,303.58,597.79,319.71,598.65,319.22,607.89,0.079515,2,0
7,4153,601.49,740.28,604.02,749.44,585.38,754.59,582.85,745.43,0.079515,2,0
7,4157,217.68,253.52,232.43,246.48,241.74,266.00,226.99,273.04,0.077859,2,0
7,4158,658.34,463.13,675.38,465.44,673.64,478.22,656.61,475.90,0.075901,2,0
7,4159,1072.11,645.17,1126.54,626.74,1139.04,663.64,1084.61,682.07,0.075877,0,0
7,4160,955.03,-235.01,969.19,-237.52,979.21,-180.98,965.04,-178.47,0.075811,0,0
7,4161,1312.43,422.52,1320.13,457.66,1287.80,464.74,1280.10,429.61,0.075420,0,0
7,4162,135.85,537.74,161.03,584.16,138.39,596.43,113.21,550.01,0.075309,2,0
7,4163,351.12,319.29,356.53,334.14,345.30,338.22,339.90,323.38,0.075263,2,0
7,4164,549.31,217.78,563.39,234.73,552.34,243.91,538.26,226.96,0.075263,2,0
7,4167,1035.14,326.11,1055.43,320.44,1058.01,329.67,1037.72,335.34,0.074131,2,0
7,4169,819.17,816.72,821.15,796.44,829.93,797.30,827.96,817.57,0.073344,2,0
7,4170,1391.90,791.75,1399.58,822.58,1373.58,829.06,1365.89,798.24,0.073067,0,0
7,4171,1033.11,431.09,1044.13,471.54,1032.02,474.83,1021.01,434.39,0.072536,2,0
7,4173,699.44,167.36,699.89,150.70,710.18,150.98,709.73,167.64,0.071732,2,0
7,4174,1157.24,726.39,1175.89,711.94,1192.71,733.65,1174.07,748.10,0.070734,2,0
7,4177,338.36,783.42,340.91,781.61,363.28,813.01,360.73,814.82,0.070024,0,0
7,4180,1148.17,749.92,1157.28,756.97,1135.04,785.72,1125.92,778.67,0.067973,0,0
7,4181,910.40,767.01,1027.81,688.39,1041.47,708.78,924.05,787.40,0.067848,0,0
7,4182,-86.96,512.75,-28.21,477.89,-25.98,481.66,-84.72,516.52,0.067458,0,0
7,4183,971.45,515.96,1023.16,493.32,1027.83,503.97,976.11,526.61,0.067257,2,0
7,4187,1177.36,747.85,1233.28,732.69,1239.05,753.97,1183.13,769.13,0.066262,0,0
7,4188,1160.98,813.19,1181.40,812.97,1181.70,840.87,1161.28,841.09,0.066262,0,0
7,4189,55.00,829.86,74.57,836.79,71.33,845.94,51.77,839.01,0.065765,2,0
7,4190,1017.85,604.14,1076.18,667.41,1033.35,706.90,975.02,643.62,0.065218,0,0
7,4192,1218.53,611.14,1304.37,507.87,1325.48,525.42,1239.64,628.69,0.064589,0,0
7,4193,-95.77,9.18,-53.37,-37.22,-32.50,-18.15,-74.90,28.25,0.063920,0,0
7,4202,1019.74,288.76,1035.81,304.66,1029.16,311.39,1013.09,295.49,0.061497,2,0
7,4207,886.99,744.28,905.92,753.74,900.08,765.42,881.16,755.96,0.060794,2,0
7,4208,373.02,613.30,436.99,624.31,429.76,666.34,365.78,655.34,0.060794,2,0
7,4209,845.04,535.76,929.05,596.84,894.34,644.57,810.33,583.49,0.060355,0,0
7,4210,1239.90,551.30,1339.82,636.49,1321.13,658.42,1221.20,573.23,0.060355,0,0
7,4211,502.79,365.36,509.88,342.13,523.02,346.14,515.94,369.37,0.060099,2,0
7,4212,278.80,488.29,285.00,476.62,300.41,484.81,294.21,496.47,0.060099,2,0
7,4215,1235.15,671.40,1246.17,608.14,1285.65,615.02,1274.63,678.28,0.059479,0,0
7,4217,710.63,586.03,720.92,639.31,688.23,645.62,677.93,592.34,0.059103,0,0
7,4222,457.99,436.87,476.39,396.57,503.41,408.91,485.02,449.21,0.057622,2,0
7,4223,622.25,399.92,679.46,405.71,677.20,428.02,620.00,422.23,0.057510,0,0
7,4224,1548.49,452.53,1564.31,479.48,1556.67,483.96,1540.85,457.01,0.057510,0,0
7,4229,346.91,892.54,356.59,896.98,351.12,908.89,341.44,904.45,0.056678,2,0
7,4231,171.80,511.82,182.86,487.34,195.33,492.97,184.26,517.45,0.056512,2,0
7,4232,-181.36,627.77,-83.85,722.96,-107.98,747.67,-205.49,652.48,0.056423,0,0
7,4235,489.41,276.45,497.83,291.56,487.39,297.38,478.97,282.27,0.055534,2,0
7,4240,1094.65,982.39,1113.43,982.03,1113.81,1002.48,1095.03,1002.83,0.053650,0,0
7,4241,795.40,674.13,821.71,693.47,818.54,697.79,792.22,678.45,0.053499,2,0
7,4242,796.71,539.62,812.12,539.33,812.32,550.03,796.91,550.32,0.053499,2,0
7,4243,1201.99,766.73,1241.62,695.05,1282.63,717.73,1243.00,789.40,0.053449,0,0
7,4244,1031.47,647.35,1042.40,649.38,1040.40,660.11,1029.47,658.08,0.053343,2,0
7,4248,1088.25,585.45,1088.31,590.46,1058.34,590.84,1058.27,585.83,0.053220,2,0
7,4249,415.47,704.29,462.16,699.31,465.51,730.73,418.83,735.71,0.052840,0,0
7,4252,298.32,1070.08,361.19,1084.32,355.45,1109.64,292.59,1095.40,0.052724,2,0
7,4253,895.03,994.95,977.71,1006.01,971.24,1054.30,888.57,1043.24,0.052689,0,0
7,4257,985.06,656.64,985.06,668.50,976.49,668.50,976.49,656.64,0.051945,2,0
7,4258,1332.88,260.83,1349.86,290.54,1344.76,293.46,1327.77,263.75,0.051760,0,0
7,4259,-124.18,403.26,-63.14,381.09,-60.69,387.82,-121.73,410.00,0.051575,0,0
7,4260,1323.80,443.53,1338.73,447.08,1336.76,455.36,1321.83,451.81,0.051505,0,0
7,4261,1472.22,602.30,1573.02,403.16,1576.73,405.04,1475.93,604.18,0.051505,0,0
7,4262,1187.72,583.63,1319.98,505.33,1329.96,522.19,1197.70,600.49,0.051489,0,0
7,4263,826.09,594.58,866.92,703.23,849.01,709.96,808.19,601.30,0.051398,0,0
7,4264,824.85,755.80,853.19,784.87,833.16,804.40,804.82,775.33,0.051349,0,0
7,4265,-89.77,968.62,-16.48,952.98,-7.66,994.31,-80.96,1009.94,0.051349,0,0
7,4268,1312.06,873.84,1372.06,861.80,1373.83,870.60,1313.82,882.64,0.051049,0,0
7,4270,1050.72,604.89,1079.30,576.03,1083.95,580.63,1055.36,609.49,0.051010,0,0
7,4273,264.16,442.50,293.73,443.38,293.01,467.46,263.45,466.58,0.050945,0,0
7,4274,765.53,832.28,782.74,862.49,744.47,884.28,727.27,854.08,0.050929,0,0
7,4275,-67.76,203.99,-31.43,181.80,-19.94,200.60,-56.27,222.80,0.050868,0,0
7,4276,-19.57,369.26,18.47,359.42,26.47,390.36,-11.56,400.20,0.050868,0,0
7,4277,772.61,736.93,829.25,758.56,822.83,775.35,766.19,753.73,0.050749,2,0
7,4278,54.11,264.11,77.13,249.53,85.52,262.76,62.50,277.35,0.050671,2,0
7,4279,-407.15,326.19,-324.70,322.56,-324.04,337.58,-406.48,341.20,0.050636,0,0
7,4280,-37.33,342.20,-16.75,324.35,-0.17,343.47,-20.74,361.32,0.050636,0,0
7,4281,1209.36,716.17,1251.80,681.18,1269.39,702.52,1226.95,737.51,0.050587,0,0
7,4282,949.87,664.46,1065.31,699.84,1059.03,720.36,943.58,684.99,0.050587,0,0
7,4283,-61.71,279.09,-21.82,284.71,-23.74,298.33,-63.63,292.71,0.050525,0,0
7,4284,-300.84,783.03,-201.09,768.39,-198.56,785.68,-298.30,800.32,0.050479,0,0
7,4285,567.14,719.56,623.86,778.47,598.32,803.06,541.60,744.15,0.050479,0,0
7,4286,870.61,778.34,898.89,818.69,883.96,829.15,855.69,788.80,0.050469,0,0
7,4287,692.96,560.62,772.14,575.35,769.48,589.64,690.30,574.91,0.050264,2,0
7,4288,1085.44,366.98,1098.98,437.49,1061.62,444.66,1048.08,374.15,0.050241,2,0
7,4289,778.17,620.98,817.02,701.33,787.21,715.75,748.36,635.39,0.050241,2,0
7,4291,290.32,-25.89,297.90,-60.00,310.32,-57.24,302.74,-23.13,0.050217,0,0
7,4293,799.17,883.81,830.24,881.74,831.13,895.18,800.07,897.25,0.050099,0,0
7,4294,1117.87,711.21,1130.85,797.09,1103.25,801.26,1090.28,715.37,0.049936,2,0
7,4297,156.43,339.17,160.75,333.14,172.33,341.43,168.02,347.46,0.049658,2,0
7,4298,1565.97,469.99,1585.45,460.04,1591.66,472.20,1572.18,482.15,0.049658,2,0
7,4299,1282.78,593.24,1324.00,587.91,1329.16,627.75,1287.93,633.08,0.049587,0,0
7,4300,473.61,878.68,511.58,869.50,518.23,897.00,480.26,906.18,0.049462,2,0
7,4301,1001.63,321.51,1027.76,326.24,1024.18,345.96,998.05,341.23,0.049393,2,0
7,4302,1040.09,637.15,1091.34,628.63,1092.64,636.47,1041.39,644.98,0.049393,2,0
7,4303,1043.20,664.65,1095.91,648.73,1100.70,664.60,1047.99,680.52,0.049329,0,0
7,4304,1297.50,658.50,1359.50,653.61,1361.76,682.23,1299.76,687.12,0.049259,2,0
7,4305,239.79,385.65,276.58,385.98,276.46,399.51,239.67,399.17,0.049207,2,0
7,4306,563.16,-60.85,573.08,-79.01,592.16,-68.59,582.23,-50.43,0.049056,0,0
7,4307,375.20,45.94,379.28,60.90,354.81,67.58,350.73,52.62,0.049056,0,0
7,22,756.77,241.45,774.76,344.32,740.77,350.27,722.78,247.39,0.279055,0,0
7,29,760.03,172.18,866.37,132.11,878.09,163.23,771.76,203.29,0.238596,0,0
7,82,567.68,103.80,574.22,116.56,559.94,123.87,553.41,111.11,0.225037,2,0
7,131,441.21,669.59,459.31,648.13,473.73,660.30,455.63,681.75,0.155621,2,0
7,147,-1.81,120.47,15.07,108.33,23.53,120.10,6.66,132.24,0.087059,2,0
7,154,507.23,526.53,513.33,539.32,506.22,542.72,500.11,529.93,0.051594,2,0
7,156,633.94,811.84,681.08,854.41,658.68,879.21,611.54,836.64,0.073067,0,0
7,163,1122.91,435.98,1135.23,540.04,1120.80,541.75,1108.48,437.69,0.081792,2,0
7,167,4.41,787.94,44.38,808.20,29.52,837.54,-10.46,817.29,0.215863,0,0
7,197,423.87,145.39,440.22,144.38,441.12,159.00,424.78,160.02,0.160468,2,0
7,212,344.45,315.23,363.43,311.33,365.47,321.29,346.49,325.19,0.077859,2,0
7,221,212.29,519.84,218.04,547.49,203.82,550.45,198.07,522.80,0.075309,2,0
7,284,206.84,776.19,226.20,790.04,217.07,802.80,197.71,788.95,0.111518,2,0
7,285,304.81,571.37,318.73,551.90,349.28,573.74,335.36,593.21,0.082762,2,0
7,310,511.71,478.98,560.01,435.15,568.39,444.38,520.09,488.21,0.164525,2,0
7,319,517.77,119.99,529.48,117.00,532.98,130.67,521.26,133.66,0.253972,2,0
7,324,348.75,263.80,376.06,263.92,375.99,280.46,348.68,280.34,0.132772,2,0
7,327,264.92,709.76,284.49,716.95,280.18,728.68,260.61,721.49,0.140457,2,0
7,366,519.44,526.06,526.96,536.85,519.73,541.88,512.22,531.10,0.059351,2,0
7,408,-5220.80,-1454.76,5478.24,2693.67,5478.22,2693.71,-5220.82,-1454.72,0.052498,2,0
7,443,339.95,573.72,391.97,514.83,412.09,532.60,360.07,591.49,0.134190,2,0
7,485,84.58,610.16,98.37,593.66,113.22,606.08,99.44,622.57,0.057622,2,0
7,499,1152.09,584.44,1171.39,624.83,1133.62,642.88,1114.32,602.49,0.071110,0,0
7,523,1151.69,410.21,1243.69,280.41,1293.22,315.52,1201.22,445.32,0.075420,0,0
7,533,199.55,498.12,243.46,502.37,241.35,524.14,197.44,519.90,0.053328,2,0
7,581,145.93,725.46,167.84,736.39,159.83,752.44,137.92,741.51,0.065765,2,0
7,596,974.12,716.34,1029.41,488.41,1073.43,499.09,1018.14,727.02,0.065218,0,0
7,605,714.61,782.64,718.13,802.45,705.63,804.67,702.12,784.85,0.096755,2,0
7,612,1367.76,282.22,1392.04,346.70,1373.12,353.82,1348.84,289.35,0.154458,0,0
7,629,964.10,730.20,1000.86,713.96,1008.91,732.16,972.14,748.41,0.081661,2,0
7,689,597.51,802.79,631.26,852.38,606.65,869.13,572.90,819.54,0.066809,0,0
7,724,571.64,604.46,609.02,629.90,604.21,636.96,566.83,611.52,0.154410,2,0
7,738,906.78,434.71,907.16,420.85,917.30,421.12,916.92,434.98,0.086833,2,0
7,764,573.01,670.82,573.28,651.84,586.72,652.03,586.46,671.01,0.152257,2,0
7,769,1248.72,794.03,1292.45,650.35,1344.60,666.23,1300.87,809.90,0.053449,0,0
7,778,379.97,740.52,427.54,734.02,431.50,763.02,383.94,769.51,0.137382,0,0
7,820,1049.58,558.29,1049.59,464.79,1077.67,464.79,1077.66,558.29,0.064589,0,0
7,300,137.91,677.68,213.28,671.76,215.17,695.80,139.80,701.72,0.084300,0,0
7,630,904.24,677.15,962.29,711.94,945.25,740.38,887.20,705.58,0.050711,2,0
7,923,776.43,248.40,796.39,320.93,764.11,329.82,744.15,257.28,0.223301,0,0
7,924,1096.27,140.63,1170.81,116.83,1181.20,149.37,1106.66,173.17,0.131096,0,0
7,953,736.98,110.08,858.11,249.17,820.96,281.53,699.83,142.43,0.350943,0,0
7,968,594.80,835.25,608.27,839.23,604.66,851.42,591.20,847.44,0.197290,2,0
7,984,626.45,188.85,628.63,199.92,609.76,203.63,607.59,192.55,0.182477,2,0
7,1004,528.16,146.57,531.93,135.30,543.46,139.16,539.69,150.42,0.122433,2,0
7,1009,702.93,149.00,755.06,143.80,757.79,171.12,705.66,176.32,0.253972,2,0
7,1016,793.63,-17.10,946.45,282.24,918.03,296.75,765.20,-2.59,0.235485,2,0
7,1024,556.50,259.99,557.29,226.52,571.16,226.85,570.37,260.32,0.251922,2,0
7,1033,768.09,224.12,805.66,251.80,791.93,270.44,754.36,242.76,0.299295,0,0
7,1045,514.12,328.58,586.25,330.40,585.37,365.29,513.23,363.46,0.084280,2,0
7,1080,467.02,601.13,488.71,609.26,485.07,618.97,463.38,610.83,0.051594,2,0
7,1102,166.47,642.93,185.93,659.55,175.52,671.74,156.06,655.11,0.094007,2,0
7,1107,583.03,813.06,607.42,816.31,604.96,834.74,580.57,831.49,0.152023,2,0
7,1119,527.02,538.75,527.35,528.24,541.74,528.69,541.41,539.19,0.050368,2,0
7,1130,384.52,4.29,412.81,-8.32,415.26,-2.82,386.97,9.79,0.122905,0,0
7,1135,265.99,524.27,294.44,518.70,296.84,531.00,268.40,536.57,0.097924,2,0
7,1137,413.65,223.71,440.40,249.05,415.84,274.97,389.10,249.63,0.333454,0,0
7,1141,255.42,696.80,277.22,716.08,269.47,724.84,247.67,705.56,0.148401,2,0
7,1175,314.58,516.33,333.48,514.12,335.03,527.42,316.14,529.63,0.059304,2,0
7,1183,852.86,242.83,854.33,229.35,866.24,230.65,864.77,244.13,0.263293,2,0
7,1185,397.31,363.07,401.20,370.67,385.10,378.90,381.21,371.30,0.075901,2,0
7,1194,91.17,339.41,152.77,307.57,169.23,339.43,107.64,371.26,0.067458,0,0
7,1228,1051.50,382.84,1101.89,424.79,1078.55,452.83,1028.16,410.87,0.052104,2,0
7,1263,1192.47,137.51,1249.10,212.88,1198.76,250.71,1142.13,175.34,0.130770,0,0
7,1290,277.54,792.74,297.03,788.40,299.34,798.78,279.86,803.13,0.052390,2,0
7,1293,1042.44,662.30,1097.76,678.64,1090.50,703.23,1035.18,686.89,0.078666,2,0
7,1312,860.24,291.64,899.90,274.51,904.98,286.27,865.32,303.40,0.080039,2,0
7,1324,197.82,596.87,220.93,618.50,205.05,635.46,181.94,613.82,0.070240,2,0
7,1338,924.14,130.32,1041.36,533.15,996.32,546.26,879.10,143.42,0.223301,0,0
7,1397,1027.87,947.08,1149.11,958.32,1145.16,1000.96,1023.92,989.73,0.121221,0,0
7,1401,146.69,558.21,184.16,550.98,186.93,565.32,149.46,572.55,0.097924,2,0
7,1407,734.51,471.48,762.21,450.63,774.58,467.07,746.88,487.92,0.107516,2,0
7,1409,1106.21,722.78,1119.48,811.31,1075.24,817.94,1061.98,729.41,0.050252,2,0
7,1432,-9.81,376.96,-1.86,362.29,17.83,372.95,9.88,387.62,0.069380,2,0
7,1441,198.72,658.15,213.66,644.24,224.83,656.24,209.88,670.15,0.080263,2,0
7,1454,390.74,522.36,404.17,515.84,407.38,522.45,393.95,528.97,0.096501,2,0
7,1463,1127.88,582.39,1145.42,583.13,1144.61,602.30,1127.07,601.57,0.056433,2,0
7,1472,824.13,481.97,847.76,523.94,842.66,526.81,819.02,484.85,0.103474,2,0
7,1522,864.31,671.21,884.57,674.43,883.06,683.95,862.80,680.73,0.055988,2,0
7,1559,90.44,360.93,125.03,343.40,137.43,367.88,102.85,385.40,0.098886,2,0
7,1601,699.45,772.68,703.54,738.20,717.16,739.82,713.08,774.29,0.092821,2,0
7,1649,686.79,1088.43,711.60,1117.77,647.02,1172.38,622.21,1143.04,0.071110,0,0
7,1652,891.44,614.43,908.85,539.66,934.92,545.73,917.51,620.50,0.058389,2,0
7,1680,183.60,140.45,241.76,98.53,255.44,117.52,197.29,159.44,0.051575,0,0
7,1683,1172.43,348.96,1252.56,328.08,1266.26,380.61,1186.12,401.50,0.084983,0,0
7,1711,-101.49,547.20,-49.63,459.87,-23.33,475.49,-75.18,562.82,0.052063,0,0
7,1717,-142.96,481.22,-6.37,637.39,-23.39,652.28,-159.98,496.11,0.049207,2,0
7,1720,1204.47,509.23,1216.19,579.70,1189.35,584.16,1177.63,513.70,0.068464,2,0
7,1721,914.50,530.57,915.91,519.21,937.18,521.84,935.77,533.20,0.108937,2,0
7,1726,-18.07,181.01,36.88,133.37,56.34,155.83,1.39,203.46,0.063920,0,0
7,5,761.56,376.98,797.40,430.61,781.17,441.45,745.33,387.82,0.059909,0,0
7,20,765.32,248.53,784.58,154.09,836.38,164.66,817.11,259.09,0.389851,0,0
7,1060,1180.18,552.48,1238.66,510.67,1264.69,547.08,1206.21,588.89,0.087402,0,0
7,1211,553.50,134.76,563.34,156.99,537.30,168.52,527.46,146.29,0.182477,2,0
7,1551,240.43,96.22,256.12,91.05,259.28,100.65,243.59,105.82,0.114174,2,0
7,1581,946.14,399.64,985.37,376.42,993.68,390.45,954.45,413.67,0.050749,2,0
7,1615,1016.01,414.47,1034.08,530.14,1011.46,533.67,993.39,418.00,0.078432,2,0
7,1702,713.24,493.66,787.40,529.33,777.51,549.88,703.36,514.21,0.052404,2,0
7,1769,818.69,157.09,997.53,408.57,971.91,426.79,793.06,175.31,0.237124,0,0
7,1787,133.94,532.34,155.36,533.11,154.56,555.07,133.15,554.30,0.060452,2,0
7,1802,1086.65,57.03,1125.50,53.74,1126.17,61.70,1087.33,64.99,0.094641,2,0
7,1837,483.64,663.94,505.21,660.93,507.45,676.96,485.88,679.97,0.092821,2,0
7,1840,1133.59,357.90,1153.81,344.50,1162.50,357.61,1142.27,371.01,0.067257,2,0
7,1868,1006.15,617.26,1007.23,629.60,979.60,632.00,978.53,619.66,0.049587,0,0
7,1891,96.65,567.57,136.59,579.95,132.31,593.74,92.37,581.37,0.050525,0,0
7,1896,482.28,325.45,512.82,366.46,500.87,375.36,470.34,334.35,0.154817,2,0
7,1907,299.83,654.40,347.24,733.24,325.97,746.04,278.56,667.20,0.117226,0,0
7,1921,896.28,167.74,901.95,211.50,886.16,213.55,880.50,169.79,0.122433,2,0
7,1932,926.51,860.00,949.02,870.02,930.29,912.06,907.79,902.04,0.071749,0,0
7,1947,1097.30,761.06,1117.21,856.88,1096.13,861.26,1076.22,765.45,0.068464,2,0
7,1952,116.50,653.17,128.56,655.67,125.59,669.98,113.53,667.48,0.078961,2,0
7,1953,787.93,143.74,790.57,100.11,810.84,101.33,808.20,144.97,0.292504,0,0
7,1986,476.18,114.98,486.14,132.52,470.24,141.55,460.28,124.01,0.181496,2,0
7,1994,752.37,314.34,785.87,302.91,791.41,319.16,757.91,330.58,0.122835,2,0
7,2013,-28542.87,16988.95,29305.50,-15930.99,29305.57,-15930.86,-28542.80,16989.07,0.083535,2,0
7,2025,-12402830.00,17054518.00,12404790.00,-17054146.00,12404794.00,-17054142.00,-12402826.00,17054522.00,0.170939,2,0
7,2067,829.16,795.71,854.96,848.66,828.63,861.49,802.83,808.53,0.096755,2,0
7,2075,283.51,591.46,312.19,587.68,313.41,596.91,284.73,600.69,0.111518,2,0
7,2114,601.12,351.26,619.49,375.85,592.96,395.67,574.59,371.09,0.373140,0,0
7,2116,1062.49,856.79,1065.29,812.82,1103.43,815.24,1100.64,859.22,0.066279,2,0
7,2158,596.58,374.45,784.99,632.12,756.19,653.18,567.78,395.50,0.279055,0,0
7,2165,947.52,879.12,983.21,860.71,998.59,890.53,962.90,908.94,0.135120,0,0
7,2167,562.27,851.30,639.77,873.30,635.54,888.20,558.04,866.21,0.085660,2,0
7,2191,1177.48,335.71,1468.23,532.53,1452.70,555.47,1161.95,358.65,0.084983,0,0
7,2217,1078.95,369.86,1206.79,270.72,1224.90,294.07,1097.05,393.21,0.105323,2,0
7,2239,1074.88,306.54,1183.40,381.04,1175.80,392.12,1067.27,317.62,0.152673,2,0
7,2250,321.66,912.11,337.05,924.91,322.38,942.55,306.99,929.75,0.059099,0,0
7,2259,652.11,594.09,659.26,602.65,639.55,619.10,632.40,610.54,0.072536,2,0
7,2274,988.93,797.59,995.98,766.49,1022.13,772.42,1015.08,803.52,0.059103,0,0
7,2301,483.06,790.60,486.83,779.68,495.15,782.55,491.38,793.47,0.072316,2,0
7,2321,794.26,740.90,800.36,761.52,787.21,765.41,781.11,744.80,0.049462,2,0
7,59,585.04,141.56,617.94,131.94,626.52,161.30,593.63,170.92,0.240892,0,0
7,81,810.99,20.08,875.16,-22.97,886.13,-6.63,821.95,36.43,0.145748,0,0
7,95,-720.52,-10767.99,3273.96,11714.19,3273.93,11714.20,-720.56,-10767.99,0.067973,0,0
7,205,1052.17,174.06,1094.93,145.37,1104.51,159.65,1061.75,188.34,0.235485,2,0
7,208,457.18,312.34,600.92,436.55,564.11,479.14,420.37,354.93,0.125033,0,0
7,259,1151.17,401.91,1282.16,212.93,1320.25,239.33,1189.26,428.31,0.050311,0,0
7,268,506.63,136.40,542.25,131.29,544.78,148.96,509.16,154.07,0.206595,0,0
7,650,747.18,728.77,778.94,764.49,756.23,784.68,724.47,748.96,0.049936,2,0
7,682,100.93,231.25,128.15,260.52,117.51,270.42,90.29,241.15,0.053997,2,0
7,721,979.43,759.21,979.83,785.24,954.72,785.62,954.33,759.59,0.122551,0,0
7,801,1030.62,487.21,1089.07,459.42,1102.96,488.64,1044.51,516.43,0.052104,2,0
7,852,760.55,323.36,765.44,338.69,754.14,342.29,749.25,326.96,0.080905,2,0
7,938,1328.23,316.80,1646.53,266.61,1655.80,325.36,1337.50,375.55,0.059479,0,0
7,1763,1094.59,677.34,1410.76,857.62,1386.50,900.16,1070.33,719.88,0.086793,0,0
7,1805,653.50,545.63,713.94,661.77,680.41,679.22,619.97,563.08,0.124395,0,0
7,1971,667.53,841.67,745.94,858.94,736.29,902.76,657.88,885.49,0.052724,2,0
7,1973,401.53,383.40,457.01,357.89,472.26,391.04,416.78,416.55,0.150770,0,0
7,2101,474.78,249.66,603.83,208.02,608.75,223.28,479.70,264.92,0.188723,2,0
7,2124,50.97,395.67,89.82,394.15,90.71,416.85,51.85,418.37,0.095341,2,0
7,2249,1200.79,625.21,1230.95,658.96,1203.52,683.47,1173.36,649.72,0.138956,0,0
7,2279,1562.98,345.91,1608.64,372.30,1593.17,399.04,1547.52,372.66,0.054357,0,0
7,2324,463.48,904.62,480.03,936.43,430.18,962.37,413.63,930.57,0.066809,0,0
7,161,1246.17,213.27,1282.09,134.24,1306.96,145.54,1271.05,224.58,0.194931,0,0
7,616,976.35,274.10,1155.81,260.31,1159.14,303.54,979.67,317.33,0.357057,0,0
7,622,1577.05,266.26,1617.23,323.59,1592.05,341.24,1551.87,283.90,0.065228,0,0
7,760,1065.41,142.99,1170.84,176.90,1162.61,202.49,1057.18,168.58,0.131096,0,0
7,2361,861.03,424.58,864.52,467.40,847.40,468.80,843.91,425.98,0.175039,2,0
7,2394,472.68,636.16,482.31,693.69,468.04,696.08,458.41,638.55,0.061656,2,0
7,2458,391.34,373.63,428.74,373.35,428.87,390.79,391.47,391.07,0.074131,2,0
7,2480,329.73,164.80,333.48,174.23,321.17,179.13,317.42,169.70,0.240285,2,0
7,2511,1093.13,507.50,1281.13,386.13,1304.95,423.04,1116.95,544.40,0.065228,0,0
7,2554,308.48,797.95,355.46,800.17,354.09,829.37,307.10,827.16,0.059234,0,0
7,2564,902.47,959.13,1024.43,1020.65,993.65,1081.68,871.69,1020.15,0.064398,0,0
7,2594,150.84,140.13,166.95,203.12,145.50,208.61,129.38,145.62,0.172189,0,0
7,2602,477.81,106.65,487.21,117.89,478.00,125.59,468.60,114.35,0.225037,2,0
7,2603,481.44,806.17,485.48,812.71,470.07,822.24,466.03,815.70,0.050886,2,0
7,2629,145.61,703.11,163.98,724.56,128.21,755.19,109.84,733.74,0.141996,0,0
7,2680,916.09,468.21,936.55,485.93,928.23,495.54,907.77,477.82,0.071458,2,0
7,2749,702.86,538.96,712.95,503.97,727.38,508.13,717.29,543.12,0.099449,2,0
7,2751,338.55,547.23,371.81,552.69,368.30,574.11,335.03,568.65,0.094007,2,0
7,2782,869.37,567.68,957.40,655.37,916.34,696.58,828.32,608.90,0.050071,2,0
7,2795,653.81,591.27,660.51,604.30,648.72,610.36,642.02,597.34,0.081065,2,0
7,2796,468.98,375.24,480.77,360.85,499.91,376.54,488.12,390.93,0.141195,2,0
7,2829,44.19,568.13,68.47,485.27,87.92,490.97,63.64,573.83,0.052063,0,0
7,2831,923.22,495.46,944.26,453.06,953.88,457.83,932.83,500.23,0.108937,2,0
7,2856,65.52,520.09,87.91,508.43,97.03,525.95,74.64,537.61,0.050945,0,0
7,2861,1425.32,732.25,1432.95,813.15,1414.73,814.87,1407.10,733.97,0.051266,0,0
7,192,449.11,11.58,490.97,14.46,489.33,38.39,447.46,35.50,0.154024,0,0
7,235,819.56,339.80,868.14,408.39,849.39,421.66,800.81,353.08,0.050368,2,0
7,397,58.58,487.90,73.77,488.45,73.29,501.62,58.11,501.08,0.110567,2,0
7,602,477.42,519.50,504.26,514.68,509.35,543.02,482.51,547.85,0.049555,2,0
7,711,61.51,636.83,73.87,628.42,78.83,635.71,66.46,644.11,0.129358,2,0
7,834,1246.12,359.27,1359.33,410.57,1344.09,444.20,1230.88,392.91,0.078357,0,0
7,42,896.86,227.57,928.54,205.77,944.45,228.90,912.77,250.70,0.157389,0,0
7,713,-59.85,773.05,52.06,556.14,100.53,581.15,-11.39,798.06,0.137382,0,0
7,929,1266.91,136.27,1365.05,331.31,1318.63,354.67,1220.48,159.63,0.131301,0,0
7,931,1084.90,193.92,1092.05,219.40,1070.46,225.46,1063.31,199.98,0.220508,0,0
7,972,773.49,322.36,863.51,313.69,866.88,348.73,776.86,357.40,0.232155,0,0
7,994,706.19,58.56,779.23,125.79,745.64,162.29,672.60,95.06,0.377481,0,0
7,1052,892.73,198.17,1259.72,296.16,1250.29,331.46,883.31,233.48,0.349022,0,0
7,1398,939.61,908.71,1128.84,842.53,1142.12,880.51,952.90,946.69,0.080743,0,0
7,1494,633.84,570.60,718.32,507.53,739.41,535.78,654.93,598.85,0.115291,2,0
7,1554,1275.15,442.52,1292.40,394.04,1337.08,409.94,1319.82,458.42,0.101444,0,0
7,1604,205.81,173.32,235.54,161.31,240.47,173.49,210.73,185.50,0.276657,2,0
7,1665,985.28,553.68,1053.59,544.78,1057.81,577.11,989.50,586.01,0.056433,2,0
7,995,575.79,135.44,688.48,197.88,671.99,227.63,559.31,165.19,0.287581,0,0
7,1002,743.12,105.09,963.80,172.60,950.00,217.70,729.32,150.19,0.333539,0,0
7,1561,804.66,724.16,882.65,815.76,855.62,838.77,777.63,747.18,0.050711,2,0
7,1691,784.23,746.89,785.83,617.26,820.01,617.68,818.42,747.31,0.052233,2,0
7,1804,807.83,660.68,838.30,720.13,813.57,732.80,783.11,673.35,0.050252,2,0
7,211,903.72,172.84,1004.62,255.39,968.24,299.86,867.34,217.31,0.194931,0,0
7,851,1218.10,482.87,1265.16,662.03,1230.78,671.07,1183.72,491.90,0.129504,0,0
7,2351,792.51,155.95,800.28,218.76,750.25,224.94,742.49,162.13,0.230852,0,0
7,2355,664.57,185.50,713.96,266.85,677.39,289.06,628.00,207.71,0.292504,0,0
7,2356,623.26,596.35,623.84,611.23,608.61,611.82,608.03,596.94,0.121581,0,0
7,2367,603.77,166.11,769.72,190.45,762.41,240.33,596.46,215.99,0.350943,0,0
7,2369,925.88,246.45,942.89,300.04,900.28,313.57,883.26,259.97,0.283286,0,0
7,2395,289.43,732.36,304.13,825.99,274.95,830.57,260.25,736.94,0.302342,0,0
7,2443,590.86,598.76,639.24,598.28,639.45,619.24,591.07,619.72,0.056096,2,0
7,2651,427.11,339.17,474.04,344.31,472.24,360.76,425.31,355.63,0.146957,0,0
7,2744,913.73,692.17,925.21,906.40,870.46,909.34,858.98,695.10,0.081379,0,0
7,2806,834.76,652.77,956.33,615.53,968.87,656.47,847.30,693.71,0.050120,2,0
7,2809,748.08,752.67,803.68,998.68,773.90,1005.41,718.30,759.40,0.051266,0,0
7,2810,171.04,647.31,186.88,608.37,197.07,612.51,181.23,651.45,0.147035,2,0
7,13,620.39,224.02,821.65,225.12,821.38,272.90,620.13,271.80,0.220508,0,0
7,116,577.82,335.07,597.57,367.40,580.16,378.04,560.41,345.71,0.099639,2,0
7,500,934.80,192.86,1055.96,170.47,1061.72,201.60,940.55,223.99,0.191666,0,0
7,522,1378.50,378.06,1438.06,436.21,1414.98,459.84,1355.43,401.69,0.075877,0,0
7,603,306.54,523.26,336.59,529.48,332.72,548.17,302.67,541.94,0.059304,2,0
7,872,957.64,441.12,1070.73,425.96,1075.50,461.57,962.42,476.74,0.050311,0,0
7,9,472.75,420.22,525.07,427.63,522.73,444.14,470.41,436.72,0.135925,0,0
7,239,1484.21,755.56,1490.69,671.28,1538.24,674.94,1531.76,759.21,0.064349,0,0
7,922,423.86,191.95,760.77,46.29,782.08,95.57,445.16,241.23,0.317580,0,0
7,926,672.99,87.26,734.02,96.26,730.35,121.18,669.32,112.18,0.292024,0,0
7,936,682.81,-1.78,750.34,126.91,697.56,154.60,630.03,25.92,0.227902,0,0
7,1199,484.96,427.75,500.63,398.35,510.81,403.78,495.13,433.18,0.188723,2,0
7,1208,502.25,833.16,527.86,838.30,525.08,852.15,499.47,847.01,0.152023,2,0
7,1344,1102.44,691.83,1311.93,843.44,1283.79,882.33,1074.30,730.72,0.071569,0,0
7,1395,860.39,484.22,929.53,303.74,969.34,318.99,900.21,499.47,0.276292,0,0
7,1572,295.67,802.46,299.75,844.29,284.09,845.82,280.01,803.99,0.205349,2,0
7,1574,1221.87,709.96,1350.48,710.04,1350.45,751.38,1221.84,751.29,0.067848,0,0
7,1716,925.22,534.42,962.40,512.94,970.94,527.73,933.77,549.21,0.049259,2,0
7,1724,1220.18,715.42,1339.37,657.09,1358.05,695.28,1238.87,753.61,0.071569,0,0
7,2872,527.87,530.54,569.93,561.06,554.76,581.97,512.70,551.45,0.092738,0,0
7,2890,786.84,402.05,848.67,420.87,842.53,441.01,780.71,422.19,0.170858,0,0
7,2897,523.98,181.46,743.11,116.44,757.96,166.48,538.83,231.50,0.490439,0,0
7,2900,588.33,271.83,669.06,181.27,701.27,209.99,620.54,300.55,0.328788,0,0
7,2920,769.12,-3.78,795.33,-16.06,800.28,-5.49,774.07,6.79,0.126255,0,0
7,2923,48.45,815.31,207.54,847.68,200.88,880.40,41.79,848.02,0.215863,0,0
7,2925,259.24,248.54,299.58,206.80,320.59,227.10,280.25,268.85,0.272007,0,0
7,2968,821.10,569.59,872.22,271.76,912.77,278.73,861.65,576.55,0.251963,0,0
7,2969,393.03,435.05,397.90,454.87,387.79,457.35,382.92,437.53,0.099449,2,0
7,2980,893.41,413.90,908.68,428.03,883.31,455.45,868.04,441.31,0.115291,2,0
7,2987,1125.77,449.33,1149.04,438.22,1159.03,459.15,1135.76,470.25,0.099639,2,0
7,3008,716.39,173.17,722.80,265.74,671.18,269.32,664.76,176.74,0.098033,0,0
7,3016,490.26,295.34,504.81,305.42,500.52,311.62,485.96,301.54,0.084280,2,0
7,3023,215.78,124.96,233.27,133.66,224.12,152.05,206.63,143.35,0.098886,2,0
7,3026,644.02,300.61,705.77,239.90,740.62,275.34,678.87,336.06,0.303802,0,0
7,3027,411.79,108.80,422.36,118.62,415.50,126.00,404.93,116.17,0.167641,0,0
7,3043,593.20,66.66,798.62,129.27,783.77,178.00,578.35,115.39,0.333539,0,0
7,3053,659.48,75.94,727.83,80.03,726.48,102.60,658.13,98.51,0.282368,0,0
7,3072,599.34,434.12,714.88,479.10,694.75,530.81,579.21,485.83,0.280922,0,0
7,3073,-30.39,552.61,47.44,576.90,38.57,605.31,-39.26,581.02,0.141996,0,0
7,3077,633.44,509.55,666.47,576.84,647.46,586.17,614.44,518.88,0.146356,0,0
7,3102,242.15,978.09,282.50,923.71,317.77,949.87,277.42,1004.26,0.059234,0,0
7,3105,115.62,490.32,119.58,498.40,108.55,503.81,104.59,495.73,0.072316,2,0
7,3107,554.31,578.14,851.63,470.77,869.84,521.20,572.52,628.56,0.062038,0,0
7,3120,307.62,182.10,328.76,182.93,328.26,195.82,307.12,195.00,0.223897,2,0
7,3138,203.24,342.49,220.13,343.49,219.48,354.56,202.59,353.57,0.103342,2,0
7,3143,228.69,832.51,233.75,823.94,245.26,830.73,240.19,839.31,0.167460,2,0
7,3149,775.19,724.07,845.71,875.05,794.30,899.06,723.78,748.08,0.064398,0,0
7,3153,654.18,689.94,730.42,775.60,707.91,795.63,631.67,709.98,0.088305,0,0
7,3162,1128.31,674.22,1243.43,676.30,1242.96,702.13,1127.84,700.05,0.136740,0,0
7,3166,567.58,726.98,579.65,725.23,581.27,736.40,569.20,738.15,0.056512,2,0
7,3182,64.91,721.87,78.58,718.06,81.01,726.77,67.34,730.58,0.122471,2,0
7,3189,476.63,697.14,481.46,709.79,462.51,717.04,457.67,704.39,0.098156,2,0
7,3194,1087.11,285.83,1421.44,556.68,1388.91,596.82,1054.59,325.98,0.078144,0,0
7,3198,653.79,654.85,665.67,704.76,650.25,708.43,638.37,658.52,0.083254,2,0
7,3209,1073.72,267.53,1092.38,339.35,1068.27,345.61,1049.61,273.79,0.199479,0,0
7,3219,726.77,285.17,737.04,309.69,719.32,317.11,709.05,292.60,0.119896,2,0
7,3232,494.54,40.17,508.31,93.95,493.51,97.74,479.73,43.96,0.168597,0,0
7,3244,364.70,354.32,402.68,326.03,419.27,348.30,381.29,376.59,0.119724,2,0
7,3251,462.82,555.64,477.00,525.55,490.28,531.81,476.10,561.90,0.146356,0,0
7,3272,632.20,678.46,674.28,708.61,658.70,730.36,616.62,700.21,0.050671,2,0
7,3274,354.47,866.37,357.94,880.65,345.81,883.60,342.34,869.32,0.177242,2,0
7,3289,920.38,482.74,921.22,437.84,941.60,438.22,940.75,483.13,0.078432,2,0
7,3307,591.80,399.37,712.41,257.55,753.96,292.88,633.35,434.71,0.237124,0,0
7,3320,544.25,722.79,619.27,774.07,613.33,782.76,538.31,731.48,0.091919,2,0
7,3339,601.21,690.92,676.64,751.23,662.40,769.05,586.97,708.73,0.052233,2,0
7,3343,639.91,571.14,1054.51,675.44,1046.25,708.26,631.66,603.95,0.056096,2,0
7,3347,596.54,733.64,623.69,684.61,656.82,702.96,629.67,751.98,0.081639,2,0
7,89,587.73,565.39,590.75,584.37,576.95,586.57,573.93,567.59,0.129901,0,0
7,756,847.74,714.99,866.00,718.24,864.09,728.91,845.84,725.65,0.052503,2,0
7,766,189.03,261.18,189.34,252.56,201.69,253.01,201.38,261.64,0.097722,2,0
7,803,1462.94,569.21,1552.97,552.19,1558.26,580.16,1468.23,597.18,0.077660,0,0
7,807,962.61,428.39,1049.26,352.16,1061.16,365.69,974.52,441.92,0.049555,2,0
7,877,-42.12,214.52,43.53,191.73,49.59,214.49,-36.06,237.27,0.059799,0,0
7,46,929.14,621.70,953.10,629.88,946.97,647.83,923.01,639.64,0.056684,2,0
7,56,711.31,541.18,742.13,615.05,700.70,632.34,669.88,558.46,0.101444,0,0
7,93,345.92,14.72,379.48,4.76,382.74,15.72,349.18,25.68,0.122905,0,0
7,685,610.16,955.50,647.96,978.63,635.09,999.64,597.30,976.52,0.050469,0,0
7,813,819.84,495.59,843.98,441.60,873.31,454.71,849.17,508.70,0.157389,0,0
7,917,1081.22,21.03,1140.26,58.29,1125.31,81.98,1066.27,44.72,0.191666,0,0
7,928,760.01,152.29,826.12,151.14,826.57,176.73,760.45,177.88,0.075811,0,0
7,932,1137.78,150.13,1189.18,183.79,1175.34,204.92,1123.94,171.26,0.167016,0,0
7,933,765.03,350.18,930.86,345.93,931.98,389.57,766.15,393.81,0.131301,0,0
7,935,902.06,116.26,1003.08,108.53,1006.01,146.77,904.99,154.50,0.344573,0,0
7,939,618.99,291.72,809.48,149.74,839.41,189.90,648.93,331.88,0.296905,0,0
7,1003,562.64,232.35,617.24,238.36,615.85,251.00,561.25,244.99,0.170416,2,0
7,1032,428.88,422.14,475.14,446.02,461.76,471.96,415.49,448.07,0.280922,0,0
7,1046,-65.03,499.88,20.62,475.97,31.10,513.49,-54.56,537.41,0.084300,0,0
7,1192,489.29,597.42,505.55,603.46,497.20,625.92,480.94,619.88,0.140457,2,0
7,1201,675.19,484.92,682.25,568.19,654.08,570.58,647.02,487.31,0.178834,2,0
7,1248,267.88,656.75,274.51,630.48,283.55,632.76,276.92,659.03,0.137012,2,0
7,1249,1147.54,623.34,1176.82,725.25,1140.40,735.71,1111.12,633.80,0.085668,0,0
7,1252,273.77,206.18,285.49,224.67,275.64,230.91,263.92,212.42,0.186868,2,0
7,1372,867.21,681.68,887.99,789.63,854.64,796.05,833.86,688.10,0.071749,0,0
7,1373,918.32,840.72,969.54,877.77,952.94,900.71,901.72,863.66,0.059099,0,0
7,1382,1151.33,434.74,1193.00,432.66,1194.04,453.50,1152.37,455.58,0.105323,2,0
7,1403,1066.94,690.54,1091.71,688.72,1092.73,702.54,1067.96,704.35,0.051049,0,0
7,1437,1026.41,540.87,1070.42,583.30,1056.31,597.93,1012.31,555.50,0.081792,2,0
7,1461,691.17,585.70,692.33,545.26,712.50,545.84,711.34,586.28,0.150456,2,0
7,1479,93.93,387.06,94.20,406.05,79.74,406.25,79.47,387.26,0.155621,2,0
7,1548,418.97,397.88,434.71,416.77,426.09,423.95,410.35,405.05,0.157734,2,0
7,1562,914.68,371.16,1139.56,510.92,1125.95,532.82,901.07,393.06,0.050264,2,0
7,103,1017.40,186.07,1020.71,207.31,1010.15,208.96,1006.83,187.72,0.131984,0,0
7,108,1246.69,650.56,1274.14,699.73,1248.56,714.01,1221.10,664.84,0.052840,0,0
7,258,524.03,108.48,774.59,98.99,776.46,148.29,525.90,157.79,0.377481,0,0
7,920,366.38,73.60,397.09,148.90,371.68,159.26,340.98,83.96,0.154327,0,0
7,1322,812.83,25.07,820.04,78.70,783.16,83.66,775.95,30.03,0.166666,0,0
7,1695,234.74,586.35,270.18,688.02,245.92,696.48,210.48,594.80,0.051945,2,0
7,1741,735.41,86.48,752.34,173.48,706.20,182.45,689.27,95.45,0.096284,0,0
7,1742,648.96,75.54,727.28,127.30,697.77,171.96,619.44,120.19,0.339499,0,0
7,1743,935.32,279.05,1019.45,365.77,994.62,389.85,910.49,303.13,0.153780,0,0
7,1748,393.34,506.88,398.72,512.38,386.75,524.08,381.37,518.58,0.117226,0,0
7,1756,526.35,111.16,674.26,14.03,702.74,57.41,554.83,154.54,0.317580,0,0
7,1760,663.60,365.91,750.41,631.93,699.83,648.43,613.03,382.41,0.174430,0,0
7,1794,708.85,321.80,714.67,351.43,696.57,354.98,690.75,325.36,0.095688,2,0
7,1819,470.02,691.49,513.42,692.66,512.86,713.46,469.46,712.30,0.071458,2,0
7,1855,78.34,669.10,94.38,682.32,80.38,699.30,64.35,686.08,0.070240,2,0
7,1877,600.44,497.38,923.06,641.44,905.97,679.69,583.35,535.63,0.140661,0,0
7,2018,736.24,354.49,743.74,452.20,687.07,456.55,679.57,358.84,0.255507,0,0
7,2181,531.15,834.60,531.80,842.46,514.78,843.87,514.13,836.01,0.191950,2,0
7,2185,1104.09,369.26,1124.75,394.32,1103.91,411.51,1083.24,386.45,0.119142,2,0
7,2261,1109.27,379.63,1121.29,367.39,1130.86,376.78,1118.83,389.03,0.122835,2,0
7,25,824.24,293.02,841.45,258.46,854.34,264.88,837.12,299.44,0.105640,0,0
7,30,687.55,105.73,761.84,188.50,735.01,212.58,660.72,129.81,0.230852,0,0
7,91,549.15,249.12,702.91,83.50,778.44,153.63,624.67,319.24,0.283286,0,0
7,140,516.36,608.63,581.47,578.88,599.23,617.75,534.12,647.50,0.230828,0,0
7,263,479.17,369.27,481.91,392.71,461.40,395.10,458.66,371.67,0.193983,2,0
7,446,999.24,306.27,1036.14,435.83,987.68,449.63,950.78,320.07,0.137811,0,0
7,529,663.05,129.99,738.18,193.14,717.85,217.33,642.72,154.17,0.166666,0,0
7,545,1211.90,429.04,1237.07,416.73,1244.18,431.27,1219.02,443.58,0.054357,0,0
7,860,801.86,494.36,951.20,560.18,938.48,589.06,789.13,523.23,0.078666,2,0
8,959,870.99,4.12,969.46,42.86,954.99,79.65,856.52,40.91,0.131692,0,0
8,2077,1034.78,203.84,1049.48,353.26,1001.56,357.97,986.86,208.56,0.263127,0,0
8,2352,820.07,352.83,864.46,438.72,823.63,459.82,779.24,373.93,0.277954,0,0
8,2874,1220.79,371.22,1253.13,421.69,1229.88,436.59,1197.54,386.12,0.089176,0,0
8,2901,688.21,467.08,767.16,595.00,718.47,625.05,639.51,497.13,0.395986,0,0
8,2902,615.38,121.60,647.86,214.17,590.76,234.21,558.28,141.64,0.329723,0,0
8,3044,1019.65,215.99,1025.62,174.43,1073.63,181.33,1067.66,222.89,0.425057,0,0
8,3354,485.31,830.18,720.70,915.19,701.57,968.14,466.19,883.14,0.051778,0,0
8,2225,838.80,404.53,861.90,432.32,840.34,450.25,817.23,422.45,0.055927,2,0
8,3389,643.25,408.52,669.37,489.26,636.16,500.01,610.04,419.26,0.395986,0,0
8,3403,1026.27,60.17,1120.94,-5.85,1151.30,37.68,1056.63,103.70,0.193419,0,0
8,3409,443.09,521.86,502.50,351.01,549.14,367.23,489.73,538.08,0.179532,0,0
8,3412,612.73,465.85,658.11,527.24,620.02,555.39,574.64,494.00,0.204072,0,0
8,3422,652.37,168.22,674.16,180.66,663.13,199.98,641.34,187.54,0.123797,2,0
8,3423,629.42,358.40,767.35,480.92,732.08,520.62,594.15,398.10,0.270293,0,0
8,3469,568.08,318.06,750.57,550.27,726.57,569.12,544.09,336.91,0.234541,0,0
8,3488,710.47,712.80,715.49,733.46,691.20,739.37,686.18,718.71,0.091399,0,0
8,3510,1021.51,903.27,1047.29,789.69,1075.44,796.07,1049.66,909.66,0.092156,0,0
8,3562,676.51,866.28,685.47,923.31,650.62,928.79,641.66,871.75,0.075079,0,0
8,3714,804.82,157.57,815.04,205.16,779.69,212.75,769.47,165.17,0.185468,0,0
8,3784,835.38,425.13,898.88,453.23,890.82,471.43,827.32,443.33,0.055031,2,0
8,379,938.59,871.32,946.15,810.28,994.74,816.30,987.18,877.34,0.148362,0,0
8,586,697.80,565.65,717.45,604.16,697.94,614.12,678.29,575.60,0.055415,2,0
8,791,511.91,634.86,596.21,642.71,592.38,683.76,508.09,675.90,0.055977,2,0
8,908,1135.31,571.68,1199.10,600.33,1192.10,615.91,1128.31,587.26,0.074827,0,0
8,1639,1202.64,779.78,1233.58,922.80,1193.59,931.45,1162.65,788.43,0.058145,0,0
8,1723,1186.71,221.11,1208.50,310.87,1172.66,319.57,1150.87,229.81,0.348258,0,0
8,942,1077.20,445.79,1169.70,427.23,1179.51,476.07,1087.01,494.64,0.059227,0,0
8,2293,669.98,454.75,810.66,672.12,771.14,697.70,630.46,480.33,0.161188,0,0
8,78,652.58,60.63,708.12,181.27,662.11,202.45,606.56,81.81,0.319123,0,0
8,166,826.33,579.20,858.05,661.40,824.71,674.27,792.99,592.06,0.053714,2,0
8,2653,637.06,256.28,754.19,491.72,692.26,522.53,575.12,287.09,0.306340,0,0
8,2825,808.84,39.06,808.96,182.95,750.39,183.00,750.27,39.11,0.284260,0,0
8,96,798.50,306.46,804.86,416.99,749.99,420.15,743.64,309.62,0.119073,0,0
8,474,887.86,871.58,1027.89,936.48,1004.72,986.47,864.69,921.58,0.057742,0,0
8,1612,427.66,567.99,445.51,580.18,440.43,587.61,422.58,575.42,0.194402,0,0
8,3842,627.47,411.24,634.85,497.19,614.37,498.95,606.99,413.00,0.221172,0,0
8,3844,914.30,222.70,918.58,288.83,888.65,290.77,884.37,224.63,0.261905,0,0
8,3845,1161.19,278.58,1215.79,316.97,1191.52,351.49,1136.92,313.10,0.054655,0,0
8,3849,836.29,128.14,871.08,185.75,849.84,198.58,815.05,140.97,0.270293,0,0
8,3863,780.40,-35.90,794.57,2.25,762.74,14.07,748.57,-24.09,0.079516,0,0
8,3871,229.96,568.87,246.31,513.50,269.52,520.36,253.17,575.72,0.091569,0,0
8,3875,810.59,75.26,853.24,78.70,851.79,96.72,809.14,93.28,0.167806,2,0
8,3883,-178975.38,-251900.00,179865.50,252830.31,179864.16,252831.28,-178976.72,-251899.03,0.059194,2,0
8,3890,743.13,91.73,757.01,170.10,747.94,171.70,734.06,93.34,0.216820,2,0
8,3899,565.44,344.29,592.79,344.08,593.04,375.98,565.69,376.19,0.105643,2,0
8,3910,821.93,253.72,859.72,232.21,871.56,253.01,833.77,274.52,0.237099,0,0
8,3914,781.66,57.14,782.17,136.50,771.73,136.56,771.23,57.20,0.238586,2,0
8,3919,1014.77,26.15,1034.36,44.98,1019.88,60.04,1000.29,41.22,0.125508,0,0
8,3920,42.36,51.40,50.03,135.02,26.48,137.18,18.82,53.56,0.105401,0,0
8,3939,677.52,328.05,714.65,450.41,650.30,469.93,613.17,347.57,0.315854,0,0
8,3950,768.49,104.97,771.61,133.67,746.06,136.45,742.94,107.75,0.145844,2,0
8,3958,701.48,587.67,767.03,558.21,781.08,589.49,715.53,618.94,0.107005,0,0
8,3977,456.65,181.77,460.17,210.74,447.41,212.29,443.88,183.33,0.230965,2,0
8,4002,646.48,619.04,647.42,536.26,693.63,536.79,692.68,619.57,0.232267,0,0
8,4012,82.98,785.38,97.20,759.77,115.81,770.10,101.59,795.71,0.185686,0,0
8,4020,1132.18,404.13,1199.98,382.21,1217.76,437.19,1149.95,459.11,0.084922,0,0
8,4025,903.31,162.09,912.69,273.52,843.58,279.33,834.21,167.91,0.162616,2,0
8,4034,605.49,671.87,692.46,383.85,761.97,404.84,675.01,692.86,0.254743,0,0
8,4036,549.88,658.80,843.72,782.07,804.63,875.24,510.80,751.97,0.055325,2,0
8,4037,1298.43,409.71,1348.07,622.55,1307.81,631.94,1258.17,419.10,0.082143,0,0
8,4040,974.68,500.31,990.66,491.99,1004.62,518.77,988.64,527.09,0.052215,2,0
8,4048,633.77,567.96,661.02,554.64,666.71,566.27,639.45,579.58,0.095320,2,0
8,4052,1147.82,362.82,1187.68,340.91,1198.46,360.50,1158.60,382.42,0.110898,2,0
8,4086,1088.36,558.09,1189.49,536.37,1202.53,597.10,1101.40,618.82,0.096646,0,0
8,4095,498.44,833.47,547.33,926.49,523.90,938.80,475.02,845.78,0.063839,0,0
8,4104,878.93,194.47,893.63,204.18,885.70,216.19,870.99,206.48,0.059216,2,0
8,4121,811.52,7.54,869.63,16.68,864.43,49.75,806.32,40.62,0.166680,0,0
8,4145,320.38,143.06,328.23,153.54,320.23,159.53,312.38,149.05,0.057444,2,0
8,4149,432.60,775.42,445.07,771.72,451.35,792.93,438.88,796.62,0.062185,2,0
8,4159,851.46,576.94,872.73,602.29,856.20,616.16,834.93,590.81,0.059683,0,0
8,4162,100.38,579.03,146.36,546.70,162.25,569.30,116.27,601.63,0.051207,2,0
8,4163,486.75,273.96,503.13,277.51,500.45,289.90,484.07,286.35,0.083057,2,0
8,4164,732.28,56.95,752.71,78.14,738.77,91.58,718.34,70.39,0.236457,2,0
8,4170,1123.07,631.70,1151.51,665.51,1123.91,688.73,1095.47,654.92,0.059750,0,0
8,4188,598.07,889.03,616.59,876.61,633.18,901.34,614.66,913.76,0.076702,0,0
8,4190,1366.64,632.08,1377.18,719.86,1317.25,727.06,1306.71,639.28,0.057033,0,0
8,4207,702.52,872.49,713.01,832.32,738.06,838.87,727.57,879.03,0.066420,2,0
8,4215,851.56,675.61,873.87,640.96,895.26,654.74,872.95,689.38,0.052800,0,0
8,4217,1226.30,633.80,1249.11,606.84,1264.42,619.79,1241.61,646.75,0.058374,0,0
8,4223,567.39,384.09,610.88,451.91,584.52,468.82,541.03,401.00,0.257580,0,0
8,4249,613.21,592.88,636.34,658.08,592.59,673.60,569.46,608.40,0.254743,0,0
8,4276,516.99,78.29,595.47,115.50,565.26,179.21,486.78,142.00,0.154966,0,0
8,4281,1143.92,598.78,1219.46,542.18,1247.79,579.99,1172.25,636.59,0.108080,0,0
8,4285,49.05,707.77,92.78,685.74,102.19,704.44,58.46,726.46,0.052064,0,0
8,4286,767.05,793.29,833.57,862.72,807.54,887.67,741.01,818.24,0.096646,0,0
8,4287,552.51,394.84,569.36,347.29,578.00,350.35,561.15,397.90,0.054641,2,0
8,4288,1051.33,562.20,1056.71,608.38,1032.32,611.22,1026.94,565.05,0.056519,2,0
8,4289,802.12,631.58,876.67,665.42,864.09,693.12,789.55,659.27,0.055977,2,0
8,4299,928.30,660.30,946.17,707.36,901.69,724.24,883.83,677.18,0.052214,0,0
8,4300,355.28,882.13,357.76,901.31,344.14,903.07,341.66,883.90,0.068334,2,0
8,612,955.24,252.95,1067.27,288.39,1056.73,321.71,944.70,286.26,0.241367,0,0
8,778,183.83,663.50,237.30,666.96,235.19,699.55,181.72,696.08,0.053249,0,0
8,820,847.68,529.58,899.34,594.78,879.93,610.16,828.27,544.95,0.076135,0,0
8,1102,122.07,713.58,151.62,708.95,154.58,727.80,125.02,732.43,0.135450,2,0
8,1228,1036.72,483.93,1082.52,508.53,1068.97,533.75,1023.17,509.15,0.053313,2,0
8,1293,993.26,677.14,1022.79,622.41,1048.33,636.20,1018.80,690.93,0.051319,2,0
8,1522,656.28,562.32,687.99,581.08,678.84,596.55,647.13,577.79,0.132437,2,0
8,1601,677.78,755.59,743.81,727.65,755.16,754.46,689.13,782.41,0.056619,2,0
8,1726,-82.54,340.09,-41.21,305.76,-28.09,321.55,-69.43,355.88,0.050689,0,0
8,20,671.16,166.86,716.30,246.98,672.06,271.91,626.92,191.78,0.122929,0,0
8,1060,1091.96,383.90,1144.82,421.91,1124.70,449.89,1071.84,411.89,0.065434,0,0
8,1837,724.49,655.75,747.98,630.00,767.15,647.49,743.67,673.24,0.054976,2,0
8,1891,168.40,356.25,198.57,425.79,174.99,436.01,144.83,366.48,0.066055,0,0
8,1919,745.69,197.33,766.63,195.05,768.28,210.16,747.34,212.44,0.197908,2,0
8,2067,913.98,735.68,977.99,720.14,985.71,751.95,921.70,767.48,0.054416,2,0
8,2114,685.12,256.20,740.04,294.69,698.10,354.52,643.18,316.03,0.189070,0,0
8,2217,990.31,565.83,1109.14,349.81,1150.53,372.58,1031.69,588.60,0.052987,2,0
8,208,592.56,291.33,739.16,310.29,733.48,354.24,586.88,335.28,0.337231,0,0
8,259,1251.69,319.92,1374.37,493.38,1340.04,517.66,1217.36,344.20,0.089176,0,0
8,650,788.10,582.29,808.17,636.77,777.88,647.93,757.81,593.45,0.055325,2,0
8,2101,938.29,290.10,963.56,137.83,982.30,140.94,957.03,293.21,0.162270,2,0
8,2249,1387.28,693.81,1437.86,688.68,1441.86,728.10,1391.27,733.23,0.052590,0,0
8,760,998.17,-48.44,1079.71,118.30,1037.94,138.72,956.40,-28.02,0.153695,0,0
8,2361,1167.55,547.35,1202.72,496.84,1221.50,509.92,1186.33,560.43,0.055414,2,0
8,2829,188.18,333.88,255.78,391.06,242.08,407.26,174.48,350.08,0.057764,0,0
8,2861,1034.69,529.40,1063.16,406.27,1091.18,412.75,1062.71,535.88,0.160292,0,0
8,42,823.00,254.40,871.70,291.99,844.41,327.34,795.71,289.75,0.137352,0,0
8,929,1282.68,484.58,1379.65,323.53,1418.19,346.73,1321.22,507.78,0.060348,0,0
8,994,774.50,120.81,834.01,199.39,795.66,228.43,736.16,149.85,0.257309,0,0
8,1398,1124.11,771.51,1263.04,920.34,1232.14,949.18,1093.21,800.35,0.056705,0,0
8,1604,417.90,90.86,444.74,78.62,449.78,89.67,422.93,101.90,0.208362,2,0
8,1002,727.80,81.31,805.42,353.17,747.19,369.79,669.57,97.93,0.291675,0,0
8,1804,891.71,620.70,919.52,681.56,895.62,692.49,867.80,631.63,0.051742,2,0
8,2355,721.67,156.56,759.38,229.13,728.13,245.38,690.41,172.80,0.226229,0,0
8,2367,635.28,37.92,763.78,69.81,754.09,108.87,625.59,76.99,0.118397,0,0
8,2809,431.14,697.74,449.97,895.05,425.16,897.42,406.33,700.11,0.051753,0,0
8,13,793.74,382.09,853.25,500.56,825.48,514.51,765.97,396.04,0.232267,0,0
8,1395,844.80,419.91,856.76,137.00,922.13,139.77,910.17,422.67,0.241868,0,0
8,1724,1081.54,718.44,1128.39,631.95,1156.48,647.16,1109.64,733.65,0.092156,0,0
8,2872,561.62,481.63,707.69,616.33,639.63,690.14,493.55,555.44,0.188348,0,0
8,2897,537.79,192.90,597.01,305.04,572.63,317.91,513.41,205.78,0.170998,0,0
8,3008,693.82,177.76,739.11,293.19,674.09,318.70,628.80,203.27,0.235699,0,0
8,3026,749.25,245.72,798.34,310.40,761.93,338.04,712.84,273.35,0.128405,0,0
8,3072,523.18,539.43,609.54,615.47,575.09,654.59,488.73,578.55,0.115986,0,0
8,3149,653.67,770.35,754.89,916.88,704.60,951.63,603.38,805.09,0.050796,0,0
8,3198,782.88,604.55,807.23,671.84,786.52,679.33,762.17,612.05,0.051934,2,0
8,3209,1125.76,487.70,1197.59,472.60,1202.60,496.43,1130.77,511.53,0.143227,0,0
8,3272,819.07,594.99,851.23,641.24,827.42,657.80,795.25,611.55,0.052438,2,0
8,3307,676.24,287.45,836.11,288.44,835.81,335.95,675.94,334.95,0.262380,0,0
8,803,1342.93,792.07,1367.13,688.89,1400.02,696.61,1375.82,799.79,0.053562,0,0
8,56,253.59,588.10,274.47,677.19,225.60,688.65,204.71,599.56,0.051167,0,0
8,917,1196.28,236.40,1235.42,326.77,1198.83,342.61,1159.70,252.25,0.182643,0,0
8,935,890.33,167.13,1011.75,142.00,1021.45,188.85,900.03,213.98,0.266611,0,0
8,939,684.06,238.81,867.98,216.40,872.84,256.30,688.92,278.71,0.289507,0,0
8,1249,1120.66,717.39,1230.38,693.55,1239.06,733.52,1129.34,757.35,0.106318,0,0
8,108,1424.91,687.11,1471.36,639.21,1494.70,661.84,1448.24,709.74,0.060290,0,0
8,1322,894.51,41.31,894.84,100.35,854.27,100.58,853.94,41.54,0.275334,0,0
8,1741,819.13,185.73,898.38,172.63,905.47,215.54,826.21,228.63,0.310955,0,0
8,1742,756.25,149.52,825.31,148.99,825.61,187.61,756.55,188.14,0.289507,0,0
8,1743,1125.84,453.58,1174.34,322.08,1212.95,336.31,1164.45,467.82,0.129146,0,0
8,1756,748.59,268.78,783.23,255.26,787.13,265.24,752.48,278.76,0.218293,0,0
8,91,757.42,86.76,809.99,228.42,747.38,251.66,694.82,109.99,0.260671,0,0
8,860,763.49,681.87,807.26,457.16,853.34,466.14,809.57,690.85,0.053441,2,0
8,4308,637.04,588.76,642.35,489.27,680.41,491.30,675.11,590.79,0.414692,0,0
8,4309,646.39,228.19,676.15,300.61,633.88,317.98,604.11,245.56,0.400429,0,0
8,4310,659.36,274.22,731.08,303.24,711.10,352.61,639.38,323.59,0.337231,0,0
8,4311,685.66,50.83,708.42,126.51,682.49,134.31,659.73,58.63,0.319123,0,0
8,4312,686.07,529.84,716.16,411.12,739.10,416.94,709.01,535.66,0.315854,0,0
8,4313,597.24,382.69,646.02,361.06,652.18,374.96,603.40,396.58,0.311272,0,0
8,4314,553.92,497.46,664.44,438.58,675.83,459.95,565.31,518.83,0.304746,0,0
8,4315,630.45,466.95,671.20,463.19,675.33,507.93,634.58,511.69,0.304746,0,0
8,4316,796.58,216.88,837.30,345.94,800.53,357.54,759.81,228.48,0.281713,0,0
8,4317,883.43,301.12,914.46,255.17,937.60,270.80,906.57,316.75,0.257309,0,0
8,4318,987.16,174.69,1078.05,157.97,1080.03,168.70,989.13,185.42,0.242153,0,0
8,4319,607.50,433.38,775.39,616.86,762.07,629.05,594.18,445.57,0.236087,0,0
8,4320,859.67,221.57,884.15,268.56,875.56,273.04,851.08,226.04,0.234541,0,0
8,4321,489.18,121.55,549.56,140.71,544.30,157.28,483.92,138.11,0.234358,0,0
8,4322,820.78,-24.19,911.51,71.95,889.01,93.18,798.29,-2.96,0.231653,0,0
8,4323,641.60,483.63,731.28,467.16,734.14,482.76,644.47,499.23,0.221251,0,0
8,4325,709.45,61.15,722.10,89.74,693.70,102.30,681.05,73.71,0.209124,0,0
8,4326,663.36,482.75,719.86,472.78,721.63,482.83,665.13,492.79,0.207641,0,0
8,4327,731.60,537.51,743.44,504.47,746.53,505.58,734.69,538.62,0.207641,0,0
8,4329,586.05,581.37,590.37,600.01,575.26,603.52,570.93,584.88,0.205925,2,0
8,4330,629.67,666.57,636.07,677.16,623.90,684.51,617.50,673.93,0.205925,2,0
8,4331,706.65,319.10,707.46,332.53,696.43,333.20,695.62,319.77,0.199380,2,0
8,4332,821.96,469.76,823.24,447.30,835.92,448.03,834.63,470.49,0.199380,2,0
8,4333,532.46,129.08,533.02,144.48,524.76,144.78,524.20,129.38,0.197853,2,0
8,4334,464.75,873.13,477.62,877.93,473.53,888.90,460.66,884.10,0.196378,2,0
8,4335,434.68,834.51,444.64,839.03,440.73,847.65,430.77,843.13,0.196378,2,0
8,4336,704.13,46.25,721.19,82.65,707.46,89.08,690.40,52.69,0.189920,2,0
8,4337,740.58,219.40,740.73,251.87,722.05,251.95,721.89,219.49,0.185468,0,0
8,4340,1022.50,840.03,1036.12,870.19,1006.32,883.65,992.70,853.48,0.184847,0,0
8,4341,1164.40,333.05,1222.32,365.15,1214.57,379.13,1156.65,347.03,0.182643,0,0
8,4342,602.34,34.78,603.91,48.08,593.62,49.30,592.05,36.00,0.182597,2,0
8,4343,743.64,9.25,747.62,30.13,732.33,33.04,728.35,12.16,0.182597,2,0
8,4344,355.36,287.81,371.53,311.34,362.24,317.72,346.07,294.20,0.180898,2,0
8,4345,506.22,299.67,560.08,321.06,548.59,350.00,494.73,328.61,0.180491,0,0
8,4349,339.05,79.00,381.64,77.84,382.33,102.96,339.74,104.13,0.174684,0,0
8,4350,971.78,310.99,981.78,324.06,974.05,329.98,964.04,316.92,0.170147,2,0
8,4351,754.03,325.13,763.76,340.84,754.91,346.33,745.17,330.61,0.170147,2,0
8,4352,492.92,683.79,495.62,697.69,479.75,700.78,477.05,686.87,0.169026,2,0
8,4353,1102.50,70.65,1113.35,79.30,1104.88,89.91,1094.04,81.25,0.167806,2,0
8,4354,992.85,344.22,996.56,326.99,1008.20,329.50,1004.49,346.72,0.166057,2,0
8,4355,368.76,880.42,380.62,875.84,385.44,888.31,373.58,892.90,0.163639,2,0
8,4356,416.13,677.31,445.79,665.00,453.02,682.43,423.35,694.73,0.163639,2,0
8,4357,795.17,307.06,805.67,303.16,808.84,311.66,798.34,315.57,0.162616,2,0
8,4358,302.44,805.48,313.90,814.08,304.69,826.34,293.23,817.74,0.161060,2,0
8,4362,928.48,381.76,960.46,385.29,958.84,399.92,926.86,396.38,0.158837,2,0
8,4363,251.45,177.26,271.13,178.93,269.88,193.69,250.20,192.02,0.156927,2,0
8,4364,180.43,295.07,191.86,290.17,199.08,307.03,187.66,311.92,0.156927,2,0
8,4365,1130.22,86.85,1131.10,97.45,1118.87,98.46,1117.99,87.87,0.154107,2,0
8,4366,832.02,5.79,848.26,11.88,843.74,23.95,827.49,17.86,0.153610,2,0
8,4367,835.02,24.78,839.71,-11.27,852.88,-9.56,848.18,26.49,0.153610,2,0
8,4368,565.95,345.98,588.23,348.62,587.24,357.02,564.96,354.38,0.152233,2,0
8,4369,354.32,225.85,361.53,211.64,370.51,216.19,363.31,230.41,0.152190,2,0
8,4370,360.06,343.93,376.44,316.68,394.22,327.37,377.85,354.62,0.152190,2,0
8,4372,53.20,881.89,76.33,864.07,79.73,868.48,56.60,886.30,0.149938,2,0
8,4373,362.43,636.44,377.59,650.15,367.63,661.16,352.47,647.45,0.149463,2,0
8,4374,436.84,564.18,457.66,581.48,454.18,585.66,433.36,568.36,0.149463,2,0
8,4377,686.36,215.57,686.41,208.13,732.73,208.46,732.68,215.90,0.144765,2,0
8,4379,722.58,206.17,736.42,192.98,740.58,197.35,726.74,210.53,0.143719,2,0
8,4381,843.56,717.36,897.74,685.57,914.38,713.93,860.20,745.72,0.143227,0,0
8,4383,207.58,176.47,239.46,172.86,241.51,190.89,209.62,194.51,0.142823,2,0
8,4384,382.84,772.45,407.55,745.47,436.90,772.34,412.19,799.33,0.142509,0,0
8,4386,302.84,724.96,322.40,736.54,316.71,746.16,297.14,734.58,0.141470,2,0
8,4387,1064.48,148.35,1090.67,126.71,1098.50,136.19,1072.32,157.83,0.139808,2,0
8,4388,240.85,733.03,267.06,719.37,272.28,729.39,246.08,743.05,0.138321,2,0
8,4389,411.12,687.90,444.13,720.40,425.81,739.01,392.80,706.51,0.138021,0,0
8,4390,198.44,126.81,221.73,188.22,192.56,199.28,169.27,137.87,0.135614,0,0
8,4391,31.32,299.75,39.36,299.45,40.02,317.42,31.97,317.71,0.135298,2,0
8,4392,349.89,313.93,363.29,308.71,368.21,321.34,354.81,326.56,0.135298,2,0
8,4393,428.82,283.98,433.66,298.16,422.52,301.96,417.69,287.78,0.134865,2,0
8,4396,259.08,762.30,269.93,749.93,285.22,763.33,274.37,775.71,0.133662,2,0
8,4397,505.48,220.34,510.63,235.04,497.25,239.73,492.09,225.03,0.133648,2,0
8,4398,499.73,144.10,507.41,158.27,498.17,163.27,490.50,149.11,0.133569,2,0
8,4399,417.17,663.32,437.93,665.60,436.26,680.73,415.51,678.44,0.133477,2,0
8,4401,546.66,468.24,583.80,538.45,563.67,549.09,526.54,478.89,0.129899,0,0
8,4402,749.17,382.17,858.88,401.20,857.43,409.56,747.72,390.53,0.128405,0,0
8,4403,978.99,494.40,998.33,481.65,1007.61,495.73,988.27,508.48,0.127067,2,0
8,4405,747.24,506.31,756.01,532.30,746.12,535.63,737.36,509.65,0.124407,2,0
8,4406,637.78,642.57,651.72,647.02,648.02,658.62,634.08,654.18,0.124407,2,0
8,4407,374.01,130.83,381.55,134.92,374.61,147.73,367.07,143.64,0.124327,2,0
8,4408,511.31,203.21,516.31,213.12,485.42,228.70,480.42,218.79,0.123797,2,0
8,4410,249.57,841.02,257.67,874.40,240.11,878.66,232.01,845.28,0.123066,2,0
8,4414,755.76,405.23,774.57,525.53,756.80,528.31,738.00,408.01,0.122006,0,0
8,4415,288.33,950.18,323.65,895.20,361.67,919.63,326.35,974.60,0.120794,0,0
8,4416,603.27,684.73,621.97,688.73,618.69,704.02,600.00,700.01,0.119246,2,0
8,4417,809.54,-146.54,880.25,-147.34,880.72,-105.40,810.02,-104.60,0.118397,0,0
8,4418,636.60,1113.96,665.33,1141.16,644.01,1163.67,615.28,1136.47,0.115986,0,0
8,4420,603.48,238.98,608.83,252.12,598.32,256.40,592.97,243.26,0.115728,2,0
8,4421,661.25,360.75,661.43,401.33,638.19,401.43,638.01,360.85,0.113051,0,0
8,4422,427.69,184.21,504.67,321.59,495.63,326.66,418.66,189.27,0.113051,0,0
8,4425,387.39,-88.64,422.29,-54.45,391.02,-22.54,356.13,-56.74,0.112342,0,0
8,4426,962.66,117.37,974.43,106.98,989.20,123.70,977.44,134.10,0.112127,0,0
8,4429,362.95,331.11,383.78,331.18,383.75,340.46,362.91,340.39,0.109584,2,0
8,4430,636.64,579.47,660.16,584.69,657.16,598.20,633.64,592.97,0.108776,0,0
8,4433,517.35,125.03,534.51,131.92,530.33,142.32,513.17,135.42,0.108171,2,0
8,4436,945.27,645.73,983.92,781.43,957.76,788.88,919.11,653.18,0.108080,0,0
8,4437,1005.04,791.72,1005.18,860.21,979.74,860.26,979.60,791.78,0.106882,0,0
8,4438,587.82,478.68,629.85,495.51,614.98,532.66,572.94,515.83,0.106644,0,0
8,4439,740.05,370.30,806.06,484.86,798.87,489.00,732.86,374.45,0.106644,0,0
8,4440,415.18,92.06,437.50,85.98,441.45,100.48,419.13,106.56,0.106515,2,0
8,4441,417.98,17.93,437.27,46.92,416.29,60.87,397.01,31.89,0.106128,0,0
8,4442,576.05,170.97,584.19,138.43,600.29,142.46,592.15,175.00,0.106128,0,0
8,4443,226.88,707.40,248.84,722.76,245.52,727.51,223.55,712.15,0.105761,2,0
8,4445,401.43,732.37,421.49,743.21,396.23,789.96,376.17,779.12,0.105376,0,0
8,4448,730.40,412.60,761.16,494.75,740.14,502.62,709.38,420.47,0.103878,0,0
8,4450,927.78,452.00,930.91,452.36,926.84,487.41,923.70,487.05,0.103859,2,0
8,4451,1127.99,678.69,1210.98,669.62,1214.92,705.59,1131.92,714.67,0.103519,0,0
8,4452,1458.47,820.80,1598.37,822.25,1597.98,860.82,1458.07,859.38,0.103519,0,0
8,4453,1001.12,348.23,1020.05,338.72,1027.55,353.64,1008.62,363.15,0.101804,2,0
8,4457,909.66,430.48,916.78,427.47,923.98,444.47,916.86,447.48,0.100689,2,0
8,4458,393.64,934.02,395.45,891.33,411.37,892.01,409.56,934.69,0.099462,2,0
8,4460,849.54,242.37,916.99,238.29,917.12,240.54,849.67,244.62,0.096162,2,0
8,4462,330.23,664.57,337.90,726.32,322.32,728.25,314.66,666.50,0.095881,0,0
8,4464,612.35,882.57,627.70,913.83,624.22,915.53,608.88,884.28,0.095448,0,0
8,4469,1132.96,876.58,1163.75,883.22,1160.64,897.60,1129.85,890.96,0.091282,2,0
8,4470,1156.62,774.30,1224.08,791.69,1219.05,811.20,1151.59,793.81,0.091282,2,0
8,4471,150.59,738.57,166.28,694.41,192.08,703.58,176.39,747.73,0.090568,2,0
8,4473,227.73,844.38,237.73,846.90,233.96,861.82,223.96,859.29,0.088855,2,0
8,4474,1064.38,531.71,1145.78,593.53,1125.11,620.75,1043.71,558.93,0.088817,0,0
8,4475,156.33,506.21,171.69,491.55,178.49,498.67,163.13,513.34,0.088802,2,0
8,4476,893.76,531.08,918.59,521.03,922.04,529.54,897.21,539.59,0.087914,2,0
8,4477,-222.84,122.88,-149.22,225.29,-180.19,247.55,-253.81,145.15,0.086199,0,0
8,4478,55.56,439.58,59.91,473.48,53.94,474.25,49.58,440.34,0.085344,2,0
8,4480,610.22,558.42,628.17,527.79,641.06,535.34,623.11,565.97,0.083533,0,0
8,4484,658.33,290.27,676.84,290.78,676.53,301.98,658.02,301.47,0.080863,0,0
8,4488,99.19,483.66,99.25,494.76,83.42,494.85,83.36,483.75,0.079800,2,0
8,4489,135.12,495.04,151.56,498.99,145.90,522.55,129.46,518.59,0.079330,2,0
8,4490,610.53,741.76,614.26,751.89,604.87,755.35,601.14,745.23,0.078547,2,0
8,4491,443.74,528.29,448.09,518.86,458.84,523.81,454.50,533.25,0.078547,2,0
8,4492,654.36,850.74,660.91,883.17,651.75,885.02,645.21,852.59,0.076947,2,0
8,4495,1155.90,421.72,1193.74,506.06,1167.68,517.76,1129.84,433.41,0.076135,0,0
8,4498,394.54,2.10,399.57,11.16,390.72,16.08,385.69,7.02,0.075760,2,0
8,4499,213.94,646.53,214.51,611.47,229.60,611.72,229.03,646.77,0.075695,2,0
8,4500,876.16,540.68,894.08,539.50,894.52,546.06,876.59,547.24,0.073088,2,0
8,4501,182.06,237.68,192.21,244.92,185.69,254.07,175.54,246.83,0.073045,2,0
8,4502,1143.96,318.18,1154.28,319.25,1152.31,338.18,1141.99,337.10,0.072415,2,0
8,4506,1147.13,344.27,1175.15,383.04,1158.51,395.06,1130.50,356.29,0.070958,0,0
8,4507,1139.19,874.10,1152.29,905.55,1119.19,919.34,1106.09,887.89,0.070196,0,0
8,4510,463.78,586.22,469.61,599.44,459.00,604.12,453.17,590.90,0.069485,2,0
8,4512,600.88,749.53,611.84,794.24,600.39,797.05,589.43,752.34,0.069458,2,0
8,4514,753.77,516.95,758.01,544.68,729.54,549.04,725.30,521.31,0.069147,2,0
8,4515,761.27,441.09,795.78,451.88,789.54,471.83,755.03,461.03,0.069147,2,0
8,4517,-188.38,737.37,-43.80,760.73,-47.47,783.45,-192.05,760.09,0.068628,0,0
8,4518,406.88,-0.23,419.36,-3.38,421.94,6.86,409.46,10.01,0.068391,2,0
8,4523,1358.00,740.33,1545.99,687.38,1555.02,719.45,1367.03,772.39,0.066770,0,0
8,4524,1166.27,669.45,1232.91,688.44,1222.45,725.16,1155.80,706.17,0.066744,0,0
8,4527,1034.87,673.27,1048.30,691.60,1028.41,706.17,1014.98,687.83,0.066420,2,0
8,4529,1088.48,716.82,1102.05,713.57,1105.64,728.55,1092.07,731.80,0.066216,0,0
8,4530,565.22,686.93,597.29,683.48,599.52,704.12,567.44,707.58,0.066216,0,0
8,4534,885.98,866.24,912.80,871.72,911.71,877.04,884.90,871.56,0.065075,0,0
8,4535,1215.90,711.34,1221.57,762.07,1201.63,764.30,1195.95,713.57,0.064539,0,0
8,4536,921.69,639.84,935.90,558.38,965.83,563.60,951.62,645.06,0.064539,0,0
8,4537,751.70,452.75,798.45,453.93,798.11,467.40,751.36,466.22,0.064460,2,0
8,4538,789.64,371.72,805.67,332.08,821.00,338.28,804.96,377.92,0.064460,2,0
8,4539,289.21,108.90,293.59,128.07,281.77,130.77,277.39,111.61,0.064426,2,0
8,4540,41.82,166.48,48.39,152.02,57.63,156.22,51.06,170.68,0.064426,2,0
8,4541,577.59,508.33,608.40,485.15,626.39,509.07,595.58,532.24,0.064361,0,0
8,4543,83.05,365.40,100.11,378.16,97.05,382.25,79.99,369.49,0.063045,2,0
8,4545,529.37,654.97,534.58,642.69,542.32,645.98,537.10,658.25,0.062005,2,0
8,4546,86.94,771.78,91.27,764.19,115.95,778.26,111.62,785.85,0.061998,0,0
8,4552,831.69,767.11,869.42,843.77,832.36,862.02,794.62,785.35,0.061550,0,0
8,4554,386.58,838.09,389.49,814.49,400.29,815.82,397.38,839.43,0.061189,2,0
8,4555,971.38,481.97,1001.21,478.87,1002.11,487.51,972.28,490.62,0.061189,2,0
8,4558,1211.78,710.94,1303.80,704.76,1307.24,756.07,1215.23,762.24,0.060290,0,0
8,4561,630.26,462.15,646.33,509.08,619.46,518.28,603.39,471.35,0.059912,0,0
8,4564,137.70,722.72,147.59,721.54,148.92,732.64,139.03,733.82,0.059549,2,0
8,4565,95.32,331.95,102.76,341.55,88.28,352.77,80.84,343.17,0.059544,2,0
8,4567,501.69,801.93,521.05,818.78,505.84,836.26,486.48,819.41,0.058958,2,0
8,4568,258.59,464.64,259.43,444.70,267.85,445.06,267.02,464.99,0.058834,2,0
8,4569,1733.23,168.47,1773.36,321.42,1727.33,333.50,1687.20,180.55,0.058592,0,0
8,4570,690.15,604.71,707.71,646.09,686.99,654.89,669.42,613.51,0.058503,2,0
8,4571,667.23,677.54,672.39,719.56,655.32,721.66,650.16,679.63,0.058503,2,0
8,4575,925.53,474.40,936.54,457.92,967.45,478.57,956.44,495.05,0.058411,2,0
8,4576,272.60,618.54,303.57,614.05,305.93,630.36,274.97,634.86,0.058207,2,0
8,4578,516.77,577.60,517.02,584.30,484.75,585.48,484.51,578.78,0.058160,2,0
8,4579,872.21,524.92,905.50,539.59,899.44,553.33,866.15,538.66,0.058160,2,0
8,4580,1101.24,664.42,1155.88,769.94,1137.87,779.27,1083.23,673.75,0.058145,0,0
8,4582,74.41,636.92,85.61,640.51,80.91,655.21,69.70,651.63,0.057803,2,0
8,4583,338.37,340.33,363.11,358.64,353.10,372.18,328.35,353.87,0.057764,0,0
8,4584,435.73,596.85,441.21,635.82,396.70,642.09,391.21,603.12,0.057737,2,0
8,4585,1293.55,607.79,1340.31,594.43,1341.58,598.87,1294.82,612.24,0.057672,0,0
8,4588,561.61,814.59,588.04,858.87,577.47,865.18,551.04,820.90,0.057553,2,0
8,4589,97.11,294.29,109.87,305.95,102.05,314.51,89.28,302.85,0.057553,2,0
8,4590,982.89,607.38,1000.50,604.50,1002.18,614.78,984.57,617.65,0.057479,2,0
8,4591,700.39,783.19,707.66,752.44,718.46,754.99,711.19,785.75,0.057479,2,0
8,4592,1704.67,554.25,1830.67,488.45,1836.74,500.07,1710.74,565.87,0.057450,0,0
8,4595,1230.59,475.04,1274.16,447.10,1283.36,461.45,1239.79,489.38,0.057241,0,0
8,4596,471.13,725.45,502.38,739.91,485.76,775.82,454.51,761.36,0.057241,0,0
8,4597,126.58,554.63,136.33,540.86,143.83,546.16,134.08,559.94,0.057212,2,0
8,4598,752.53,512.59,752.92,497.54,788.99,498.48,788.60,513.53,0.057195,0,0
8,4599,147.76,718.15,184.30,720.36,183.30,736.83,146.76,734.62,0.057105,2,0
8,4600,222.09,499.95,238.28,508.70,229.70,524.56,213.51,515.81,0.057105,2,0
8,4601,505.99,106.80,521.07,124.25,510.76,133.16,495.68,115.71,0.057070,2,0
8,4602,69.52,302.85,114.35,306.18,112.69,328.45,67.87,325.12,0.057070,2,0
8,4603,182.30,627.12,218.53,603.16,224.19,611.73,187.96,635.68,0.056902,2,0
8,4607,914.29,637.00,917.75,648.17,895.46,655.09,891.99,643.92,0.056796,2,0
8,4608,379.33,370.31,385.58,366.64,395.04,382.76,388.79,386.43,0.056743,2,0
8,4609,664.52,338.38,668.04,353.98,655.01,356.92,651.50,341.32,0.056665,2,0
8,4616,418.45,593.35,470.49,567.92,473.03,573.13,421.00,598.56,0.056359,2,0
8,4619,335.07,529.14,336.93,537.74,321.77,541.03,319.91,532.42,0.055988,2,0
8,4620,283.19,233.00,315.02,264.47,304.71,274.89,272.89,243.42,0.055825,2,0
8,4621,294.38,546.72,300.52,546.35,301.49,562.73,295.36,563.10,0.055620,2,0
8,4622,1044.11,737.54,1050.06,723.22,1062.51,728.40,1056.56,742.71,0.055620,2,0
8,4625,291.24,501.56,309.75,549.04,289.49,556.94,270.98,509.47,0.055547,2,0
8,4627,750.80,734.68,759.81,716.92,774.85,724.56,765.84,742.31,0.055045,2,0
8,4628,375.67,42.94,389.19,68.92,371.22,78.27,357.71,52.29,0.055037,2,0
8,4629,226.59,46.68,244.17,70.96,225.78,84.27,208.21,59.99,0.055037,2,0
8,4630,20.68,587.60,35.57,625.08,21.89,630.51,7.00,593.03,0.055002,2,0
8,4631,1120.42,732.34,1175.82,763.08,1164.78,782.96,1109.39,752.22,0.054938,0,0
8,4632,1296.84,751.41,1302.45,732.93,1317.17,737.40,1311.56,755.88,0.054869,0,0
8,4633,682.38,786.96,716.60,809.16,710.18,819.05,675.97,796.85,0.054837,0,0
8,4634,721.37,811.73,758.56,818.61,755.97,832.58,718.79,825.70,0.054807,2,0
8,4635,777.60,424.69,818.69,445.03,811.51,459.53,770.42,439.19,0.054416,2,0
8,4636,746.71,472.49,757.49,561.16,742.11,563.03,731.33,474.36,0.054390,2,0
8,4637,852.97,649.54,879.27,661.69,870.35,681.02,844.04,668.87,0.054322,2,0
8,4638,925.83,832.52,957.77,827.34,961.58,850.88,929.64,856.05,0.054322,2,0
8,4639,295.23,688.23,340.91,661.23,345.14,668.39,299.46,695.39,0.054246,0,0
8,4640,-191.37,622.97,-136.57,601.18,-131.33,614.37,-186.13,636.16,0.054246,0,0
8,4641,790.22,1020.49,810.50,1016.64,815.62,1043.58,795.35,1047.43,0.053744,0,0
8,4644,1092.44,699.59,1232.33,686.64,1233.71,701.57,1093.82,714.52,0.053412,0,0
8,4645,1137.41,734.36,1142.02,702.15,1172.77,706.56,1168.16,738.76,0.053369,0,0
8,4646,102.77,662.89,134.45,675.94,125.02,698.82,93.35,685.77,0.053138,0,0
8,4648,244.22,547.22,275.02,534.21,280.69,547.64,249.89,560.65,0.052842,2,0
8,4649,211.94,665.53,236.79,642.98,244.58,651.57,219.73,674.11,0.052842,2,0
8,4650,1148.37,510.16,1213.07,483.47,1229.79,523.98,1165.08,550.68,0.052800,0,0
8,4652,140.56,90.54,185.87,67.11,194.27,83.37,148.96,106.80,0.052653,2,0
8,4653,1228.23,193.41,1251.09,175.76,1256.37,182.60,1233.50,200.24,0.052622,2,0
8,4654,738.26,989.89,750.96,998.03,747.10,1004.06,734.40,995.92,0.052526,2,0
8,4656,1134.15,478.01,1170.59,538.87,1168.63,540.05,1132.18,479.18,0.052357,2,0
8,4657,-47.24,90.59,14.46,90.32,14.53,106.31,-47.17,106.58,0.052355,0,0
8,4658,27.99,516.12,31.62,528.10,20.58,531.45,16.95,519.46,0.052278,2,0
8,4659,1097.68,594.33,1125.39,597.07,1124.17,609.38,1096.46,606.64,0.052278,2,0
8,4660,495.98,163.21,525.11,183.41,521.08,189.23,491.95,169.03,0.052273,0,0
8,4661,1217.22,90.70,1244.15,59.03,1249.84,63.87,1222.91,95.54,0.052273,0,0
8,4663,1075.24,548.94,1083.67,672.04,1070.46,672.95,1062.02,549.85,0.052214,0,0
8,4664,126.67,354.66,170.28,370.30,161.85,393.82,118.24,378.18,0.052207,0,0
8,4665,-333.95,404.92,-236.61,380.97,-231.94,399.95,-329.28,423.89,0.052207,0,0
8,4666,506.53,991.60,520.90,978.32,532.38,990.75,518.01,1004.03,0.052129,2,0
8,4667,900.26,665.20,918.94,653.18,928.56,668.13,909.88,680.15,0.052129,2,0
8,4668,1365.09,545.86,1438.41,547.16,1438.19,559.28,1364.87,557.98,0.052123,0,0
8,4669,216.46,84.01,265.21,76.29,267.62,91.54,218.88,99.26,0.052071,0,0
8,4670,-69.57,147.93,-36.24,157.18,-38.35,164.77,-71.68,155.52,0.052071,0,0
8,4671,1108.71,615.53,1162.32,613.23,1163.43,638.91,1109.81,641.21,0.051902,0,0
8,4672,321.32,864.20,344.77,876.92,333.31,898.05,309.86,885.33,0.051868,0,0
8,4673,827.13,659.60,845.43,761.78,821.65,766.03,803.36,663.85,0.051838,0,0
8,4674,797.45,1007.62,802.77,993.19,831.68,1003.84,826.36,1018.27,0.051794,0,0
8,4675,603.72,669.32,614.92,722.52,581.74,729.51,570.53,676.31,0.051794,0,0
8,4676,722.64,1011.79,732.41,1019.77,716.97,1038.66,707.20,1030.68,0.051753,0,0
8,4678,776.96,804.75,786.22,822.75,779.40,826.26,770.13,808.27,0.051713,2,0
8,4680,822.72,472.08,854.76,497.55,837.81,518.88,805.76,493.41,0.051707,0,0
8,4681,1242.48,486.30,1285.66,559.27,1274.63,565.80,1231.45,492.83,0.051707,0,0
8,4682,-33.28,718.21,6.18,791.89,-4.49,797.60,-43.94,723.92,0.051653,2,0
8,4683,-323.42,638.75,-247.17,658.10,-250.67,671.91,-326.93,652.55,0.051645,2,0
8,4684,740.81,993.82,750.86,1005.30,711.08,1040.13,701.03,1028.65,0.051547,2,0
8,4685,1019.19,380.26,1150.35,389.38,1147.03,437.02,1015.87,427.90,0.051506,0,0
8,4686,848.67,299.94,906.03,295.76,908.83,334.25,851.47,338.42,0.051506,0,0
8,4687,1157.45,811.86,1175.79,817.56,1173.50,824.94,1155.15,819.24,0.051366,2,0
8,4688,781.42,612.68,802.29,637.41,795.86,642.84,774.99,618.11,0.051281,2,0
8,4689,401.39,654.97,411.90,653.53,413.49,665.18,402.98,666.62,0.051168,0,0
8,4690,666.11,670.06,686.54,653.66,701.92,672.80,681.48,689.21,0.051168,0,0
8,4691,1149.03,638.67,1195.57,664.93,1182.77,687.61,1136.23,661.34,0.051014,0,0
8,50,947.85,96.83,970.31,94.32,972.74,115.97,950.28,118.49,0.240342,0,0
8,121,421.18,64.60,436.36,100.18,418.48,107.81,403.30,72.23,0.058622,2,0
8,157,702.06,96.90,880.89,93.61,881.38,120.25,702.56,123.55,0.283149,0,0
8,176,279.57,134.97,281.20,150.73,269.94,151.90,268.30,136.14,0.212315,2,0
8,178,281.10,603.29,294.63,612.69,286.29,624.70,272.76,615.29,0.054898,2,0
8,226,1150.72,202.38,1214.34,204.39,1213.16,241.86,1149.53,239.85,0.241422,0,0
8,295,435.99,688.27,473.44,769.70,448.42,781.20,410.97,699.77,0.200883,0,0
8,301,362.50,223.09,379.89,336.36,348.58,341.16,331.19,227.90,0.235699,0,0
8,390,505.11,445.72,522.18,491.17,499.59,499.65,482.52,454.20,0.056796,2,0
8,436,521.57,506.93,539.14,501.24,543.17,513.70,525.61,519.39,0.066314,2,0
8,444,175.53,707.79,190.98,731.84,176.36,741.23,160.91,717.17,0.055377,2,0
8,448,849.70,717.08,940.82,696.19,953.08,749.67,861.96,770.56,0.053412,0,0
8,577,-18498.66,-2935.97,18798.56,3622.39,18798.55,3622.43,-18498.67,-2935.94,0.061739,2,0
8,641,99.74,372.98,102.26,399.20,88.44,400.53,85.93,374.30,0.069341,2,0
8,642,102.82,550.37,104.98,531.14,113.74,532.12,111.57,551.36,0.054213,2,0
8,665,701.59,754.22,729.98,781.55,722.24,789.59,693.85,762.26,0.057553,2,0
8,672,145.32,104.84,155.04,150.05,139.37,153.42,129.65,108.21,0.119949,2,0
8,761,1313.69,744.15,1352.83,671.94,1385.35,689.56,1346.20,761.78,0.096296,0,0
8,762,64.35,586.42,113.73,558.46,122.67,574.25,73.29,602.20,0.056902,2,0
8,790,255.90,492.64,258.33,453.44,270.58,454.20,268.15,493.40,0.057931,2,0
8,886,944.19,829.50,967.38,890.16,946.79,898.03,923.60,837.37,0.075008,2,0
8,64,879.44,-55.77,897.57,-48.52,887.10,-22.33,868.97,-29.58,0.166680,0,0
8,296,575.77,625.52,580.10,658.57,567.15,660.27,562.83,627.21,0.103878,0,0
8,362,507.13,141.61,606.51,223.63,592.94,240.07,493.56,158.04,0.173647,2,0
8,363,101.26,596.32,126.04,587.96,132.50,607.09,107.72,615.45,0.086427,2,0
8,384,789.81,405.43,802.36,438.59,777.69,447.93,765.14,414.78,0.059532,2,0
8,588,257.55,101.97,285.80,126.01,278.98,134.03,250.73,109.99,0.090259,2,0
8,1020,724.09,177.14,730.91,160.86,739.48,164.44,732.67,180.72,0.189920,2,0
8,1050,479.34,639.09,491.04,624.41,508.71,638.48,497.01,653.16,0.055045,2,0
8,1059,174.34,790.52,242.34,800.21,238.75,825.39,170.75,815.70,0.068628,0,0
8,1071,553.60,159.98,625.69,155.38,628.12,193.47,556.03,198.07,0.266611,0,0
8,1077,1114.73,214.83,1189.10,270.95,1176.85,287.18,1102.48,231.06,0.223160,0,0
8,1097,56.33,478.00,62.53,471.00,70.87,478.38,64.66,485.38,0.058448,2,0
8,1115,-14594288.00,29289328.00,14596404.00,-29287664.00,14596410.00,-29287660.00,-14594282.00,29289332.00,0.089657,2,0
8,1124,465.30,245.12,484.40,238.95,489.02,253.24,469.92,259.40,0.108171,2,0
8,1132,916.98,304.55,960.69,283.75,977.51,319.10,933.80,339.89,0.175140,2,0
8,1190,298.26,277.32,312.68,364.38,274.37,370.73,259.96,283.66,0.135614,0,0
8,1242,1045.97,952.49,1153.66,997.89,1133.97,1044.60,1026.28,999.19,0.061550,0,0
8,1316,923.98,218.61,1004.53,241.75,997.50,266.23,916.95,243.09,0.091755,2,0
8,1386,404.26,313.31,417.46,361.39,382.80,370.91,369.60,322.83,0.051524,2,0
8,1399,164.14,548.88,196.89,570.58,188.67,583.01,155.91,561.30,0.053729,2,0
8,1411,-1434.55,5838.25,2641.65,-4704.04,2641.68,-4704.03,-1434.52,5838.26,0.191613,2,0
8,1435,1333.97,426.86,1615.32,346.57,1630.28,398.96,1348.92,479.26,0.058592,0,0
8,1451,203.20,374.30,221.23,381.92,214.78,397.18,196.75,389.57,0.057737,2,0
8,1488,838.26,428.18,869.39,395.65,893.89,419.09,862.77,451.62,0.207583,2,0
8,1512,123.50,617.37,126.72,639.16,101.69,642.86,98.47,621.07,0.056359,2,0
8,1527,1118.01,590.54,1127.55,571.16,1148.38,581.41,1138.83,600.79,0.052438,2,0
8,1537,913.86,810.17,943.90,854.88,916.49,873.30,886.45,828.59,0.138021,0,0
8,1591,-65.05,548.65,9.97,522.82,18.24,546.84,-56.78,572.67,0.053249,0,0
8,1595,1035.51,435.46,1115.52,473.43,1105.27,495.04,1025.26,457.06,0.063043,2,0
8,1619,916.77,529.00,954.61,557.95,934.04,584.83,896.21,555.87,0.056457,2,0
8,1620,973.75,468.80,983.17,473.69,976.82,485.95,967.40,481.06,0.063560,2,0
8,1651,886.03,645.25,1272.87,557.05,1280.58,590.91,893.74,679.10,0.051281,2,0
8,1663,1030.89,426.77,1043.36,397.92,1060.70,405.41,1048.23,434.26,0.053443,2,0
8,1664,1018.23,321.98,1029.97,393.49,1006.68,397.31,994.94,325.81,0.052987,2,0
8,1670,1326.33,741.05,1406.91,757.35,1403.58,773.83,1323.00,757.54,0.083533,0,0
8,1682,296.08,529.63,335.08,517.76,342.90,543.45,303.90,555.32,0.054938,0,0
8,1688,551.73,777.82,593.00,768.06,600.00,797.65,558.72,807.41,0.053744,0,0
8,1694,-31.89,537.78,-5.36,572.48,-14.97,579.82,-41.49,545.12,0.051562,2,0
8,1705,60.96,459.51,81.03,461.72,79.70,473.82,59.62,471.61,0.053729,2,0
8,1195,929.86,622.48,935.85,608.97,945.97,613.46,939.98,626.97,0.056743,2,0
8,1216,981.06,738.51,1003.43,757.53,993.99,768.64,971.62,749.62,0.051575,2,0
8,1369,508.35,397.64,544.10,461.34,511.51,479.63,475.75,415.93,0.204072,0,0
8,1690,136.08,399.00,157.75,442.03,135.70,453.13,114.03,410.11,0.088802,2,0
8,1773,816.48,412.05,850.59,473.18,809.70,496.00,775.59,434.86,0.052780,2,0
8,1775,493.09,676.35,505.00,684.93,497.59,695.22,485.68,686.65,0.188692,2,0
8,1788,131.68,522.39,140.01,520.56,143.00,534.21,134.67,536.04,0.055591,2,0
8,1826,438.04,538.74,449.03,588.55,409.04,597.37,398.05,547.56,0.095881,0,0
8,1870,810.77,-81.46,867.34,54.01,823.57,72.28,767.01,-63.19,0.131692,0,0
8,1873,437.42,216.59,472.17,221.52,469.67,239.14,434.92,234.21,0.068391,2,0
8,1903,404.50,529.01,437.31,563.83,420.15,580.00,387.34,545.18,0.064327,0,0
8,1906,475.04,589.85,700.42,496.16,729.08,565.11,503.70,658.81,0.122907,0,0
8,1912,82.29,674.09,105.72,618.25,119.16,623.89,95.73,679.73,0.054213,2,0
8,1923,1187.04,336.23,1195.23,362.27,1174.75,368.71,1166.57,342.66,0.057195,0,0
8,1928,498.96,895.00,500.43,912.67,486.62,913.82,485.15,896.14,0.076947,2,0
8,1942,224.40,158.07,244.94,226.37,215.52,235.21,194.99,166.92,0.183349,0,0
8,1964,596.12,298.93,600.03,305.31,588.20,312.55,584.29,306.17,0.173647,2,0
8,1969,418.26,149.06,419.50,171.98,400.60,172.99,399.37,150.08,0.058622,2,0
8,1975,282.05,667.91,290.65,674.87,281.20,686.54,272.60,679.58,0.105761,2,0
8,2006,562.51,882.67,584.68,884.78,582.93,903.17,560.76,901.05,0.110844,2,0
8,2021,447.01,271.57,457.84,314.78,449.50,316.87,438.66,273.66,0.133648,2,0
8,2047,741.58,366.79,765.92,368.96,764.85,380.92,740.51,378.75,0.178143,2,0
8,2066,326.93,705.47,352.18,724.55,342.78,736.99,317.52,717.91,0.161060,2,0
8,2068,408.15,161.49,423.56,159.91,424.65,170.51,409.24,172.09,0.056856,2,0
8,2080,177.26,545.11,293.26,556.85,291.86,570.67,175.86,558.92,0.096034,2,0
8,2086,234.33,593.72,236.70,603.56,223.25,606.80,220.88,596.96,0.058834,2,0
8,2091,1089.65,777.60,1147.91,874.68,1117.54,892.91,1059.27,795.83,0.057599,0,0
8,2092,1232.18,901.65,1279.16,976.15,1223.03,1011.55,1176.04,937.05,0.057496,0,0
8,2135,224.82,475.27,230.74,503.39,206.90,508.41,200.98,480.28,0.058094,0,0
8,2194,1019.53,564.08,1106.93,409.33,1131.68,423.30,1044.27,578.06,0.051934,2,0
8,2198,508.68,720.97,521.52,729.03,516.63,736.84,503.79,728.78,0.112473,2,0
8,2205,756.23,769.53,784.29,807.04,763.56,822.54,735.51,785.04,0.055151,2,0
8,2218,95.79,470.28,96.84,449.87,112.79,450.69,111.74,471.09,0.079800,2,0
8,2223,876.66,1109.38,931.74,1145.27,910.80,1177.41,855.72,1141.52,0.072462,0,0
8,2241,471.85,757.89,481.66,755.38,485.34,769.76,475.52,772.26,0.138321,2,0
8,2251,549.65,760.81,559.99,835.85,534.73,839.33,524.39,764.30,0.106882,0,0
8,2253,169.38,541.41,202.25,602.69,182.26,613.41,149.39,552.13,0.053942,0,0
8,2267,128.17,475.37,137.86,474.80,138.48,485.33,128.79,485.90,0.096034,2,0
8,2304,877.40,580.21,882.02,593.03,870.11,597.32,865.49,584.51,0.056519,2,0
8,2311,161.84,305.36,190.99,313.41,187.38,326.49,158.23,318.44,0.109584,2,0
8,2313,725.91,334.76,786.55,365.71,769.40,399.31,708.76,368.36,0.056457,2,0
8,2328,542.37,665.08,544.30,673.48,528.50,677.12,526.57,668.72,0.064459,2,0
8,2341,836.52,571.11,880.93,606.52,861.45,630.94,817.05,595.52,0.059683,0,0
8,7,953.58,38.90,1014.57,49.22,1009.42,79.64,948.43,69.32,0.359345,0,0
8,136,651.61,150.75,747.80,26.58,809.71,74.54,713.51,198.70,0.137352,0,0
8,169,75.41,110.21,85.40,118.45,75.11,130.91,65.12,122.67,0.110354,2,0
8,201,49.55,388.82,139.96,444.33,124.90,468.85,34.49,413.35,0.142509,0,0
8,220,136.76,767.40,148.37,741.41,160.17,746.69,148.56,772.67,0.083784,2,0
8,246,1105.20,715.89,1137.14,719.26,1135.71,732.76,1103.77,729.39,0.121566,0,0
8,620,244.78,601.53,263.37,574.20,275.60,582.52,257.02,609.85,0.053488,0,0
8,631,1117.74,510.69,1130.35,512.22,1128.57,526.91,1115.97,525.38,0.063043,2,0
8,825,204.57,429.36,223.26,446.28,214.68,455.76,195.99,438.84,0.057450,2,0
8,855,930.69,692.52,943.33,651.71,967.76,659.28,955.12,700.08,0.054390,2,0
8,901,1335.82,389.71,1381.54,492.92,1350.63,506.61,1304.91,403.40,0.052820,0,0
8,949,107.12,127.58,187.15,153.60,173.80,194.65,93.77,168.63,0.052355,0,0
8,1482,201.43,541.44,212.56,553.31,206.69,558.82,195.56,546.95,0.056125,2,0
8,1613,1396.45,631.24,1559.43,608.55,1564.95,648.23,1401.97,670.92,0.084922,0,0
8,1706,857.88,782.66,880.23,709.58,908.83,718.32,886.48,791.41,0.051366,2,0
8,1881,122.06,179.62,138.33,192.21,121.08,214.50,104.81,201.91,0.112127,0,0
8,2309,604.82,618.07,606.81,634.08,593.10,635.79,591.11,619.77,0.126669,2,0
8,2338,824.50,632.15,1016.08,519.89,1036.22,554.26,844.64,666.52,0.051547,2,0
8,2344,479.10,713.50,502.08,775.88,492.20,779.52,469.22,717.14,0.057231,2,0
8,329,851.90,892.47,878.52,911.67,866.69,928.07,840.07,908.87,0.051868,0,0
8,511,1281.51,518.53,1314.49,514.38,1317.10,535.11,1284.12,539.26,0.073689,0,0
8,847,866.24,790.88,887.54,797.14,884.19,808.54,862.89,802.27,0.056756,2,0
8,2374,459.21,356.71,495.53,348.46,499.81,367.32,463.50,375.57,0.266505,0,0
8,2411,299.33,371.39,380.15,339.01,391.70,367.83,310.87,400.20,0.051425,0,0
8,2417,1106.93,355.15,1170.21,347.60,1176.83,403.13,1113.55,410.68,0.054655,0,0
8,2434,1190.05,858.59,1203.16,966.41,1165.24,971.02,1152.13,863.21,0.057672,0,0
8,2447,873.14,871.04,892.89,878.31,888.48,890.29,868.73,883.02,0.088855,2,0
8,2448,686.81,535.43,792.27,559.48,785.45,589.41,679.99,565.35,0.176741,0,0
8,2459,368.60,158.25,414.52,121.74,425.25,135.23,379.33,171.75,0.142823,2,0
8,2482,375.96,132.88,399.86,163.78,376.93,181.52,353.03,150.62,0.059544,2,0
8,2497,547.75,109.88,583.41,125.00,575.09,144.63,539.43,129.51,0.175140,2,0
8,2503,1097.64,617.07,1154.27,609.62,1154.87,614.23,1098.25,621.69,0.057889,2,0
8,2510,1145.41,483.68,1179.43,544.68,1166.69,551.79,1132.67,490.79,0.139709,0,0
8,2523,511.18,372.02,519.69,403.42,513.04,405.23,504.53,373.83,0.065313,2,0
8,2595,579.52,698.71,589.77,761.69,565.14,765.70,554.89,702.71,0.058635,2,0
8,2609,1085.61,765.69,1087.24,832.82,1041.04,833.94,1039.41,766.81,0.072825,0,0
8,2612,687.43,786.10,748.67,767.09,755.68,789.69,694.45,808.70,0.051902,0,0
8,2615,984.48,741.85,1025.60,842.84,947.82,874.50,906.71,773.51,0.052215,2,0
8,2616,523.23,762.06,548.79,758.64,551.57,779.44,526.01,782.85,0.066704,2,0
8,2631,1122.72,815.49,1131.45,798.01,1140.46,802.52,1131.73,819.99,0.064469,2,0
8,2664,178.73,348.71,182.13,363.71,173.06,365.76,169.66,350.77,0.062222,2,0
8,2666,132.75,314.11,205.29,377.19,176.31,410.51,103.78,347.43,0.052007,2,0
8,2673,831.54,756.89,842.40,806.28,812.95,812.75,802.09,763.37,0.054716,2,0
8,2717,527.72,287.35,530.87,315.47,517.50,316.97,514.35,288.84,0.065041,2,0
8,2726,-9.02,573.87,8.46,556.40,20.87,568.82,3.39,586.29,0.075695,2,0
8,2733,495.33,490.53,504.67,494.45,499.76,506.14,490.43,502.22,0.091818,2,0
8,2752,308.11,474.24,331.44,522.06,299.45,537.66,276.12,489.84,0.058958,2,0
8,2770,1085.19,489.19,1091.33,444.15,1106.14,446.17,1100.00,491.21,0.094859,2,0
8,2778,401.19,553.58,406.68,582.87,382.59,587.38,377.10,558.10,0.055591,2,0
8,2784,-38604.68,-17270.68,40297.94,17293.76,40297.89,17293.88,-38604.74,-17270.55,0.133888,2,0
8,2845,737.08,362.81,769.21,387.64,757.86,402.32,725.74,377.49,0.129899,0,0
8,63,1126.49,123.99,1173.28,203.18,1137.64,224.24,1090.85,145.04,0.112342,0,0
8,74,277.85,521.07,319.14,633.89,290.09,644.53,248.80,531.71,0.064327,0,0
8,426,1049.44,848.48,1071.48,850.38,1070.48,861.98,1048.44,860.08,0.054807,2,0
8,428,1238.94,442.21,1258.00,464.01,1232.26,486.51,1213.20,464.71,0.053228,0,0
8,435,71.51,310.01,109.45,274.14,118.61,283.83,80.67,319.69,0.051562,2,0
8,490,1189.57,264.39,1195.42,287.32,1159.30,296.53,1153.45,273.60,0.218147,0,0
8,575,667.07,679.19,712.89,722.55,693.53,743.01,647.71,699.64,0.052184,2,0
8,712,-79.16,234.98,-29.68,202.50,-19.05,218.70,-68.53,251.17,0.055020,0,0
8,840,580.54,636.44,604.78,622.94,612.04,635.98,587.80,649.48,0.133662,2,0
8,943,632.71,447.95,819.87,525.44,801.55,569.69,614.39,492.20,0.084837,0,0
8,1013,1133.55,357.52,1181.84,451.56,1135.98,475.11,1087.69,381.07,0.218147,0,0
8,1112,972.88,753.31,1119.97,833.21,1086.11,895.55,939.01,815.65,0.096296,0,0
8,1323,1000.92,752.56,1080.06,702.69,1098.58,732.09,1019.45,781.96,0.054716,2,0
8,1498,289.97,326.33,303.91,328.03,302.40,340.42,288.46,338.72,0.054199,2,0
8,1627,1391.49,558.97,1412.83,444.04,1437.58,448.64,1416.24,563.57,0.057033,0,0
8,44,579.91,419.52,625.72,565.48,585.09,578.23,539.28,432.27,0.260818,0,0
8,645,41.94,248.35,157.23,187.27,166.71,205.16,51.42,266.24,0.061192,2,0
8,841,857.59,930.56,875.72,858.28,905.57,865.77,887.43,938.05,0.075008,2,0
8,2566,533.02,601.98,540.36,634.75,517.90,639.77,510.56,607.00,0.079487,2,0
8,771,1028.07,673.12,1069.40,662.97,1075.07,686.05,1033.73,696.20,0.056245,2,0
8,792,934.15,605.91,945.76,640.31,924.02,647.65,912.41,613.25,0.051251,2,0
8,805,1031.31,862.53,1129.21,851.36,1133.26,886.82,1035.36,897.99,0.072462,0,0
8,37,429.03,33.54,466.11,105.82,427.39,125.68,390.31,53.40,0.154966,0,0
8,1085,435.59,587.67,482.37,578.92,486.02,598.45,439.25,607.21,0.094397,2,0
8,1092,918.96,185.58,967.08,178.13,970.59,200.80,922.48,208.25,0.237099,0,0
8,2869,631.14,227.19,792.70,443.47,747.84,476.99,586.27,260.70,0.306340,0,0
8,2870,662.04,116.38,746.85,431.31,700.01,443.92,615.20,129.00,0.400429,0,0
8,2884,295.86,577.90,428.02,874.52,391.52,890.79,259.36,594.17,0.058094,0,0
8,2888,878.76,173.99,989.77,162.72,993.08,195.32,882.07,206.59,0.241367,0,0
8,2899,461.62,338.92,480.30,339.34,480.01,352.13,461.33,351.71,0.152233,2,0
8,2906,452.08,783.97,487.13,778.15,489.87,794.64,454.83,800.47,0.100879,2,0
8,2909,341.97,47.45,373.73,126.37,356.85,133.16,325.09,54.24,0.119949,2,0
8,2915,295.68,665.54,334.12,656.79,339.00,678.26,300.56,687.01,0.079330,2,0
8,2916,540.30,733.96,548.94,750.90,539.72,755.59,531.09,738.65,0.176663,2,0
8,2922,628.48,227.65,635.20,331.60,595.73,334.15,589.00,230.21,0.300053,0,0
8,2926,682.90,171.07,761.28,260.46,719.28,297.29,640.90,207.89,0.281713,0,0
8,2946,35.47,165.27,51.20,173.00,45.04,185.54,29.31,177.81,0.056856,2,0
8,2963,574.93,194.17,794.70,138.13,809.80,197.34,590.03,253.38,0.174684,0,0
8,2964,86.85,212.54,102.78,196.24,114.68,207.87,98.75,224.17,0.051695,0,0
8,2976,224.61,225.44,275.85,303.60,245.24,323.67,194.00,245.50,0.086199,0,0
8,2982,326.74,827.62,327.89,843.59,304.65,845.26,303.50,829.29,0.114121,2,0
8,2992,46.85,654.54,47.92,665.97,36.08,667.08,35.01,655.65,0.083784,2,0
8,2994,195.37,473.85,227.88,477.53,225.62,497.54,193.10,493.85,0.057398,2,0
8,2996,569.34,655.81,616.35,573.47,649.24,592.24,602.24,674.59,0.063560,2,0
8,2997,-6948.20,1381.91,7256.99,-237.84,7257.00,-237.73,-6948.19,1382.01,0.069001,2,0
8,3024,365.36,626.16,368.60,659.68,349.12,661.56,345.87,628.04,0.087914,2,0
8,3067,718.59,120.05,732.54,150.61,722.37,155.25,708.43,124.69,0.209124,0,0
8,3088,1125.23,751.70,1137.89,838.56,1091.47,845.32,1078.81,758.47,0.055628,2,0
8,3106,152.53,519.66,173.89,517.27,175.88,535.10,154.52,537.49,0.057230,2,0
8,3141,434.19,546.98,465.52,572.97,446.78,595.56,415.44,569.57,0.059451,2,0
8,3158,187.83,433.23,309.51,487.90,297.49,514.67,175.80,460.00,0.106263,0,0
8,3165,239.52,752.99,250.63,771.40,242.83,776.11,231.72,757.69,0.065218,2,0
8,3167,738.10,463.41,739.24,506.47,719.34,507.00,718.19,463.94,0.094859,2,0
8,3192,578.99,900.95,592.09,882.55,604.66,891.50,591.55,909.90,0.055377,2,0
8,3196,634.81,823.59,716.07,764.95,738.05,795.41,656.80,854.05,0.053229,0,0
8,3236,804.76,806.41,822.76,800.18,827.01,812.46,809.01,818.69,0.056756,2,0
8,3252,114.28,695.90,126.45,720.64,108.12,729.66,95.95,704.92,0.057212,2,0
8,3257,1167.54,893.03,1216.11,833.86,1234.84,849.23,1186.27,908.40,0.051838,0,0
8,3273,320.88,496.96,331.08,479.20,343.04,486.06,332.84,503.82,0.064361,0,0
8,3294,587.29,763.55,594.71,750.90,612.84,761.54,605.42,774.19,0.098464,2,0
8,3299,237.11,658.00,261.67,649.17,266.41,662.34,241.86,671.18,0.054898,2,0
8,3303,978.64,585.36,1014.01,622.08,990.65,644.58,955.28,607.86,0.055927,2,0
8,3310,437.69,519.85,464.08,527.96,457.55,549.19,431.17,541.08,0.091818,2,0
8,3327,737.85,521.68,801.14,531.86,794.41,573.66,731.13,563.48,0.053441,2,0
8,3334,-248.19,569.47,-185.16,548.87,-178.65,568.80,-241.68,589.40,0.055020,0,0
8,326,273.20,73.39,280.81,106.68,264.46,110.42,256.85,77.13,0.108342,2,0
8,400,709.32,289.69,856.90,352.40,851.22,365.78,703.64,303.06,0.101804,2,0
8,417,1079.69,7.47,1106.92,56.05,1093.25,63.72,1066.02,15.13,0.154107,2,0
8,688,869.61,344.11,890.57,414.61,852.41,425.95,831.45,355.46,0.090225,0,0
8,717,1450.36,501.30,1454.27,630.76,1398.17,632.46,1394.26,502.99,0.060348,0,0
8,770,950.68,513.80,962.19,537.51,948.37,544.21,936.86,520.51,0.055628,2,0
8,561,458.91,524.39,555.24,572.28,538.29,606.37,441.96,558.48,0.051778,0,0
8,601,571.87,205.97,596.91,374.68,542.86,382.70,517.83,213.99,0.160292,0,0
8,1012,1118.83,543.04,1152.62,570.64,1141.08,584.77,1107.29,557.17,0.056710,0,0
8,1146,547.78,720.90,552.54,709.55,561.77,713.43,557.01,724.78,0.091894,2,0
8,1205,1055.38,769.15,1094.54,799.98,1084.88,812.26,1045.72,781.43,0.051575,2,0
8,1272,694.36,861.34,701.64,887.90,663.92,898.24,656.64,871.68,0.053947,0,0
8,1384,581.26,626.83,581.78,646.33,567.90,646.71,567.38,627.21,0.141204,2,0
8,1485,460.21,339.76,476.20,320.98,485.57,328.95,469.58,347.74,0.058667,2,0
8,1519,381.63,872.52,390.82,948.76,343.93,954.41,334.73,878.17,0.119073,0,0
8,1546,810.64,559.28,812.80,609.41,783.82,610.65,781.66,560.53,0.055415,2,0
8,1634,616.77,549.73,647.57,601.97,595.35,632.76,564.55,580.52,0.051742,2,0
8,1266,531.83,561.33,535.90,586.01,521.13,588.44,517.07,563.76,0.169026,2,0
8,1342,712.30,977.84,776.64,926.01,795.55,949.49,731.21,1001.31,0.053229,0,0
8,1757,573.17,521.42,586.98,-75.48,669.74,-73.57,655.92,523.34,0.241868,0,0
8,1789,1019.17,28.79,1061.85,46.59,1052.66,68.64,1009.98,50.84,0.242153,0,0
8,1861,609.53,803.69,610.62,825.73,591.76,826.66,590.68,804.63,0.099462,2,0
8,1867,475.37,834.22,494.80,734.80,528.44,741.38,509.01,840.80,0.114887,0,0
8,1878,-36.67,817.33,-30.55,697.11,18.22,699.59,12.11,819.81,0.114887,0,0
8,1901,244.51,472.00,254.06,489.63,236.70,499.03,227.15,481.40,0.056461,2,0
8,2039,211.82,729.66,226.25,737.64,221.23,746.73,206.79,738.75,0.057803,2,0
8,2140,461.02,443.68,463.59,474.52,452.18,475.47,449.61,444.63,0.057931,2,0
8,2317,683.43,668.87,685.20,693.55,670.33,694.62,668.56,669.94,0.065218,2,0
8,34,814.84,339.73,836.90,450.50,791.94,459.45,769.88,348.68,0.189070,0,0
8,451,305.38,913.90,405.38,875.25,421.78,917.67,321.78,956.32,0.057742,0,0
8,658,760.83,808.76,761.96,828.77,744.95,829.73,743.82,809.72,0.069458,2,0
8,137,525.11,332.75,710.92,234.61,737.97,285.82,552.15,383.96,0.311272,0,0
8,255,735.02,63.58,837.57,64.50,837.36,87.82,734.81,86.90,0.240342,0,0
8,919,602.46,259.04,743.39,246.06,748.50,301.60,607.57,314.58,0.266505,0,0
8,940,678.01,557.60,850.89,629.82,820.13,703.47,647.24,631.25,0.084837,0,0
8,1746,725.73,225.71,797.63,325.22,760.48,352.06,688.58,252.55,0.291675,0,0
8,94,891.98,12.09,966.93,78.56,943.82,104.62,868.87,38.15,0.231653,0,0
8,2649,725.63,451.17,977.43,459.63,975.81,507.99,724.00,499.53,0.200883,0,0
8,850,1358.16,721.06,1437.43,819.51,1402.47,847.66,1323.19,749.21,0.057496,0,0
8,597,1099.75,647.95,1162.77,561.39,1189.57,580.90,1126.56,667.46,0.057450,0,0
8,3074,-83.13,607.27,-3.42,628.91,-8.32,646.94,-88.03,625.30,0.053138,0,0
8,3084,1093.73,795.72,1329.69,699.47,1343.98,734.49,1108.02,830.74,0.059223,0,0
8,3113,634.44,109.92,636.94,-9.33,687.51,-8.27,685.01,110.97,0.275334,0,0
8,3239,973.17,716.01,1019.77,746.75,1004.10,770.50,957.50,739.75,0.051251,2,0
8,3308,277.77,650.48,322.89,639.19,327.90,659.18,282.78,670.48,0.133477,2,0
8,3356,873.51,574.01,908.96,533.97,929.94,552.54,894.50,592.58,0.061524,2,0
8,916,749.37,294.98,753.78,223.50,786.10,225.49,781.69,296.97,0.149326,0,0
8,983,679.48,-37.63,755.96,68.35,724.23,91.25,647.75,-14.73,0.202803,0,0
8,1755,762.21,164.17,781.74,233.70,762.03,239.23,742.50,169.70,0.193456,0,0
8,1899,943.31,756.02,956.99,718.61,975.80,725.49,962.12,762.90,0.057231,2,0
8,2164,1125.46,873.90,1135.55,622.03,1182.43,623.90,1172.33,875.78,0.070196,0,0
8,2307,55.24,555.02,150.52,505.01,167.08,536.56,71.80,586.57,0.053942,0,0
8,260,857.52,127.41,888.90,188.17,856.14,205.09,824.76,144.34,0.261905,0,0
8,498,422.68,521.10,443.19,530.11,437.42,543.24,416.91,534.23,0.139808,2,0
8,907,1394.53,808.16,1408.05,749.21,1439.22,756.36,1425.69,815.31,0.059223,0,0
8,3376,925.92,175.80,931.69,113.79,957.14,116.16,951.37,178.17,0.284260,0,0
8,3383,540.42,293.99,746.63,231.92,765.52,294.66,559.31,356.73,0.283149,0,0
8,3390,676.05,24.22,707.01,139.61,682.53,146.17,651.57,30.78,0.193456,0,0
8,3391,659.84,64.72,711.41,168.54,673.94,187.15,622.37,83.33,0.351303,0,0
8,3392,700.77,9.48,732.96,27.67,722.75,45.74,690.56,27.54,0.153695,0,0
8,3396,742.49,341.77,869.79,403.04,855.20,433.36,727.89,372.09,0.052820,0,0
8,3400,698.93,60.11,701.85,88.28,688.67,89.64,685.76,61.47,0.197853,2,0
8,3402,648.57,160.72,699.87,145.32,716.01,199.06,664.71,214.46,0.348258,0,0
8,3408,566.19,550.01,663.23,621.13,639.81,653.09,542.77,581.97,0.184847,0,0
8,3414,650.51,626.03,693.55,563.51,713.08,576.95,670.04,639.47,0.106263,0,0
8,3417,628.94,366.83,674.78,376.50,659.35,449.59,613.51,439.92,0.188348,0,0
8,3418,560.84,242.56,657.17,223.91,663.36,255.85,567.02,274.50,0.237582,0,0
8,3419,785.26,89.97,821.61,96.13,816.16,128.30,779.81,122.14,0.106515,2,0
8,3429,816.74,275.10,850.14,260.05,857.56,276.51,824.16,291.56,0.154475,2,0
8,3435,718.79,112.10,721.96,125.59,711.28,128.10,708.10,114.61,0.145844,2,0
8,3445,964.45,272.32,985.11,277.66,979.58,299.09,958.92,293.75,0.181113,0,0
8,3447,684.89,165.91,729.53,176.49,722.54,205.99,677.90,195.41,0.237582,0,0
8,3453,392.78,215.71,414.61,204.48,419.57,214.13,397.74,225.35,0.061192,2,0
8,3465,620.38,728.49,664.06,691.28,690.14,721.88,646.46,759.10,0.053228,0,0
8,3471,560.95,222.38,569.61,234.60,555.77,244.40,547.12,232.18,0.179267,2,0
8,3473,388.60,627.35,402.38,612.60,418.05,627.24,404.27,641.98,0.086427,2,0
8,3492,898.23,380.34,901.12,406.70,883.46,408.64,880.57,382.28,0.179267,2,0
8,3495,974.52,301.62,1010.99,294.02,1013.42,305.69,976.95,313.29,0.065877,2,0
8,3501,568.18,499.43,572.72,480.01,589.46,483.93,584.92,503.35,0.131993,2,0
8,3506,307.96,845.99,319.71,833.56,337.34,850.21,325.60,862.65,0.057230,2,0
8,3530,592.27,815.15,596.25,790.84,625.74,795.66,621.77,819.97,0.064469,2,0
8,3548,853.29,480.56,862.38,490.41,853.64,498.48,844.55,488.63,0.058960,2,0
8,3555,156.39,159.56,165.35,182.78,152.73,187.65,143.77,164.42,0.065326,2,0
8,3557,724.15,643.53,743.85,674.80,728.15,684.69,708.45,653.42,0.053369,0,0
8,3577,636.38,354.10,643.33,435.45,614.74,437.89,607.80,356.54,0.149326,0,0
8,3581,1073.98,522.05,1083.57,532.77,1074.98,540.46,1065.39,529.74,0.051524,2,0
8,3582,144.62,539.88,156.14,540.47,155.62,550.42,144.10,549.82,0.058481,2,0
8,3592,469.00,404.68,497.24,388.37,502.90,398.17,474.66,414.48,0.073088,2,0
8,3625,481.63,489.14,500.75,490.30,499.71,507.52,480.59,506.37,0.094397,2,0
8,3629,515.27,660.43,518.97,669.88,506.89,674.62,503.19,665.17,0.095241,2,0
8,3642,1204.57,807.63,1262.60,722.67,1291.81,742.63,1233.79,827.59,0.066744,0,0
8,3645,837.23,424.96,936.64,415.74,938.83,439.31,839.42,448.53,0.158837,2,0
8,3646,1034.93,737.53,1054.91,836.95,1021.99,843.56,1002.01,744.14,0.131310,0,0
8,3648,1141.95,683.92,1220.65,684.07,1220.57,725.48,1141.87,725.33,0.106318,0,0
8,3657,1358.49,373.59,1499.69,562.89,1459.91,592.56,1318.71,403.26,0.082143,0,0
8,3678,-16.00,513.58,20.32,494.46,26.60,506.38,-9.73,525.50,0.051695,0,0
8,3693,671.19,794.91,701.15,813.14,694.50,824.07,664.54,805.84,0.055151,2,0
8,3706,646.21,648.74,658.60,675.34,646.01,681.20,633.62,654.61,0.132564,2,0
8,3710,811.31,826.90,812.15,835.86,789.78,837.96,788.93,829.01,0.123066,2,0
8,3748,235.77,64.77,261.04,105.65,253.43,110.35,228.16,69.47,0.133569,2,0
8,3757,1199.18,622.08,1209.68,594.39,1234.07,603.64,1223.57,631.33,0.161188,0,0
8,3787,1180.94,562.03,1210.91,584.47,1201.86,596.56,1171.89,574.12,0.139709,0,0
8,3790,691.62,515.78,721.43,576.58,688.43,592.77,658.61,531.97,0.183349,0,0
8,3791,878.29,623.96,892.46,658.20,875.29,665.31,861.12,631.06,0.059912,0,0
8,3792,-120.95,543.88,-86.21,521.18,-69.31,547.06,-104.05,569.75,0.053488,0,0
8,3816,689.51,594.62,699.77,629.93,677.51,636.40,667.25,601.09,0.079487,2,0
8,3834,-32.07,145.75,23.05,153.92,19.15,180.26,-35.98,172.09,0.052653,2,0
8,3837,915.45,713.93,998.46,653.29,1029.59,695.90,946.57,756.54,0.054925,2,0
8,3838,699.65,695.34,762.58,735.05,747.95,758.22,685.03,718.50,0.056245,2,0
8,278,597.55,828.17,600.28,774.83,644.41,777.09,641.68,830.43,0.120794,0,0
8,413,592.67,209.50,635.38,155.28,665.45,178.97,622.74,233.18,0.224259,0,0
8,503,1188.76,359.32,1248.39,383.50,1238.60,407.64,1178.97,383.45,0.241422,0,0
8,537,1121.08,893.60,1134.82,987.67,1111.29,991.11,1097.54,897.04,0.053947,0,0
8,800,578.46,769.67,579.71,794.40,544.26,796.20,543.00,771.48,0.073689,0,0
8,824,855.85,-139.16,1001.20,22.82,971.81,49.18,826.47,-112.80,0.202803,0,0
8,110,432.28,670.82,478.74,735.64,438.63,764.39,392.17,699.56,0.221172,0,0
8,610,679.28,578.46,719.12,611.66,694.97,640.65,655.12,607.44,0.176741,0,0
8,1007,385.23,450.06,466.89,399.64,489.55,436.33,407.89,486.76,0.221251,0,0
8,1202,649.97,353.35,687.48,360.75,683.38,381.52,645.87,374.12,0.090568,2,0
8,1315,66.60,475.17,97.53,475.93,97.10,493.57,66.17,492.82,0.057398,2,0
8,1321,986.15,250.79,1027.46,260.94,1022.01,283.12,980.70,272.97,0.181113,0,0
8,1329,450.10,422.69,460.00,456.86,440.29,462.57,430.39,428.39,0.059299,2,0
8,1402,1095.61,666.78,1169.25,643.57,1189.08,706.46,1115.44,729.67,0.121566,0,0
8,1524,927.94,441.51,928.04,400.67,946.70,400.72,946.60,441.56,0.123800,2,0
8,1599,1141.86,822.94,1164.24,789.19,1182.64,801.40,1160.26,835.14,0.061524,2,0
8,1602,505.77,882.05,559.95,858.12,565.78,871.33,511.61,895.26,0.110844,2,0
8,1642,1016.85,452.51,1028.81,431.09,1039.69,437.16,1027.72,458.59,0.056461,2,0
8,1692,1177.12,714.83,1249.78,773.19,1236.56,789.65,1163.90,731.29,0.052184,2,0
8,1699,1054.10,479.36,1060.47,515.29,1049.20,517.29,1042.83,481.35,0.059532,2,0
8,250,460.58,62.31,930.43,288.62,894.99,362.20,425.14,135.89,0.180491,0,0
8,1189,974.84,716.68,1395.64,715.69,1395.83,793.80,975.02,794.79,0.066770,0,0
8,1281,885.51,680.88,950.69,711.56,940.27,733.69,875.10,703.01,0.059750,0,0
8,1532,744.44,207.72,765.27,189.37,776.82,202.48,755.98,220.83,0.154475,2,0
8,1796,623.23,267.61,673.44,335.77,648.27,354.32,598.06,286.16,0.351303,0,0
8,1904,596.24,55.00,741.87,624.63,688.88,638.18,543.25,68.55,0.300053,0,0
8,2052,613.35,673.63,617.76,691.31,599.72,695.81,595.31,678.12,0.098464,2,0
8,2186,615.63,666.57,655.99,630.36,676.03,652.69,635.66,688.90,0.055547,2,0
8,2188,1073.43,310.39,1084.10,356.71,1069.46,360.09,1058.79,313.76,0.052007,2,0
8,2310,-77866.39,1217.45,79190.88,505.74,79190.88,505.93,-77866.39,1217.64,0.074670,2,0
8,31,475.75,448.69,785.39,243.74,833.91,317.05,524.27,522.00,0.226229,0,0
8,175,644.97,59.32,766.03,287.03,723.90,309.43,602.84,81.72,0.329723,0,0
8,430,1229.24,539.66,1259.25,568.02,1247.45,580.51,1217.44,552.16,0.088817,0,0
8,823,728.67,326.75,787.98,469.80,752.32,484.58,693.02,341.54,0.122006,0,0
8,1844,845.96,382.08,870.62,395.02,863.17,409.21,838.52,396.28,0.070958,0,0
8,1917,1454.22,705.75,1517.90,775.06,1493.28,797.68,1429.60,728.37,0.056710,0,0
8,552,1093.48,830.64,1131.28,798.50,1145.12,814.78,1107.33,846.92,0.058374,0,0
8,2350,539.05,149.86,729.24,286.78,700.75,326.34,510.57,189.43,0.170998,0,0
8,2354,872.28,26.82,939.25,-26.79,969.65,11.19,902.68,64.80,0.359345,0,0
8,2357,614.93,46.81,728.57,101.60,695.27,170.66,581.63,115.87,0.234358,0,0
8,2410,641.34,298.12,674.67,323.68,651.22,354.27,617.88,328.72,0.236087,0,0
8,2576,278.04,313.49,343.28,314.66,342.99,330.74,277.75,329.56,0.058024,2,0
8,2590,806.55,431.68,819.78,481.31,795.10,487.89,781.87,438.25,0.058411,2,0
8,2597,593.79,59.11,779.31,315.89,737.22,346.29,551.70,89.52,0.414692,0,0
8,2625,824.02,895.73,863.27,858.19,883.30,879.12,844.05,916.66,0.056705,0,0
8,2638,662.16,359.87,760.04,436.95,728.19,477.39,630.31,400.31,0.260818,0,0
8,2663,153.45,434.20,185.49,437.75,182.04,468.82,150.00,465.26,0.051645,2,0
8,2692,-108.22,557.26,19.17,603.21,11.80,623.63,-115.59,577.68,0.051425,0,0
8,2712,430.22,331.77,440.83,334.24,438.69,343.43,428.09,340.96,0.180898,2,0
8,2787,545.34,806.35,549.11,854.33,523.96,856.30,520.19,808.33,0.072705,2,0
8,2859,841.99,809.57,888.58,771.25,900.58,785.84,854.00,824.16,0.052123,0,0
8,560,663.47,819.73,674.08,915.57,630.12,920.43,619.52,824.60,0.061407,0,0
8,624,135.10,525.27,140.64,499.59,155.26,502.74,149.72,528.42,0.055002,2,0
8,802,558.31,428.65,563.00,409.83,577.34,413.40,572.66,432.23,0.147316,2,0
8,896,1201.06,601.49,1262.10,562.73,1286.87,601.75,1225.84,640.51,0.054869,0,0
8,1,538.71,344.09,576.49,328.35,586.03,351.24,548.25,366.98,0.223160,0,0
8,302,1107.06,233.92,1113.88,248.43,1107.87,251.26,1101.05,236.75,0.224259,0,0
8,1158,721.41,514.80,732.60,611.73,674.83,618.40,663.64,521.48,0.131310,0,0
9,2077,975.26,103.36,1041.16,279.46,983.64,300.98,917.74,124.88,0.293243,0,0
9,2352,953.22,570.47,1084.23,618.64,1061.32,680.95,930.31,632.79,0.064770,0,0
9,2901,650.84,570.04,675.32,439.65,725.02,448.98,700.53,579.37,0.353345,0,0
9,2902,367.61,-58.41,447.93,-32.80,432.09,16.85,351.77,-8.77,0.063621,0,0
9,3044,1108.32,159.69,1145.23,147.67,1156.75,183.05,1119.85,195.08,0.068305,0,0
9,3389,558.91,498.33,593.17,425.73,621.82,439.25,587.56,511.85,0.237157,0,0
9,3409,628.97,405.25,692.17,481.37,671.48,498.55,608.28,422.43,0.240401,0,0
9,3412,668.89,813.35,695.79,858.55,667.23,875.55,640.33,830.34,0.100887,0,0
9,3423,703.46,672.19,725.93,544.32,762.37,550.73,739.90,678.60,0.050827,0,0
9,3469,556.81,508.60,952.57,338.65,970.65,380.75,574.89,550.70,0.154016,0,0
9,3714,916.79,143.50,964.82,125.75,977.82,160.92,929.79,178.67,0.086653,0,0
9,3784,499.00,392.45,555.94,393.64,555.59,410.31,498.65,409.12,0.085882,2,0
9,586,-5384250.50,2270883.25,5385454.50,-2269268.75,5385457.50,-2269262.25,-5384247.50,2270889.75,0.135584,2,0
9,942,977.14,525.77,1001.34,609.27,959.00,621.54,934.80,538.04,0.052493,0,0
9,2293,825.10,282.22,832.66,545.67,783.48,547.08,775.93,283.63,0.213963,0,0
9,78,644.02,115.28,736.83,169.58,715.12,206.68,622.32,152.37,0.287449,0,0
9,2653,786.76,262.34,875.83,455.50,825.35,478.78,736.28,285.62,0.184006,0,0
9,2825,892.20,4.79,927.29,120.55,880.31,134.80,845.21,19.04,0.288225,0,0
9,96,601.20,263.70,679.67,224.30,698.65,262.11,620.19,301.51,0.332668,0,0
9,3844,864.52,58.13,1011.82,84.84,999.65,151.95,852.35,125.24,0.312271,0,0
9,3890,940.10,147.82,1034.67,80.15,1042.68,91.35,948.12,159.03,0.177328,2,0
9,4002,853.53,565.63,955.16,584.16,944.95,640.17,843.32,621.64,0.068606,0,0
9,4025,870.75,124.61,960.03,137.88,951.75,193.60,862.47,180.33,0.329322,2,0
9,4159,593.38,317.86,640.46,333.49,630.21,364.37,583.13,348.74,0.117216,0,0
9,4190,1321.91,808.00,1358.32,737.87,1405.52,762.37,1369.11,832.50,0.060034,0,0
9,4217,1053.44,685.30,1127.77,579.82,1187.68,622.04,1113.34,727.52,0.055477,0,0
9,4249,577.22,560.64,687.57,576.26,676.91,651.60,566.56,635.98,0.321970,0,0
9,4276,715.87,170.95,718.18,241.51,662.55,243.33,660.24,172.77,0.100303,0,0
9,4286,888.33,911.17,967.23,1035.13,919.73,1065.36,840.83,941.40,0.053748,0,0
9,4289,1091.91,627.35,1139.54,622.94,1141.12,640.03,1093.49,644.44,0.067937,2,0
9,612,732.81,146.65,799.31,223.05,777.53,242.01,711.03,165.61,0.261869,0,0
9,1102,145.49,766.19,167.30,769.97,164.81,784.30,143.01,780.51,0.086628,2,0
9,20,678.08,190.89,747.30,191.64,746.94,225.16,677.72,224.42,0.275159,0,0
9,1891,435.29,495.53,465.03,436.71,485.34,446.98,455.60,505.80,0.126253,0,0
9,1919,378.26,245.90,396.44,261.46,384.88,274.97,366.70,259.40,0.129840,2,0
9,259,1147.70,640.86,1250.59,437.12,1293.35,458.71,1190.46,662.45,0.136570,0,0
9,2361,1281.89,566.76,1309.42,550.67,1315.59,561.21,1288.06,577.31,0.050184,2,0
9,2829,550.27,372.43,623.00,469.43,599.96,486.70,527.23,389.70,0.212965,0,0
9,2861,1081.83,281.82,1106.40,474.86,1060.48,480.70,1035.91,287.67,0.112786,0,0
9,42,402.39,385.83,438.49,413.69,417.96,440.29,381.86,412.43,0.122713,0,0
9,994,846.32,90.03,882.89,-15.86,930.56,0.60,893.99,106.49,0.072506,0,0
9,1398,1134.42,935.29,1317.47,1113.33,1278.62,1153.27,1095.57,975.23,0.083204,0,0
9,1604,555.43,60.23,587.36,61.52,586.85,74.12,554.92,72.83,0.234744,2,0
9,1002,823.28,48.64,869.15,280.18,820.30,289.85,774.43,58.31,0.353345,0,0
9,2355,533.59,31.37,591.44,78.49,570.49,104.21,512.64,57.09,0.196036,0,0
9,2367,609.54,-36.66,698.22,13.90,682.36,41.73,593.67,-8.84,0.074092,0,0
9,1395,361.33,394.82,377.21,554.38,341.25,557.96,325.37,398.40,0.052914,0,0
9,2872,836.98,604.74,837.74,411.34,914.09,411.64,913.33,605.05,0.165249,0,0
9,2897,1003.82,180.44,1161.28,230.31,1150.08,265.67,992.62,215.80,0.269396,0,0
9,3008,876.26,246.97,884.18,348.65,825.10,353.25,817.18,251.58,0.213963,0,0
9,3072,513.57,602.50,621.13,551.73,643.99,600.17,536.43,650.93,0.289587,0,0
9,3149,661.97,992.40,723.21,862.60,768.95,884.19,707.70,1013.98,0.056986,0,0
9,3272,954.17,570.34,990.87,509.86,1022.27,528.91,985.57,589.39,0.052283,2,0
9,3307,680.17,224.45,751.26,414.16,693.94,435.64,622.84,245.93,0.285360,0,0
9,803,874.01,887.82,1059.32,807.32,1086.72,870.39,901.41,950.89,0.051277,0,0
9,935,925.48,85.50,1026.68,179.51,990.39,218.57,889.20,124.56,0.272941,0,0
9,939,493.08,411.42,573.06,385.48,578.42,401.99,498.44,427.93,0.258682,0,0
9,1249,1037.94,673.16,1116.41,679.69,1114.16,706.73,1035.69,700.21,0.055329,0,0
9,1741,664.95,107.18,688.56,190.95,642.77,203.85,619.16,120.08,0.268182,0,0
9,1742,827.87,68.63,849.82,128.71,817.30,140.59,795.35,80.51,0.228642,0,0
9,1743,838.17,519.25,971.08,521.68,970.34,562.05,837.43,559.63,0.128984,0,0
9,91,627.37,95.31,731.16,132.78,714.90,177.81,611.11,140.34,0.137720,0,0
9,4308,138.28,645.52,162.29,741.72,125.64,750.86,101.64,654.67,0.089131,0,0
9,4309,726.42,206.40,821.91,225.00,811.02,280.91,715.53,262.31,0.224595,0,0
9,4310,1049.92,530.76,1056.35,546.94,1045.33,551.32,1038.90,535.14,0.250975,0,0
9,4312,914.45,292.23,1041.89,238.69,1052.40,263.70,924.96,317.24,0.358282,0,0
9,4314,887.61,412.08,959.70,337.57,974.37,351.76,902.28,426.27,0.075788,0,0
9,4315,1022.87,287.16,1055.15,269.09,1074.35,303.39,1042.07,321.45,0.343027,0,0
9,4316,976.61,167.10,1136.62,300.14,1098.26,346.28,938.25,213.23,0.152053,0,0
9,4332,1013.40,764.45,1018.72,733.05,1036.68,736.09,1031.36,767.49,0.129565,2,0
9,4358,477.38,737.71,492.64,741.10,489.01,757.47,473.74,754.08,0.184268,2,0
9,4368,702.04,280.88,723.70,305.26,714.39,313.54,692.73,289.16,0.221288,2,0
9,4381,843.46,870.62,843.64,950.01,802.51,950.10,802.33,870.71,0.079800,0,0
9,4384,427.68,819.25,456.33,818.69,456.92,848.86,428.27,849.42,0.187650,0,0
9,4386,52.20,560.75,80.98,551.97,85.11,565.49,56.33,574.27,0.108982,2,0
9,4389,129.11,718.20,143.49,725.54,139.47,733.40,125.10,726.06,0.127333,0,0
9,4407,205.07,78.75,212.65,82.39,206.61,94.94,199.03,91.29,0.154334,2,0
9,4414,671.90,473.57,676.57,180.66,720.14,181.36,715.47,474.27,0.189253,0,0
9,4425,571.55,103.03,584.75,12.01,667.06,23.95,653.86,114.97,0.189253,0,0
9,4437,986.54,738.09,1023.16,717.14,1030.81,730.51,994.19,751.47,0.054644,0,0
9,4438,704.70,599.81,707.34,577.55,724.56,579.59,721.92,601.85,0.124136,0,0
9,4443,171.65,618.42,180.47,662.64,170.76,664.58,161.93,620.36,0.111318,2,0
9,4448,675.48,735.28,731.61,562.14,776.44,576.68,720.31,749.81,0.063541,0,0
9,4453,836.54,445.15,863.90,485.69,832.18,507.10,804.82,466.55,0.055544,2,0
9,4480,532.34,421.13,556.81,469.73,536.96,479.72,512.49,431.12,0.238009,0,0
9,4490,567.29,727.98,569.05,744.24,553.87,745.88,552.11,729.63,0.123397,2,0
9,4492,1054.56,518.21,1139.43,556.93,1128.29,581.34,1043.43,542.62,0.179855,2,0
9,4495,695.34,522.24,760.55,522.73,760.40,542.25,695.19,541.76,0.230128,0,0
9,4513,259.22,744.69,260.27,761.23,242.43,762.36,241.38,745.82,0.103708,2,0
9,4515,601.28,666.16,626.28,647.16,637.26,661.61,612.26,680.61,0.111989,2,0
9,4523,1172.10,560.24,1299.19,718.50,1271.88,740.44,1144.79,582.18,0.058727,0,0
9,4536,1233.58,405.76,1266.78,543.12,1216.39,555.30,1183.19,417.94,0.165793,0,0
9,4546,346.87,735.37,371.78,733.41,377.88,810.96,352.96,812.91,0.178335,0,0
9,4552,1017.87,811.22,1077.43,803.37,1081.18,831.79,1021.62,839.65,0.071883,0,0
9,4571,619.23,700.92,652.66,717.10,646.08,730.69,612.65,714.52,0.074477,2,0
9,4580,1111.88,670.17,1310.53,534.02,1334.12,568.45,1135.48,704.60,0.051855,0,0
9,4589,167.99,349.01,180.26,333.33,190.91,341.66,178.64,357.34,0.053857,2,0
9,4602,151.36,133.41,172.32,143.20,167.45,153.63,146.49,143.83,0.070639,2,0
9,4603,123.52,707.90,153.29,659.66,164.84,666.78,135.06,715.02,0.162307,2,0
9,4612,567.46,308.58,588.84,316.66,582.29,333.99,560.91,325.91,0.128513,2,0
9,4631,1164.19,824.72,1244.56,742.28,1274.35,771.32,1193.98,853.76,0.051855,0,0
9,4635,976.57,396.84,991.78,507.22,952.80,512.59,937.59,402.22,0.051542,2,0
9,4636,749.54,490.00,836.15,569.38,822.24,584.56,735.63,505.19,0.052210,2,0
9,4645,979.19,451.16,995.76,458.31,989.19,473.54,972.62,466.39,0.049751,0,0
9,4648,615.73,382.62,638.82,381.68,639.23,391.93,616.14,392.86,0.101794,2,0
9,4649,92.96,429.81,126.02,431.16,125.55,442.68,92.49,441.34,0.083414,2,0
9,4669,363.22,-141.15,424.11,-94.49,409.35,-75.23,348.46,-121.89,0.096165,0,0
9,4671,1176.97,329.34,1219.91,342.22,1213.81,362.57,1170.86,349.69,0.079940,0,0
9,4672,677.07,1052.44,694.88,1092.50,658.70,1108.59,640.88,1068.53,0.054853,0,0
9,4686,1017.25,339.68,1073.70,329.47,1080.48,366.96,1024.03,377.17,0.127518,0,0
9,4691,1260.25,750.53,1338.17,675.16,1374.56,712.79,1296.64,788.15,0.064770,0,0
9,157,661.29,101.48,758.18,-98.13,790.17,-82.60,693.29,117.01,0.067998,0,0
9,761,871.74,499.86,930.05,537.76,912.55,564.71,854.23,526.81,0.049195,0,0
9,1059,267.50,774.16,349.18,756.15,355.87,786.47,274.19,804.49,0.227418,0,0
9,1077,922.73,367.44,1023.58,268.79,1046.06,291.78,945.21,390.43,0.427805,0,0
9,1190,499.83,319.28,587.69,379.70,560.89,418.66,473.04,358.24,0.272116,0,0
9,1435,1130.43,368.99,1376.72,489.10,1353.17,537.39,1106.88,417.28,0.077626,0,0
9,1619,779.49,372.06,819.84,359.56,828.55,387.68,788.20,400.18,0.144112,2,0
9,1705,136.70,582.58,167.01,589.01,163.31,606.42,133.01,599.98,0.077924,2,0
9,2047,736.87,388.49,738.53,408.44,728.84,409.25,727.18,389.29,0.232894,2,0
9,2092,1245.59,889.94,1317.57,862.04,1337.95,914.61,1265.97,942.51,0.053109,0,0
9,2205,646.50,767.40,648.22,803.51,629.27,804.41,627.55,768.30,0.088223,2,0
9,2218,-6.47,245.04,4.91,236.32,10.58,243.73,-0.80,252.45,0.050754,2,0
9,2223,713.96,817.21,770.73,810.07,774.67,841.34,717.89,848.49,0.050702,0,0
9,2341,916.96,351.19,997.29,351.07,997.36,393.41,917.02,393.53,0.343027,0,0
9,901,1200.64,265.71,1263.22,374.82,1229.25,394.31,1166.66,285.19,0.291653,0,0
9,1482,149.08,643.57,168.98,657.72,161.59,668.12,141.68,653.97,0.101114,2,0
9,2417,1083.92,290.71,1119.50,351.68,1072.48,379.12,1036.90,318.16,0.079660,0,0
9,2448,1301.05,659.20,1360.04,727.38,1340.43,744.35,1281.44,676.17,0.059560,0,0
9,2616,481.78,765.50,486.14,782.18,472.53,785.73,468.18,769.05,0.190802,2,0
9,2770,1016.27,507.67,1067.74,653.30,1019.06,670.50,967.59,524.87,0.051202,2,0
9,435,55.68,294.92,109.81,331.49,100.24,345.67,46.10,309.09,0.054483,2,0
9,490,560.78,227.34,572.15,241.51,552.89,256.98,541.51,242.80,0.049598,0,0
9,575,731.39,639.48,776.78,678.41,758.47,699.77,713.08,660.84,0.051455,2,0
9,943,841.11,416.36,898.68,553.47,867.57,566.54,809.99,429.43,0.140741,0,0
9,1013,1191.61,327.33,1206.57,406.77,1168.58,413.93,1153.61,334.49,0.100303,0,0
9,805,1175.42,827.43,1192.60,710.54,1235.08,716.78,1217.90,833.67,0.170571,0,0
9,1085,311.38,718.53,347.42,723.98,345.12,739.21,309.08,733.75,0.078562,2,0
9,2888,782.15,149.66,899.35,51.32,928.99,86.64,811.79,184.99,0.258768,0,0
9,2926,583.05,191.90,703.87,155.02,721.35,212.27,600.53,249.15,0.478177,0,0
9,2963,643.77,142.21,719.76,341.24,665.69,361.88,589.70,162.85,0.201847,0,0
9,2976,542.91,142.56,600.21,319.98,528.87,343.02,471.57,165.60,0.258503,0,0
9,3192,507.34,724.84,521.53,706.23,534.51,716.13,520.31,734.74,0.075896,2,0
9,3196,885.79,883.34,911.72,934.32,892.75,943.97,866.82,892.98,0.052346,0,0
9,3252,151.02,684.93,174.17,697.64,164.88,714.57,141.72,701.87,0.053719,2,0
9,3294,599.45,738.56,610.69,744.98,602.31,759.66,591.07,753.25,0.091915,2,0
9,3299,367.05,634.55,374.60,656.03,363.26,660.02,355.71,638.54,0.075381,2,0
9,400,508.05,308.27,568.44,323.53,566.97,329.34,506.58,314.08,0.174542,2,0
9,688,942.34,319.15,979.61,368.10,954.73,387.04,917.47,338.09,0.093955,0,0
9,601,590.39,267.84,749.20,305.05,737.19,356.30,578.38,319.09,0.211460,0,0
9,1861,660.43,863.07,660.59,890.40,639.22,890.53,639.06,863.19,0.119475,2,0
9,34,791.64,331.64,828.46,404.12,800.32,418.42,763.50,345.93,0.427805,0,0
9,451,546.51,916.17,610.01,882.03,625.01,909.94,561.51,944.08,0.050626,0,0
9,1746,770.19,246.09,870.20,353.97,829.31,391.87,729.31,283.99,0.275159,0,0
9,260,858.74,192.25,965.81,181.53,971.46,237.89,864.39,248.62,0.184493,0,0
9,3376,878.72,224.10,988.09,262.47,972.22,307.71,862.85,269.34,0.252201,0,0
9,3396,745.72,428.75,832.15,417.40,834.88,438.22,748.46,449.57,0.155618,0,0
9,3408,515.22,1031.50,610.78,1045.85,605.94,1078.07,510.38,1063.71,0.133162,0,0
9,3417,684.33,417.67,719.45,447.68,677.47,496.82,642.34,466.82,0.212965,0,0
9,3418,622.89,215.63,762.88,165.71,779.86,213.32,639.87,263.24,0.091097,0,0
9,3447,817.32,260.43,838.74,175.61,894.51,189.70,873.10,274.51,0.282534,0,0
9,3473,356.15,563.43,374.95,567.11,371.24,586.05,352.44,582.37,0.051089,2,0
9,3530,355.52,751.53,379.72,756.14,374.45,783.83,350.24,779.22,0.051215,2,0
9,3642,1222.12,773.06,1246.93,888.74,1206.83,897.34,1182.02,781.66,0.170571,0,0
9,3646,1167.39,742.88,1293.35,791.31,1277.30,833.06,1151.34,784.63,0.086867,0,0
9,3648,1169.48,567.85,1277.07,564.78,1278.72,622.40,1171.12,625.47,0.080703,0,0
9,3790,745.19,627.30,774.20,619.19,778.65,635.10,749.64,643.21,0.062158,0,0
9,3816,744.29,790.51,767.41,722.35,811.01,737.14,787.90,805.30,0.050896,2,0
9,3837,764.34,678.43,768.14,721.66,748.03,723.43,744.23,680.20,0.066096,2,0
9,413,690.29,163.38,692.43,228.88,656.47,230.06,654.33,164.56,0.052355,0,0
9,110,375.99,717.11,424.54,777.11,387.77,806.87,339.22,746.87,0.127661,0,0
9,1202,386.06,163.71,418.56,162.26,419.40,181.12,386.91,182.58,0.079108,2,0
9,1402,986.50,582.17,1007.81,623.79,975.01,640.58,953.71,598.96,0.052260,0,0
9,1602,786.14,772.29,876.58,805.44,868.37,827.83,777.93,794.67,0.051703,2,0
9,175,570.85,100.44,619.92,387.31,563.49,396.97,514.42,110.10,0.052322,0,0
9,823,639.96,169.42,748.74,410.24,685.33,438.88,576.55,198.07,0.207044,0,0
9,552,1021.22,883.56,1035.03,963.49,998.99,969.72,985.17,889.79,0.062311,0,0
9,2350,551.04,113.22,732.42,387.60,673.14,426.79,491.75,152.41,0.272116,0,0
9,2357,726.35,200.42,805.42,229.20,787.80,277.60,708.73,248.82,0.367781,0,0
9,2576,357.95,352.36,431.05,373.44,425.59,392.39,352.48,371.31,0.053029,2,0
9,2625,668.75,814.31,669.62,739.36,709.20,739.82,708.32,814.77,0.050827,0,0
9,2638,648.83,426.28,714.71,403.26,722.96,426.87,657.09,449.89,0.324991,0,0
9,2663,200.79,419.40,221.99,415.76,225.16,434.24,203.96,437.88,0.090331,2,0
9,2859,1167.99,814.21,1257.20,792.42,1264.05,820.49,1174.85,842.28,0.082873,0,0
9,1,541.02,306.11,597.55,279.14,612.39,310.25,555.87,337.22,0.230128,0,0
9,1158,567.26,406.69,581.30,336.13,621.72,344.18,607.68,414.73,0.185799,0,0
9,4692,579.95,242.18,647.00,285.80,640.39,295.95,573.34,252.33,0.417903,0,0
9,4693,580.04,489.51,599.43,533.03,554.81,552.90,535.42,509.38,0.320888,0,0
9,4694,830.51,68.96,931.51,101.13,917.38,145.48,816.38,113.31,0.312271,0,0
9,4695,598.17,358.31,632.22,443.40,592.81,459.17,558.76,374.07,0.285360,0,0
9,4696,1043.37,450.03,1081.03,348.88,1098.90,355.53,1061.24,456.68,0.282534,0,0
9,4697,745.91,329.63,758.48,329.58,758.52,338.97,745.95,339.02,0.269498,2,0
9,4698,480.22,768.75,480.61,743.52,494.17,743.73,493.78,768.96,0.269498,2,0
9,4699,882.11,74.88,888.31,0.93,987.11,9.22,980.90,83.17,0.258503,0,0
9,4700,402.61,675.44,418.14,807.74,362.94,814.22,347.41,681.92,0.252006,0,0
9,4702,610.70,234.36,767.51,168.66,768.73,171.58,611.92,237.28,0.250676,0,0
9,4703,897.60,15.10,961.96,36.78,934.03,119.70,869.67,98.02,0.250147,0,0
9,4704,830.69,359.86,859.24,362.40,858.73,368.08,830.18,365.54,0.248570,0,0
9,4705,677.08,240.15,685.28,194.44,704.04,197.80,695.84,243.51,0.245382,2,0
9,4706,793.30,75.66,811.68,93.94,803.67,101.99,785.29,83.71,0.244696,2,0
9,4707,690.38,56.29,702.29,66.00,691.00,79.84,679.10,70.13,0.244696,2,0
9,4708,764.23,125.94,794.67,125.43,794.94,141.13,764.49,141.65,0.238166,2,0
9,4709,624.62,103.80,635.09,81.84,650.31,89.10,639.84,111.05,0.238166,2,0
9,4710,1060.29,124.48,1077.94,135.86,1073.27,143.11,1055.62,131.72,0.238074,2,0
9,4711,592.56,377.21,662.11,457.91,638.82,477.99,569.26,397.29,0.238009,0,0
9,4713,595.15,429.15,633.21,440.80,623.67,471.95,585.61,460.30,0.236880,2,0
9,4714,870.70,136.05,944.58,111.83,956.69,148.76,882.81,172.98,0.235508,0,0
9,4715,778.81,503.33,841.91,456.06,849.90,466.72,786.80,513.99,0.235508,0,0
9,4716,859.71,395.26,864.10,363.09,869.91,363.88,865.53,396.06,0.229871,2,0
9,4717,545.60,474.76,555.49,492.80,547.38,497.25,537.49,479.21,0.228730,2,0
9,4718,1031.26,90.39,1042.15,109.45,1027.75,117.68,1016.86,98.63,0.224353,2,0
9,4719,715.64,29.22,722.60,45.34,708.38,51.47,701.42,35.35,0.224224,2,0
9,4720,687.58,113.71,707.88,120.96,703.16,134.20,682.85,126.94,0.223658,2,0
9,4721,686.57,204.12,708.47,189.74,721.56,209.68,699.65,224.07,0.223658,2,0
9,4722,752.72,156.65,771.72,159.33,769.72,173.54,750.72,170.86,0.220853,2,0
9,4723,517.88,201.54,523.09,211.73,512.76,217.01,507.55,206.83,0.217904,2,0
9,4724,859.24,63.49,943.34,82.09,935.08,119.46,850.97,100.86,0.217853,0,0
9,4725,936.86,17.91,967.63,32.40,946.83,76.56,916.07,62.08,0.216850,0,0
9,4726,1067.61,109.27,1089.75,124.61,1077.59,142.13,1055.46,126.79,0.216850,0,0
9,4727,875.03,211.79,890.30,208.09,891.94,214.85,876.67,218.55,0.216798,2,0
9,4728,553.36,231.97,560.46,236.37,550.34,252.74,543.24,248.35,0.216798,2,0
9,4730,1101.84,19.32,1149.23,101.08,1126.60,114.20,1079.20,32.45,0.209919,0,0
9,4731,199.00,211.51,217.18,210.84,217.69,224.75,199.51,225.41,0.206645,2,0
9,4732,546.33,240.36,559.84,260.91,551.62,266.31,538.12,245.76,0.193158,2,0
9,4733,438.46,362.90,454.83,375.70,449.80,382.14,433.43,369.34,0.193158,2,0
9,4734,706.96,205.42,739.17,196.48,745.52,219.36,713.30,228.30,0.192745,2,0
9,4735,628.89,355.63,652.41,369.61,649.57,374.39,626.05,360.40,0.189798,2,0
9,4737,613.28,284.15,620.75,364.22,593.45,366.77,585.98,286.70,0.185799,0,0
9,4739,829.12,182.79,861.59,216.05,849.48,227.88,817.01,194.62,0.184209,0,0
9,4740,881.50,452.22,886.72,473.44,863.56,479.14,858.34,457.92,0.183898,2,0
9,4744,426.20,131.84,449.25,122.56,452.51,130.66,429.46,139.94,0.180808,2,0
9,4746,918.65,337.39,956.29,408.57,944.53,414.79,906.89,343.61,0.179076,2,0
9,4747,403.79,222.72,425.62,220.05,427.62,236.44,405.80,239.11,0.178834,2,0
9,4750,451.46,873.67,464.79,874.33,463.98,890.66,450.65,890.00,0.164916,2,0
9,4751,670.42,361.39,702.51,350.95,710.11,374.31,678.02,384.75,0.164574,2,0
9,4752,611.17,568.40,645.29,661.12,611.72,673.47,577.60,580.75,0.164448,0,0
9,4754,506.82,221.09,507.64,242.10,496.50,242.54,495.68,221.53,0.162930,2,0
9,4756,232.02,165.29,232.04,182.55,218.98,182.56,218.96,165.31,0.158279,2,0
9,4757,299.42,218.47,302.04,205.44,311.37,207.31,308.75,220.34,0.158279,2,0
9,4758,471.64,145.28,485.09,160.25,477.93,166.69,464.48,151.73,0.157700,2,0
9,4764,1025.97,135.54,1030.32,136.25,1026.04,162.44,1021.69,161.72,0.155795,2,0
9,4765,702.88,167.51,718.91,177.67,711.04,190.08,695.01,179.93,0.154400,2,0
9,4766,1071.90,266.44,1107.92,305.03,1098.44,313.88,1062.42,275.28,0.154016,0,0
9,4769,1126.92,516.55,1132.61,542.71,1114.35,546.69,1108.65,520.53,0.152927,0,0
9,4770,433.73,459.14,466.60,441.11,489.75,483.31,456.88,501.34,0.152053,0,0
9,4771,491.64,793.57,493.76,787.92,511.72,794.67,509.60,800.31,0.151790,2,0
9,4772,225.65,722.67,252.57,721.70,253.02,734.06,226.10,735.04,0.151002,2,0
9,4775,1008.81,793.92,1054.49,769.77,1069.01,797.24,1023.33,821.39,0.149948,0,0
9,4776,250.85,591.18,259.82,611.53,252.54,614.74,243.57,594.39,0.149695,2,0
9,4777,766.44,297.42,783.28,294.94,784.80,305.29,767.97,307.78,0.148335,0,0
9,4780,627.12,349.40,632.39,352.87,618.87,373.37,613.61,369.89,0.144919,2,0
9,4783,519.02,377.33,520.39,388.53,508.78,389.96,507.41,378.75,0.144236,2,0
9,4784,552.82,477.18,558.15,487.19,547.23,493.00,541.90,483.00,0.144236,2,0
9,4785,874.76,478.03,878.81,453.88,892.85,456.24,888.80,480.39,0.144112,2,0
9,4786,253.60,792.15,268.13,798.18,265.16,805.33,250.63,799.31,0.143506,2,0
9,4787,531.91,265.38,539.25,184.33,572.39,187.32,565.05,268.38,0.142388,2,0
9,4788,618.90,591.18,633.20,583.71,637.53,592.01,623.23,599.47,0.140665,0,0
9,4790,648.32,350.58,670.19,375.62,665.84,379.43,643.97,354.38,0.140541,2,0
9,4791,637.50,587.16,649.68,638.71,623.89,644.80,611.72,593.25,0.139633,0,0
9,4792,1173.44,45.12,1195.91,34.97,1198.68,41.11,1176.22,51.26,0.139349,2,0
9,4794,833.23,31.12,865.69,-10.64,874.91,-3.47,842.45,38.28,0.138983,2,0
9,4799,709.28,386.01,721.71,352.93,730.78,356.33,718.35,389.42,0.132446,2,0
9,4800,595.26,201.74,598.73,196.14,620.17,209.39,616.71,215.00,0.131983,2,0
9,4803,489.93,149.94,496.45,160.20,486.65,166.43,480.13,156.16,0.131170,2,0
9,4806,190.25,352.58,205.89,355.10,204.68,362.58,189.05,360.06,0.129079,2,0
9,4807,791.45,463.92,813.34,474.68,804.22,493.24,782.33,482.49,0.128513,2,0
9,4810,789.09,-3.84,804.46,34.20,793.36,38.68,777.99,0.65,0.126625,2,0
9,4814,492.59,191.85,506.52,212.61,487.75,225.21,473.82,204.46,0.122729,2,0
9,4818,347.12,347.23,358.25,357.24,338.25,379.45,327.13,369.44,0.117216,0,0
9,4819,445.92,124.18,447.19,142.71,433.30,143.66,432.03,125.13,0.117189,2,0
9,4820,874.69,96.02,917.13,146.10,896.48,163.60,854.03,113.52,0.116697,0,0
9,4822,201.64,254.57,211.81,246.45,220.06,256.78,209.88,264.90,0.114593,2,0
9,4823,883.01,392.91,952.77,391.91,953.01,408.27,883.24,409.27,0.112875,2,0
9,4824,722.88,727.66,784.87,717.51,788.36,738.82,726.37,748.98,0.112125,0,0
9,4825,29.20,414.44,57.12,427.00,51.78,438.87,23.86,426.31,0.111997,2,0
9,4826,222.04,97.12,236.27,117.36,218.93,129.55,204.70,109.31,0.111997,2,0
9,4827,1047.39,557.06,1055.43,527.79,1076.85,533.67,1068.81,562.94,0.110274,2,0
9,4828,859.57,579.36,859.88,552.68,871.97,552.82,871.66,579.50,0.110274,2,0
9,4831,736.35,232.25,744.95,247.28,719.02,262.12,710.42,247.10,0.109420,2,0
9,4832,1196.89,58.95,1208.64,66.68,1203.18,74.99,1191.42,67.26,0.109214,2,0
9,4838,924.25,860.15,925.00,865.88,907.77,868.15,907.02,862.43,0.101860,2,0
9,4843,1066.96,569.08,1078.95,573.86,1075.27,583.10,1063.28,578.31,0.100412,2,0
9,4844,667.62,620.40,676.15,623.65,669.82,640.27,661.29,637.02,0.100412,2,0
9,4846,1059.81,321.88,1077.39,320.05,1078.00,325.91,1060.42,327.75,0.099283,0,0
9,4847,1124.06,649.42,1200.27,660.83,1199.82,663.88,1123.60,652.47,0.099283,0,0
9,4850,732.05,115.36,733.44,135.00,720.00,135.95,718.61,116.31,0.097984,2,0
9,4851,840.39,1.25,857.20,-3.43,859.41,4.51,842.60,9.19,0.097984,2,0
9,4852,727.84,808.23,737.10,860.69,707.07,865.99,697.81,813.54,0.097802,0,0
9,4854,308.14,400.06,342.00,369.07,344.96,372.31,311.10,403.29,0.097245,2,0
9,4856,334.22,45.57,339.77,49.21,327.98,67.16,322.43,63.52,0.096702,2,0
9,4857,812.60,416.68,848.33,467.37,838.90,474.01,803.17,423.32,0.096514,2,0
9,4863,570.04,403.17,580.70,387.05,590.36,393.44,579.70,409.56,0.093508,2,0
9,4864,833.88,104.77,851.66,104.91,851.62,110.86,833.83,110.72,0.093415,2,0
9,4866,546.69,448.84,593.93,502.06,576.11,517.88,528.87,464.66,0.093311,2,0
9,4867,792.29,884.85,795.59,856.06,809.64,857.67,806.34,886.47,0.091946,2,0
9,4868,336.46,91.80,336.73,110.82,319.56,111.07,319.29,92.05,0.091705,2,0
9,4869,18.30,683.70,49.59,686.78,47.86,704.36,16.57,701.27,0.089204,2,0
9,4870,120.70,658.75,142.58,638.23,154.26,650.68,132.37,671.20,0.089204,2,0
9,4871,1055.59,568.34,1098.48,569.57,1098.12,582.18,1055.23,580.95,0.089004,2,0
9,4872,1100.37,444.25,1142.31,431.19,1143.56,435.22,1101.62,448.28,0.089004,2,0
9,4874,619.63,920.57,624.24,875.81,658.31,879.32,653.69,924.08,0.088223,2,0
9,4875,991.80,809.76,1137.35,820.86,1133.34,873.38,987.79,862.28,0.086867,0,0
9,4876,-221.56,138.07,-192.88,275.54,-234.10,284.14,-262.79,146.67,0.086687,0,0
9,4877,353.32,854.84,367.19,855.89,366.53,864.64,352.66,863.59,0.086628,2,0
9,4878,52.96,567.18,58.64,587.71,50.93,589.84,45.25,569.31,0.086173,2,0
9,4879,115.82,180.44,126.91,179.29,128.06,190.30,116.97,191.46,0.086173,2,0
9,4880,366.08,151.46,369.72,162.18,360.20,165.42,356.55,154.70,0.085118,2,0
9,4883,286.69,641.61,324.36,627.74,334.30,654.73,296.63,668.60,0.083774,2,0
9,4887,200.95,259.75,219.50,279.25,205.79,292.30,187.24,272.80,0.080915,2,0
9,4888,69.49,136.37,82.39,179.37,62.54,185.33,49.63,142.32,0.080796,0,0
9,4893,346.53,684.47,374.25,689.27,371.75,703.71,344.03,698.92,0.080200,2,0
9,4894,1225.77,606.28,1250.95,722.79,1238.79,725.41,1213.62,608.91,0.079660,0,0
9,4895,580.58,428.16,614.66,418.12,617.84,428.91,583.76,438.95,0.079108,2,0
9,4896,1117.98,475.83,1126.45,478.77,1117.30,505.13,1108.83,502.19,0.079073,2,0
9,4897,1196.61,153.85,1202.08,155.46,1195.39,178.13,1189.93,176.52,0.078540,2,0
9,4898,823.20,530.55,845.65,513.69,853.35,523.95,830.91,540.82,0.078501,2,0
9,4899,277.01,851.43,420.33,904.06,409.81,932.71,266.48,880.08,0.078145,0,0
9,4901,913.64,849.81,924.29,855.94,920.05,863.30,909.40,857.16,0.074477,2,0
9,4902,133.48,304.86,144.71,322.37,134.28,329.06,123.05,311.55,0.074444,2,0
9,4903,77.95,465.25,79.26,436.81,84.93,437.07,83.62,465.51,0.074444,2,0
9,4907,347.48,275.87,356.26,284.95,347.35,293.56,338.57,284.48,0.071677,2,0
9,4910,353.44,204.42,365.86,207.17,363.27,218.89,350.85,216.15,0.069937,2,0
9,4913,45.71,580.53,49.98,584.66,34.03,601.21,29.75,597.08,0.068923,2,0
9,4914,353.62,356.72,365.25,345.53,377.26,358.02,365.62,369.20,0.068657,2,0
9,4915,570.67,459.42,583.19,481.22,574.83,486.02,562.31,464.22,0.068374,2,0
9,4916,868.12,-66.35,936.30,153.81,927.72,156.47,859.54,-63.69,0.068310,0,0
9,4922,596.13,321.15,643.29,312.36,643.73,314.75,596.57,323.54,0.065712,0,0
9,4923,456.91,461.00,525.94,445.37,533.51,478.79,464.47,494.42,0.064274,0,0
9,4924,1367.81,481.92,1550.41,544.33,1543.53,564.43,1360.94,502.02,0.063156,0,0
9,4925,1138.71,769.36,1180.90,729.43,1215.17,765.64,1172.98,805.57,0.063156,0,0
9,4929,1321.45,310.07,1420.16,312.04,1419.85,327.64,1321.14,325.67,0.062564,0,0
9,4935,341.77,390.18,342.92,400.64,329.59,402.10,328.45,391.64,0.061662,2,0
9,4936,605.03,509.98,608.84,534.60,598.64,536.18,594.83,511.56,0.061662,2,0
9,4937,587.33,281.73,620.09,349.31,598.50,359.78,565.74,292.19,0.061621,0,0
9,4938,814.31,671.06,832.76,695.57,826.16,700.54,807.71,676.03,0.061591,2,0
9,4940,88.21,650.52,136.59,746.45,109.96,759.88,61.58,663.95,0.061013,0,0
9,4941,-142.52,784.15,-62.64,886.40,-99.65,915.30,-179.52,813.05,0.061013,0,0
9,4942,-213.11,59.95,-183.02,69.73,-184.23,73.46,-214.32,63.68,0.060760,2,0
9,4943,539.82,458.60,554.72,465.02,552.14,471.02,537.24,464.60,0.060760,2,0
9,4944,630.70,677.51,636.83,694.34,621.27,700.00,615.15,683.17,0.060717,2,0
9,4945,926.64,482.01,947.62,481.76,947.70,488.79,926.72,489.04,0.060530,2,0
9,4946,626.06,683.06,627.24,703.86,616.74,704.45,615.57,683.65,0.060298,2,0
9,4947,-373.97,499.48,-264.86,644.29,-294.26,666.44,-403.37,521.63,0.059972,0,0
9,4948,986.22,742.26,997.49,753.99,989.64,761.54,978.36,749.80,0.059883,2,0
9,4949,688.05,857.92,695.24,877.63,679.97,883.20,672.78,863.49,0.059859,2,0
9,4951,180.87,130.68,186.69,157.15,161.07,162.78,155.25,136.32,0.059465,0,0
9,4952,60.33,41.95,76.93,58.72,70.42,65.17,53.81,48.40,0.059465,0,0
9,4956,1018.33,605.61,1020.89,589.78,1032.61,591.68,1030.05,607.51,0.058948,2,0
9,4960,49.97,52.32,65.43,58.16,60.85,70.29,45.39,64.46,0.058298,2,0
9,4961,80.68,186.70,91.56,183.80,94.80,195.96,83.92,198.87,0.058298,2,0
9,4962,964.77,544.05,970.21,553.54,961.30,558.66,955.86,549.17,0.057803,2,0
9,4963,137.42,449.90,163.73,449.22,164.04,461.08,137.73,461.76,0.057547,2,0
9,4966,70.44,560.63,109.49,555.99,111.31,571.32,72.26,575.96,0.057059,2,0
9,4967,1051.35,287.52,1075.31,305.42,1064.22,320.27,1040.25,302.37,0.057033,2,0
9,4970,353.30,479.57,359.50,464.15,372.43,469.34,366.24,484.77,0.056847,2,0
9,4971,596.49,776.54,601.68,782.84,584.28,797.17,579.09,790.87,0.056847,2,0
9,4976,225.21,425.10,240.25,440.07,236.40,443.94,221.36,428.97,0.056355,2,0
9,4978,-470.73,383.42,-311.12,271.20,-289.57,301.84,-449.18,414.07,0.056299,0,0
9,4979,142.07,12.84,164.52,4.61,173.98,30.42,151.53,38.65,0.056249,2,0
9,4980,141.93,125.82,166.51,99.75,169.71,102.77,145.13,128.84,0.056195,2,0
9,4981,1.25,229.92,32.54,226.46,34.71,246.12,3.43,249.57,0.056195,2,0
9,4982,757.88,754.05,777.42,788.22,768.74,793.19,749.20,759.01,0.055966,2,0
9,4983,582.60,826.24,600.09,847.68,575.08,868.09,557.59,846.64,0.055966,2,0
9,4984,947.27,636.82,952.45,649.69,943.76,653.19,938.58,640.32,0.055840,0,0
9,4985,627.90,397.76,646.04,426.79,636.76,432.59,618.62,403.57,0.055840,0,0
9,4986,992.75,723.71,993.37,738.75,982.82,739.19,982.20,724.14,0.055798,2,0
9,4989,450.18,996.37,467.08,943.22,499.87,953.64,482.96,1006.79,0.055619,0,0
9,4990,345.51,820.38,387.81,958.99,327.33,977.45,285.02,838.84,0.055619,0,0
9,4991,165.79,440.27,177.54,441.45,176.52,451.59,164.77,450.41,0.055568,2,0
9,4992,277.57,326.61,309.84,335.98,306.83,346.34,274.56,336.97,0.055568,2,0
9,4993,36.33,345.40,61.32,338.94,65.45,354.92,40.46,361.38,0.055177,2,0
9,4994,186.17,392.91,216.68,377.07,219.60,382.68,189.08,398.52,0.055177,2,0
9,4995,474.22,574.94,494.02,514.97,521.64,524.09,501.84,584.07,0.055147,0,0
9,4999,434.60,124.56,446.94,135.61,441.68,141.49,429.33,130.43,0.055048,2,0
9,5006,714.55,921.82,730.38,924.58,728.80,933.62,712.98,930.86,0.054817,0,0
9,5007,133.77,302.34,151.83,293.14,158.19,305.62,140.13,314.82,0.054750,2,0
9,5008,851.25,497.50,861.67,603.71,842.72,605.57,832.29,499.36,0.054310,2,0
9,5009,141.69,361.77,154.04,405.77,126.67,413.45,114.32,369.45,0.054219,0,0
9,5010,1102.94,739.96,1121.34,776.31,1117.05,778.48,1098.65,742.13,0.053992,2,0
9,5011,343.77,-18.91,360.71,-7.32,347.83,11.49,330.90,-0.11,0.053587,2,0
9,5012,781.54,595.31,790.87,608.02,784.71,612.54,775.39,599.83,0.053413,2,0
9,5013,783.98,263.23,804.75,261.97,807.39,305.69,786.62,306.95,0.053297,2,0
9,5014,1280.04,704.11,1370.06,687.66,1373.41,705.97,1283.39,722.43,0.052996,0,0
9,5015,953.31,1005.12,988.91,993.76,997.59,1020.94,961.98,1032.30,0.052996,0,0
9,5016,941.64,469.59,1003.07,544.56,988.56,556.45,927.13,481.48,0.052914,2,0
9,5017,115.65,685.13,124.73,743.55,95.70,748.06,86.62,689.64,0.052914,0,0
9,5018,751.89,496.65,802.52,558.99,760.44,593.16,709.81,530.82,0.052765,2,0
9,5019,730.41,669.74,770.32,768.35,736.36,782.10,696.44,683.48,0.052716,2,0
9,5020,1235.16,798.98,1308.91,792.95,1310.75,815.53,1237.01,821.55,0.052570,0,0
9,5021,315.88,694.30,323.03,660.33,351.02,666.22,343.87,700.20,0.052546,2,0
9,5024,958.37,562.63,961.65,556.52,1011.10,583.01,1007.83,589.12,0.051983,2,0
9,5028,802.93,755.86,891.85,869.39,850.50,901.77,761.58,788.24,0.051703,2,0
9,5029,-196.57,153.31,-186.22,189.56,-193.36,191.59,-203.71,155.35,0.051696,2,0
9,5030,1386.31,754.71,1441.03,762.20,1438.35,781.82,1383.63,774.33,0.051617,2,0
9,5031,317.55,301.54,343.24,270.40,347.97,274.30,322.28,305.44,0.051598,2,0
9,5032,-175.35,607.31,-101.40,595.96,-98.67,613.75,-172.62,625.10,0.051598,2,0
9,5033,734.06,505.68,796.29,513.74,789.31,567.63,727.07,559.57,0.051542,2,0
9,5034,1039.93,1051.99,1058.63,1058.45,1053.61,1073.02,1034.90,1066.56,0.051540,2,0
9,5035,970.33,837.46,978.80,803.34,1012.63,811.74,1004.16,845.86,0.051533,0,0
9,5036,905.13,791.86,952.60,768.14,974.52,811.98,927.04,835.71,0.051466,0,0
9,5037,793.20,998.26,814.66,1004.04,808.82,1025.74,787.36,1019.96,0.051462,2,0
9,5038,733.82,819.28,745.32,816.46,749.78,834.69,738.28,837.51,0.051339,2,0
9,5039,766.53,826.80,817.07,799.78,825.80,816.10,775.26,843.12,0.051339,2,0
9,5040,691.88,635.27,702.81,700.30,675.96,704.81,665.03,639.78,0.051334,2,0
9,5041,-213.57,660.27,-130.03,656.38,-129.01,678.24,-212.55,682.12,0.051298,2,0
9,5042,-140.09,487.67,-111.06,477.73,-108.08,486.44,-137.11,496.38,0.051215,2,0
9,5043,-91.77,617.58,-86.61,624.87,-98.59,633.33,-103.74,626.04,0.051089,2,0
9,5044,907.30,447.01,963.11,535.21,946.84,545.51,891.03,457.31,0.051037,2,0
9,5045,1283.48,459.33,1284.07,484.83,1257.06,485.46,1256.46,459.96,0.051029,0,0
9,5046,-298.66,132.88,-246.50,118.90,-241.30,138.31,-293.46,152.29,0.050909,2,0
9,5047,798.15,751.71,823.36,871.75,801.76,876.29,776.55,756.24,0.050896,2,0
9,80,856.54,97.43,979.16,96.57,979.35,123.55,856.73,124.41,0.269396,0,0
9,118,1026.25,12.53,1205.87,-16.03,1210.18,11.09,1030.57,39.65,0.064361,0,0
9,143,310.91,766.76,407.91,719.27,437.00,778.70,340.01,826.19,0.209578,0,0
9,146,74.65,82.43,121.70,76.94,123.17,89.54,76.12,95.03,0.050909,2,0
9,180,518.82,47.70,525.25,56.61,509.75,67.79,503.32,58.88,0.180485,2,0
9,306,243.13,443.41,255.64,455.20,248.42,462.86,235.91,451.07,0.059952,2,0
9,323,414.45,247.51,439.34,249.58,437.23,274.96,412.34,272.88,0.051666,2,0
9,332,179.20,675.63,179.79,652.59,207.70,653.30,207.12,676.34,0.089131,0,0
9,348,300.12,563.75,315.23,565.81,313.81,576.21,298.70,574.14,0.072598,2,0
9,371,-47.55,239.02,52.97,236.73,53.52,260.68,-47.01,262.97,0.103750,0,0
9,396,-21388.13,6536.41,22452.43,-5148.26,22452.44,-5148.22,-21388.12,6536.45,0.155865,2,0
9,442,203.90,145.36,225.12,174.02,207.13,187.35,185.91,158.69,0.094948,2,0
9,450,687.89,928.69,700.26,978.71,655.11,989.87,642.74,939.85,0.058727,0,0
9,506,229.24,258.59,250.19,352.02,229.71,356.61,208.76,263.18,0.207044,0,0
9,508,432.38,317.67,448.27,384.93,421.30,391.31,405.40,324.05,0.116697,0,0
9,570,109.40,258.05,135.05,245.66,140.88,257.73,115.23,270.11,0.059698,2,0
9,752,963.75,555.51,984.50,568.98,978.42,578.36,957.66,564.88,0.056153,2,0
9,754,280.75,865.00,288.52,869.60,282.55,879.70,274.77,875.11,0.051882,0,0
9,822,804.48,585.82,864.38,589.65,863.14,609.03,803.24,605.20,0.054795,2,0
9,913,1237.01,578.08,1272.43,670.95,1251.47,678.94,1216.05,586.07,0.051214,2,0
9,130,708.88,913.59,946.30,605.68,979.14,631.00,741.72,938.92,0.051057,2,0
9,604,954.10,658.69,965.83,663.75,960.63,675.84,948.89,670.78,0.052106,2,0
9,745,1094.87,552.53,1104.80,589.86,1085.16,595.07,1075.24,557.75,0.053318,2,0
9,788,552.87,25.41,593.16,67.20,578.95,80.91,538.66,39.11,0.190372,2,0
9,970,813.64,76.35,815.65,17.93,836.97,18.66,834.96,77.09,0.244473,2,0
9,982,655.70,792.90,656.05,805.86,640.43,806.29,640.08,793.33,0.091946,2,0
9,1022,945.24,487.03,1264.94,74.47,1283.32,88.72,963.63,501.28,0.180969,0,0
9,1028,144.87,216.94,152.02,207.35,160.46,213.64,153.31,223.24,0.051298,2,0
9,1044,142.00,178.48,146.84,199.74,122.56,205.26,117.73,184.00,0.051696,2,0
9,1057,226.83,132.78,302.87,161.05,283.91,212.05,207.87,183.78,0.051949,0,0
9,1098,329.92,165.23,371.54,171.66,369.32,186.00,327.71,179.57,0.164043,2,0
9,1193,798.25,216.80,841.54,215.93,842.11,244.10,798.82,244.98,0.252201,0,0
9,1215,1088.72,611.63,1151.01,641.45,1131.55,682.10,1069.25,652.28,0.053394,2,0
9,1273,1017.48,849.19,1223.10,938.55,1207.49,974.46,1001.87,885.11,0.071883,0,0
9,1302,808.21,62.91,816.22,63.56,814.76,81.62,806.74,80.97,0.191177,2,0
9,1314,173.37,618.44,181.18,604.14,189.20,608.52,181.38,622.82,0.099766,2,0
9,1364,1182.22,225.02,1186.62,190.83,1214.08,194.37,1209.68,228.56,0.112875,2,0
9,1436,1369.11,198.60,1469.33,238.26,1456.22,271.40,1355.99,231.74,0.067239,0,0
9,1500,128.55,337.89,193.96,348.04,191.60,363.27,126.18,353.13,0.059698,2,0
9,1510,312.38,252.64,317.76,270.92,305.03,274.67,299.65,256.39,0.158799,2,0
9,1545,173.25,784.43,213.82,799.75,205.42,822.02,164.84,806.70,0.051712,2,0
9,1553,847.09,548.15,924.31,550.06,923.87,568.07,846.65,566.16,0.051666,2,0
9,1592,171.18,615.55,208.33,604.16,214.09,622.96,176.94,634.34,0.164448,0,0
9,1650,940.21,812.65,977.42,815.19,975.57,842.36,938.36,839.82,0.069549,0,0
9,1653,847.11,513.69,848.98,567.33,834.94,567.82,833.07,514.18,0.120567,2,0
9,1730,466.76,895.68,531.97,910.19,514.07,990.65,448.86,976.15,0.055939,0,0
9,838,979.72,455.08,1085.81,536.94,1051.15,581.88,945.05,500.02,0.052048,0,0
9,1082,-66635.41,11388.33,67339.70,-10327.42,67339.71,-10327.29,-66635.40,11388.46,0.061379,2,0
9,1750,280.55,128.31,325.39,120.57,328.61,139.23,283.78,146.98,0.053587,2,0
9,1776,458.65,621.98,461.24,640.30,450.36,641.84,447.77,623.52,0.151790,2,0
9,1801,988.40,128.47,1025.93,126.31,1027.08,146.20,989.54,148.36,0.329322,2,0
9,1808,556.35,783.78,567.31,793.83,561.47,800.20,550.51,790.14,0.183153,2,0
9,1831,693.30,-197.21,734.28,-178.03,718.25,-143.80,677.28,-162.97,0.068305,0,0
9,1909,491.53,76.07,530.71,75.89,530.80,95.45,491.62,95.63,0.238055,2,0
9,1914,640.97,586.21,666.18,560.10,672.27,565.99,647.06,592.09,0.100821,2,0
9,1925,619.17,354.16,644.95,354.45,644.90,358.82,619.12,358.53,0.150811,2,0
9,1936,411.25,643.63,430.18,632.92,438.79,648.14,419.86,658.85,0.157826,0,0
9,2016,492.46,699.17,496.21,661.53,512.21,663.12,508.46,700.77,0.066096,2,0
9,2060,269.76,554.28,278.94,549.25,287.12,564.20,277.94,569.23,0.057547,2,0
9,2074,286.33,873.54,308.77,874.92,307.40,897.07,284.96,895.68,0.084478,2,0
9,2088,269.97,589.36,287.45,596.96,277.93,618.85,260.45,611.25,0.055151,2,0
9,2174,478.12,213.32,495.68,235.68,491.43,239.01,473.87,216.65,0.087227,2,0
9,2234,755.54,828.50,758.40,760.73,779.82,761.63,776.96,829.40,0.051540,2,0
9,2295,650.12,968.73,727.36,972.99,725.00,1015.75,647.77,1011.49,0.069549,0,0
9,2339,1263.05,808.50,1277.82,882.85,1249.56,888.46,1234.79,814.12,0.051037,2,0
9,65,1373.78,267.50,1557.58,420.87,1540.72,441.07,1356.92,287.70,0.053034,0,0
9,105,660.94,114.02,706.21,-25.01,744.36,-12.59,699.09,126.44,0.114533,0,0
9,125,588.19,320.39,617.28,357.08,593.67,375.80,564.58,339.11,0.076118,0,0
9,151,137.92,794.71,149.65,778.42,172.94,795.19,161.21,811.48,0.051277,0,0
9,215,519.31,944.30,599.70,879.48,638.61,927.72,558.21,992.55,0.051882,0,0
9,343,567.63,181.28,570.62,188.21,556.35,194.38,553.36,187.45,0.206286,2,0
9,394,489.68,817.43,494.94,828.58,480.33,835.47,475.07,824.32,0.053992,2,0
9,473,1417.83,848.37,1446.15,895.47,1432.96,903.41,1404.63,856.30,0.051466,0,0
9,532,72.59,422.02,81.64,440.20,72.01,445.00,62.96,426.82,0.068657,2,0
9,536,435.72,849.67,453.97,934.34,403.89,945.13,385.65,860.46,0.074532,0,0
9,816,1157.73,353.22,1192.12,358.13,1189.54,376.19,1155.15,371.28,0.053394,2,0
9,2035,1042.26,513.77,1100.39,311.40,1138.60,322.37,1080.47,524.75,0.097318,2,0
9,2280,514.83,111.38,543.50,106.17,546.21,121.05,517.53,126.26,0.200450,2,0
9,299,285.69,276.36,436.14,289.39,433.96,314.60,283.51,301.57,0.103750,0,0
9,2364,741.20,122.06,744.14,134.66,735.64,136.65,732.70,124.05,0.224224,2,0
9,2368,282.48,94.81,313.71,74.93,321.95,87.88,290.71,107.75,0.051125,0,0
9,2370,347.00,47.05,365.39,65.94,354.62,76.42,336.23,57.53,0.054039,2,0
9,2375,706.62,246.34,711.27,253.16,700.33,260.61,695.69,253.80,0.262157,2,0
9,2389,693.84,342.09,722.10,328.30,727.55,339.48,699.29,353.27,0.134880,2,0
9,2392,1209.11,249.54,1351.48,245.67,1352.41,279.80,1210.04,283.66,0.082605,0,0
9,2397,751.64,135.78,791.54,113.47,804.41,136.48,764.51,158.79,0.191177,2,0
9,2429,551.42,393.47,561.36,420.92,547.46,425.96,537.51,398.51,0.189798,2,0
9,2432,278.93,128.35,302.30,128.47,302.21,145.88,278.84,145.76,0.056249,2,0
9,2527,773.67,850.12,812.21,878.21,783.38,917.77,744.84,889.68,0.078145,0,0
9,2567,966.93,505.62,977.99,540.64,963.61,545.18,952.54,510.16,0.055544,2,0
9,2582,28.28,622.55,34.84,631.98,12.92,647.21,6.36,637.78,0.059972,0,0
9,2587,481.01,-7.32,488.93,24.48,474.19,28.15,466.27,-3.65,0.201105,2,0
9,2593,478.63,329.40,509.32,334.48,506.14,353.66,475.45,348.58,0.120314,2,0
9,2596,254.83,503.34,269.20,514.08,262.96,522.43,248.59,511.69,0.054079,2,0
9,2640,-7.07,491.28,22.99,511.64,7.62,534.32,-22.43,513.95,0.124226,0,0
9,2650,401.85,-53.76,417.08,-60.59,432.06,-27.18,416.83,-20.35,0.051949,0,0
9,2678,838.84,830.77,843.29,848.66,828.77,852.28,824.32,834.39,0.053987,2,0
9,2679,476.33,728.07,482.56,749.62,462.45,755.43,456.22,733.88,0.060717,2,0
9,2690,904.38,901.77,936.25,883.68,947.00,902.62,915.13,920.71,0.054026,2,0
9,2700,-10447.75,18558.20,10597.65,-17765.95,10597.73,-17765.90,-10447.67,18558.25,0.054997,2,0
9,2707,-8476.15,-10787.54,10101.44,12140.01,10101.40,12140.04,-8476.19,-10787.51,0.073835,2,0
9,2753,66.34,221.79,122.74,178.57,156.10,222.11,99.71,265.33,0.056299,0,0
9,2762,925.04,618.69,941.71,618.08,941.97,625.10,925.29,625.71,0.060298,2,0
9,2779,969.81,747.19,1052.10,632.57,1104.46,670.16,1022.17,784.78,0.052210,2,0
9,2803,763.04,772.78,769.78,884.33,730.76,886.69,724.02,775.13,0.051684,0,0
9,2807,842.85,834.11,863.26,857.15,846.81,871.71,826.41,848.68,0.097802,0,0
9,2827,838.81,738.06,852.88,771.19,831.18,780.41,817.10,747.29,0.051057,2,0
9,2834,251.33,745.26,257.03,755.04,237.40,766.49,231.70,756.71,0.127661,0,0
9,2848,172.76,220.46,191.73,258.23,168.05,270.13,149.08,232.35,0.086687,0,0
9,2864,1030.53,433.27,1032.55,406.67,1054.57,408.34,1052.55,434.94,0.086653,0,0
9,158,964.85,87.09,1021.26,27.76,1048.28,53.46,991.88,112.78,0.272941,0,0
9,572,1038.39,857.65,1042.25,841.51,1053.92,844.31,1050.06,860.44,0.103558,2,0
9,33,428.27,-266.04,433.30,-232.95,400.35,-227.95,395.32,-261.03,0.051125,0,0
9,965,872.19,58.74,902.41,124.22,857.72,144.85,827.49,79.38,0.227722,0,0
9,1380,756.64,486.04,804.94,512.90,792.32,535.60,744.01,508.75,0.054310,2,0
9,1431,482.47,649.21,503.57,783.26,471.37,788.33,450.26,654.28,0.062429,2,0
9,1487,682.99,648.16,686.95,666.19,673.12,669.23,669.16,651.20,0.053987,2,0
9,1587,1029.95,330.77,1061.52,361.04,1042.24,381.15,1010.67,350.88,0.050625,2,0
9,1644,913.14,609.89,920.22,640.01,898.11,645.20,891.03,615.09,0.053318,2,0
9,1734,929.38,459.98,1128.13,530.94,1114.33,569.59,915.59,498.63,0.051389,0,0
9,947,-10.52,-132.42,35.82,-168.10,52.61,-146.30,6.27,-110.62,0.072506,0,0
9,1361,-103.37,439.81,-91.01,449.55,-97.09,457.27,-109.45,447.53,0.051854,2,0
9,1715,1554.63,378.52,1574.17,477.57,1532.56,485.78,1513.02,386.73,0.057053,0,0
9,1740,428.60,420.24,486.36,601.49,439.59,616.39,381.83,435.14,0.139633,0,0
9,895,1515.33,360.16,1539.69,380.27,1527.46,395.08,1503.10,374.97,0.052355,0,0
9,2358,894.79,200.35,953.52,188.23,958.91,214.35,900.18,226.47,0.191922,0,0
9,2426,776.12,-139.36,837.35,-15.97,789.91,7.57,728.68,-115.82,0.114533,0,0
9,2563,635.18,676.64,745.43,854.59,687.05,890.76,576.80,712.81,0.059724,0,0
9,2826,213.18,186.23,225.20,170.00,254.22,191.50,242.20,207.73,0.126253,0,0
9,2873,794.91,76.05,816.37,98.98,804.20,110.38,782.73,87.45,0.088444,2,0
9,2882,1005.97,-43.42,1018.69,-12.37,989.78,-0.53,977.06,-31.58,0.209919,0,0
9,2889,443.83,612.97,452.84,579.37,466.37,583.00,457.36,616.60,0.062919,2,0
9,2924,177.73,466.71,208.79,519.69,179.43,536.90,148.37,483.93,0.061621,0,0
9,2934,1095.14,674.19,1109.37,672.83,1111.12,691.07,1096.89,692.43,0.051508,2,0
9,2940,1281.92,160.37,1314.08,155.49,1316.60,172.07,1284.43,176.94,0.068310,0,0
9,2941,-4619.29,1591.82,5875.14,-187.40,5875.14,-187.38,-4619.29,1591.85,0.079073,2,0
9,2955,514.83,389.57,597.81,395.80,597.34,402.04,514.36,395.81,0.187395,2,0
9,2957,334.81,234.76,335.77,245.21,325.64,246.14,324.68,235.69,0.162930,2,0
9,3028,98.11,17.92,168.73,50.88,159.63,70.39,89.00,37.43,0.137720,0,0
9,3048,877.30,266.87,935.06,220.06,952.66,241.77,894.90,288.58,0.142388,2,0
9,3049,172.44,37.83,182.43,-14.40,223.75,-6.49,213.76,45.73,0.054039,2,0
9,3101,572.49,199.66,626.88,193.47,627.66,200.29,573.27,206.48,0.150811,2,0
9,3110,255.62,351.78,288.64,362.01,282.21,382.74,249.20,372.51,0.054079,2,0
9,3210,1051.02,797.69,1059.54,833.85,1036.34,839.31,1027.83,803.16,0.084795,2,0
9,3229,933.48,503.21,1039.69,533.98,1020.75,599.37,914.53,568.60,0.054182,0,0
9,3231,93.55,-56.51,217.14,-93.08,225.20,-65.84,101.61,-29.27,0.091097,0,0
9,3263,754.86,-19.35,780.18,-4.10,768.34,15.56,743.02,0.31,0.088444,2,0
9,3296,748.20,637.20,751.96,665.02,726.37,668.47,722.61,640.66,0.052546,2,0
9,3316,713.22,709.90,733.44,737.44,724.54,743.98,704.32,716.43,0.053210,2,0
9,3318,100.13,459.08,115.23,472.36,104.76,484.25,89.67,470.97,0.108747,2,0
9,3324,-20265.37,-2094.98,22348.29,3399.29,22348.28,3399.34,-20265.38,-2094.93,0.055138,2,0
9,3332,1348.27,551.29,1402.26,653.32,1360.16,675.60,1306.17,573.58,0.051202,2,0
9,3344,253.68,474.52,287.68,443.97,298.33,455.82,264.33,486.38,0.052948,2,0
9,69,205.10,61.37,216.88,71.27,205.66,84.62,193.89,74.72,0.080915,2,0
9,730,166.25,297.65,196.33,289.66,201.14,307.75,171.06,315.74,0.114910,0,0
9,763,223.43,356.27,263.05,346.18,269.84,372.81,230.22,382.90,0.054483,2,0
9,854,921.72,602.47,1009.15,584.70,1017.50,625.78,930.07,643.55,0.050625,2,0
9,894,897.25,467.01,913.25,427.72,947.52,441.67,931.53,480.96,0.175146,0,0
9,946,350.92,579.25,399.53,618.26,381.54,640.68,332.93,601.67,0.209578,0,0
9,948,997.33,232.12,1097.89,197.74,1109.62,232.05,1009.05,266.42,0.288799,0,0
9,1008,579.01,352.91,596.55,347.96,598.50,354.87,580.96,359.83,0.178834,2,0
9,1298,481.81,155.87,481.92,168.38,468.22,168.50,468.10,155.99,0.217904,2,0
9,1360,483.16,597.06,525.54,598.05,524.88,626.20,482.51,625.21,0.057055,2,0
9,1383,572.71,637.16,573.26,690.10,549.94,690.34,549.39,637.40,0.054026,2,0
9,1439,75.87,408.18,105.20,418.40,101.49,429.05,72.16,418.82,0.056267,2,0
9,1450,1125.91,850.33,1227.12,835.14,1233.37,876.78,1132.16,891.97,0.111867,0,0
9,1466,28.72,560.42,56.22,551.11,62.73,570.32,35.22,579.63,0.057059,2,0
9,1570,1004.50,467.55,1021.73,469.95,1019.21,488.04,1001.98,485.65,0.054629,2,0
9,1646,968.61,711.37,997.81,767.60,973.78,780.08,944.58,723.84,0.051214,2,0
9,1253,1012.63,680.99,1050.41,646.48,1061.21,658.30,1023.44,692.82,0.054629,2,0
9,1473,595.09,756.85,685.44,976.16,645.79,992.50,555.44,773.19,0.056111,0,0
9,1817,610.60,368.09,676.64,368.58,675.97,458.27,609.93,457.78,0.248570,0,0
9,1849,521.38,599.98,592.35,588.12,599.70,632.12,528.74,643.98,0.086148,2,0
9,1871,427.66,-378.20,1114.09,318.81,1061.81,370.30,375.38,-326.72,0.055180,0,0
9,1950,1319.95,207.25,1326.53,261.41,1313.36,263.01,1306.79,208.85,0.067239,0,0
9,1957,520.43,585.29,550.32,603.97,543.83,614.37,513.93,595.69,0.057803,2,0
9,1968,-71921.03,91020.39,73168.67,-89890.69,73168.88,-89890.53,-71920.83,91020.55,0.184352,2,0
9,1978,717.35,842.50,799.68,1016.59,759.18,1035.74,676.86,861.66,0.088799,0,0
9,1979,462.59,959.05,512.56,853.31,568.16,879.59,518.19,985.33,0.075553,0,0
9,2169,102.31,408.13,109.68,440.02,97.49,442.84,90.12,410.95,0.087227,2,0
9,2247,722.57,631.10,771.85,668.53,752.61,693.86,703.33,656.43,0.051508,2,0
9,2284,520.11,504.19,538.38,321.93,561.91,324.29,543.64,506.55,0.060773,2,0
9,119,581.76,-76.25,645.57,-129.22,667.40,-102.92,603.59,-49.96,0.250147,0,0
9,449,619.09,761.36,679.64,781.59,672.75,802.22,612.19,781.99,0.078451,0,0
9,615,1359.45,586.92,1401.79,686.40,1376.87,697.01,1334.52,597.53,0.060329,0,0
9,889,1251.44,747.37,1346.48,570.94,1395.47,597.34,1300.43,773.76,0.055477,0,0
9,951,1052.43,769.52,1064.27,787.77,1047.69,798.53,1035.85,780.28,0.061591,2,0
9,2871,28.88,219.23,29.05,134.35,60.32,134.42,60.15,219.29,0.080796,0,0
9,2898,1018.75,700.50,1129.91,490.95,1163.48,508.76,1052.32,718.31,0.052493,0,0
9,2910,734.53,78.17,782.33,122.48,754.84,152.14,707.04,107.82,0.154400,2,0
9,3091,29.27,594.80,82.67,705.40,46.91,722.67,-6.50,612.07,0.065034,0,0
9,365,535.71,665.93,536.65,685.28,519.63,686.11,518.69,666.76,0.061477,2,0
9,699,351.73,153.80,352.39,135.08,364.09,135.49,363.43,154.21,0.085118,2,0
9,1089,806.02,154.64,890.11,150.12,891.70,179.72,807.61,184.25,0.207189,2,0
9,1326,764.77,584.04,797.25,574.72,802.61,593.39,770.13,602.71,0.060530,2,0
9,1777,758.35,278.75,848.84,154.22,898.14,190.03,807.64,314.57,0.268182,0,0
9,124,1123.50,255.96,1143.77,166.86,1160.59,170.69,1140.32,259.79,0.165793,0,0
9,269,848.71,227.21,881.49,200.76,893.44,215.56,860.66,242.01,0.238699,0,0
9,3377,483.91,336.53,731.59,555.22,722.15,565.90,474.48,347.21,0.240401,0,0
9,3382,108.27,862.95,128.23,861.94,129.98,896.54,110.02,897.55,0.227418,0,0
9,3425,681.25,105.07,718.69,100.57,721.01,119.83,683.57,124.33,0.138983,2,0
9,3433,50.32,763.44,126.16,806.20,114.84,826.27,39.00,783.51,0.114910,0,0
9,3449,238.78,39.27,260.84,-1.69,272.96,4.84,250.90,45.79,0.114287,2,0
9,3456,426.16,297.83,445.00,315.74,429.90,331.62,411.06,313.71,0.157700,2,0
9,3464,614.05,453.89,682.45,550.88,634.00,585.05,565.60,488.05,0.320888,0,0
9,3489,1040.74,251.13,1069.91,198.10,1096.40,212.67,1067.23,265.70,0.228642,0,0
9,3507,1128.44,482.55,1128.94,475.87,1155.08,477.82,1154.58,484.50,0.082612,2,0
9,3512,279.66,434.84,324.86,469.20,307.97,491.43,262.77,457.07,0.064274,0,0
9,3518,1297.42,190.59,1420.21,141.60,1441.83,195.80,1319.04,244.79,0.052322,0,0
9,3524,769.32,186.14,872.58,191.89,871.23,216.19,767.96,210.43,0.097245,2,0
9,3527,524.87,251.60,534.28,294.97,511.28,299.96,501.87,256.59,0.206286,2,0
9,3544,216.06,254.91,216.72,273.47,202.65,273.97,201.99,255.41,0.093508,2,0
9,3574,1176.54,416.15,1267.99,528.81,1247.56,545.39,1156.12,432.72,0.112786,0,0
9,3584,722.12,410.03,730.74,392.86,747.25,401.15,738.63,418.31,0.086148,2,0
9,3606,435.13,543.43,444.38,575.96,427.85,580.67,418.60,548.13,0.058948,2,0
9,3613,111.84,152.85,128.93,200.59,104.87,209.21,87.78,161.47,0.076118,0,0
9,3615,164.75,155.80,201.09,161.36,198.31,179.57,161.97,174.02,0.114287,2,0
9,3623,258.61,307.15,290.64,289.23,301.93,309.42,269.91,327.34,0.051854,2,0
9,3626,571.61,549.97,598.01,566.34,586.94,584.19,560.54,567.82,0.122713,0,0
9,3641,134.76,400.93,154.12,386.31,161.41,395.95,142.05,410.57,0.055151,2,0
9,3647,1099.05,647.71,1101.55,721.41,1039.28,723.52,1036.78,649.82,0.062954,0,0
9,3656,1349.90,361.72,1433.41,461.11,1405.81,484.30,1322.30,384.92,0.053689,0,0
9,3679,105.42,596.24,158.20,606.07,152.43,637.02,99.66,627.19,0.178335,0,0
9,3681,474.08,89.73,483.13,93.76,477.94,105.44,468.89,101.41,0.220853,2,0
9,3740,979.31,-14.00,1400.54,382.63,1382.51,401.78,961.28,5.15,0.122729,2,0
9,3762,634.86,592.81,731.66,584.57,733.16,602.23,636.36,610.47,0.156231,2,0
9,3775,310.01,352.71,315.73,361.48,306.01,367.81,300.30,359.04,0.060298,2,0
9,3785,659.12,693.74,679.43,728.40,665.45,736.60,645.14,701.93,0.061477,2,0
9,3802,221.67,454.07,244.55,452.65,246.13,478.21,223.26,479.63,0.053297,2,0
9,3808,991.09,759.55,1083.59,750.29,1087.56,789.91,995.06,799.17,0.052570,0,0
9,3814,517.13,267.44,538.83,263.86,540.42,273.47,518.72,277.06,0.164574,2,0
9,3826,541.60,901.19,541.91,912.68,520.08,913.27,519.77,901.77,0.051684,0,0
9,3827,648.81,773.16,653.54,707.34,685.58,709.64,680.85,775.46,0.051462,2,0
9,3836,637.73,379.22,681.70,481.13,647.86,495.73,603.89,393.82,0.328110,0,0
9,54,225.69,484.40,323.97,518.95,314.37,546.24,216.10,511.69,0.065034,0,0
9,217,438.09,838.23,465.38,934.35,439.90,941.59,412.61,845.47,0.110421,2,0
9,438,274.58,415.90,284.36,435.75,270.45,442.60,260.67,422.75,0.053413,2,0
9,598,1049.04,316.10,1062.60,332.70,1050.79,342.34,1037.23,325.75,0.191770,2,0
9,491,1295.72,255.95,1298.30,551.92,1250.53,552.34,1247.95,256.36,0.081066,0,0
9,1018,304.48,378.65,345.22,372.28,348.12,390.79,307.38,397.16,0.054750,2,0
9,1066,726.20,396.17,726.57,378.16,742.78,378.50,742.40,396.50,0.229871,2,0
9,1067,444.27,604.26,452.38,621.91,443.89,625.81,435.79,608.16,0.058954,2,0
9,1188,132.18,682.36,154.09,667.38,162.47,679.63,140.56,694.61,0.164916,2,0
9,1336,1066.93,553.42,1126.17,636.04,1081.75,667.89,1022.51,585.27,0.051759,2,0
9,1447,529.73,551.12,546.63,538.42,565.33,563.31,548.43,576.01,0.056153,2,0
9,1832,780.73,70.01,939.76,68.37,940.02,93.78,780.99,95.42,0.207189,2,0
9,1934,454.42,129.88,457.94,153.48,434.90,156.90,431.39,133.31,0.091705,2,0
9,1937,184.43,454.27,234.16,466.62,227.22,494.58,177.49,482.23,0.055826,2,0
9,1976,250.57,556.00,269.97,556.59,269.32,577.91,249.92,577.32,0.055826,2,0
9,2095,810.64,696.00,849.73,829.56,801.96,843.55,762.86,709.99,0.122790,0,0
9,2151,851.87,284.84,862.42,266.67,887.74,281.38,877.20,299.54,0.083277,2,0
9,2192,1326.91,468.08,1465.31,438.80,1473.17,475.97,1334.77,505.24,0.066001,0,0
9,2240,398.00,679.42,456.73,682.59,454.64,721.29,395.91,718.12,0.111668,2,0
9,2299,889.88,655.50,909.67,735.02,861.96,746.89,842.17,667.38,0.053210,2,0
9,225,740.51,-74.84,804.88,277.67,761.70,285.55,697.32,-66.96,0.239436,0,0
9,392,178.94,624.16,194.64,636.47,184.58,649.29,168.88,636.98,0.083774,2,0
9,541,962.63,749.23,1096.60,748.35,1096.87,789.62,962.90,790.50,0.060329,0,0
9,593,499.23,842.58,513.53,874.04,502.17,879.20,487.87,847.75,0.054817,0,0
9,1091,917.19,-281.66,1028.56,78.90,938.47,106.73,827.11,-253.84,0.055180,0,0
9,2002,871.72,796.23,950.19,846.08,917.33,897.80,838.86,847.95,0.064965,0,0
9,2071,57.55,572.06,113.30,571.65,113.54,604.73,57.80,605.14,0.055181,0,0
9,2366,573.04,155.64,756.06,415.27,690.48,461.49,507.47,201.87,0.287449,0,0
9,2386,583.34,581.48,615.50,534.68,638.69,550.61,606.54,597.41,0.052775,0,0
9,2534,132.08,669.64,142.96,666.49,147.39,681.78,136.52,684.94,0.151002,2,0
9,2627,1223.26,566.45,1250.28,620.40,1227.90,631.61,1200.88,577.66,0.057053,0,0
9,2639,214.53,631.05,284.44,702.74,263.27,723.38,193.36,651.70,0.103718,0,0
9,2702,1139.22,414.93,1140.85,391.01,1155.25,391.99,1153.62,415.91,0.183898,2,0
9,2742,450.79,269.89,574.31,211.59,580.39,224.49,456.88,282.79,0.132238,2,0
9,2745,994.53,687.62,1131.71,796.95,1089.91,849.39,952.74,740.06,0.075553,0,0
9,2764,582.05,314.58,643.12,369.71,630.64,383.54,569.56,328.41,0.093311,2,0
9,2768,708.46,835.35,739.38,844.15,726.69,888.74,695.77,879.95,0.055939,0,0
9,2805,828.94,651.82,853.51,691.93,828.92,706.99,804.35,666.88,0.052914,2,0
9,376,619.49,-40.44,655.65,-42.50,657.10,-17.03,620.94,-14.97,0.217853,0,0
9,487,1253.11,652.29,1324.68,573.88,1365.35,610.99,1293.78,689.41,0.051389,0,0
9,637,987.67,871.44,994.12,777.04,1041.97,780.31,1035.52,874.71,0.103558,2,0
9,815,773.48,645.90,789.75,734.82,764.16,739.50,747.89,650.58,0.053824,2,0
9,887,662.14,761.62,681.03,822.28,648.31,832.46,629.43,771.80,0.053824,2,0
9,32,686.65,800.35,750.73,783.57,758.95,814.95,694.88,831.74,0.052775,0,0
9,38,276.15,369.93,303.22,364.39,308.77,391.47,281.70,397.02,0.152927,0,0
9,132,439.93,283.52,452.92,310.24,431.30,320.75,418.31,294.03,0.140665,0,0
9,2858,761.96,266.53,834.54,90.42,921.47,126.24,848.88,302.35,0.191922,0,0
9,72,359.51,445.16,391.10,484.96,370.31,501.46,338.72,461.66,0.114137,0,0
9,2956,638.32,451.28,751.92,429.79,764.76,497.65,651.15,519.14,0.063541,0,0
9,3203,1146.64,439.09,1209.48,413.93,1221.00,442.72,1158.17,467.88,0.136570,0,0
9,3256,1290.22,520.26,1407.25,483.87,1415.91,511.73,1298.88,548.12,0.180969,0,0
9,1231,545.03,590.37,557.19,535.13,599.38,544.42,587.22,599.66,0.211348,0,0
9,973,775.84,852.04,820.86,814.13,844.46,842.16,799.44,880.07,0.291653,0,0
9,3490,1195.19,100.57,1271.08,101.63,1270.79,121.96,1194.91,120.89,0.064361,0,0
9,3516,357.34,731.16,412.18,729.57,413.31,768.89,358.47,770.47,0.359539,0,0
9,3535,430.46,168.24,451.59,164.20,454.38,178.82,433.25,182.86,0.180808,2,0
9,3560,30.07,669.54,154.08,668.38,154.43,705.64,30.42,706.81,0.052948,2,0
9,3673,1060.86,808.83,1085.70,806.41,1087.45,824.41,1062.61,826.83,0.084795,2,0
9,3747,299.44,719.71,322.81,729.03,313.87,751.48,290.49,742.17,0.072598,2,0
9,3800,954.08,43.94,955.26,18.72,983.28,20.03,982.10,45.25,0.153215,2,0
9,49,898.37,-88.38,1018.68,-24.42,989.71,30.07,869.40,-33.90,0.288225,0,0
9,27,534.49,72.62,560.87,127.99,516.84,148.96,490.46,93.60,0.261869,0,0
9,1111,713.46,950.93,816.33,788.64,895.59,838.89,792.72,1001.17,0.252006,0,0
9,1345,1108.84,288.20,1174.58,312.92,1163.75,341.72,1098.02,317.01,0.077626,0,0
9,2214,1106.37,748.35,1206.81,645.75,1233.27,671.65,1132.82,774.25,0.135686,0,0
9,2237,666.65,8.73,692.53,31.63,679.33,46.56,653.44,23.66,0.201105,2,0
9,2314,908.41,524.00,958.52,771.07,905.34,781.86,855.23,534.79,0.096482,0,0
9,2334,584.77,425.54,589.63,440.86,580.22,443.84,575.36,428.52,0.228730,2,0
9,43,201.80,254.79,256.38,390.39,233.23,399.71,178.65,264.11,0.054219,0,0
9,832,1092.33,624.87,1102.63,420.64,1172.84,424.18,1162.54,628.41,0.078870,0,0
9,188,1384.07,659.34,1440.97,871.41,1383.11,886.94,1326.21,674.86,0.113346,0,0
9,2626,1041.68,879.10,1149.99,895.52,1143.93,935.43,1035.62,919.00,0.054042,0,0
9,40,783.26,346.13,830.70,343.42,832.25,370.53,784.81,373.24,0.157826,0,0
9,3850,491.88,310.40,531.00,340.06,517.53,357.81,478.42,328.15,0.184493,0,0
9,3854,691.44,-50.25,699.34,5.00,659.60,10.69,651.70,-44.57,0.082944,0,0
9,3879,694.39,684.63,721.30,626.81,750.01,640.17,723.09,697.99,0.055147,0,0
9,3885,551.52,405.62,799.54,568.01,785.36,589.67,537.34,427.29,0.114137,0,0
9,3888,583.25,478.22,657.96,462.62,668.30,512.16,593.59,527.75,0.359539,0,0
9,3891,896.28,10.13,916.84,33.28,901.41,46.98,880.86,23.84,0.224353,2,0
9,3900,551.38,576.65,677.90,547.58,689.06,596.15,562.54,625.22,0.289587,0,0
9,3901,971.89,81.81,1008.23,29.74,1043.89,54.63,1007.55,106.70,0.293243,0,0
9,3911,803.74,474.76,805.07,440.56,821.62,441.21,820.28,475.41,0.132446,2,0
9,3913,215.26,214.20,315.53,181.00,320.57,196.20,220.29,229.41,0.132238,2,0
9,3921,646.07,488.51,655.11,494.59,649.18,503.39,640.14,497.31,0.417903,0,0
9,3923,767.90,110.28,775.04,127.82,757.26,135.06,750.12,117.51,0.191770,2,0
9,3943,937.04,186.37,951.73,79.97,996.69,86.18,982.00,192.58,0.238699,0,0
9,3955,583.53,227.36,585.33,246.06,565.49,247.97,563.69,229.27,0.245382,2,0
9,3963,769.13,494.28,772.74,433.92,819.58,436.71,815.97,497.07,0.054466,2,0
9,3964,639.34,364.95,689.38,448.49,648.83,472.78,598.78,389.24,0.159138,0,0
9,3965,353.35,620.38,360.99,594.87,385.06,602.07,377.43,627.58,0.055181,0,0
9,3966,352.64,864.80,375.31,848.70,381.05,856.78,358.38,872.88,0.094756,2,0
9,3973,911.16,342.23,940.43,387.56,912.27,405.74,883.01,360.41,0.175146,0,0
9,3982,574.17,514.37,657.81,425.70,707.36,472.44,623.72,561.11,0.134122,0,0
9,3989,168.90,643.38,226.82,615.41,232.80,627.80,174.89,655.77,0.143506,2,0
9,3994,590.16,547.74,676.90,533.18,689.47,608.07,602.73,622.63,0.237157,0,0
9,4056,685.92,804.94,733.65,820.19,716.31,874.44,668.59,859.19,0.057055,2,0
9,4077,825.31,468.98,860.91,469.88,860.61,481.91,825.01,481.01,0.238074,2,0
9,4122,958.19,524.13,977.19,529.06,974.59,539.10,955.59,534.18,0.054795,2,0
9,4124,1193.52,503.83,1283.96,505.31,1283.32,544.00,1192.88,542.52,0.054182,0,0
9,4125,931.87,763.85,964.17,849.04,922.60,864.80,890.31,779.61,0.063746,0,0
9,4128,704.93,503.44,715.67,566.38,684.85,571.64,674.11,508.70,0.059724,0,0
9,4132,1129.57,698.04,1163.17,695.88,1165.66,734.76,1132.06,736.91,0.149948,0,0
9,4140,660.71,626.03,684.16,653.77,675.69,660.93,652.23,633.20,0.059699,2,0
9,4157,236.85,242.00,241.73,259.66,218.37,266.12,213.49,248.46,0.131170,2,0
9,4167,1052.70,294.44,1059.64,353.30,1032.14,356.55,1025.20,297.68,0.192745,2,0
9,4180,1140.98,748.55,1156.32,747.81,1158.38,790.36,1143.04,791.10,0.111867,0,0
9,4183,953.71,439.47,1036.93,565.87,1010.47,583.29,927.25,456.89,0.051759,2,0
9,4209,835.77,559.20,863.25,605.89,837.13,621.27,809.64,574.57,0.051533,0,0
9,4231,165.23,502.95,200.34,501.67,200.99,519.67,165.88,520.94,0.053719,2,0
9,4243,1249.14,718.49,1296.30,756.89,1274.27,783.94,1227.11,745.54,0.052048,0,0
9,4253,942.74,966.76,968.81,1014.44,941.45,1029.41,915.37,981.72,0.056111,0,0
9,4277,741.13,788.20,779.95,721.80,799.85,733.43,761.03,799.83,0.052516,2,0
9,4293,819.65,895.15,823.02,945.27,801.64,946.71,798.27,896.60,0.074532,0,0
9,22,715.97,356.18,753.38,296.75,772.24,308.62,734.83,368.05,0.224595,0,0
9,82,551.35,97.83,573.89,95.00,577.09,120.50,554.55,123.33,0.238055,2,0
9,147,12.86,105.03,24.77,116.66,17.46,124.14,5.56,112.52,0.094948,2,0
9,156,670.21,755.14,681.06,851.43,629.77,857.21,618.92,760.92,0.088799,0,0
9,319,530.13,115.48,535.92,124.59,526.62,130.50,520.84,121.39,0.190372,2,0
9,324,353.27,262.70,353.88,276.19,346.36,276.52,345.76,263.03,0.059883,2,0
9,327,258.97,736.20,265.09,700.45,287.33,704.25,281.21,740.01,0.060298,2,0
9,499,1098.84,603.20,1147.27,584.43,1162.95,624.90,1114.52,643.67,0.066001,0,0
9,523,1264.04,300.70,1275.30,419.53,1233.95,423.45,1222.69,304.62,0.053689,0,0
9,605,669.40,784.24,707.82,770.53,716.43,794.67,678.02,808.38,0.051617,2,0
9,629,972.07,767.73,987.39,702.39,1020.73,710.20,1005.41,775.55,0.096514,2,0
9,689,607.09,801.02,628.12,876.72,592.07,886.74,571.03,811.03,0.079800,0,0
9,738,915.50,417.90,926.03,435.09,913.36,442.85,902.83,425.66,0.071677,2,0
9,769,1285.47,600.49,1348.56,728.09,1300.61,751.80,1237.52,624.19,0.064965,0,0
9,953,646.47,188.59,775.28,252.22,760.05,283.05,631.24,219.42,0.226690,0,0
9,1024,549.18,221.20,591.93,248.54,579.80,267.52,537.04,240.18,0.262157,2,0
9,1080,451.37,626.52,475.44,589.90,492.38,601.04,468.32,637.65,0.111989,2,0
9,1107,572.07,822.41,603.17,837.46,592.28,859.96,561.18,844.91,0.110421,2,0
9,1141,248.27,710.56,289.13,694.72,295.71,711.69,254.85,727.53,0.085882,2,0
9,1312,828.59,309.82,902.62,242.23,923.68,265.30,849.65,332.89,0.097318,2,0
9,1397,1034.18,989.57,1078.67,837.34,1129.39,852.17,1084.90,1004.39,0.060034,0,0
9,1615,1012.47,416.78,1022.38,576.21,989.88,578.23,979.97,418.80,0.054466,2,0
9,1702,777.19,592.94,979.73,422.72,1029.91,482.42,827.36,652.64,0.052765,2,0
9,1896,502.83,286.68,515.21,362.04,492.45,365.78,480.06,290.42,0.117189,2,0
9,1952,114.51,644.84,129.07,654.94,116.74,672.71,102.18,662.61,0.052106,2,0
9,2158,306.30,570.24,962.35,527.18,967.43,604.57,311.38,647.63,0.068606,0,0
9,2191,1037.21,310.88,1481.53,601.90,1457.32,638.87,1013.00,347.86,0.080703,0,0
9,616,1096.00,115.24,1143.67,293.77,1099.25,305.63,1051.58,127.10,0.227722,0,0
9,2394,472.25,571.69,493.10,689.28,463.40,694.54,442.55,576.95,0.052516,2,0
9,2680,906.74,539.12,909.59,477.61,938.33,478.94,935.47,540.45,0.053114,2,0
9,2782,861.45,693.84,866.92,609.91,903.09,612.26,897.62,696.19,0.051334,2,0
9,2796,484.06,365.30,495.96,371.13,488.22,386.93,476.33,381.11,0.059952,2,0
9,2831,904.66,501.49,958.98,475.27,965.17,488.10,910.85,514.31,0.078501,2,0
9,834,1277.44,341.16,1372.01,375.31,1361.88,403.36,1267.31,369.20,0.053034,0,0
9,713,-9.60,668.47,119.76,785.99,92.74,815.74,-36.63,698.23,0.103718,0,0
9,972,810.65,336.57,837.93,423.33,807.56,432.88,780.28,346.12,0.096482,0,0
9,995,523.12,93.17,575.07,239.92,535.52,253.92,483.57,107.16,0.201847,0,0
9,1561,761.97,872.68,862.99,752.11,899.89,783.02,798.87,903.60,0.052716,2,0
9,1691,877.45,772.47,970.75,676.37,997.55,702.39,904.25,798.49,0.053114,2,0
9,851,1318.39,438.92,1433.99,687.18,1385.15,709.93,1269.55,461.66,0.081066,0,0
9,2351,790.19,190.20,832.41,176.77,842.30,207.87,800.08,221.29,0.288799,0,0
9,2369,1050.74,295.21,1068.14,317.29,1050.76,330.99,1033.36,308.91,0.184209,0,0
9,2395,265.16,842.30,390.04,665.48,446.49,705.35,321.62,882.17,0.112125,0,0
9,2744,634.31,762.96,839.37,675.64,862.63,730.26,657.57,817.58,0.054042,0,0
9,500,898.78,205.37,901.31,81.11,933.26,81.76,930.73,206.02,0.239436,0,0
9,522,1474.21,323.93,1507.32,383.17,1484.51,395.92,1451.40,336.68,0.062954,0,0
9,872,1017.08,455.84,1073.60,354.67,1105.39,372.43,1048.87,473.59,0.184006,0,0
9,936,661.52,80.21,667.05,-31.48,713.07,-29.20,707.53,82.49,0.082944,0,0
9,1344,1167.92,667.05,1210.86,971.18,1152.12,979.47,1109.18,675.35,0.135686,0,0
9,2923,23.74,807.56,223.37,860.26,212.11,902.92,12.48,850.22,0.078451,0,0
9,2968,865.32,199.26,919.78,603.79,862.85,611.46,808.40,206.92,0.127518,0,0
9,2978,447.02,812.49,451.32,802.35,470.08,810.31,465.78,820.45,0.055798,2,0
9,2980,888.64,425.83,895.34,432.75,884.64,443.10,877.94,436.18,0.120567,2,0
9,3043,567.60,127.19,744.43,67.77,758.70,110.25,581.87,169.67,0.332668,0,0
9,3077,519.86,553.55,683.81,477.57,705.81,525.05,541.86,601.03,0.321970,0,0
9,3107,427.72,617.01,865.54,387.91,905.56,464.40,467.74,693.50,0.211460,0,0
9,3162,1129.06,830.58,1138.59,599.00,1192.22,601.21,1182.69,832.79,0.113346,0,0
9,932,1088.31,145.45,1194.49,180.00,1180.52,222.92,1074.34,188.38,0.082605,0,0
9,1032,459.08,395.01,494.95,429.32,476.53,448.58,440.66,414.26,0.159138,0,0
9,1372,777.55,722.26,883.06,787.36,862.75,820.28,757.24,755.18,0.063746,0,0
9,1382,1155.40,443.96,1174.14,437.89,1176.92,446.47,1158.18,452.54,0.058918,2,0
9,1562,1030.42,323.40,1128.50,521.22,1108.14,531.32,1010.06,333.50,0.109420,2,0
9,1695,174.77,585.87,248.82,640.41,235.51,658.48,161.46,603.94,0.077924,2,0
9,1760,706.66,337.48,762.36,636.73,703.20,647.74,647.49,348.49,0.122790,0,0
9,2018,737.66,341.62,740.51,418.72,697.52,420.32,694.66,343.21,0.328110,0,0
9,140,509.58,707.96,529.42,568.65,617.37,581.18,597.53,720.49,0.051029,0,0
9,446,989.77,367.20,1002.84,446.14,975.89,450.61,962.82,371.66,0.078870,0,0
9,529,687.31,131.50,748.13,195.94,728.70,214.28,667.87,149.85,0.226690,0,0
10,2077,1107.01,118.39,1227.78,133.49,1222.94,172.19,1102.17,157.09,0.207115,0,0
10,2901,752.46,464.18,763.89,541.77,734.51,546.09,723.08,468.51,0.053593,0,0
10,3409,959.17,478.39,1012.34,380.74,1039.10,395.31,985.93,492.96,0.173069,0,0
10,78,776.73,201.75,813.03,278.65,783.11,292.77,746.81,215.87,0.243402,0,0
10,2653,1044.70,446.54,1205.81,594.01,1166.04,637.46,1004.92,489.99,0.060036,0,0
10,96,677.22,213.51,787.48,240.31,773.90,296.19,663.63,269.39,0.372057,0,0
10,4159,593.50,150.06,624.05,246.69,560.63,266.74,530.07,170.11,0.166452,0,0
10,4217,1040.74,714.27,1169.72,736.33,1157.37,808.53,1028.39,786.46,0.089717,0,0
10,4249,1044.95,574.55,1054.35,503.34,1100.53,509.43,1091.13,580.65,0.051812,0,0
10,4276,912.98,128.29,924.17,183.62,885.06,191.53,873.87,136.20,0.260962,0,0
10,4286,708.16,880.15,788.10,1005.91,738.92,1037.17,658.98,911.41,0.089421,0,0
10,20,474.31,162.70,502.13,164.18,501.50,176.00,473.68,174.52,0.166713,0,0
10,259,1002.54,552.27,1238.21,692.71,1206.66,745.65,970.99,605.21,0.052286,0,0
10,2829,711.46,334.52,779.92,443.87,753.56,460.38,685.10,351.03,0.270941,0,0
10,2861,1040.30,158.72,1058.34,380.71,1004.02,385.12,985.98,163.13,0.207689,0,0
10,2355,389.97,-75.71,434.51,-38.90,417.42,-18.23,372.88,-55.04,0.062039,0,0
10,2367,420.36,-44.17,494.91,-30.84,490.74,-7.51,416.19,-20.84,0.050554,0,0
10,2897,1075.43,284.08,1244.06,182.72,1267.64,221.95,1099.00,323.30,0.392816,0,0
10,3307,617.08,290.82,778.36,385.60,749.01,435.54,587.73,340.76,0.267601,0,0
10,935,1062.92,68.05,1067.36,191.63,1018.96,193.37,1014.53,69.79,0.277158,0,0
10,1249,948.78,668.43,954.01,736.34,930.80,738.13,925.57,670.22,0.056510,0,0
10,91,630.77,359.22,702.34,360.41,701.87,388.40,630.31,387.21,0.161591,0,0
10,4386,26.37,511.59,42.27,535.57,31.17,542.93,15.27,518.94,0.098497,2,0
10,4425,441.76,-62.42,501.17,-90.37,526.61,-36.28,467.21,-8.33,0.097380,0,0
10,4453,547.19,568.07,567.59,596.39,545.83,612.07,525.42,583.76,0.071859,2,0
10,4492,1061.24,485.67,1109.29,579.62,1082.03,593.56,1033.98,499.62,0.053449,2,0
10,4515,442.51,616.34,459.78,621.55,456.75,631.59,439.48,626.37,0.184500,2,0
10,4523,1279.37,467.88,1311.62,719.20,1267.62,724.84,1235.37,473.53,0.060036,0,0
10,4571,714.43,791.56,761.32,782.63,764.96,801.77,718.07,810.71,0.051688,2,0
10,4580,779.29,550.41,969.91,606.64,959.99,640.26,769.37,584.03,0.116643,0,0
10,4631,963.94,732.35,1095.75,814.69,1065.66,862.85,933.85,780.51,0.059093,0,0
10,157,780.24,-3.09,1000.28,13.77,997.39,51.40,777.35,34.53,0.265676,0,0
10,2205,861.51,560.69,870.92,596.89,851.75,601.87,842.34,565.68,0.063210,2,0
10,2223,963.78,748.44,1027.08,720.14,1043.29,756.39,979.98,784.69,0.089534,0,0
10,2341,789.76,355.26,848.32,350.10,850.88,379.14,792.32,384.31,0.273106,0,0
10,901,1165.98,306.92,1338.63,444.55,1293.49,501.18,1120.84,363.54,0.074556,0,0
10,2448,1103.94,882.85,1193.11,779.28,1222.96,804.98,1133.79,908.54,0.087529,0,0
10,575,772.68,518.81,837.53,559.20,817.93,590.66,753.08,550.28,0.052107,2,0
10,805,1079.08,889.44,1136.02,846.61,1152.00,867.85,1095.06,910.68,0.052032,0,0
10,2888,925.91,181.89,1027.15,133.53,1042.28,165.18,941.03,213.55,0.173989,0,0
10,2926,434.61,193.67,499.13,137.21,525.22,167.03,460.70,223.49,0.136912,0,0
10,2963,639.79,288.28,676.77,435.26,638.07,444.99,601.09,298.02,0.306592,0,0
10,2976,467.88,151.95,596.96,187.97,582.26,240.65,453.18,204.63,0.186268,0,0
10,601,781.71,116.08,905.02,189.48,881.46,229.06,758.15,155.66,0.195164,0,0
10,1861,870.27,852.27,896.00,882.16,872.79,902.13,847.06,872.24,0.101432,2,0
10,1746,957.03,341.87,1025.53,282.17,1047.28,307.13,978.78,366.83,0.109362,0,0
10,260,781.85,117.65,793.54,207.20,746.14,213.39,734.46,123.84,0.175567,0,0
10,3417,671.94,485.41,708.50,459.19,743.25,507.62,706.69,533.85,0.185104,0,0
10,3447,827.65,241.46,921.14,265.72,905.42,326.34,811.92,302.08,0.301743,0,0
10,3642,1165.98,899.98,1277.62,987.96,1246.53,1027.42,1134.89,939.44,0.074008,0,0
10,3646,1405.61,742.05,1456.25,849.00,1421.63,865.39,1371.00,758.44,0.073564,0,0
10,3837,472.61,307.98,488.94,297.06,494.06,304.71,477.73,315.63,0.074781,2,0
10,175,619.71,106.26,646.21,352.79,595.74,358.22,569.23,111.69,0.481091,0,0
10,2576,281.59,411.77,308.28,480.05,289.97,487.21,263.28,418.92,0.053735,2,0
10,2638,908.14,298.21,945.42,284.99,948.29,293.09,911.01,306.31,0.314772,0,0
10,1,589.89,275.64,628.73,337.24,595.23,358.36,556.39,296.77,0.120340,0,0
10,4697,469.35,256.98,478.19,272.94,466.18,279.60,457.33,263.64,0.172971,2,0
10,4699,1111.26,103.37,1126.63,122.50,1103.79,140.85,1088.42,121.72,0.163780,0,0
10,4703,629.12,72.50,642.34,101.74,606.76,117.82,593.55,88.59,0.160131,0,0
10,4711,441.21,358.21,507.26,460.67,477.49,479.87,411.44,377.41,0.176938,0,0
10,4714,1073.89,241.62,1075.88,181.69,1105.66,182.68,1103.67,242.61,0.402939,0,0
10,4728,838.45,276.66,844.11,282.31,832.92,293.55,827.25,287.90,0.157872,2,0
10,4730,1292.80,276.51,1322.13,265.65,1324.79,272.84,1295.46,283.70,0.051621,0,0
10,4733,469.97,199.74,481.05,230.44,468.88,234.83,457.80,204.13,0.239721,2,0
10,4752,-32.99,214.02,21.57,213.86,21.63,233.38,-32.93,233.54,0.175010,0,0
10,4754,702.04,394.63,722.92,430.56,704.11,441.49,683.23,405.56,0.053779,2,0
10,4770,668.59,418.08,679.67,458.24,629.42,472.09,618.35,431.94,0.270941,0,0
10,4776,106.76,651.55,124.77,654.28,123.79,660.79,105.77,658.06,0.075594,2,0
10,4791,625.91,718.00,699.52,741.82,687.51,778.93,613.90,755.10,0.050764,0,0
10,4810,660.32,42.17,691.15,88.45,677.44,97.59,646.61,51.31,0.281651,2,0
10,4828,873.62,500.22,873.89,532.48,859.38,532.60,859.12,500.34,0.100654,2,0
10,4848,310.11,465.88,390.91,441.68,393.80,451.33,313.00,475.53,0.053020,2,0
10,4850,1071.85,108.01,1086.68,96.64,1094.42,106.74,1079.60,118.11,0.146942,2,0
10,4852,700.60,962.45,752.53,1035.68,710.39,1065.56,658.46,992.33,0.089421,0,0
10,4864,427.44,146.38,430.11,125.83,437.07,126.74,434.40,147.29,0.113880,2,0
10,4874,364.46,853.81,367.59,870.45,354.97,872.82,351.84,856.18,0.215050,2,0
10,4894,241.42,611.71,454.48,556.26,460.36,578.85,247.30,634.31,0.154156,0,0
10,4907,298.18,503.80,300.21,514.88,289.39,516.87,287.36,505.78,0.081677,2,0
10,4935,382.02,479.98,382.59,469.81,395.50,470.54,394.93,480.71,0.053656,2,0
10,4970,280.46,380.67,287.87,391.27,279.01,397.47,271.59,386.86,0.055895,2,0
10,4976,485.52,464.20,519.13,465.88,518.69,474.69,485.08,473.02,0.112423,2,0
10,4986,716.02,661.47,728.12,724.57,683.31,733.16,671.21,670.06,0.054666,2,0
10,5009,78.86,180.09,110.94,203.94,95.96,224.09,63.88,200.24,0.051292,0,0
10,5018,720.23,645.04,768.69,668.30,752.75,701.51,704.28,678.25,0.052269,2,0
10,5019,500.56,736.48,543.11,739.33,542.12,754.06,499.57,751.22,0.075111,2,0
10,5020,1243.59,739.93,1302.81,684.35,1319.37,701.99,1260.15,757.57,0.056260,0,0
10,5024,914.18,703.19,920.68,700.28,942.50,748.98,936.00,751.89,0.052569,2,0
10,5033,795.61,444.31,795.65,465.38,778.32,465.41,778.28,444.34,0.059844,2,0
10,5035,848.91,661.60,851.49,674.71,840.25,676.93,837.66,663.81,0.050482,0,0
10,5036,872.51,957.96,903.60,928.98,930.32,957.64,899.23,986.62,0.055070,0,0
10,5040,822.36,732.94,844.39,678.43,866.90,687.53,844.88,742.04,0.051489,2,0
10,143,180.67,732.60,194.19,650.90,240.13,658.51,226.61,740.20,0.213596,0,0
10,306,158.58,342.07,164.73,361.33,152.52,365.23,146.37,345.97,0.057338,2,0
10,371,42.90,287.03,111.80,382.42,88.00,399.60,19.11,304.21,0.055362,0,0
10,450,1013.92,858.59,1053.50,899.51,1020.61,931.31,981.04,890.39,0.058763,0,0
10,970,631.61,45.02,694.72,-6.83,714.29,16.99,651.18,68.84,0.225086,2,0
10,1730,386.13,956.77,387.50,903.75,445.88,905.25,444.51,958.27,0.078168,0,0
10,1776,336.65,594.63,341.43,615.26,329.20,618.10,324.41,597.47,0.067255,2,0
10,1808,82.69,665.29,95.42,670.33,92.47,677.77,79.75,672.74,0.052658,2,0
10,2016,644.91,641.47,687.58,668.10,675.80,686.98,633.13,660.36,0.055220,2,0
10,2234,643.91,756.06,649.86,717.20,662.54,719.14,656.60,758.00,0.123353,2,0
10,816,955.80,546.64,1026.29,572.82,1013.27,607.88,942.78,581.70,0.052918,2,0
10,2370,-5295331.00,-4005096.25,5296297.00,4005708.25,5296294.00,4005712.25,-5295334.00,-4005092.25,0.225171,2,0
10,2429,675.17,390.40,692.49,400.05,687.44,409.11,670.12,399.46,0.136432,2,0
10,2527,677.06,911.68,695.94,875.19,730.70,893.18,711.81,929.67,0.051274,0,0
10,2779,874.58,614.67,984.34,668.52,960.16,717.79,850.40,663.94,0.052778,2,0
10,2803,869.87,954.97,926.76,823.49,975.47,844.57,918.59,976.04,0.056492,0,0
10,2827,860.87,780.61,861.85,749.54,880.12,750.12,879.14,781.18,0.051337,2,0
10,1740,488.11,445.99,549.54,641.89,497.24,658.28,435.81,462.39,0.306592,0,0
10,2358,870.57,164.51,919.94,201.20,903.82,222.89,854.45,186.20,0.243402,0,0
10,2873,747.59,48.88,751.77,80.07,734.90,82.33,730.73,51.14,0.248058,2,0
10,3110,237.33,346.47,246.11,369.46,231.36,375.10,222.58,352.11,0.062755,2,0
10,3229,982.65,344.03,1078.24,329.35,1086.78,384.97,991.19,399.65,0.267601,0,0
10,3344,358.88,422.29,365.06,465.61,349.59,467.82,343.41,424.50,0.053779,2,0
10,894,789.99,440.33,817.63,498.35,767.76,522.11,740.12,464.08,0.170009,0,0
10,946,326.95,712.39,398.50,722.45,393.76,756.13,322.21,746.06,0.126410,0,0
10,948,893.94,245.60,1004.49,254.88,1001.25,293.57,890.70,284.29,0.275945,0,0
10,1450,672.16,1026.52,710.10,1004.90,719.36,1021.15,681.41,1042.77,0.051259,0,0
10,1817,410.56,332.49,467.24,334.58,464.74,402.46,408.06,400.37,0.163981,0,0
10,1849,374.21,538.37,404.11,569.90,384.52,588.47,354.62,556.94,0.058580,2,0
10,1950,529.98,411.19,660.42,383.01,667.63,416.40,537.20,444.57,0.075464,0,0
10,1978,767.57,819.61,892.19,780.29,901.45,809.66,776.83,848.98,0.052199,0,0
10,2898,1241.23,652.29,1255.76,475.09,1285.17,477.50,1270.64,654.70,0.078461,0,0
10,1326,509.36,580.45,528.69,578.53,529.72,588.89,510.39,590.82,0.052839,2,0
10,269,428.83,587.95,496.01,543.51,516.84,575.00,449.67,619.44,0.168831,0,0
10,3449,212.92,19.01,220.55,49.61,211.32,51.91,203.69,21.31,0.140180,2,0
10,3464,539.48,513.90,625.07,481.02,641.38,523.47,555.78,556.35,0.125812,0,0
10,3527,716.66,300.18,765.31,255.81,789.49,282.32,740.84,326.69,0.073339,2,0
10,3615,162.87,147.94,194.12,145.08,195.58,161.01,164.33,163.87,0.163596,2,0
10,3623,338.79,320.32,368.40,319.29,369.06,338.36,339.45,339.39,0.141233,2,0
10,3647,939.86,857.71,948.17,792.57,1003.00,799.57,994.69,864.70,0.111965,0,0
10,3785,627.33,782.00,630.82,828.40,611.77,829.84,608.28,783.44,0.119325,2,0
10,3827,729.23,491.47,776.13,503.59,770.49,525.42,723.59,513.30,0.051550,2,0
10,3836,619.80,430.98,672.39,540.51,636.07,557.94,583.49,448.42,0.201257,0,0
10,491,1139.86,246.28,1144.26,477.74,1104.77,478.49,1100.38,247.03,0.057687,0,0
10,2299,913.51,560.65,925.49,600.68,902.03,607.70,890.06,567.67,0.067568,2,0
10,2366,768.93,376.88,861.33,441.74,844.82,465.25,752.42,400.39,0.264684,0,0
10,2386,602.89,495.88,688.03,555.43,658.16,598.14,573.02,538.59,0.202370,0,0
10,2764,398.33,423.45,445.31,413.17,447.77,424.39,400.79,434.67,0.111840,2,0
10,2768,696.03,869.28,696.79,833.69,738.69,834.58,737.93,870.17,0.100921,0,0
10,487,1115.73,768.89,1188.62,735.14,1206.15,773.01,1133.26,806.76,0.067017,0,0
10,2858,926.45,211.73,1045.06,257.31,1028.73,299.80,910.12,254.22,0.241500,0,0
10,2956,700.71,478.68,743.78,546.72,704.00,571.90,660.93,503.87,0.310834,0,0
10,973,562.90,885.89,621.27,938.61,587.37,976.13,529.00,923.41,0.053138,0,0
10,1111,1030.90,756.19,1064.36,885.01,1004.96,900.43,971.50,771.62,0.081751,0,0
10,2314,890.61,633.57,1183.46,593.62,1192.47,659.67,899.62,699.62,0.102089,0,0
10,43,521.62,155.87,597.92,247.78,581.53,261.38,505.23,169.48,0.286849,0,0
10,188,1126.22,773.01,1204.11,954.11,1153.81,975.75,1075.92,794.64,0.090138,0,0
10,40,1069.43,458.59,1163.65,449.83,1168.64,503.52,1074.42,512.28,0.082866,0,0
10,3888,648.27,477.54,677.41,569.43,615.33,589.12,586.19,497.23,0.404028,0,0
10,3943,1031.76,44.88,1120.24,89.63,1101.04,127.58,1012.57,82.83,0.188405,0,0
10,3964,820.92,262.78,829.66,390.46,767.69,394.70,758.94,267.02,0.289565,0,0
10,3982,608.40,555.86,691.51,558.78,689.98,602.16,606.88,599.24,0.052659,0,0
10,3994,452.84,439.98,483.01,492.10,439.11,517.51,408.94,465.39,0.166452,0,0
10,4140,499.33,415.64,507.21,450.49,497.07,452.78,489.19,417.93,0.085072,2,0
10,4183,882.35,521.81,1023.82,637.85,999.04,668.06,857.57,552.02,0.052943,2,0
10,22,881.03,343.52,902.41,349.21,900.60,355.99,879.23,350.31,0.211183,0,0
10,156,1032.38,500.18,1046.09,595.59,998.66,602.41,984.94,507.00,0.056380,0,0
10,499,1193.53,385.65,1217.26,452.18,1161.67,472.01,1137.94,405.48,0.089406,0,0
10,523,704.87,245.09,718.00,325.04,689.26,329.76,676.14,249.80,0.083624,0,0
10,689,907.34,840.58,919.33,910.06,885.09,915.97,873.10,846.49,0.068809,0,0
10,953,1033.41,348.72,1060.33,382.41,1052.23,388.89,1025.31,355.20,0.240120,0,0
10,1615,927.79,543.19,1063.79,551.28,1062.06,580.40,926.05,572.31,0.052837,2,0
10,2782,757.42,583.88,788.75,670.16,749.98,684.24,718.64,597.96,0.056856,2,0
10,972,752.55,372.56,797.63,355.30,804.09,372.16,759.01,389.43,0.185475,0,0
10,995,428.76,119.57,676.22,120.27,676.02,191.21,428.56,190.51,0.267459,0,0
10,936,653.26,132.07,743.10,102.24,755.50,139.56,665.65,169.39,0.214341,0,0
10,1344,1179.92,760.35,1187.83,975.46,1144.91,977.04,1137.00,761.93,0.089553,0,0
10,3043,865.79,216.10,1018.77,123.80,1041.91,162.16,888.93,254.46,0.267459,0,0
10,3077,900.63,641.27,1054.65,602.63,1065.68,646.60,911.66,685.24,0.055188,0,0
10,3162,947.78,647.09,1105.42,761.45,1078.63,798.37,921.00,684.01,0.057405,0,0
10,1372,708.71,924.20,799.50,882.71,813.24,912.78,722.46,954.27,0.052299,0,0
10,1760,545.77,499.79,746.47,433.72,760.16,475.30,559.45,541.37,0.051944,0,0
10,140,211.56,635.00,228.50,756.08,162.93,765.26,145.99,644.17,0.065105,0,0
10,5048,857.36,344.69,930.54,406.75,917.26,422.40,844.09,360.33,0.416897,0,0
10,5049,600.76,287.15,606.21,174.89,625.96,175.84,620.52,288.11,0.377619,0,0
10,5050,862.02,103.45,989.59,92.82,991.77,119.06,864.21,129.69,0.327643,0,0
10,5051,894.83,127.96,993.87,121.35,996.12,155.07,897.08,161.68,0.327643,0,0
10,5052,920.27,215.13,995.46,204.52,1000.82,242.53,925.63,253.15,0.305891,0,0
10,5053,713.09,273.09,714.20,333.95,673.72,334.68,672.61,273.82,0.295980,0,0
10,5054,846.97,148.99,885.91,128.04,901.83,157.63,862.89,178.58,0.289565,0,0
10,5055,424.55,388.34,467.48,284.30,478.80,288.97,435.87,393.01,0.279088,0,0
10,5056,656.49,420.54,733.60,395.94,743.65,427.47,666.54,452.07,0.275945,0,0
10,5057,805.58,306.16,831.88,400.33,795.79,410.41,769.49,316.24,0.269520,0,0
10,5058,579.78,195.13,647.09,237.26,634.23,257.80,566.93,215.67,0.267529,0,0
10,5059,1030.44,95.44,1032.71,80.36,1043.82,82.03,1041.54,97.11,0.258971,2,0
10,5060,1053.21,90.48,1065.31,109.65,1052.48,117.74,1040.38,98.58,0.258971,2,0
10,5061,693.87,446.45,713.40,440.75,715.32,447.35,695.80,453.05,0.253364,0,0
10,5062,930.15,123.49,966.84,109.86,975.37,132.81,938.68,146.45,0.252227,0,0
10,5063,306.13,340.08,306.32,326.63,313.89,326.74,313.70,340.19,0.244588,2,0
10,5064,362.79,279.90,364.19,298.68,349.31,299.79,347.92,281.01,0.239721,2,0
10,5065,675.22,355.66,764.52,288.08,784.13,314.00,694.83,381.57,0.232686,0,0
10,5066,1031.77,422.17,1062.32,486.13,1043.02,495.35,1012.47,431.39,0.232276,0,0
10,5067,531.16,221.68,550.87,236.77,539.18,252.03,519.47,236.94,0.229364,2,0
10,5069,766.57,151.58,779.94,161.13,766.72,179.63,753.35,170.08,0.226405,2,0
10,5070,746.54,369.16,748.11,391.72,741.23,392.20,739.67,369.64,0.226405,2,0
10,5071,1125.51,354.08,1128.07,317.30,1150.02,318.82,1147.47,355.61,0.225882,0,0
10,5073,707.05,474.82,719.37,462.06,723.47,466.02,711.15,478.78,0.224492,0,0
10,5077,544.07,545.05,729.16,639.39,707.69,681.50,522.60,587.16,0.218058,0,0
10,5078,630.91,564.70,700.32,690.49,668.34,708.14,598.93,582.35,0.218058,0,0
10,5079,869.61,380.81,898.03,382.06,897.39,396.73,868.97,395.48,0.214341,0,0
10,5080,221.99,665.94,272.27,755.59,261.32,761.72,211.04,672.08,0.210311,0,0
10,5081,673.53,416.58,718.42,409.21,724.93,448.82,680.03,456.19,0.210311,0,0
10,5083,299.31,158.71,320.12,162.31,317.87,175.35,297.05,171.75,0.203470,2,0
10,5085,545.08,465.43,556.61,463.24,558.98,475.67,547.45,477.86,0.199912,2,0
10,5087,387.80,857.80,388.11,838.44,402.71,838.68,402.39,858.04,0.198381,2,0
10,5088,353.59,820.96,361.50,848.20,350.79,851.30,342.89,824.06,0.198381,2,0
10,5089,887.53,106.68,891.86,135.17,876.07,137.58,871.73,109.08,0.196846,2,0
10,5090,859.38,142.31,864.68,184.57,843.64,187.21,838.35,144.95,0.196846,2,0
10,5091,475.26,768.40,477.78,775.90,463.09,780.83,460.57,773.33,0.195278,2,0
10,5092,431.08,833.52,431.53,814.87,440.64,815.09,440.19,833.73,0.195278,2,0
10,5093,1265.97,30.06,1323.99,54.82,1319.04,66.43,1261.02,41.67,0.195164,0,0
10,5094,870.50,10.39,934.77,88.23,910.18,108.53,845.91,30.69,0.191210,0,0
10,5097,793.72,290.07,817.21,289.31,817.97,312.74,794.47,313.50,0.186268,0,0
10,5099,529.50,187.59,544.90,181.59,547.50,188.26,532.10,194.26,0.179918,2,0
10,5108,1193.26,305.14,1238.28,312.58,1234.61,334.84,1189.58,327.40,0.171096,0,0
10,5109,903.48,140.82,925.00,142.58,923.77,157.62,902.25,155.86,0.169046,0,0
10,5113,602.78,458.67,625.73,450.60,627.18,454.74,604.23,462.80,0.166464,2,0
10,5118,851.16,74.48,863.68,89.68,852.38,98.99,839.86,83.79,0.162702,2,0
10,5122,564.16,126.67,608.14,108.42,613.65,121.69,569.67,139.94,0.158132,0,0
10,5124,457.20,353.88,464.08,356.80,456.54,374.54,449.66,371.62,0.156536,2,0
10,5125,980.84,28.63,1013.93,49.61,1009.83,56.07,976.75,35.09,0.154752,2,0
10,5126,785.25,127.49,798.28,173.61,792.51,175.25,779.47,129.12,0.154752,2,0
10,5127,229.54,190.45,238.94,191.82,236.77,206.76,227.38,205.40,0.154650,2,0
10,5129,570.61,637.26,579.77,665.63,563.06,671.03,553.90,642.65,0.152021,2,0
10,5130,598.81,348.18,604.62,365.35,592.30,369.52,586.49,352.35,0.149805,2,0
10,5132,745.81,113.84,772.34,137.84,757.72,153.98,731.20,129.98,0.149162,2,0
10,5134,709.14,246.39,719.58,249.13,714.07,270.08,703.63,267.34,0.146080,2,0
10,5137,1109.47,327.45,1110.48,340.53,1096.36,341.61,1095.35,328.54,0.145066,2,0
10,5138,660.16,94.75,669.80,107.97,658.01,116.56,648.37,103.34,0.145066,2,0
10,5140,1148.46,214.41,1162.20,177.40,1174.18,181.85,1160.44,218.86,0.144333,0,0
10,5141,905.81,143.74,999.90,110.60,1007.22,131.38,913.13,164.53,0.144333,0,0
10,5143,587.81,858.11,622.65,896.26,613.63,904.49,578.80,866.34,0.142968,0,0
10,5145,788.44,378.42,887.14,400.15,885.86,405.95,787.16,384.22,0.142459,2,0
10,5146,558.93,467.96,572.95,480.77,568.81,485.32,554.78,472.50,0.141252,2,0
10,5148,526.44,576.17,535.97,598.67,509.51,609.88,499.98,587.37,0.140357,0,0
10,5154,463.81,146.18,473.48,155.40,467.36,161.82,457.69,152.60,0.136382,2,0
10,5156,1050.58,359.72,1078.28,358.71,1078.63,368.13,1050.92,369.14,0.136074,2,0
10,5158,456.05,448.39,505.61,459.87,504.92,462.85,455.36,451.37,0.135997,2,0
10,5160,1480.92,114.64,1507.81,212.76,1476.34,221.39,1449.45,123.27,0.134932,0,0
10,5161,697.13,115.86,699.80,136.82,683.26,138.92,680.59,117.97,0.134014,2,0
10,5162,1141.86,58.67,1164.66,66.95,1150.08,107.11,1127.27,98.83,0.133092,0,0
10,5163,840.52,237.02,975.50,262.36,969.54,294.08,834.56,268.75,0.133092,0,0
10,5164,135.07,750.33,139.98,760.69,131.77,764.58,126.86,754.23,0.132595,2,0
10,5165,334.38,753.56,335.19,765.54,321.87,766.44,321.06,754.46,0.132595,2,0
10,5166,582.63,512.94,597.47,546.04,581.00,553.42,566.16,520.32,0.132350,0,0
10,5167,308.97,401.06,311.15,372.05,328.84,373.38,326.66,402.39,0.132350,0,0
10,5170,637.54,592.70,648.36,602.25,637.78,614.25,626.95,604.70,0.131646,0,0
10,5171,405.86,660.48,442.76,667.94,440.19,680.66,403.29,673.20,0.131646,0,0
10,5172,901.99,295.50,948.78,307.60,946.52,316.37,899.72,304.27,0.131216,0,0
10,5176,194.54,168.59,211.14,162.97,215.88,176.97,199.28,182.59,0.128243,2,0
10,5177,161.89,129.39,180.51,112.62,189.54,122.63,170.91,139.41,0.128243,2,0
10,5178,898.33,113.95,961.07,146.90,940.36,186.32,877.62,153.37,0.127895,0,0
10,5180,590.48,605.78,679.66,647.74,671.98,664.07,582.79,622.11,0.125812,0,0
10,5182,183.04,442.77,196.54,468.39,189.16,472.28,175.66,446.66,0.121825,2,0
10,5183,452.15,92.62,459.05,103.85,452.54,107.85,445.64,96.62,0.121126,2,0
10,5184,189.71,201.67,201.42,194.24,206.32,201.96,194.60,209.38,0.121126,2,0
10,5186,684.81,450.41,690.51,404.82,729.62,409.71,723.92,455.30,0.119788,0,0
10,5187,222.97,767.96,240.26,774.19,238.07,780.27,220.77,774.04,0.118517,2,0
10,5188,28.00,806.24,50.06,772.52,63.58,781.36,41.52,815.09,0.117008,2,0
10,5191,944.22,496.65,963.55,503.55,957.95,519.23,938.62,512.33,0.116081,2,0
10,5196,324.86,241.40,333.82,247.45,327.36,257.01,318.40,250.96,0.114544,2,0
10,5197,263.27,690.68,276.77,712.04,261.08,721.95,247.58,700.60,0.113097,2,0
10,5199,770.90,210.18,791.66,223.91,783.99,235.50,763.23,221.77,0.111987,2,0
10,5201,12.78,422.56,36.51,413.12,39.04,419.49,15.32,428.93,0.111602,2,0
10,5202,84.91,613.17,97.56,611.62,98.75,621.31,86.10,622.86,0.111602,2,0
10,5208,1148.50,558.17,1210.54,634.58,1206.52,637.85,1144.48,561.44,0.108915,0,0
10,5209,1154.79,431.49,1168.42,402.72,1176.15,406.38,1162.53,435.15,0.108001,0,0
10,5210,647.42,520.48,686.09,484.59,696.33,495.62,657.65,531.51,0.108001,0,0
10,5213,1151.76,531.42,1179.80,532.35,1179.15,551.98,1151.11,551.04,0.107119,0,0
10,5214,188.23,759.34,198.61,801.80,170.32,808.71,159.94,766.25,0.107110,2,0
10,5215,155.71,774.24,161.67,805.60,146.49,808.49,140.53,777.12,0.107110,2,0
10,5216,100.77,449.36,117.13,441.49,123.28,454.26,106.91,462.13,0.105684,2,0
10,5217,1216.72,289.41,1274.46,292.64,1273.66,306.89,1215.92,303.66,0.104557,0,0
10,5218,1262.75,557.99,1432.10,530.82,1437.28,563.09,1267.92,590.25,0.102089,0,0
10,5219,448.59,725.11,452.35,710.73,467.78,714.77,464.01,729.15,0.100708,2,0
10,5223,1099.34,540.62,1112.68,584.54,1102.63,587.59,1089.29,543.67,0.098693,2,0
10,5225,610.42,673.92,621.68,580.23,642.94,582.79,631.68,676.47,0.097203,0,0
10,5226,438.76,87.17,461.69,103.10,455.46,112.08,432.52,96.15,0.094648,2,0
10,5228,631.45,-57.11,633.16,-35.36,609.62,-33.51,607.91,-55.26,0.093077,0,0
10,5229,249.77,597.10,266.13,594.54,269.29,614.74,252.93,617.30,0.090995,2,0
10,5230,537.90,-106.95,540.99,-73.78,507.40,-70.66,504.31,-103.82,0.090923,0,0
10,5233,770.59,62.38,812.45,101.60,795.87,119.29,754.02,80.07,0.089957,0,0
10,5234,1236.01,218.44,1295.38,323.51,1256.52,345.47,1197.15,240.39,0.089406,0,0
10,5235,795.69,715.20,811.71,770.53,785.89,778.01,769.87,722.68,0.089163,0,0
10,5236,159.75,756.04,167.46,738.00,179.87,743.31,172.16,761.35,0.088741,2,0
10,5237,505.84,927.03,527.23,917.72,532.24,929.23,510.85,938.54,0.088106,2,0
10,5239,916.14,140.30,921.65,165.80,910.95,168.11,905.44,142.61,0.086093,0,0
10,5240,731.07,804.71,783.66,810.38,779.92,845.04,727.33,839.36,0.085737,0,0
10,5243,250.64,97.72,261.62,112.68,246.46,123.79,235.49,108.83,0.084580,2,0
10,5244,50.46,296.93,89.60,300.50,88.77,309.64,49.63,306.06,0.084580,2,0
10,5245,505.00,247.54,527.57,248.00,527.29,262.01,504.72,261.56,0.084212,2,0
10,5246,746.18,534.90,746.69,546.85,730.96,547.51,730.46,535.56,0.083783,2,0
10,5247,1068.86,607.65,1128.39,620.33,1125.64,633.21,1066.11,620.53,0.082866,0,0
10,5248,703.80,-19.36,718.53,2.08,700.97,14.15,686.24,-7.30,0.082666,2,0
10,5249,355.80,668.60,370.74,693.19,352.78,704.10,337.84,679.52,0.081809,2,0
10,5252,254.37,590.15,269.64,590.71,269.10,605.39,253.83,604.83,0.079923,2,0
10,5253,719.82,568.66,761.95,558.70,762.82,562.37,720.69,572.34,0.079686,2,0
10,5256,643.77,600.94,662.19,646.50,651.94,650.65,633.51,605.09,0.078731,0,0
10,5257,297.98,26.65,298.57,33.16,282.61,34.62,282.02,28.11,0.078198,2,0
10,5258,377.82,200.70,401.38,199.72,401.90,212.20,378.34,213.17,0.078198,2,0
10,5263,365.06,620.31,380.79,617.66,382.13,625.60,366.40,628.26,0.077273,2,0
10,5266,1223.39,308.41,1278.87,335.91,1264.94,363.99,1209.47,336.50,0.076945,0,0
10,5267,987.46,789.16,999.14,802.51,990.68,809.90,979.01,796.55,0.076824,2,0
10,5269,1127.33,546.81,1187.18,554.08,1185.92,564.45,1126.07,557.18,0.072059,0,0
10,5270,1341.62,651.95,1379.78,653.78,1379.51,659.31,1341.36,657.48,0.072059,0,0
10,5275,601.03,289.70,610.86,318.01,595.07,323.49,585.25,295.18,0.070070,0,0
10,5277,827.12,848.64,835.24,888.01,810.96,893.01,802.84,853.64,0.069947,2,0
10,5281,705.72,-46.22,775.07,-65.07,780.65,-44.55,711.30,-25.70,0.069277,0,0
10,5282,1305.45,921.42,1400.09,956.51,1380.70,1008.79,1286.06,973.70,0.069010,0,0
10,5283,1070.58,603.97,1073.92,566.70,1094.79,568.57,1091.45,605.84,0.068917,2,0
10,5290,766.73,668.49,768.17,654.26,778.02,655.26,776.58,669.49,0.066197,2,0
10,5303,321.65,735.31,321.91,756.48,314.38,756.58,314.12,735.41,0.063154,2,0
10,5304,310.27,605.62,317.28,629.15,303.74,633.18,296.74,609.64,0.063154,2,0
10,5305,588.10,769.04,607.12,759.44,611.53,768.18,592.50,777.77,0.062840,2,0
10,5307,985.14,400.23,997.62,394.52,1002.41,404.99,989.94,410.70,0.062654,2,0
10,5308,163.62,658.13,219.64,655.79,220.47,675.54,164.45,677.88,0.061909,0,0
10,5309,102.64,554.51,105.57,562.38,93.39,566.92,90.46,559.04,0.061700,2,0
10,5310,508.67,687.86,509.01,681.21,525.51,682.07,525.17,688.72,0.061700,2,0
10,5311,63.28,81.48,74.04,78.98,76.61,90.04,65.85,92.54,0.061093,2,0
10,5312,784.30,715.60,788.18,687.77,798.09,689.16,794.21,716.98,0.060961,2,0
10,5313,339.07,745.71,342.17,754.11,324.76,760.53,321.66,752.13,0.060961,2,0
10,5314,402.81,316.54,419.69,325.26,414.61,335.11,397.73,326.39,0.060825,2,0
10,5317,236.55,401.35,244.10,397.48,251.68,412.27,244.13,416.14,0.059275,2,0
10,5318,734.27,574.84,759.02,581.31,756.35,591.51,731.60,585.04,0.058647,2,0
10,5325,790.27,310.18,801.40,303.19,819.52,332.01,808.40,339.01,0.057792,2,0
10,5329,114.87,703.81,116.49,722.15,95.63,723.99,94.01,705.65,0.057552,0,0
10,5330,602.41,832.13,619.03,853.40,607.36,862.53,590.73,841.26,0.057552,0,0
10,5331,818.98,692.45,826.51,702.39,816.59,709.90,809.06,699.96,0.057361,2,0
10,5332,539.71,676.02,540.38,696.06,514.34,696.93,513.67,676.89,0.057361,2,0
10,5333,587.67,1174.76,603.71,1173.90,605.04,1198.86,588.99,1199.71,0.057287,0,0
10,5334,433.57,775.88,437.46,765.16,454.96,771.52,451.07,782.24,0.057183,2,0
10,5336,761.84,874.27,762.06,773.47,780.08,773.51,779.87,874.31,0.057117,0,0
10,5338,719.98,436.75,744.00,472.60,709.82,495.50,685.81,459.65,0.056823,0,0
10,5339,1529.47,314.73,1551.83,343.08,1532.64,358.22,1510.27,329.87,0.056823,0,0
10,5340,727.82,858.45,761.86,806.64,803.74,834.17,769.70,885.97,0.056504,0,0
10,5341,631.89,744.23,646.27,723.75,667.80,738.87,653.42,759.35,0.056421,2,0
10,5343,1527.35,322.11,1538.20,455.99,1503.10,458.83,1492.25,324.95,0.056380,0,0
10,5345,6.54,156.95,28.04,142.30,33.93,150.93,12.43,165.58,0.056069,2,0
10,5346,730.32,536.62,763.87,477.14,774.85,483.34,741.30,542.81,0.056009,2,0
10,5347,49.09,390.97,78.39,386.51,79.55,394.11,50.25,398.58,0.055971,2,0
10,5348,159.15,422.11,172.27,392.11,182.23,396.46,169.11,426.46,0.055718,0,0
10,5350,93.66,417.74,103.15,415.46,106.25,428.36,96.76,430.65,0.055576,2,0
10,5351,1209.05,300.43,1304.05,356.83,1296.65,369.29,1201.66,312.90,0.055537,0,0
10,5355,-80.17,425.33,-55.36,476.15,-85.36,490.80,-110.18,439.97,0.055362,0,0
10,5357,541.58,639.45,547.92,632.46,558.08,641.68,551.74,648.66,0.055227,2,0
10,5358,71.01,335.40,74.09,345.94,65.14,348.55,62.06,338.01,0.054877,2,0
10,5359,82.47,353.61,87.02,372.27,80.20,373.93,75.66,355.27,0.054791,2,0
10,5362,146.83,589.54,157.17,611.82,137.36,621.02,127.02,598.74,0.054374,0,0
10,5363,759.26,614.09,778.24,636.92,772.42,641.76,753.44,618.93,0.054341,2,0
10,5364,739.19,940.43,756.95,940.20,757.02,946.03,739.27,946.26,0.054304,0,0
10,5365,550.12,684.81,551.73,647.56,570.42,648.36,568.81,685.62,0.054108,2,0
10,5366,618.82,-26.04,631.74,0.77,611.33,10.61,598.40,-16.20,0.054042,0,0
10,5367,727.54,588.67,776.27,566.00,791.17,598.02,742.45,620.69,0.053799,2,0
10,5368,844.33,1086.70,861.78,1120.33,837.87,1132.74,820.42,1099.11,0.053775,0,0
10,5369,685.29,942.62,690.58,963.64,669.74,968.89,664.44,947.87,0.053775,0,0
10,5370,1177.41,1219.99,1180.07,1238.62,1163.00,1241.05,1160.35,1222.43,0.053751,0,0
10,5375,923.23,665.44,937.96,660.64,941.77,672.32,927.04,677.12,0.053240,2,0
10,5377,666.77,763.58,692.40,816.79,660.06,832.36,634.43,779.16,0.053138,0,0
10,5380,793.07,701.14,793.32,717.15,784.82,717.28,784.57,701.27,0.052916,2,0
10,5381,271.18,494.57,282.39,497.38,278.80,511.69,267.59,508.87,0.052916,2,0
10,5383,681.77,713.19,699.78,780.55,659.47,791.32,641.47,723.96,0.052778,2,0
10,5384,188.81,750.83,197.64,746.37,209.27,769.40,200.44,773.86,0.052772,2,0
10,5385,657.93,711.97,667.95,702.52,679.81,715.08,669.79,724.54,0.052772,2,0
10,5388,1119.23,668.93,1145.05,656.18,1155.13,676.59,1129.31,689.35,0.052299,0,0
10,5392,739.24,815.64,782.45,786.94,812.27,831.84,769.06,860.54,0.052067,0,0
10,5393,749.89,510.02,750.51,459.49,775.14,459.79,774.51,510.33,0.051780,2,0
10,5394,1066.58,591.95,1090.21,623.94,1075.79,634.60,1052.15,602.61,0.051780,2,0
10,5395,23.65,387.39,70.22,379.78,72.18,391.77,25.61,399.38,0.051708,2,0
10,5396,683.68,902.12,701.55,860.66,722.26,869.59,704.40,911.05,0.051489,2,0
10,5397,385.17,970.40,401.56,987.26,378.00,1010.15,361.61,993.30,0.051348,0,0
10,5398,470.03,1052.99,480.34,1056.37,476.50,1068.12,466.18,1064.75,0.050893,0,0
10,5400,293.15,459.28,299.34,471.81,292.67,475.11,286.47,462.58,0.050856,2,0
10,5401,955.68,562.09,973.58,551.21,985.94,571.55,968.04,582.43,0.050850,2,0
10,5402,41.40,288.09,65.56,312.20,53.51,324.28,29.35,300.16,0.050810,0,0
10,5403,-195.61,331.57,-171.06,347.17,-175.19,353.66,-199.74,338.07,0.050810,0,0
10,5404,1045.20,607.95,1060.16,664.15,1037.79,670.10,1022.83,613.90,0.050781,2,0
10,5406,274.06,67.08,361.99,15.09,368.18,25.56,280.25,77.55,0.050554,0,0
10,5407,177.37,526.44,197.09,541.62,191.99,548.24,172.28,533.05,0.050469,0,0
10,5408,22.52,468.02,33.64,489.02,4.69,504.36,-6.44,483.36,0.050469,0,0
10,5409,1157.22,352.91,1161.93,341.66,1176.30,347.67,1171.59,358.92,0.050381,0,0
10,45,498.71,65.51,514.73,69.69,509.46,89.83,493.45,85.64,0.063063,2,0
10,219,469.00,121.96,486.33,158.63,464.68,168.87,447.34,132.20,0.169046,0,0
10,227,482.43,245.82,504.93,290.87,489.70,298.48,467.20,253.42,0.083783,2,0
10,234,976.13,170.96,994.94,185.14,976.70,209.35,957.88,195.18,0.094648,2,0
10,344,774.57,373.30,832.05,363.06,835.69,383.51,778.21,393.75,0.208956,2,0
10,423,1050.74,416.05,1078.97,418.30,1078.26,427.21,1050.04,424.96,0.063063,2,0
10,431,841.71,853.46,847.57,837.99,867.48,845.53,861.62,861.00,0.064114,2,0
10,437,549.92,317.11,578.36,348.88,562.83,362.77,534.40,331.01,0.111987,2,0
10,457,876.78,409.56,902.30,428.90,894.54,439.14,869.02,419.80,0.079686,2,0
10,528,1243.85,-57.11,1292.07,-57.27,1292.21,-15.19,1244.00,-15.03,0.093080,0,0
10,557,-98520.15,-10772.78,100158.99,11095.90,100158.98,11095.99,-98520.16,-10772.70,0.168339,2,0
10,814,1286.37,792.70,1331.33,774.98,1336.43,787.90,1291.46,805.62,0.053751,0,0
10,849,1038.79,789.58,1055.08,791.62,1053.93,800.85,1037.63,798.80,0.132037,2,0
10,903,1210.03,427.26,1441.21,542.00,1419.68,585.36,1188.51,470.63,0.060536,0,0
10,915,251.43,204.42,265.30,193.00,271.82,200.92,257.96,212.34,0.064111,2,0
10,964,780.03,421.66,781.65,379.81,790.62,380.16,789.00,422.01,0.200046,2,0
10,1093,246.14,718.80,272.44,692.49,286.73,706.78,260.43,733.09,0.064661,2,0
10,1128,650.56,499.34,667.83,522.32,657.45,530.12,640.18,507.13,0.156536,2,0
10,1148,86.93,155.48,98.20,151.19,101.61,160.18,90.34,164.46,0.057484,2,0
10,1151,13.00,103.08,25.88,103.35,25.44,124.29,12.56,124.02,0.052703,2,0
10,1184,809.97,230.20,926.04,242.65,924.20,259.83,808.12,247.38,0.162702,2,0
10,1236,295.52,755.30,341.17,762.71,338.36,780.04,292.71,772.64,0.173241,2,0
10,1237,853.63,429.44,866.38,432.97,860.08,455.70,847.34,452.17,0.067831,2,0
10,1332,82.48,80.88,110.74,79.16,111.83,96.98,83.57,98.71,0.052703,2,0
10,1347,344.50,518.02,349.48,481.50,359.49,482.87,354.51,519.39,0.084904,2,0
10,1366,900.03,322.41,904.65,329.65,892.64,337.31,888.02,330.07,0.086883,2,0
10,1452,164.83,220.05,190.88,218.85,191.40,230.07,165.35,231.27,0.113880,2,0
10,1505,291.06,319.53,293.50,327.89,277.19,332.65,274.74,324.29,0.157696,2,0
10,1516,452.84,173.67,467.05,193.66,444.38,209.78,430.16,189.79,0.228046,2,0
10,1528,1022.05,988.29,1026.15,916.38,1069.31,918.83,1065.21,990.75,0.090138,0,0
10,1577,148.86,250.65,157.23,252.21,154.87,264.93,146.49,263.37,0.121372,2,0
10,1606,-41500.52,-34566.76,43337.27,35109.33,43337.23,35109.37,-41500.55,-34566.72,0.070168,2,0
10,1608,637.97,559.83,654.29,590.49,642.07,597.00,625.74,566.34,0.121825,2,0
10,1700,-89735.58,-102690.48,91484.53,103455.83,91484.44,103455.91,-89735.67,-102690.41,0.144015,2,0
10,73,369.85,357.79,381.63,437.80,337.81,444.25,326.02,364.25,0.120340,0,0
10,1476,243.90,364.57,289.70,358.59,294.13,392.53,248.32,398.51,0.053356,0,0
10,1749,676.73,18.72,692.93,17.95,693.63,32.54,677.42,33.31,0.089909,2,0
10,1916,417.42,646.37,433.28,655.32,427.07,666.32,411.21,657.37,0.055130,2,0
10,1922,729.85,308.08,745.03,353.54,723.81,360.62,708.63,315.16,0.269520,0,0
10,1962,1322.57,308.01,1323.56,379.24,1281.35,379.82,1280.37,308.59,0.055537,0,0
10,2054,168.08,180.74,181.42,196.82,172.33,204.35,159.00,188.28,0.199844,2,0
10,2058,739.44,388.05,745.03,361.10,759.53,364.11,753.94,391.06,0.154316,2,0
10,2139,1116.07,259.69,1215.56,315.63,1201.16,341.23,1101.68,285.29,0.120381,0,0
10,2141,453.62,147.29,479.61,206.77,470.53,210.74,444.54,151.26,0.229364,2,0
10,2166,681.04,733.34,713.00,764.30,704.04,773.55,672.08,742.59,0.057183,2,0
10,2168,115.05,554.49,134.72,575.55,127.12,582.66,107.44,561.59,0.053173,2,0
10,2195,173.53,740.83,188.99,746.92,184.04,759.49,168.58,753.41,0.069904,2,0
10,2201,731.56,761.47,736.90,785.14,727.29,787.31,721.95,763.64,0.069947,2,0
10,2219,85.57,239.59,113.65,231.27,117.23,243.35,89.15,251.67,0.051708,2,0
10,2242,265.73,363.57,294.81,373.19,289.96,387.83,260.89,378.21,0.054877,2,0
10,2260,1015.74,413.70,1025.91,340.73,1044.82,343.37,1034.65,416.34,0.073339,2,0
10,2276,1071.13,459.22,1203.11,511.16,1195.12,531.45,1063.14,479.51,0.060796,0,0
10,2283,762.37,648.62,778.39,631.65,787.73,640.47,771.71,657.44,0.057519,2,0
10,383,416.31,823.12,436.56,836.61,427.55,850.13,407.31,836.64,0.096852,2,0
10,513,1124.58,767.68,1128.04,779.25,1112.63,783.85,1109.17,772.28,0.098693,2,0
10,768,754.00,891.90,774.51,920.15,754.95,934.35,734.44,906.10,0.060172,0,0
10,833,1066.68,-61.20,1294.52,73.79,1271.88,112.00,1044.04,-22.99,0.086962,0,0
10,2056,821.17,618.88,841.44,609.90,847.92,624.54,827.65,633.52,0.052296,0,0
10,2382,424.17,505.92,443.05,533.46,431.95,541.06,413.07,513.52,0.171037,2,0
10,2403,766.59,219.00,781.32,232.51,774.91,239.50,760.18,225.99,0.103089,2,0
10,2507,706.85,419.62,738.45,450.39,731.45,457.58,699.85,426.81,0.171037,2,0
10,2509,436.71,853.73,459.44,867.27,451.35,880.84,428.62,867.30,0.118517,2,0
10,2522,303.79,457.75,351.88,426.15,356.53,433.23,308.45,464.83,0.060825,2,0
10,2529,227.08,141.97,245.73,157.69,237.46,167.51,218.81,151.78,0.199844,2,0
10,2533,1081.40,183.76,1088.22,199.62,1061.74,211.00,1054.92,195.14,0.301743,0,0
10,2600,432.39,818.99,432.71,804.72,446.24,805.02,445.92,819.29,0.088741,2,0
10,2614,637.72,764.37,650.50,787.64,636.20,795.49,623.42,772.21,0.062840,2,0
10,2652,1201.82,170.90,1298.64,116.46,1307.84,132.81,1211.02,187.25,0.088344,0,0
10,2668,140.13,472.73,146.24,456.58,152.45,458.93,146.34,475.08,0.054791,2,0
10,2669,208.34,212.89,228.88,259.49,219.65,263.56,199.11,216.96,0.218740,2,0
10,2693,798.34,664.60,799.43,709.60,763.57,710.47,762.48,665.47,0.051821,2,0
10,2710,1075.54,531.12,1162.11,508.72,1168.26,532.48,1081.69,554.88,0.078461,0,0
10,2730,293.03,445.62,298.91,439.07,307.41,446.70,301.52,453.25,0.050856,2,0
10,2773,-15.10,613.07,19.06,557.84,37.24,569.08,3.08,624.31,0.068356,0,0
10,2797,419.60,221.80,469.21,213.60,471.96,230.20,422.34,238.40,0.075126,2,0
10,2812,1098.35,637.82,1120.94,650.38,1111.62,667.14,1089.03,654.58,0.051550,2,0
10,2817,1055.87,599.87,1059.57,612.07,1047.12,615.85,1043.42,603.65,0.050781,2,0
10,15,752.57,-100.31,772.48,-87.32,760.95,-69.64,741.04,-82.63,0.054042,0,0
10,495,791.77,954.60,793.65,1024.22,757.62,1025.20,755.74,955.58,0.055578,0,0
10,808,800.87,291.39,876.96,267.62,882.52,285.41,806.43,309.18,0.172835,2,0
10,812,706.01,543.60,719.62,567.18,700.89,578.00,687.27,554.41,0.068917,2,0
10,1220,253.76,119.60,274.19,114.19,277.38,126.20,256.94,131.61,0.108792,2,0
10,1444,577.55,169.69,589.30,214.36,567.18,220.19,555.42,175.51,0.160554,2,0
10,1517,178.35,703.28,205.53,701.21,206.78,717.60,179.60,719.67,0.139839,2,0
10,1538,700.93,906.42,778.21,935.90,763.35,974.84,686.07,945.35,0.050720,0,0
10,1931,157.12,636.49,194.00,620.81,201.72,638.98,164.84,654.66,0.051348,0,0
10,2553,304.10,342.75,347.79,410.10,316.65,430.30,272.96,362.95,0.201257,0,0
10,2642,1054.03,1089.68,1197.85,973.67,1220.33,1001.53,1076.50,1117.55,0.050667,0,0
10,2839,776.80,807.21,831.99,854.78,801.93,889.65,746.74,842.08,0.057287,0,0
10,1456,330.61,446.95,598.91,528.47,587.86,564.83,319.56,483.32,0.054341,2,0
10,2893,83.61,307.95,90.39,318.50,79.42,325.54,72.65,314.98,0.068356,0,0
10,2894,394.38,176.27,404.32,187.41,389.81,200.37,379.87,189.24,0.127895,0,0
10,2919,1019.72,206.87,1097.28,142.65,1142.11,196.80,1064.55,261.02,0.206261,0,0
10,2921,657.55,422.35,768.32,357.99,797.25,407.78,686.47,472.14,0.076945,0,0
10,2935,495.33,184.23,539.47,218.35,514.03,251.25,469.90,217.13,0.257564,0,0
10,2943,1002.66,276.52,1049.16,222.13,1072.21,241.83,1025.71,296.22,0.293194,0,0
10,2965,528.58,807.75,576.21,812.10,573.63,840.32,526.00,835.97,0.062451,2,0
10,2999,722.73,80.15,750.92,72.25,753.25,80.54,725.06,88.44,0.242881,2,0
10,3012,1042.88,868.48,1044.32,880.24,1031.53,881.80,1030.09,870.04,0.084110,2,0
10,3060,-36181.23,42914.44,36734.26,-42306.37,36734.38,-42306.27,-36181.12,42914.54,0.165648,2,0
10,3086,295.18,367.18,304.49,313.82,332.47,318.70,323.16,372.06,0.078731,0,0
10,3190,1209.09,738.29,1250.38,791.01,1224.13,811.56,1182.85,758.84,0.053345,2,0
10,3204,1368.39,236.76,1441.70,134.31,1464.90,150.91,1391.59,253.36,0.112294,0,0
10,3207,864.79,342.41,902.75,349.50,898.88,370.24,860.92,363.15,0.116081,2,0
10,3221,549.00,1027.95,565.16,1027.20,566.68,1059.59,550.52,1060.35,0.052699,0,0
10,3248,866.94,624.59,907.72,634.43,905.41,644.03,864.63,634.19,0.051944,0,0
10,3261,196.18,841.26,211.62,824.58,219.47,831.84,204.03,848.53,0.075261,2,0
10,3276,1136.71,632.62,1144.97,654.75,1138.70,657.09,1130.45,634.96,0.119949,2,0
10,3277,806.14,205.26,925.88,538.67,861.85,561.67,742.11,228.26,0.372057,0,0
10,3313,641.76,563.24,687.30,526.39,695.25,536.21,649.70,573.06,0.052206,2,0
10,3319,503.74,271.30,555.34,282.05,552.15,297.34,500.56,286.59,0.154650,2,0
10,3330,606.38,774.01,641.16,764.82,648.21,791.47,613.42,800.67,0.054291,2,0
10,3360,829.57,940.31,833.87,899.61,855.71,901.92,851.41,942.62,0.057117,0,0
10,120,820.26,135.04,824.02,112.75,838.67,115.22,834.91,137.51,0.184393,2,0
10,331,638.10,1083.61,646.68,975.79,696.62,979.76,688.05,1087.59,0.052338,0,0
10,531,1037.29,751.73,1049.84,809.54,1023.13,815.34,1010.58,757.53,0.053799,2,0
10,810,891.62,515.53,908.09,480.62,916.01,484.36,899.54,519.27,0.208956,2,0
10,66,1090.04,599.16,1108.72,584.80,1126.05,607.34,1107.37,621.70,0.119788,0,0
10,445,1070.21,-24.44,1098.29,51.34,1063.16,64.36,1035.08,-11.42,0.093080,0,0
10,937,884.87,-7.44,894.68,-42.96,930.02,-33.20,920.21,2.32,0.191210,0,0
10,997,511.57,251.90,538.10,244.17,540.74,253.25,514.22,260.98,0.206251,2,0
10,1049,1073.68,-8.73,1074.29,149.74,1034.32,149.90,1033.71,-8.58,0.260962,0,0
10,1131,548.87,318.91,556.44,336.11,541.40,342.72,533.84,325.52,0.084212,2,0
10,1297,462.06,285.01,472.17,268.25,481.57,273.92,471.45,290.68,0.061093,2,0
10,1400,35.75,451.09,37.78,439.68,46.76,441.28,44.73,452.69,0.072448,2,0
10,1565,1292.64,630.00,1307.75,651.70,1294.91,660.64,1279.81,638.93,0.054985,0,0
10,1752,1038.09,307.40,1053.46,248.03,1085.28,256.26,1069.91,315.64,0.232276,0,0
10,1772,566.28,-71.25,588.78,-12.17,551.37,2.07,528.88,-57.00,0.160131,0,0
10,1961,772.84,266.07,901.27,346.72,877.20,385.05,748.77,304.39,0.185104,0,0
10,2106,544.94,740.56,560.73,751.17,553.83,761.44,538.04,750.83,0.149499,2,0
10,2112,397.17,800.18,457.81,869.32,431.83,892.11,371.19,822.97,0.090082,0,0
10,2229,373.89,814.09,388.74,844.99,373.37,852.38,358.52,821.48,0.189777,2,0
10,109,647.37,961.16,739.64,966.52,737.60,1001.76,645.33,996.40,0.060172,0,0
10,41,914.79,279.73,1062.90,227.06,1081.84,280.29,933.72,332.97,0.206261,0,0
10,2881,992.24,240.28,1147.14,237.91,1148.01,295.20,993.12,297.56,0.131216,0,0
10,2993,76.69,635.21,90.19,611.53,102.77,618.70,89.28,642.38,0.060981,2,0
10,3171,609.46,127.15,638.59,46.89,649.50,50.85,620.36,131.11,0.184393,2,0
10,3326,803.49,656.40,871.79,755.52,832.37,782.68,764.08,683.56,0.054060,2,0
10,3350,871.35,330.37,939.67,418.05,914.76,437.46,846.44,349.78,0.286849,0,0
10,784,799.78,331.35,882.91,373.65,861.95,414.86,778.82,372.56,0.416897,0,0
10,1710,620.33,348.60,645.12,367.45,639.29,375.13,614.49,356.28,0.262977,0,0
10,1859,632.09,186.72,640.30,140.00,667.62,144.80,659.41,191.52,0.279088,0,0
10,238,850.92,97.73,1113.35,351.10,1060.00,406.35,797.57,152.98,0.196160,0,0
10,272,1463.09,534.43,1536.32,603.55,1512.74,628.53,1439.51,559.41,0.074556,0,0
10,3393,693.74,344.53,788.76,305.35,794.67,319.68,699.65,358.86,0.088344,0,0
10,3452,913.79,347.09,967.57,397.32,931.46,435.99,877.67,385.77,0.213407,0,0
10,3503,603.83,-12.73,611.24,44.89,594.59,47.03,587.18,-10.59,0.172835,2,0
10,3514,897.40,521.23,994.08,337.50,1029.39,356.08,932.71,539.81,0.202370,0,0
10,3523,1094.30,938.21,1182.58,793.52,1219.04,815.77,1130.75,960.46,0.087810,0,0
10,3531,230.01,659.23,243.87,661.34,241.13,679.31,227.28,677.20,0.087011,2,0
10,3537,827.45,271.68,840.33,274.39,838.39,283.62,825.51,280.91,0.223737,2,0
10,3542,342.22,242.67,353.33,280.64,339.10,284.80,327.99,246.83,0.218740,2,0
10,3552,189.46,312.00,214.79,321.15,210.22,333.80,184.89,324.65,0.055971,2,0
10,3590,1069.70,-52.09,1091.44,1.24,1042.83,21.06,1021.09,-32.28,0.089957,0,0
10,3611,262.29,859.22,294.99,856.83,295.85,868.50,263.14,870.90,0.109048,2,0
10,3636,1183.44,483.74,1197.88,472.97,1204.70,482.12,1190.25,492.89,0.069639,2,0
10,3664,1150.28,472.50,1167.23,421.76,1188.74,428.95,1171.79,479.69,0.054060,2,0
10,3692,987.12,719.68,1065.76,698.02,1077.61,741.09,998.98,762.74,0.057107,0,0
10,3701,645.19,603.17,751.22,553.20,760.83,573.58,654.79,623.55,0.089370,2,0
10,3729,191.22,456.37,217.11,459.78,215.37,473.05,189.47,469.65,0.079439,2,0
10,3730,162.65,461.44,165.66,441.25,177.21,442.97,174.21,463.16,0.084904,2,0
10,3733,574.57,717.52,591.55,713.55,594.32,725.39,577.34,729.36,0.057341,2,0
10,3746,685.36,640.01,732.45,651.23,726.97,674.22,679.88,663.00,0.064629,2,0
10,3769,256.81,743.55,273.84,714.18,287.71,722.22,270.68,751.59,0.123353,2,0
10,3805,665.77,723.46,695.01,769.24,669.72,785.40,640.47,739.61,0.051126,2,0
10,3840,-120.29,635.21,106.84,541.28,113.89,558.34,-113.23,652.27,0.053356,0,0
10,86,338.13,193.38,345.65,186.30,357.51,198.88,349.98,205.97,0.103089,2,0
10,628,1062.77,421.32,1079.49,394.29,1090.22,400.93,1073.50,427.96,0.154316,2,0
10,697,875.57,624.36,891.38,635.99,883.49,646.70,867.69,635.08,0.054582,2,0
10,460,1199.30,368.36,1221.77,377.51,1213.24,398.46,1190.76,389.30,0.062804,2,0
10,930,1175.76,134.17,1185.57,152.15,1168.40,161.52,1158.59,143.54,0.150383,0,0
10,954,675.00,247.59,848.73,102.66,902.45,167.06,728.72,311.98,0.196160,0,0
10,956,549.95,68.90,555.50,114.62,532.15,117.46,526.60,71.74,0.175567,0,0
10,993,144.89,567.02,146.12,587.20,134.99,587.88,133.75,567.70,0.054374,0,0
10,1319,167.02,618.40,179.47,622.35,173.53,641.07,161.08,637.12,0.079439,2,0
10,1654,998.93,405.23,1071.67,448.83,1060.63,467.25,987.89,423.66,0.052387,2,0
10,1667,913.97,818.67,918.29,839.98,901.15,843.45,896.83,822.15,0.119949,2,0
10,1803,770.95,363.82,794.19,353.02,800.14,365.81,776.90,376.62,0.067906,2,0
10,2108,666.41,800.15,670.04,815.18,659.07,817.83,655.44,802.80,0.060816,2,0
10,2171,668.96,736.47,671.95,723.18,689.88,727.22,686.89,740.51,0.073132,2,0
10,2348,578.31,351.09,779.25,405.48,750.58,511.42,549.63,457.04,0.158419,0,0
10,2622,1196.33,832.24,1225.75,762.57,1254.28,774.62,1224.86,844.29,0.067202,2,0
10,2719,221.50,644.29,233.78,644.10,233.95,655.54,221.68,655.73,0.052633,2,0
10,869,839.32,623.95,840.14,639.02,822.77,639.96,821.95,624.90,0.100654,2,0
10,1339,958.05,403.66,961.96,317.37,985.98,318.46,982.07,404.75,0.200651,0,0
10,1475,198.40,664.34,206.14,644.76,214.74,648.16,207.01,667.74,0.160819,2,0
10,568,1057.38,459.59,1156.05,480.31,1144.58,534.94,1045.91,514.22,0.079874,0,0
10,3317,611.75,779.20,615.43,798.42,596.12,802.12,592.44,782.89,0.084110,2,0
10,1727,1404.81,82.45,1483.77,95.94,1480.00,118.04,1401.04,104.56,0.086962,0,0
10,2175,674.73,503.23,740.05,620.15,695.77,644.88,630.45,527.97,0.089163,0,0
10,129,853.22,287.03,860.49,356.85,832.58,359.75,825.31,289.93,0.299210,0,0
10,3379,824.27,646.22,934.07,610.83,943.19,639.14,833.39,674.53,0.051274,0,0
10,3386,795.57,332.21,860.42,446.55,815.46,472.05,750.61,357.70,0.143964,0,0
10,3394,721.66,434.91,775.88,491.03,748.36,517.61,694.14,461.50,0.161591,0,0
10,3444,502.69,100.70,504.13,145.05,485.62,145.65,484.19,101.30,0.161793,2,0
10,3468,205.04,787.31,249.56,792.40,247.08,814.06,202.57,808.97,0.053201,0,0
10,3500,263.24,649.42,267.92,659.65,256.99,664.66,252.30,654.43,0.055130,2,0
10,3564,318.72,143.24,482.94,183.26,477.99,203.60,313.77,163.58,0.083131,2,0
10,2032,431.73,453.25,459.44,458.79,456.82,471.89,429.11,466.35,0.053095,2,0
10,2042,599.59,554.61,638.30,584.17,624.74,601.92,586.03,572.36,0.201558,2,0
10,2049,907.82,625.33,918.66,601.50,959.93,620.27,949.09,644.10,0.050667,0,0
10,36,276.46,196.29,282.32,221.20,258.60,226.78,252.73,201.88,0.173989,0,0
10,2011,829.96,-56.79,836.68,-30.54,798.76,-20.84,792.05,-47.09,0.207421,0,0
10,2248,731.77,566.06,734.63,445.93,776.23,446.92,773.37,567.05,0.194368,0,0
10,881,1035.63,568.98,1040.17,529.16,1076.14,533.25,1071.61,573.08,0.107119,0,0
10,2520,-73.88,738.59,-53.32,730.49,-44.75,752.27,-65.30,760.37,0.053201,0,0
10,3841,938.38,77.06,988.27,107.67,956.22,159.91,906.32,129.29,0.188405,0,0
10,3847,731.98,164.53,880.95,252.85,858.91,290.02,709.94,201.70,0.288103,0,0
10,3851,538.43,6.82,561.61,93.03,538.51,99.24,515.33,13.03,0.218400,0,0
10,3852,839.72,64.70,854.25,23.00,889.50,35.28,874.97,76.98,0.305891,0,0
10,3853,751.06,231.36,784.27,254.18,761.67,287.08,728.45,264.26,0.194142,0,0
10,3855,515.58,454.73,695.27,742.24,673.86,755.63,494.16,468.12,0.266310,0,0
10,3870,628.87,657.90,675.39,392.31,706.08,397.68,659.56,663.28,0.194368,0,0
10,3872,768.60,262.06,775.61,278.84,763.54,283.87,756.54,267.09,0.087891,2,0
10,3880,922.08,158.65,1035.23,91.51,1065.70,142.86,952.55,209.99,0.134932,0,0
10,3887,431.12,407.70,437.66,401.09,446.61,409.96,440.07,416.56,0.120551,2,0
10,3906,334.98,688.88,433.47,784.70,406.70,812.22,308.21,716.39,0.142190,0,0
10,3907,661.72,187.61,709.39,148.62,715.84,156.50,668.17,195.50,0.173376,0,0
10,3922,597.25,83.72,649.45,76.33,651.80,92.94,599.60,100.33,0.158132,0,0
10,3935,759.55,516.91,829.73,511.83,832.31,547.42,762.12,552.50,0.120381,0,0
10,3942,904.74,332.32,912.30,305.40,941.20,313.52,933.64,340.44,0.299210,0,0
10,3962,682.30,307.02,692.69,351.73,643.75,363.10,633.36,318.39,0.296299,0,0
10,3968,834.48,340.70,844.18,345.65,831.35,370.75,821.66,365.79,0.210149,0,0
10,4000,1187.51,551.02,1199.26,584.18,1173.13,593.44,1161.38,560.28,0.108915,0,0
10,4022,619.87,496.10,742.57,582.25,717.72,617.64,595.02,531.49,0.404028,0,0
10,4089,862.35,796.08,906.99,889.33,875.23,904.53,830.60,811.28,0.117018,0,0
10,4123,1035.60,244.07,1080.11,290.08,1043.86,325.15,999.35,279.14,0.052387,2,0
10,4161,1323.73,459.59,1327.85,511.40,1282.68,514.99,1278.57,463.18,0.058763,0,0
10,4187,1141.95,752.44,1276.84,719.35,1289.64,771.53,1154.75,804.62,0.057107,0,0
10,4263,784.83,547.02,917.75,659.77,898.60,682.35,765.68,569.60,0.060796,0,0
10,4274,779.06,841.41,781.52,871.81,745.26,874.75,742.80,844.35,0.087164,0,0
10,4292,-67939.58,32785.77,70629.20,-31346.71,70629.30,-31346.50,-67939.48,32785.98,0.052613,0,0
10,4303,1056.89,629.82,1140.38,646.58,1135.34,671.64,1051.85,654.87,0.113206,0,0
10,284,215.74,780.72,224.31,794.08,215.31,799.85,206.74,786.49,0.129695,2,0
10,485,106.38,609.89,107.44,622.70,95.67,623.68,94.61,610.87,0.120531,2,0
10,923,769.63,259.28,781.22,320.25,757.29,324.80,745.70,263.83,0.254341,0,0
10,924,1111.06,155.45,1178.26,139.96,1185.19,170.04,1118.00,185.52,0.112294,0,0
10,1033,743.60,216.71,811.92,214.95,812.82,250.04,744.50,251.80,0.392816,0,0
10,1338,945.35,129.10,972.19,620.58,914.08,623.75,887.25,132.28,0.257564,0,0
10,1407,731.86,458.03,779.10,463.94,775.51,492.68,728.26,486.77,0.078021,2,0
10,1441,191.97,649.02,213.64,655.71,208.78,671.44,187.11,664.75,0.056421,2,0
10,1463,1151.34,574.98,1165.97,584.44,1156.63,598.88,1142.00,589.42,0.056009,2,0
10,1652,893.15,525.54,945.59,621.43,910.36,640.70,857.92,544.81,0.051767,2,0
10,1683,1197.87,389.28,1230.89,330.85,1268.60,352.16,1235.58,410.59,0.079874,0,0
10,1769,749.15,216.33,959.64,424.97,937.47,447.34,726.99,238.70,0.377619,0,0
10,1994,769.73,282.96,775.40,328.11,751.97,331.05,746.30,285.90,0.158175,2,0
10,2165,984.02,824.24,987.21,894.10,929.88,896.72,926.70,826.86,0.085737,0,0
10,2167,604.72,837.78,642.24,904.26,628.68,911.91,591.16,845.43,0.149499,2,0
10,2274,1022.22,748.01,1048.05,766.38,1032.87,787.71,1007.04,769.34,0.142190,0,0
10,59,563.15,109.08,602.19,125.90,588.45,157.79,549.41,140.98,0.267529,0,0
10,205,1076.03,138.37,1096.85,155.77,1091.43,162.25,1070.61,144.84,0.050235,2,0
10,2751,361.82,531.15,394.48,550.90,381.80,571.84,349.15,552.09,0.056856,2,0
10,2756,608.75,765.18,613.33,777.50,604.77,780.68,600.19,768.35,0.057976,2,0
10,2900,647.81,153.34,699.50,303.47,644.14,322.53,592.45,172.40,0.481091,0,0
10,3053,638.73,125.44,701.62,34.27,733.37,56.17,670.48,147.34,0.252227,0,0
10,3166,570.01,720.63,573.18,733.37,561.61,736.25,558.44,723.51,0.152021,2,0
10,3274,338.82,861.87,360.37,863.55,358.96,881.61,337.41,879.93,0.173241,2,0
10,3347,637.34,700.71,660.58,736.57,635.56,752.79,612.32,716.92,0.062451,2,0
10,756,847.85,713.20,866.43,710.65,867.88,721.20,849.30,723.75,0.050632,2,0
10,766,192.23,244.59,203.92,245.90,202.32,260.30,190.62,259.00,0.058647,2,0
10,807,972.37,428.80,1105.00,421.13,1106.25,442.79,973.62,450.45,0.053821,2,0
10,46,1074.81,662.14,1082.21,632.03,1105.50,637.75,1098.10,667.86,0.054291,2,0
10,813,899.52,298.14,911.66,335.27,899.05,339.39,886.91,302.27,0.130857,0,0
10,1548,410.81,405.71,425.74,418.14,420.03,425.00,405.10,412.57,0.064391,2,0
10,1794,695.12,335.31,734.22,354.85,721.81,379.66,682.72,360.11,0.078021,2,0
10,1855,84.88,678.01,96.50,690.20,83.48,702.60,71.87,690.41,0.113097,2,0
10,1877,546.37,531.33,895.99,803.65,861.75,847.61,512.13,575.30,0.052659,0,0
10,2225,790.15,398.38,810.74,405.57,805.14,421.61,784.55,414.43,0.090995,2,0
10,1639,1162.55,790.67,1350.37,847.32,1334.06,901.40,1146.24,844.75,0.069010,0,0
10,474,763.16,1068.17,848.25,914.63,906.93,947.15,821.84,1100.69,0.050764,0,0
10,3842,590.51,421.98,678.09,464.35,667.72,485.79,580.14,443.41,0.154156,0,0
10,3863,823.48,-81.06,833.74,-11.41,777.14,-3.06,766.87,-72.71,0.191821,0,0
10,3939,479.68,493.51,555.94,398.57,606.33,439.05,530.07,533.99,0.089534,0,0
10,3950,786.37,167.53,802.57,164.73,805.02,178.89,788.82,181.69,0.068208,2,0
10,3958,775.68,584.36,807.49,650.47,776.04,665.60,744.23,599.50,0.143964,0,0
10,4034,630.57,395.62,754.17,625.63,697.45,656.11,573.85,426.09,0.310834,0,0
10,4086,1271.95,607.70,1364.55,663.63,1330.64,719.78,1238.03,663.85,0.054985,0,0
10,4095,473.34,891.86,540.70,959.26,523.55,976.40,456.19,909.00,0.090082,0,0
10,4121,897.66,30.34,985.81,40.44,980.05,90.74,891.90,80.64,0.265676,0,0
10,4135,661.81,148.71,700.29,144.93,702.13,163.69,663.65,167.47,0.152739,2,0
10,4188,337.99,918.20,356.67,907.25,371.48,932.50,352.80,943.46,0.055392,0,0
10,4215,676.08,677.63,695.10,675.43,696.43,686.94,677.41,689.14,0.050720,0,0
10,4281,1109.04,538.50,1192.09,475.67,1223.64,517.38,1140.59,580.21,0.104557,0,0
10,4288,1030.78,628.08,1064.02,653.05,1051.17,670.16,1017.93,645.19,0.051639,2,0
10,4299,765.43,709.38,774.70,755.56,731.81,764.17,722.54,717.98,0.087164,0,0
10,1060,1253.86,310.52,1297.72,326.52,1290.61,346.03,1246.75,330.02,0.109362,0,0
10,2114,785.94,208.39,791.41,257.49,744.06,262.76,738.59,213.67,0.191821,0,0
10,208,640.40,284.58,785.74,264.84,791.90,310.20,646.56,329.95,0.225882,0,0
10,650,766.32,586.20,797.36,611.86,784.49,627.43,753.45,601.77,0.051639,2,0
10,929,1338.35,361.67,1428.18,488.38,1397.27,510.30,1307.43,383.59,0.124957,0,0
10,1804,936.00,682.44,985.57,672.39,989.61,692.25,940.03,702.31,0.052918,2,0
10,3026,778.20,287.12,813.67,331.48,789.08,351.13,753.61,306.78,0.194142,0,0
10,3198,795.69,607.16,867.04,572.63,877.78,594.81,806.43,629.34,0.053821,2,0
10,3209,1185.84,649.79,1289.65,599.37,1306.78,634.65,1202.98,685.08,0.050882,0,0
10,917,1262.91,340.98,1298.40,411.87,1269.27,426.46,1233.77,355.57,0.094507,0,0
10,1322,883.56,28.43,910.38,13.97,919.34,30.60,892.52,45.06,0.093077,0,0
10,860,733.40,696.04,815.54,527.34,851.74,544.96,769.60,713.67,0.051767,2,0
10,4313,600.94,358.18,638.62,447.05,613.22,457.82,575.54,368.95,0.256882,0,0
10,4317,892.10,276.65,973.89,281.94,971.20,323.57,889.41,318.28,0.130857,0,0
10,4319,577.39,436.20,769.67,677.22,751.84,691.44,559.56,450.42,0.140357,0,0
10,4323,626.73,373.28,791.61,515.57,766.36,544.83,601.49,402.54,0.254341,0,0
10,4348,314.89,701.05,357.00,703.18,356.49,713.20,314.38,711.06,0.193857,2,0
10,4356,428.74,707.05,437.59,673.36,457.61,678.62,448.77,712.31,0.067202,2,0
10,4357,782.59,308.50,805.95,273.59,834.99,293.02,811.64,327.93,0.111358,2,0
10,4383,210.09,196.92,213.07,180.66,222.12,182.32,219.14,198.58,0.244588,2,0
10,4387,1071.09,151.96,1076.52,123.11,1087.12,125.10,1081.70,153.95,0.200046,2,0
10,4402,678.97,249.85,945.06,499.22,925.62,519.96,659.53,270.59,0.159984,0,0
10,4410,226.49,843.44,266.73,860.57,257.72,881.73,217.49,864.60,0.096852,2,0
10,4421,581.09,417.18,628.16,305.24,693.34,332.64,646.27,444.58,0.213407,0,0
10,4426,950.35,100.54,973.64,108.57,962.69,140.34,939.40,132.31,0.225230,0,0
10,4436,902.32,878.20,970.75,614.90,1022.61,628.38,954.18,891.68,0.056504,0,0
10,4440,419.06,96.49,432.96,89.08,437.81,98.20,423.92,105.60,0.063517,2,0
10,4441,397.37,23.12,434.93,4.08,448.84,31.52,411.28,50.56,0.225230,0,0
10,4442,597.93,91.56,638.88,143.22,613.57,163.29,572.61,111.63,0.218400,0,0
10,4451,1145.05,695.87,1198.35,662.98,1212.72,686.26,1159.43,719.16,0.052296,0,0
10,4470,1194.47,758.90,1212.48,807.35,1198.38,812.59,1180.37,764.14,0.051126,2,0
10,4476,886.24,503.99,944.20,554.31,926.78,574.37,868.83,524.04,0.057811,2,0
10,4501,188.94,231.13,194.48,247.03,180.05,252.06,174.50,236.17,0.115835,2,0
10,4506,1128.46,398.19,1134.72,337.53,1160.11,340.15,1153.85,400.81,0.207689,0,0
10,4512,586.18,761.64,625.68,762.21,625.53,772.45,586.03,771.88,0.076824,2,0
10,4514,736.72,529.83,746.14,539.76,736.98,548.45,727.55,538.51,0.057811,2,0
10,4524,1198.56,671.03,1256.96,720.19,1229.66,752.61,1171.27,703.45,0.055188,0,0
10,4535,1230.85,704.46,1241.48,801.96,1203.06,806.15,1192.43,708.65,0.057405,0,0
10,4537,748.08,485.43,770.11,440.32,783.34,446.78,761.31,491.89,0.069639,2,0
10,4558,1207.56,734.19,1273.06,744.19,1267.47,780.79,1201.97,770.78,0.081751,0,0
10,4567,500.31,797.64,516.09,800.14,513.84,814.32,498.06,811.81,0.193857,2,0
10,4575,960.45,451.67,964.21,462.51,945.97,468.84,942.21,458.01,0.063210,2,0
10,4579,847.55,540.03,919.51,508.05,932.99,538.38,861.02,570.36,0.086883,2,0
10,4588,537.00,823.60,587.52,802.80,592.53,814.97,542.02,835.78,0.088106,2,0
10,4601,509.35,129.23,511.83,110.57,522.94,112.05,520.46,130.71,0.157696,2,0
10,4639,335.99,782.92,478.11,682.16,494.37,705.09,352.25,805.85,0.122164,0,0
10,4644,1126.46,782.53,1176.93,617.44,1195.00,622.96,1144.53,788.05,0.053593,0,0
10,4646,122.35,662.37,125.83,688.09,107.16,690.61,103.68,664.90,0.051377,0,0
10,4650,1159.65,517.76,1217.44,519.17,1216.57,555.10,1158.77,553.70,0.171096,0,0
10,4685,1053.87,370.26,1135.51,365.50,1137.19,394.27,1055.54,399.03,0.060536,0,0
10,226,1164.01,216.56,1226.86,190.67,1241.28,225.67,1178.42,251.56,0.293194,0,0
10,301,341.39,191.74,409.76,303.75,376.57,324.01,308.20,212.00,0.070070,0,0
10,448,918.86,709.90,924.85,766.81,893.89,770.07,887.91,713.15,0.097203,0,0
10,384,776.28,348.49,801.20,340.77,806.41,357.58,781.49,365.30,0.083131,2,0
10,1020,707.91,170.15,732.52,158.79,738.69,172.14,714.07,183.51,0.134014,2,0
10,1316,893.98,253.77,940.64,247.61,942.42,261.15,895.76,267.31,0.050850,2,0
10,1688,590.31,796.39,594.34,833.06,571.54,835.56,567.51,798.90,0.055578,0,0
10,1870,782.29,-28.52,852.12,53.16,825.22,76.15,755.39,-5.52,0.207421,0,0
10,1873,274.43,239.26,306.91,244.72,304.06,261.69,271.58,256.23,0.120551,2,0
10,2086,224.65,592.39,234.02,593.83,232.09,606.39,222.71,604.94,0.056267,2,0
10,2091,1072.78,802.95,1178.57,787.95,1183.46,822.42,1077.67,837.42,0.055392,0,0
10,2251,523.95,708.53,585.39,806.43,552.03,827.36,490.59,729.47,0.052338,0,0
10,7,943.79,77.11,948.33,10.43,981.26,12.67,976.72,79.35,0.163813,0,0
10,201,53.88,377.71,164.01,408.51,155.17,440.12,45.04,409.32,0.055718,0,0
10,246,1072.11,683.29,1134.39,656.40,1146.14,683.61,1083.86,710.50,0.159984,0,0
10,855,964.03,653.31,970.45,695.56,946.23,699.24,939.81,656.99,0.053449,2,0
10,2338,865.77,460.61,884.56,690.07,841.02,693.63,822.23,464.18,0.052943,2,0
10,2434,1156.27,846.14,1243.50,944.54,1207.89,976.11,1120.66,877.70,0.117018,0,0
10,2497,543.07,123.90,574.38,134.78,568.24,152.44,536.94,141.57,0.082666,2,0
10,2612,675.75,794.59,747.50,779.20,753.07,805.20,681.33,820.58,0.050882,0,0
10,428,1231.33,452.17,1249.36,470.12,1237.71,481.83,1219.68,463.87,0.052286,0,0
10,840,573.23,642.17,587.46,626.61,595.10,633.60,580.87,649.16,0.073132,2,0
10,1112,953.12,802.61,1046.13,739.42,1071.61,776.93,978.61,840.12,0.089553,0,0
10,44,511.53,509.32,613.20,556.71,599.54,586.02,497.87,538.63,0.170009,0,0
10,2566,631.99,673.50,659.59,678.61,656.23,696.76,628.63,691.65,0.089370,2,0
10,37,346.18,105.34,410.63,83.37,421.14,114.20,356.69,136.17,0.090923,0,0
10,1092,998.45,105.21,1014.88,172.62,984.31,180.07,967.88,112.66,0.295980,0,0
10,2869,639.50,314.61,810.01,175.35,840.04,212.12,669.54,351.38,0.158190,0,0
10,2870,621.09,373.44,695.89,106.11,736.89,117.58,662.09,384.92,0.176938,0,0
10,2922,605.49,215.65,668.69,305.24,634.40,329.43,571.20,239.84,0.136912,0,0
10,3257,1212.03,845.59,1221.41,926.34,1195.38,929.36,1186.00,848.62,0.142968,0,0
10,3310,434.66,533.25,451.30,541.69,444.62,554.87,427.98,546.43,0.121372,2,0
10,3327,732.23,524.50,766.43,554.61,746.48,577.28,712.28,547.18,0.064629,2,0
10,3334,-228.64,557.64,-202.11,585.78,-210.89,594.05,-237.41,565.91,0.051377,0,0
10,1012,1129.33,517.71,1142.76,590.75,1111.09,596.57,1097.66,523.53,0.124957,0,0
10,1519,367.65,854.37,371.80,907.28,341.79,909.63,337.63,856.73,0.078168,0,0
10,1546,788.73,570.98,822.01,612.93,798.31,631.73,765.03,589.78,0.052837,2,0
10,1342,730.34,867.68,772.76,992.94,727.55,1008.24,685.13,882.98,0.100921,0,0
10,1901,222.56,471.88,235.93,470.40,237.30,482.73,223.93,484.22,0.056889,2,0
10,255,696.58,85.72,798.27,86.99,797.97,111.01,696.28,109.73,0.173376,0,0
10,919,684.18,193.50,687.48,415.93,595.39,417.30,592.09,194.87,0.173069,0,0
10,94,943.69,-26.44,976.98,69.17,944.84,80.36,911.54,-15.25,0.163780,0,0
10,2649,633.55,343.96,826.84,595.93,776.08,634.87,582.78,382.91,0.256882,0,0
10,597,1157.46,565.80,1222.79,595.72,1213.10,616.87,1147.78,586.95,0.087810,0,0
10,3074,-160.48,607.94,-65.91,587.84,-61.22,609.89,-155.79,630.00,0.061909,0,0
10,916,616.22,267.80,672.77,290.14,663.57,313.43,607.02,291.09,0.296299,0,0
10,983,680.64,-44.46,745.25,3.68,730.64,23.29,666.03,-24.85,0.059312,0,0
10,1755,798.16,233.58,907.46,252.90,901.83,284.72,792.54,265.40,0.288103,0,0
10,3383,601.43,210.14,787.96,303.31,759.14,361.00,572.61,267.83,0.232686,0,0
10,3390,676.90,-22.53,755.10,140.48,719.56,157.53,641.36,-5.48,0.163813,0,0
10,3391,687.80,82.07,719.23,154.53,692.79,166.00,661.36,93.54,0.186022,0,0
10,3402,623.99,182.24,708.27,155.77,737.04,247.41,652.76,273.87,0.262977,0,0
10,3414,658.51,553.23,720.29,630.74,696.16,649.97,634.38,572.46,0.266310,0,0
10,3429,829.34,253.97,854.35,268.76,847.09,281.04,822.08,266.25,0.149162,2,0
10,3506,317.31,850.84,318.33,834.60,341.02,836.02,340.00,852.26,0.132037,2,0
10,3555,117.70,168.15,159.00,161.08,162.88,183.73,121.58,190.81,0.064799,2,0
10,3577,621.18,374.44,652.03,474.18,616.19,485.26,585.35,385.52,0.094507,0,0
10,3592,490.57,390.16,519.07,401.79,515.00,411.77,486.50,400.14,0.199912,2,0
10,3706,629.95,692.02,633.91,662.86,647.29,664.67,643.33,693.84,0.060816,2,0
10,3791,896.82,623.52,904.71,684.94,874.58,688.80,866.70,627.38,0.052067,0,0
10,3838,697.79,683.02,767.89,767.78,736.19,794.00,666.08,709.24,0.051821,2,0
10,278,593.42,782.56,635.25,796.74,624.71,827.82,582.88,813.64,0.052699,0,0
10,503,1152.29,377.07,1219.36,389.95,1213.94,418.19,1146.87,405.32,0.113206,0,0
10,610,596.22,527.74,612.73,573.82,577.58,586.41,561.07,540.34,0.150383,0,0
10,1315,72.84,490.49,79.04,468.57,90.92,471.93,84.71,493.85,0.060981,2,0
10,1329,452.31,414.33,455.87,439.68,440.47,441.84,436.92,416.50,0.103628,2,0
10,1499,90.53,193.26,105.51,194.81,104.53,204.34,89.55,202.80,0.056069,2,0
10,1532,758.00,141.80,788.00,152.30,781.28,171.48,751.28,160.97,0.062654,2,0
10,1796,561.28,316.45,659.16,218.92,696.87,256.77,598.99,354.30,0.172268,0,0
10,1904,609.67,-55.08,749.49,681.89,676.84,695.68,537.02,-41.30,0.200651,0,0
10,1844,989.54,396.87,1012.48,401.89,1009.92,413.60,986.98,408.59,0.086093,0,0
10,2354,888.72,-26.02,950.84,-14.91,945.02,17.65,882.89,6.55,0.059312,0,0
10,2590,784.77,441.05,821.67,478.18,803.88,495.86,766.98,458.73,0.054666,2,0
10,2597,570.02,141.37,710.81,378.74,669.87,403.02,529.08,165.66,0.158190,0,0
11,2077,864.06,168.57,918.79,225.46,899.99,243.54,845.26,186.65,0.122560,0,0
11,78,691.83,263.65,763.67,154.72,806.95,183.26,735.11,292.19,0.316885,0,0
11,2653,1212.92,475.36,1404.27,540.29,1386.18,593.60,1194.83,528.68,0.099989,0,0
11,96,732.35,271.75,749.76,187.45,791.80,196.13,774.39,280.43,0.318216,0,0
11,4159,529.43,117.17,643.66,177.66,603.35,253.77,489.12,193.27,0.514550,0,0
11,4217,1149.93,755.56,1236.13,823.01,1199.14,870.28,1112.94,802.84,0.095924,0,0
11,4249,1049.05,374.08,1108.82,425.08,1075.49,464.14,1015.72,413.13,0.122239,0,0
11,2829,641.36,391.58,840.95,394.56,840.20,444.85,640.61,441.86,0.368196,0,0
11,3307,524.30,287.37,715.09,211.16,739.46,272.19,548.67,348.40,0.163953,0,0
11,1249,672.66,641.44,744.32,630.52,748.16,655.69,676.50,666.61,0.056180,0,0
11,4386,324.94,423.24,343.91,425.49,342.90,434.05,323.93,431.80,0.051941,2,0
11,4492,903.74,520.53,933.08,605.21,907.70,614.00,878.36,529.32,0.096920,2,0
11,4571,865.00,854.19,897.61,857.22,896.37,870.63,863.76,867.60,0.100378,2,0
11,4580,417.08,521.63,558.05,459.94,569.18,485.38,428.21,547.07,0.072158,0,0
11,2205,840.11,531.75,849.82,563.26,834.09,568.11,824.38,536.60,0.057219,2,0
11,2223,1117.01,757.89,1166.96,719.57,1189.04,748.34,1139.08,786.66,0.088595,0,0
11,2926,523.52,-103.03,526.58,-26.43,490.48,-24.99,487.42,-101.59,0.149885,0,0
11,2976,628.11,-9.53,640.10,118.24,587.10,123.21,575.11,-4.55,0.243681,0,0
11,601,805.94,43.61,863.28,68.49,854.84,87.93,797.51,63.06,0.125526,0,0
11,3642,1099.37,897.64,1202.16,813.65,1231.81,849.92,1129.01,933.92,0.111535,0,0
11,1,602.33,345.53,732.40,345.90,732.19,418.68,602.13,418.31,0.225746,0,0
11,4754,864.85,348.65,915.05,360.23,908.80,387.29,858.61,375.71,0.175096,2,0
11,4810,763.51,32.96,810.02,63.71,800.74,77.75,754.23,47.01,0.200969,2,0
11,4858,666.29,110.37,678.14,110.53,677.93,125.20,666.08,125.03,0.207579,2,0
11,4864,349.75,113.70,361.16,131.15,355.18,135.06,343.78,117.60,0.083270,2,0
11,4976,886.79,450.58,892.26,485.78,882.87,487.23,877.40,452.04,0.056304,2,0
11,5018,1370.00,599.53,1376.32,629.83,1358.45,633.55,1352.14,603.26,0.051208,2,0
11,5020,1119.68,741.72,1312.25,690.44,1327.91,749.22,1135.33,800.51,0.107557,0,0
11,5036,967.10,909.80,1002.37,888.96,1021.31,921.00,986.04,941.84,0.077877,0,0
11,5040,761.23,570.89,838.35,530.27,854.96,561.80,777.83,602.42,0.051017,2,0
11,1730,370.17,824.67,411.83,796.12,436.64,832.31,394.97,860.87,0.221379,0,0
11,2016,538.29,587.17,563.25,544.05,583.53,555.79,558.57,598.91,0.081558,2,0
11,816,955.48,614.73,1006.79,593.57,1017.27,618.98,965.96,640.14,0.058762,2,0
11,2803,811.00,863.02,912.40,877.52,907.09,914.63,805.69,900.14,0.084477,0,0
11,3110,436.55,360.58,458.52,349.90,465.55,364.37,443.59,375.05,0.147149,2,0
11,3229,982.50,90.02,1025.24,241.23,932.89,267.34,890.15,116.13,0.203675,0,0
11,946,496.61,725.22,516.08,774.63,494.15,783.27,474.68,733.86,0.158574,0,0
11,3464,589.85,526.20,614.52,438.34,653.81,449.37,629.14,537.24,0.268777,0,0
11,3615,215.57,138.21,240.48,133.06,243.18,146.12,218.27,151.27,0.148408,2,0
11,3647,815.32,771.17,830.77,807.51,802.29,819.62,786.84,783.28,0.051528,0,0
11,3836,912.76,541.58,1032.94,522.35,1039.41,562.78,919.23,582.01,0.084734,0,0
11,2366,472.88,249.92,631.88,264.85,627.95,306.70,468.95,291.77,0.148929,0,0
11,2386,545.13,536.52,634.37,525.70,639.97,571.89,550.73,582.70,0.243042,0,0
11,487,772.37,628.65,781.27,706.06,741.10,710.67,732.20,633.26,0.248936,0,0
11,1111,1047.99,771.11,1064.08,644.31,1124.98,652.04,1108.88,778.84,0.113618,0,0
11,3888,620.87,414.84,693.61,416.83,692.31,464.59,619.56,462.60,0.290299,0,0
11,3964,646.83,285.01,762.59,251.07,778.34,304.77,662.57,338.71,0.273067,0,0
11,936,720.22,161.67,813.55,208.68,793.78,247.94,700.44,200.93,0.124992,0,0
11,1760,860.72,254.31,887.64,555.14,821.74,561.03,794.82,260.21,0.145596,0,0
11,5049,623.72,-21.99,752.33,392.81,678.41,415.73,549.80,0.93,0.296131,0,0
11,5050,681.83,-80.89,720.59,104.56,681.98,112.63,643.22,-72.82,0.261529,0,0
11,5052,898.00,154.68,980.45,184.72,965.17,226.68,882.71,196.64,0.514550,0,0
11,5054,606.06,168.65,675.43,142.62,695.16,195.20,625.79,221.24,0.316885,0,0
11,5057,662.01,505.36,711.93,656.03,654.06,675.20,604.14,524.54,0.226515,0,0
11,5065,883.00,248.51,981.41,166.88,1005.20,195.57,906.79,277.19,0.296756,0,0
11,5077,753.81,518.81,776.64,691.22,737.18,696.45,714.34,524.03,0.248936,0,0
11,5078,1166.26,349.29,1246.06,525.17,1200.87,545.67,1121.07,369.79,0.083813,0,0
11,5094,548.66,-121.07,598.79,-65.12,580.90,-49.09,530.77,-105.04,0.064236,0,0
11,5101,518.99,18.23,551.46,17.91,551.75,47.47,519.29,47.80,0.180964,2,0
11,5120,585.33,421.77,716.69,106.20,736.78,114.56,605.42,430.13,0.241086,0,0
11,5143,1211.80,758.93,1325.03,762.87,1324.09,789.69,1210.87,785.75,0.122364,0,0
11,5154,341.06,201.16,350.23,222.22,336.05,228.39,326.89,207.34,0.060791,2,0
11,5158,180.52,212.22,201.31,362.38,192.12,363.65,171.33,213.49,0.102941,2,0
11,5164,411.79,729.91,422.02,742.37,412.08,750.53,401.86,738.07,0.080217,2,0
11,5166,846.57,643.78,849.39,682.18,830.67,683.55,827.86,645.16,0.060443,0,0
11,5170,560.79,469.92,561.38,485.07,545.38,485.70,544.79,470.54,0.128385,0,0
11,5178,702.22,397.21,741.75,449.86,709.82,473.84,670.29,421.19,0.259873,0,0
11,5180,366.30,1078.38,498.93,974.14,518.33,998.83,385.70,1103.06,0.052063,0,0
11,5208,897.50,319.05,899.10,787.88,874.03,787.97,872.44,319.14,0.117849,0,0
11,5214,627.18,843.42,665.18,854.44,657.82,879.80,619.82,868.78,0.087983,2,0
11,5218,1355.93,488.08,1402.59,652.21,1371.37,661.08,1324.71,496.95,0.136168,0,0
11,5225,906.81,411.44,952.80,217.80,997.22,228.35,951.22,421.99,0.318216,0,0
11,5234,1178.55,292.29,1258.29,349.34,1237.13,378.91,1157.39,321.87,0.128263,0,0
11,5244,52.12,636.19,92.91,588.78,104.18,598.48,63.39,645.88,0.055258,2,0
11,5247,1242.16,413.07,1319.80,527.51,1294.93,544.38,1217.29,429.94,0.052937,0,0
11,5318,1133.03,528.24,1141.00,503.41,1151.30,506.72,1143.33,531.54,0.082566,2,0
11,5332,566.55,761.79,575.47,766.76,568.94,778.47,560.02,773.50,0.079634,2,0
11,5363,579.92,181.82,640.99,152.21,648.70,168.10,587.62,197.71,0.279937,2,0
11,5365,414.03,608.82,452.45,634.44,439.61,653.69,401.20,628.06,0.068818,2,0
11,5383,693.76,738.27,795.95,800.26,758.37,862.22,656.17,800.22,0.051608,2,0
11,5407,389.41,647.87,464.04,785.64,417.02,811.11,342.39,673.35,0.132326,0,0
11,45,422.87,82.94,439.45,77.02,444.59,91.40,428.01,97.32,0.115276,2,0
11,1347,440.11,349.12,473.88,337.79,477.19,347.67,443.42,359.00,0.067967,2,0
11,1922,1000.16,451.32,1078.04,489.71,1059.39,527.56,981.51,489.17,0.049504,0,0
11,1962,1156.96,284.67,1225.95,242.29,1248.41,278.84,1179.42,321.23,0.296756,0,0
11,2139,1146.92,229.82,1219.77,326.46,1194.81,345.27,1121.96,248.64,0.290299,0,0
11,2168,221.45,508.98,257.53,500.35,260.62,513.23,224.53,521.87,0.053771,2,0
11,2201,995.42,450.48,1021.75,466.13,1015.13,477.27,988.79,461.62,0.052517,2,0
11,833,1172.70,65.47,1207.06,-18.09,1220.37,-12.62,1186.01,70.94,0.102138,0,0
11,2403,765.57,199.96,781.61,234.22,764.69,242.14,748.66,207.88,0.091857,2,0
11,2509,677.52,817.82,684.29,797.07,696.93,801.19,690.16,821.94,0.073470,2,0
11,2522,279.96,464.99,330.80,523.69,322.38,530.98,271.54,472.28,0.051639,2,0
11,2710,1115.04,472.75,1212.56,510.56,1202.27,537.10,1104.75,499.29,0.114914,0,0
11,2773,470.08,474.11,538.60,479.38,536.82,502.60,468.30,497.34,0.114862,0,0
11,2812,435.51,677.07,448.78,670.71,453.77,681.14,440.50,687.50,0.051688,2,0
11,2921,662.07,324.50,758.19,410.96,723.55,449.46,627.44,363.00,0.216712,0,0
11,2965,598.20,865.07,600.60,832.21,618.30,833.50,615.90,866.36,0.157792,2,0
11,3086,536.86,453.32,582.52,491.79,562.08,516.05,516.42,477.58,0.194086,0,0
11,3330,379.05,756.62,402.10,774.65,388.48,792.07,365.43,774.04,0.084638,2,0
11,3360,906.47,912.80,948.60,910.27,949.87,931.42,907.74,933.95,0.073473,0,0
11,1961,700.68,305.51,781.53,426.69,743.59,451.99,662.75,330.81,0.091796,0,0
11,41,638.91,290.31,853.53,182.59,894.76,264.74,680.15,372.46,0.225746,0,0
11,3326,874.82,595.73,953.61,666.38,932.53,689.88,853.74,619.24,0.051644,2,0
11,3350,574.10,431.70,693.48,597.57,643.93,633.23,524.55,467.36,0.205090,0,0
11,784,871.84,362.93,943.51,372.12,939.69,401.89,868.02,392.70,0.067878,0,0
11,272,1385.45,352.87,1460.48,418.38,1437.23,445.00,1362.21,379.49,0.145596,0,0
11,3452,855.70,300.45,902.54,354.81,865.46,386.76,818.62,332.39,0.277229,0,0
11,3664,1040.83,386.76,1083.86,379.84,1086.86,398.49,1043.82,405.41,0.061841,2,0
11,3701,683.41,580.89,790.81,597.85,787.51,618.79,680.10,601.83,0.052655,2,0
11,3805,721.45,692.98,732.19,731.32,712.01,736.97,701.28,698.63,0.062106,2,0
11,1319,135.98,603.68,145.71,603.93,145.35,618.15,135.62,617.91,0.076735,2,0
11,1803,626.32,258.53,628.74,291.16,609.91,292.55,607.50,259.92,0.168435,2,0
11,3317,711.54,756.99,723.98,770.53,710.93,782.53,698.49,768.99,0.060502,2,0
11,3386,533.88,490.77,627.90,486.57,629.58,524.29,535.56,528.49,0.144836,0,0
11,2011,903.78,36.55,905.28,74.72,860.77,76.47,859.27,38.30,0.303015,0,0
11,3841,880.71,127.64,896.60,171.53,850.78,188.11,834.90,144.23,0.203675,0,0
11,3847,915.02,97.23,919.39,273.59,875.02,274.69,870.66,98.32,0.230468,0,0
11,3853,706.65,208.12,730.11,232.71,706.77,254.97,683.32,230.37,0.115992,0,0
11,3906,447.87,881.97,591.06,844.37,601.83,885.41,458.65,923.01,0.087832,0,0
11,3935,641.91,532.55,673.57,622.09,627.81,638.27,596.14,548.73,0.118672,0,0
11,4187,1097.68,717.52,1246.75,709.25,1250.02,768.09,1100.95,776.36,0.138122,0,0
11,4263,1034.18,552.42,1243.24,560.57,1241.81,597.09,1032.76,588.94,0.052314,0,0
11,1033,656.44,108.77,688.74,47.44,721.16,64.51,688.87,125.84,0.092276,0,0
11,1652,1019.61,355.19,1080.81,374.32,1073.68,397.13,1012.48,378.00,0.098492,2,0
11,2900,573.12,254.72,610.98,132.40,656.10,146.36,618.24,268.68,0.196742,0,0
11,3053,745.78,273.76,745.82,180.24,776.45,180.25,776.41,273.78,0.240894,0,0
11,3274,602.39,766.37,618.44,760.01,623.11,771.80,607.05,778.16,0.051350,2,0
11,3347,775.02,590.68,787.78,601.74,780.22,610.46,767.46,599.40,0.053338,2,0
11,46,951.03,650.16,993.12,689.55,963.95,720.73,921.85,681.34,0.049377,2,0
11,1548,404.72,391.06,409.19,363.56,422.32,365.69,417.85,393.19,0.101692,2,0
11,1794,755.67,496.45,786.53,495.14,787.39,515.27,756.53,516.59,0.057609,2,0
11,1877,669.08,371.49,776.42,792.49,720.44,806.76,613.10,385.76,0.213026,0,0
11,1639,1127.57,807.56,1249.77,869.01,1231.88,904.60,1109.67,843.16,0.106420,0,0
11,3842,405.01,336.08,443.97,264.46,462.12,274.34,423.17,345.96,0.096255,0,0
11,3863,932.36,51.01,990.47,47.09,993.42,90.78,935.31,94.70,0.084340,0,0
11,3939,637.34,424.49,704.85,482.47,676.90,515.02,609.38,457.05,0.229892,0,0
11,3958,750.28,546.22,821.60,544.84,822.26,578.65,750.93,580.03,0.049584,0,0
11,4034,597.10,445.66,684.47,642.40,634.73,664.49,547.36,467.75,0.334990,0,0
11,4095,639.23,922.15,680.59,843.40,700.99,854.11,659.63,932.87,0.125801,0,0
11,4121,995.11,160.47,1044.59,106.32,1072.90,132.19,1023.42,186.34,0.249952,0,0
11,4163,634.07,405.15,648.12,401.84,650.39,411.46,636.33,414.77,0.127426,2,0
11,2114,857.41,250.80,861.84,287.52,832.03,291.12,827.60,254.40,0.220978,0,0
11,3026,446.75,461.06,493.49,494.26,476.25,518.53,429.51,485.32,0.118672,0,0
11,3209,1049.40,649.11,1203.94,634.05,1209.17,687.65,1054.63,702.71,0.049741,0,0
11,4317,859.52,303.22,974.29,189.59,1032.85,248.75,918.09,362.37,0.246927,0,0
11,4319,625.75,395.61,678.41,780.70,649.29,784.68,596.64,399.59,0.164765,0,0
11,4421,616.38,393.57,628.77,278.48,695.55,285.67,683.16,400.75,0.296131,0,0
11,4506,1195.46,451.48,1259.40,456.78,1257.29,482.34,1193.35,477.05,0.056833,0,0
11,4524,798.18,744.88,847.28,767.06,835.16,793.90,786.05,771.73,0.066802,0,0
11,4537,346.96,203.91,352.87,234.48,343.66,236.26,337.76,205.68,0.062730,2,0
11,4588,316.50,831.60,341.50,789.06,352.10,795.29,327.10,837.84,0.150745,2,0
11,4639,330.95,727.40,444.51,857.89,423.03,876.59,309.47,746.10,0.225436,0,0
11,4650,1431.33,557.33,1482.58,562.59,1479.44,593.23,1428.18,587.97,0.098042,0,0
11,301,465.15,141.84,624.40,181.43,611.94,231.57,452.69,191.97,0.370297,0,0
11,448,1043.47,842.02,1109.96,900.69,1076.80,938.27,1010.31,879.61,0.107557,0,0
11,1020,1034.24,238.96,1048.57,246.13,1044.60,254.05,1030.28,246.87,0.051815,2,0
11,2091,1175.99,634.73,1242.34,804.24,1185.56,826.46,1119.21,656.95,0.115075,0,0
11,44,604.51,585.65,619.62,697.57,586.66,702.01,571.55,590.10,0.117849,0,0
11,2869,584.15,172.05,733.31,389.86,684.96,422.97,535.80,205.16,0.270562,0,0
11,2870,765.85,467.50,922.69,424.05,929.71,449.37,772.86,492.82,0.139486,0,0
11,2922,467.00,252.53,759.34,147.04,802.00,265.26,509.66,370.75,0.422795,0,0
11,1012,842.00,496.91,944.39,515.53,935.81,562.70,833.42,544.08,0.155847,0,0
11,597,949.51,438.37,973.99,441.60,972.92,449.78,948.43,446.55,0.181284,0,0
11,3391,877.73,91.66,920.90,208.08,877.09,224.33,833.91,107.91,0.198208,0,0
11,3402,629.67,184.28,675.38,245.81,620.89,286.30,575.17,224.76,0.268936,0,0
11,3414,573.17,628.12,630.12,742.92,593.19,761.24,536.23,646.44,0.168227,0,0
11,3577,495.72,453.60,571.43,399.63,591.33,427.55,515.62,481.52,0.103142,0,0
11,3592,489.21,257.31,536.34,252.39,538.16,269.83,491.03,274.75,0.173435,2,0
11,3706,676.84,627.01,694.95,654.99,681.74,663.54,663.63,635.57,0.097722,2,0
11,3838,668.08,646.31,780.64,601.05,798.00,644.24,685.44,689.49,0.051608,2,0
11,1315,61.34,378.98,67.14,398.21,56.52,401.42,50.72,382.18,0.080157,2,0
11,1796,652.37,501.45,667.05,185.92,798.35,192.03,783.67,507.56,0.247731,0,0
11,2597,635.61,206.44,710.00,500.18,657.83,513.40,583.43,219.66,0.205090,0,0
11,5414,664.70,255.95,696.57,239.94,708.18,263.06,676.31,279.07,0.422795,0,0
11,5415,803.03,224.15,1129.30,297.77,1128.55,301.08,802.29,227.46,0.370667,0,0
11,5416,979.79,314.74,1153.10,288.49,1154.09,295.07,980.78,321.32,0.370667,0,0
11,5417,1107.90,278.21,1155.69,286.11,1148.97,326.76,1101.18,318.86,0.370297,0,0
11,5418,861.08,127.02,963.38,168.83,952.09,196.44,849.79,154.63,0.369946,0,0
11,5419,634.13,203.37,711.01,265.56,660.69,327.78,583.81,265.59,0.338687,0,0
11,5420,1053.60,106.92,1059.10,154.66,1028.93,158.14,1023.43,110.40,0.303015,0,0
11,5422,815.11,295.25,829.45,298.21,811.43,385.50,797.09,382.54,0.290070,0,0
11,5424,818.96,162.90,844.83,154.77,849.02,168.10,823.15,176.23,0.266285,2,0
11,5426,1286.34,215.82,1347.01,250.93,1335.65,270.56,1274.98,235.45,0.261432,0,0
11,5427,583.17,207.99,603.09,93.43,642.65,100.31,622.73,214.87,0.261126,0,0
11,5428,552.61,173.90,599.26,84.70,677.64,125.68,630.98,214.89,0.254672,0,0
11,5429,913.54,142.15,1005.03,128.06,1016.19,200.56,924.71,214.65,0.254568,0,0
11,5430,726.99,149.58,742.15,138.70,746.29,144.47,731.12,155.35,0.253928,2,0
11,5431,949.48,96.15,992.63,74.17,1000.60,89.81,957.45,111.79,0.247731,0,0
11,5432,929.53,373.47,964.44,307.26,986.94,319.12,952.03,385.33,0.246927,0,0
11,5433,729.74,404.95,735.99,407.15,721.25,449.11,714.99,446.92,0.240894,0,0
11,5434,514.92,101.33,518.28,116.17,509.70,118.11,506.34,103.27,0.235887,2,0
11,5436,469.36,91.77,496.12,91.10,496.34,100.13,469.58,100.80,0.231141,2,0
11,5437,172.37,241.03,184.73,243.40,182.48,255.16,170.12,252.79,0.229855,2,0
11,5439,650.80,22.94,668.28,22.80,668.38,36.08,650.90,36.21,0.226834,2,0
11,5440,554.29,600.40,586.09,693.65,555.02,704.24,523.22,610.99,0.226515,0,0
11,5441,365.86,829.19,454.18,794.93,461.61,814.10,373.30,848.36,0.225935,0,0
11,5442,556.20,262.63,556.75,278.10,540.71,278.67,540.16,263.20,0.221927,2,0
11,5443,225.13,519.10,245.59,486.83,256.18,493.55,235.72,525.81,0.221379,0,0
11,5444,643.92,110.40,697.91,321.72,660.39,331.31,606.39,119.99,0.217027,0,0
11,5445,588.78,107.46,595.44,133.35,585.10,136.01,578.44,110.12,0.216819,2,0
11,5448,1152.80,283.30,1177.96,349.71,1138.91,364.50,1113.75,298.10,0.207730,0,0
11,5450,469.98,176.50,498.54,177.81,498.17,185.97,469.60,184.66,0.204025,2,0
11,5451,890.66,311.65,911.26,323.94,906.68,331.62,886.08,319.33,0.202147,2,0
11,5452,294.19,215.18,299.86,227.65,288.52,232.81,282.85,220.34,0.201899,2,0
11,5454,650.95,263.51,739.73,222.39,757.57,260.91,668.79,302.02,0.200034,0,0
11,5455,281.65,425.11,312.01,405.79,332.09,437.35,301.73,456.67,0.200004,0,0
11,5456,931.89,320.04,948.80,339.01,902.80,380.01,885.89,361.03,0.200004,0,0
11,5457,696.38,133.03,700.88,163.84,683.26,166.41,678.76,135.60,0.199346,2,0
11,5458,546.97,-18.22,551.50,-64.79,593.21,-60.73,588.67,-14.16,0.198521,0,0
11,5459,1111.83,116.46,1115.23,129.49,1093.08,135.26,1089.69,122.24,0.197728,2,0
11,5460,361.48,831.47,373.95,833.29,372.53,843.06,360.05,841.24,0.197600,2,0
11,5463,224.05,231.16,225.39,214.25,232.54,214.82,231.20,231.73,0.193603,2,0
11,5465,533.78,524.32,551.98,519.47,556.04,534.72,537.84,539.57,0.188009,2,0
11,5470,318.41,236.67,333.28,250.56,318.07,266.85,303.20,252.96,0.182417,2,0
11,5471,346.85,375.25,351.91,357.39,364.47,360.94,359.42,378.80,0.182417,2,0
11,5473,745.20,442.40,747.98,441.00,768.66,481.80,765.88,483.21,0.179109,2,0
11,5475,689.00,295.89,717.68,280.72,728.78,301.69,700.10,316.87,0.176223,0,0
11,5476,823.26,243.91,854.53,246.93,852.95,263.27,821.68,260.25,0.176223,0,0
11,5477,92.49,530.03,103.42,539.64,98.72,544.98,87.79,535.37,0.175167,2,0
11,5479,214.56,114.91,238.24,94.77,252.21,111.20,228.53,131.33,0.174111,0,0
11,5480,685.69,286.97,695.78,270.51,710.38,279.45,700.28,295.92,0.174111,0,0
11,5483,618.70,643.96,728.32,640.07,729.06,660.93,619.44,664.82,0.170939,0,0
11,5484,606.51,512.47,767.40,609.98,758.66,624.40,597.77,526.89,0.170939,0,0
11,5485,764.49,11.26,786.36,40.82,772.50,51.07,750.63,21.51,0.170652,0,0
11,5486,775.05,25.68,787.61,52.88,772.34,59.93,759.79,32.72,0.170652,0,0
11,5489,211.41,552.93,228.70,551.67,229.51,562.83,212.22,564.08,0.169693,2,0
11,5498,271.53,792.27,293.79,810.78,285.81,820.38,263.55,801.86,0.165205,2,0
11,5500,753.61,53.29,814.67,78.85,795.23,125.27,734.18,99.71,0.163953,0,0
11,5501,202.53,623.62,206.86,628.56,194.11,639.71,189.78,634.76,0.163807,2,0
11,5502,439.88,854.55,444.44,877.44,433.08,879.71,428.52,856.81,0.163145,2,0
11,5503,623.56,877.94,624.75,891.41,614.64,892.30,613.45,878.83,0.163145,2,0
11,5506,577.97,251.25,582.32,241.85,592.91,246.75,588.56,256.15,0.159015,2,0
11,5507,603.64,391.15,744.60,411.33,741.68,431.72,600.72,411.53,0.158732,0,0
11,5508,182.45,215.71,209.18,247.94,198.28,256.98,171.55,224.75,0.158183,0,0
11,5513,375.49,321.65,390.00,320.33,390.71,328.14,376.20,329.46,0.155402,2,0
11,5514,153.40,288.53,170.01,292.15,166.66,307.55,150.05,303.93,0.155402,2,0
11,5515,520.42,769.43,522.57,800.24,481.68,803.11,479.52,772.29,0.155262,2,0
11,5516,866.39,298.04,880.39,284.93,892.54,297.91,878.54,311.02,0.153960,2,0
11,5518,654.34,818.24,666.97,883.08,627.36,890.80,614.73,825.95,0.153727,0,0
11,5521,911.01,416.34,913.23,437.86,861.21,443.23,858.99,421.71,0.151145,0,0
11,5522,1160.29,388.10,1283.84,381.73,1286.12,425.84,1162.56,432.22,0.148868,0,0
11,5523,333.76,644.92,352.34,628.42,358.33,635.16,339.75,651.66,0.148404,2,0
11,5524,215.04,663.23,224.41,661.55,227.36,677.97,217.99,679.65,0.147791,2,0
11,5525,709.72,573.27,718.58,562.28,737.39,577.44,728.53,588.43,0.146576,2,0
11,5526,497.40,354.70,506.55,366.04,498.69,372.37,489.55,361.03,0.145743,2,0
11,5528,410.71,334.58,421.88,330.63,425.06,339.60,413.89,343.56,0.145329,2,0
11,5529,521.53,874.97,539.54,900.35,536.21,902.72,518.19,877.34,0.145329,2,0
11,5530,482.07,156.47,489.27,154.25,494.09,169.89,486.89,172.10,0.144139,2,0
11,5533,333.26,239.50,349.01,225.34,355.58,232.65,339.83,246.80,0.143563,2,0
11,5534,463.35,200.96,469.04,178.78,487.94,183.63,482.25,205.81,0.139993,2,0
11,5536,617.55,484.05,653.29,543.87,650.06,545.79,614.33,485.98,0.139253,2,0
11,5538,594.63,529.69,628.49,617.57,603.67,627.13,569.81,539.25,0.138393,0,0
11,5541,387.41,393.64,387.76,410.25,379.68,410.42,379.33,393.81,0.137300,2,0
11,5542,829.92,872.81,846.71,863.67,853.73,876.58,836.94,885.72,0.136815,2,0
11,5543,534.53,265.59,553.83,261.99,555.23,269.48,535.93,273.08,0.136364,2,0
11,5550,983.30,192.73,985.93,167.62,1009.26,170.06,1006.62,195.18,0.129580,2,0
11,5553,560.30,776.90,571.81,776.32,572.48,789.65,560.97,790.22,0.128806,2,0
11,5555,327.40,458.26,345.41,467.41,340.85,476.39,322.84,467.24,0.128746,2,0
11,5558,744.71,274.50,746.66,310.99,705.50,313.19,703.55,276.69,0.128263,0,0
11,5559,424.79,801.03,444.78,797.25,448.00,814.26,428.01,818.04,0.127257,2,0
11,5560,1059.17,874.43,1074.68,872.72,1076.19,886.33,1060.68,888.05,0.127257,2,0
11,5563,652.61,128.94,723.02,172.35,718.21,180.15,647.80,136.74,0.124992,0,0
11,5564,1220.76,405.41,1241.05,458.86,1223.65,465.46,1203.36,412.01,0.124980,0,0
11,5568,635.53,866.99,645.36,927.73,611.98,933.13,602.15,872.39,0.120810,0,0
11,5570,315.40,711.89,327.88,732.78,311.99,742.26,299.52,721.37,0.117345,2,0
11,5571,902.25,34.47,927.94,47.15,917.26,68.78,891.58,56.11,0.116764,2,0
11,5572,766.20,927.84,792.50,911.23,806.66,933.64,780.36,950.26,0.115723,0,0
11,5573,675.31,598.57,687.82,605.21,678.55,622.66,666.05,616.02,0.115122,2,0
11,5574,468.21,313.42,515.17,291.11,522.74,307.06,475.79,329.37,0.114862,0,0
11,5576,756.09,512.69,761.90,622.99,716.81,625.36,711.01,515.06,0.113618,0,0
11,5579,1117.63,242.07,1129.72,253.91,1124.08,259.67,1111.99,247.83,0.108962,0,0
11,5580,1212.67,616.30,1250.66,649.94,1230.40,672.83,1192.41,639.19,0.107491,0,0
11,5582,1198.34,463.82,1257.35,358.43,1282.21,372.35,1223.19,477.73,0.105564,0,0
11,5583,126.17,755.11,126.26,744.82,140.65,744.94,140.56,755.24,0.105021,2,0
11,5584,1215.64,488.94,1265.95,486.63,1266.47,497.94,1216.16,500.25,0.104441,0,0
11,5585,1128.00,533.29,1182.72,510.54,1199.16,550.09,1144.45,572.84,0.104441,0,0
11,5586,311.40,699.37,344.83,695.57,345.86,704.60,312.43,708.41,0.103998,2,0
11,5587,1119.28,646.11,1180.90,613.14,1204.83,657.86,1143.21,690.84,0.102957,0,0
11,5588,427.34,862.31,432.64,877.00,408.49,885.71,403.19,871.02,0.102362,2,0
11,5589,875.63,392.71,884.64,436.29,877.42,437.79,868.42,394.20,0.102056,2,0
11,5590,823.82,861.09,837.61,886.91,817.31,897.74,803.53,871.93,0.101824,2,0
11,5591,294.89,708.78,309.73,704.51,314.78,722.03,299.93,726.31,0.101187,0,0
11,5592,1168.42,648.08,1193.76,669.73,1172.10,695.08,1146.76,673.43,0.101129,0,0
11,5593,1041.58,718.96,1050.29,674.28,1092.17,682.44,1083.46,727.13,0.100499,0,0
11,5594,1127.01,681.89,1127.43,607.15,1154.71,607.31,1154.29,682.04,0.100499,0,0
11,5595,721.33,378.59,845.21,310.79,845.89,312.03,722.01,379.83,0.099897,2,0
11,5604,79.35,848.33,88.08,863.74,63.57,877.64,54.83,862.23,0.097689,2,0
11,5605,380.49,42.18,381.22,60.35,369.97,60.80,369.25,42.63,0.097664,2,0
11,5610,1168.56,105.70,1172.43,94.91,1182.72,98.60,1178.85,109.39,0.092133,2,0
11,5613,1112.38,245.61,1147.18,225.06,1162.02,250.19,1127.22,270.74,0.091864,0,0
11,5614,859.44,698.72,885.18,700.77,883.52,721.69,857.78,719.64,0.091796,0,0
11,5615,318.20,678.98,323.63,702.62,293.36,709.57,287.93,685.93,0.091766,2,0
11,5616,434.26,292.91,444.39,276.58,469.11,291.91,458.98,308.24,0.091618,0,0
11,5621,94.81,300.82,110.85,300.35,111.10,309.02,95.07,309.49,0.089638,2,0
11,5623,104.53,160.88,121.08,163.91,119.50,172.48,102.96,169.44,0.089390,2,0
11,5625,545.73,524.81,554.76,528.24,550.80,538.66,541.77,535.22,0.088526,2,0
11,5626,453.20,751.81,471.80,748.08,474.06,759.33,455.46,763.06,0.087764,2,0
11,5627,73.08,84.60,82.78,94.36,68.94,108.11,59.24,98.36,0.086694,2,0
11,5628,877.86,526.66,879.79,556.88,866.53,557.73,864.59,527.51,0.085477,2,0
11,5629,1096.18,564.94,1168.06,701.96,1151.19,710.81,1079.30,573.79,0.083813,0,0
11,5631,880.98,412.07,883.89,447.91,858.84,449.95,855.93,414.10,0.082440,2,0
11,5632,394.40,332.62,401.28,344.02,393.06,348.99,386.18,337.58,0.081920,2,0
11,5633,387.54,590.25,409.58,623.27,406.70,625.20,384.65,592.18,0.081920,2,0
11,5634,249.66,835.96,257.61,838.77,252.57,853.04,244.62,850.23,0.080946,2,0
11,5636,445.89,384.47,467.02,389.18,464.90,398.69,443.77,393.98,0.080224,2,0
11,5637,585.96,-29.06,608.49,-5.67,594.93,7.38,572.41,-16.00,0.079410,2,0
11,5638,1141.64,782.65,1162.26,784.77,1161.33,793.83,1140.71,791.72,0.076611,2,0
11,5639,513.41,-57.08,543.85,-25.67,531.61,-13.81,501.17,-45.22,0.076413,2,0
11,5640,984.64,68.61,1010.55,74.63,1009.56,78.89,983.65,72.87,0.076413,2,0
11,5641,537.94,555.11,546.54,556.30,544.81,568.75,536.22,567.56,0.075789,2,0
11,5642,1177.10,818.05,1196.88,801.08,1201.43,806.37,1181.64,823.34,0.075789,2,0
11,5643,161.17,799.88,163.55,817.65,126.51,822.61,124.13,804.84,0.075150,0,0
11,5644,515.30,483.57,520.99,466.22,536.78,471.39,531.09,488.75,0.074613,2,0
11,5645,1175.65,629.29,1180.29,635.75,1154.67,654.11,1150.04,647.65,0.074153,0,0
11,5646,617.22,775.32,639.76,774.80,639.87,779.64,617.33,780.17,0.074153,0,0
11,5647,649.90,890.06,742.96,877.14,745.86,898.04,652.80,910.95,0.073473,0,0
11,5648,1222.62,-44.78,1357.98,-19.72,1354.81,-2.57,1219.44,-27.63,0.070406,0,0
11,5649,779.20,-41.92,810.40,13.18,795.45,21.64,764.25,-33.46,0.070406,0,0
11,5657,100.60,204.04,114.83,206.51,113.33,215.15,99.10,212.68,0.066993,2,0
11,5658,31.13,249.06,40.24,245.38,44.91,256.93,35.80,260.61,0.066993,2,0
11,5660,491.37,-198.34,522.31,-187.27,513.52,-162.71,482.58,-173.79,0.066806,2,0
11,5661,837.70,146.43,844.03,140.13,860.52,156.69,854.20,162.99,0.066806,2,0
11,5663,625.88,796.15,630.76,739.01,649.11,740.58,644.23,797.72,0.066183,2,0
11,5665,128.56,416.02,138.95,401.41,143.79,404.86,133.40,419.46,0.066138,0,0
11,5668,405.83,717.05,418.71,750.14,414.23,751.88,401.35,718.80,0.065841,0,0
11,5671,623.48,709.59,627.80,727.15,613.32,730.72,609.00,713.15,0.065138,2,0
11,5674,727.20,565.70,751.45,574.30,742.75,598.83,718.50,590.23,0.064329,2,0
11,5675,217.55,480.54,217.71,434.65,234.51,434.71,234.34,480.60,0.063320,0,0
11,5676,393.24,195.05,403.30,213.64,389.59,221.06,379.53,202.48,0.062457,2,0
11,5677,368.39,249.71,375.93,231.93,383.24,235.03,375.70,252.82,0.062457,2,0
11,5678,11.89,531.45,25.82,527.64,29.18,539.93,15.26,543.74,0.062405,2,0
11,5679,1579.33,481.18,1609.18,463.60,1613.85,471.53,1583.99,489.11,0.062311,0,0
11,5680,1211.77,293.48,1321.38,341.26,1319.45,345.68,1209.84,297.90,0.062311,0,0
11,5681,25.66,712.13,53.64,714.33,51.56,740.71,23.58,738.50,0.062147,0,0
11,5682,226.39,334.93,254.52,309.68,270.72,327.73,242.59,352.98,0.062109,0,0
11,5684,78.24,591.72,79.04,646.07,54.05,646.44,53.25,592.09,0.061788,0,0
11,5688,695.01,609.61,728.90,616.61,724.55,637.66,690.66,630.66,0.060606,0,0
11,5689,1196.84,833.81,1206.24,850.77,1189.99,859.76,1180.60,842.81,0.060606,0,0
11,5690,516.29,515.55,519.74,529.63,507.31,532.68,503.86,518.60,0.059840,2,0
11,5693,674.92,898.29,682.30,809.20,721.36,812.43,713.98,901.53,0.059537,0,0
11,5694,756.50,964.25,783.46,978.15,762.28,1019.22,735.32,1005.32,0.058586,2,0
11,5695,366.39,526.50,385.87,527.84,385.32,535.92,365.83,534.59,0.058418,2,0
11,5696,47.78,158.52,56.35,136.15,78.35,144.58,69.78,166.95,0.058388,2,0
11,5702,830.53,848.77,839.79,859.68,823.82,873.22,814.57,862.30,0.057002,2,0
11,5707,702.89,398.20,709.39,421.97,700.14,424.50,693.64,400.73,0.056092,2,0
11,5709,656.91,848.63,676.66,863.69,658.95,886.92,639.20,871.86,0.055707,2,0
11,5710,760.65,699.46,794.22,701.55,793.12,719.28,759.54,717.19,0.055707,2,0
11,5714,219.14,691.81,233.15,696.50,229.51,707.38,215.50,702.69,0.055640,2,0
11,5716,121.09,609.18,121.59,597.39,130.19,597.75,129.69,609.55,0.055558,2,0
11,5719,126.26,201.09,151.61,199.24,152.40,210.05,127.05,211.90,0.055313,2,0
11,5722,135.32,60.97,144.09,97.02,121.76,102.46,112.99,66.40,0.055052,0,0
11,5723,224.34,218.21,233.08,222.63,225.87,236.88,217.13,232.46,0.054808,2,0
11,5725,70.43,69.66,75.58,89.59,62.95,92.86,57.80,72.92,0.054678,2,0
11,5729,955.62,286.66,1086.63,252.96,1090.87,269.43,959.86,303.13,0.054432,0,0
11,5730,340.45,521.36,345.69,509.94,354.79,514.11,349.54,525.53,0.054074,2,0
11,5731,95.26,603.65,116.71,623.83,109.54,631.46,88.09,611.27,0.054036,0,0
11,5733,192.31,314.47,219.07,323.80,215.58,333.80,188.83,324.48,0.053690,2,0
11,5734,883.86,802.04,905.08,806.68,902.37,819.07,881.15,814.43,0.053685,2,0
11,5737,-4.58,539.43,15.90,539.25,16.01,552.54,-4.47,552.72,0.053486,2,0
11,5739,466.65,459.52,473.26,476.88,466.79,479.33,460.19,461.98,0.052927,2,0
11,5740,234.47,655.03,240.98,654.54,242.19,670.73,235.68,671.21,0.052763,2,0
11,5741,237.60,350.84,290.24,314.84,303.01,333.52,250.38,369.52,0.052501,0,0
11,5742,41.77,346.54,68.95,333.68,80.59,358.28,53.41,371.14,0.052501,0,0
11,5743,321.62,584.64,362.15,596.39,354.15,623.97,313.63,612.22,0.052478,2,0
11,5744,1020.15,492.04,1034.36,515.45,1002.69,534.68,988.47,511.26,0.052341,2,0
11,5745,1146.15,346.83,1248.64,382.97,1243.56,397.36,1141.08,361.21,0.052122,2,0
11,5746,680.72,665.94,727.09,639.02,732.08,647.62,685.71,674.54,0.051615,2,0
11,5747,646.19,718.67,700.11,725.13,691.49,797.01,637.58,790.55,0.051017,2,0
11,5749,1281.69,579.69,1304.52,575.10,1307.27,588.74,1284.44,593.34,0.050565,2,0
11,5751,157.84,-94.39,158.63,-108.67,177.93,-107.61,177.14,-93.33,0.050528,0,0
11,5755,1217.28,270.38,1240.85,279.46,1237.48,288.22,1213.91,279.14,0.050416,2,0
11,5757,1220.66,810.55,1237.68,800.27,1241.90,807.24,1224.88,817.52,0.050258,0,0
11,5758,488.63,922.39,492.88,926.33,460.90,960.79,456.65,956.85,0.050140,0,0
11,5760,53.51,-17.51,110.66,22.23,88.45,54.16,31.30,14.41,0.050058,0,0
11,5761,265.20,868.73,296.21,885.91,271.72,930.11,240.72,912.93,0.049933,0,0
11,5762,925.49,899.28,969.98,905.21,967.13,926.67,922.63,920.75,0.049891,0,0
11,5763,996.77,694.94,1008.75,702.10,1004.17,709.76,992.19,702.61,0.049862,2,0
11,5764,664.39,549.45,764.67,722.24,749.10,731.28,648.82,558.49,0.049857,2,0
11,5765,-43.37,405.71,-42.87,438.41,-58.57,438.65,-59.06,405.95,0.049843,2,0
11,5766,1213.58,725.42,1258.25,673.81,1270.75,684.62,1226.08,736.24,0.049682,0,0
11,5770,526.83,-24.69,560.69,-34.69,565.58,-18.11,531.73,-8.11,0.049443,2,0
11,5771,1262.48,316.04,1298.11,342.97,1292.09,350.93,1256.46,324.01,0.049419,0,0
11,5772,300.06,928.73,309.30,927.98,311.30,952.65,302.07,953.40,0.049399,2,0
11,5773,692.93,832.98,727.21,809.99,731.48,816.37,697.20,839.36,0.049399,2,0
11,5774,812.47,707.88,867.26,690.21,870.11,699.05,815.32,716.72,0.049368,0,0
11,5776,-164.88,489.99,-103.42,464.34,-95.17,484.12,-156.63,509.77,0.049346,0,0
11,5777,1395.07,495.52,1420.87,370.82,1426.56,372.00,1400.76,496.70,0.049232,0,0
11,5778,680.60,759.83,718.04,754.69,721.21,777.75,683.77,782.89,0.049225,0,0
11,5779,21.01,380.01,52.58,371.96,57.28,390.37,25.71,398.42,0.049170,0,0
11,5780,-46.44,428.60,-20.48,418.35,-13.84,435.19,-39.81,445.43,0.049170,0,0
11,5781,59.17,589.28,97.36,621.97,77.01,645.73,38.82,613.04,0.049048,0,0
11,5782,-599.11,397.70,-559.75,483.59,-579.36,492.58,-618.71,406.69,0.049048,0,0
11,298,526.05,713.43,527.84,690.75,546.82,692.25,545.02,714.93,0.205003,2,0
11,321,201.00,771.36,201.60,783.76,191.37,784.26,190.77,771.86,0.152677,2,0
11,328,300.48,814.81,324.31,816.62,322.67,838.12,298.84,836.31,0.105021,2,0
11,391,290.94,494.27,308.62,491.55,310.64,504.69,292.96,507.41,0.051306,2,0
11,459,906.13,823.58,945.85,802.00,955.37,819.54,915.65,841.11,0.136815,2,0
11,578,387.30,390.78,410.25,382.41,415.56,396.96,392.60,405.33,0.155903,2,0
11,644,184.09,511.95,222.86,524.56,216.24,544.92,177.47,532.30,0.194086,0,0
11,686,940.11,403.99,1071.36,438.51,1068.77,448.34,937.52,413.82,0.072525,2,0
11,704,1107.62,212.00,1108.59,218.49,1092.97,220.83,1092.00,214.34,0.260564,2,0
11,806,646.51,951.16,652.09,926.04,677.94,931.79,672.36,956.90,0.090956,0,0
11,866,-40.42,468.28,-1.79,437.25,12.80,455.42,-25.83,486.44,0.054936,0,0
11,888,865.66,433.36,955.15,386.05,971.02,416.08,881.54,463.39,0.236409,0,0
11,890,948.97,743.95,957.55,771.12,942.72,775.80,934.15,748.63,0.101824,2,0
11,955,563.21,277.69,578.87,292.64,568.62,303.37,552.96,288.42,0.199346,2,0
11,1001,557.11,143.65,580.24,147.38,577.82,162.35,554.69,158.62,0.266285,2,0
11,1073,269.34,146.59,284.21,145.85,285.01,161.97,270.14,162.71,0.126127,2,0
11,1106,427.42,871.33,451.08,888.80,444.55,897.64,420.89,880.17,0.058586,2,0
11,1114,827.91,154.23,834.16,107.22,849.25,109.22,843.00,156.24,0.254672,0,0
11,1142,753.10,339.87,802.00,349.42,798.56,367.05,749.66,357.50,0.188009,2,0
11,1203,492.02,89.81,498.03,108.37,484.40,112.79,478.38,94.22,0.216819,2,0
11,1277,207.84,846.16,225.52,860.28,214.58,873.98,196.90,859.87,0.165205,2,0
11,1309,382.42,343.38,393.44,368.50,376.05,376.13,365.03,351.01,0.155638,2,0
11,1327,524.34,408.35,588.18,351.47,614.46,380.96,550.63,437.85,0.249060,2,0
11,1346,488.40,758.01,513.79,727.93,530.65,742.16,505.26,772.24,0.095729,2,0
11,1414,510.52,497.40,523.49,492.94,533.18,521.08,520.22,525.54,0.249060,2,0
11,1421,845.26,374.81,899.71,362.09,909.91,405.75,855.46,418.47,0.195845,2,0
11,1489,171.92,573.10,177.69,562.13,191.61,569.45,185.84,580.42,0.055581,2,0
11,1566,706.31,696.94,767.81,690.07,771.08,719.38,709.58,726.25,0.049180,2,0
11,1605,856.58,587.84,874.64,596.95,869.90,606.34,851.85,597.23,0.116294,2,0
11,1300,527.06,381.13,531.19,360.02,547.22,363.16,543.09,384.26,0.059630,2,0
11,1762,584.45,-265.57,628.94,-17.19,558.75,-4.61,514.26,-252.99,0.145793,0,0
11,1781,541.70,542.32,557.88,526.15,577.36,545.64,561.18,561.81,0.052276,2,0
11,1816,1221.00,19.34,1259.54,22.57,1257.69,44.71,1219.14,41.49,0.134099,0,0
11,1848,491.21,585.91,491.38,621.26,463.59,621.39,463.42,586.04,0.056092,2,0
11,1860,334.15,608.98,344.48,603.45,350.08,613.91,339.75,619.44,0.054637,2,0
11,1951,1539.86,512.03,1662.12,445.18,1675.95,470.47,1553.69,537.32,0.102957,0,0
11,1954,957.51,296.43,972.78,290.49,976.48,299.98,961.21,305.93,0.067181,2,0
11,1987,538.49,452.86,540.46,461.12,528.10,464.06,526.13,455.80,0.175676,2,0
11,1996,612.04,767.86,623.44,736.81,636.41,741.57,625.01,772.62,0.050991,2,0
11,2033,406.85,259.41,417.17,273.11,404.91,282.34,394.60,268.63,0.109512,2,0
11,2144,1166.77,473.47,1202.84,555.23,1193.31,559.43,1157.24,477.67,0.061602,2,0
11,2212,36.21,279.79,114.07,200.88,125.85,212.51,47.98,291.41,0.135333,2,0
11,2226,977.48,508.68,985.07,467.88,1002.73,471.16,995.14,511.96,0.055210,2,0
11,2305,392.72,516.44,430.44,531.34,419.84,558.15,382.12,543.24,0.071166,2,0
11,111,193.82,696.63,212.71,740.82,181.27,754.26,162.38,710.07,0.120190,0,0
11,293,723.60,73.97,740.98,90.69,725.62,106.65,708.25,89.93,0.260564,2,0
11,311,329.77,14.56,343.52,6.83,351.75,21.50,338.00,29.23,0.053454,2,0
11,632,636.48,391.73,660.31,397.83,656.28,413.60,632.45,407.51,0.101692,2,0
11,668,1242.95,297.74,1311.45,300.53,1309.25,354.61,1240.74,351.82,0.084734,0,0
11,776,136.40,454.06,150.71,292.58,193.06,296.33,178.75,457.81,0.064408,0,0
11,2379,751.72,-15.32,830.25,14.97,812.17,61.86,733.63,31.56,0.115980,0,0
11,2405,670.66,395.24,715.73,415.33,705.62,438.02,660.55,417.93,0.338687,0,0
11,2420,346.60,616.00,364.64,618.07,363.06,631.82,345.02,629.75,0.087764,2,0
11,2438,556.02,438.05,568.90,453.58,556.73,463.66,543.86,448.13,0.155903,2,0
11,2478,659.01,-98.73,691.42,-118.46,707.44,-92.15,675.02,-72.42,0.134099,0,0
11,2515,270.96,25.58,310.77,-1.65,329.44,25.64,289.63,52.87,0.058609,2,0
11,2521,589.39,308.75,597.94,321.44,587.38,328.55,578.84,315.85,0.166105,2,0
11,2560,290.72,546.06,292.09,531.36,311.89,533.22,310.52,547.91,0.052192,2,0
11,2630,995.14,858.22,1120.06,834.04,1126.91,869.43,1001.99,893.61,0.103919,2,0
11,2695,886.86,798.75,899.80,851.18,882.26,855.51,869.33,803.08,0.120905,2,0
11,2755,886.66,568.96,899.87,601.97,885.38,607.77,872.17,574.75,0.080938,2,0
11,2765,137.89,393.95,156.91,454.17,134.59,461.22,115.57,401.00,0.063320,0,0
11,2799,966.14,432.16,968.49,444.78,950.35,448.16,948.00,435.53,0.085477,2,0
11,2867,209.75,312.47,218.51,312.07,219.08,324.73,210.32,325.12,0.058418,2,0
11,480,744.60,313.91,746.78,337.30,728.73,338.99,726.55,315.59,0.190931,2,0
11,909,911.64,497.83,1015.77,493.44,1017.45,533.19,913.32,537.59,0.049232,0,0
11,1090,710.84,268.10,739.59,287.06,729.65,302.14,700.90,283.18,0.164800,2,0
11,1348,297.50,22.49,341.75,104.18,325.00,113.25,280.76,31.56,0.058388,2,0
11,1408,1130.14,385.88,1136.52,478.95,1108.37,480.89,1101.98,387.82,0.090239,0,0
11,1465,458.47,782.56,461.38,798.44,450.91,800.36,448.00,784.48,0.187147,2,0
11,1594,954.79,703.27,1002.84,694.03,1007.45,718.02,959.41,727.26,0.067024,2,0
11,1596,1081.34,596.57,1098.53,607.65,1090.24,620.52,1073.05,609.44,0.064329,2,0
11,2353,239.87,537.52,308.37,547.45,304.84,571.81,236.34,561.87,0.179128,0,0
11,2428,-62.73,286.00,-28.80,310.53,-37.91,323.12,-71.83,298.59,0.050222,0,0
11,2505,-62.44,138.34,-48.08,143.48,-52.50,155.84,-66.86,150.71,0.050058,0,0
11,97,96.07,557.06,296.50,722.25,260.93,765.42,60.50,600.23,0.196145,0,0
11,2886,520.04,323.91,524.96,344.45,507.65,348.60,502.73,328.06,0.137300,2,0
11,2905,290.34,835.75,295.29,848.71,284.64,852.78,279.68,839.83,0.187147,2,0
11,2918,975.77,100.21,991.77,98.46,992.73,107.26,976.73,109.01,0.207238,2,0
11,2936,514.63,213.08,568.87,192.40,575.61,210.06,521.37,230.74,0.149812,2,0
11,2966,175.41,26.18,197.82,116.36,187.54,118.92,165.14,28.73,0.090385,2,0
11,2985,502.82,295.02,504.43,281.04,513.65,282.10,512.05,296.09,0.147897,2,0
11,3029,214.08,14.87,215.13,0.79,239.16,2.59,238.11,16.66,0.093016,2,0
11,3061,321.63,393.49,327.99,418.22,318.94,420.55,312.58,395.82,0.050037,2,0
11,3064,12.26,154.55,21.57,91.46,36.21,93.62,26.90,156.71,0.093016,2,0
11,3085,531.60,667.56,539.89,692.00,507.92,702.85,499.62,678.42,0.138393,0,0
11,3100,39.45,769.65,40.85,739.26,52.90,739.81,51.50,770.20,0.053831,2,0
11,3104,374.75,607.62,404.79,637.11,385.08,657.19,355.04,627.69,0.052927,2,0
11,3116,-2671070.50,1839947.12,2671485.50,-1839487.12,2671486.00,-1839486.12,-2671070.00,1839948.12,0.081898,2,0
11,3173,329.29,559.64,331.94,549.29,344.11,552.41,341.46,562.76,0.081898,2,0
11,3175,629.60,751.50,638.58,787.06,619.34,791.92,610.36,756.36,0.074051,2,0
11,3187,444.12,251.15,462.57,253.03,461.76,261.05,443.31,259.17,0.175167,2,0
11,3267,691.20,818.57,698.22,848.42,686.96,851.07,679.94,821.22,0.102362,2,0
11,3275,686.34,739.28,706.06,730.19,710.53,739.90,690.81,748.98,0.052763,2,0
11,3335,-3.27,447.05,37.11,456.69,32.76,474.93,-7.63,465.29,0.054036,0,0
11,248,516.29,145.86,522.30,160.69,511.44,165.08,505.43,150.25,0.097664,2,0
11,424,981.68,717.11,998.68,720.39,996.73,730.47,979.73,727.20,0.052276,2,0
11,1079,209.96,717.76,210.20,734.34,196.36,734.54,196.11,717.97,0.185381,2,0
11,1104,373.96,653.56,405.26,636.80,422.45,668.91,391.15,685.67,0.125801,0,0
11,1350,276.19,305.36,286.13,278.99,303.29,285.46,293.35,311.83,0.147897,2,0
11,1410,893.82,703.97,911.21,746.82,880.38,759.34,862.99,716.49,0.050006,2,0
11,979,545.36,370.03,567.43,374.84,564.04,390.44,541.96,385.64,0.102138,0,0
11,1786,192.87,103.08,207.89,96.47,212.84,107.71,197.82,114.32,0.139993,2,0
11,1880,459.17,150.77,472.37,126.56,491.60,137.05,478.40,161.26,0.086339,2,0
11,2180,957.18,791.39,992.71,786.11,995.56,805.27,960.04,810.56,0.103919,2,0
11,2252,683.03,718.44,703.89,734.32,690.39,752.06,669.52,736.18,0.065138,2,0
11,3374,276.11,816.54,419.31,766.59,430.26,797.96,287.05,847.92,0.179128,0,0
11,584,1080.34,402.96,1144.49,509.87,1103.76,534.31,1039.62,427.39,0.052122,2,0
11,3380,931.87,148.09,1023.09,202.07,1002.46,236.93,911.24,182.94,0.233606,0,0
11,3446,456.35,202.38,462.65,177.00,477.11,180.58,470.82,205.97,0.115992,0,0
11,3475,118.54,698.94,137.81,712.03,132.02,720.56,112.75,707.47,0.054637,2,0
11,3517,130.89,233.76,347.85,270.16,342.48,302.12,125.52,265.72,0.174260,0,0
11,3534,95.05,333.03,151.07,374.95,133.27,398.74,77.24,356.83,0.135304,0,0
11,3539,340.15,569.73,354.22,518.34,368.37,522.21,354.30,573.60,0.050037,2,0
11,3551,216.56,328.96,255.75,335.94,252.21,355.88,213.01,348.91,0.053690,2,0
11,3553,555.57,583.07,565.65,582.92,565.91,600.36,555.83,600.51,0.128806,2,0
11,3575,497.62,436.41,500.81,418.32,516.73,421.13,513.54,439.22,0.175676,2,0
11,3594,797.98,422.54,804.53,427.48,796.74,437.83,790.19,432.90,0.083644,2,0
11,3596,-30.06,-24.04,-3.25,89.45,-27.07,95.08,-53.87,-18.42,0.055052,0,0
11,3669,643.03,17.02,662.42,3.28,669.20,12.84,649.80,26.58,0.050183,2,0
11,3801,535.00,897.33,566.74,900.48,564.61,921.99,532.86,918.84,0.053685,2,0
11,3818,633.99,836.70,646.78,878.79,629.31,884.10,616.52,842.01,0.078947,2,0
11,3833,110.26,63.45,132.65,55.58,136.46,66.41,114.06,74.28,0.064617,2,0
11,374,867.69,881.74,921.70,949.95,893.38,972.38,839.36,904.17,0.075884,0,0
11,564,248.60,454.80,274.82,469.54,269.34,479.29,243.12,464.54,0.101641,2,0
11,618,42.97,843.91,44.88,901.94,8.74,903.13,6.83,845.10,0.120190,0,0
11,1980,628.95,885.50,653.51,947.86,621.51,960.46,596.95,898.10,0.153727,0,0
11,2097,511.72,-28.37,628.15,146.26,585.08,174.97,468.65,0.35,0.217027,0,0
11,2113,363.57,835.67,412.26,845.76,407.24,870.00,358.55,859.91,0.075150,0,0
11,2315,1392.25,740.05,1514.50,655.60,1538.57,690.43,1416.31,774.89,0.052314,0,0
11,2408,688.26,315.65,718.59,328.07,713.79,339.80,683.46,327.38,0.158183,0,0
11,2633,170.28,509.07,191.94,547.35,164.97,562.62,143.31,524.33,0.050091,2,0
11,2713,516.09,438.87,516.61,460.87,506.48,461.11,505.96,439.10,0.221927,2,0
11,244,400.78,337.67,439.53,476.27,419.53,481.86,380.78,343.26,0.088181,2,0
11,3007,801.91,160.23,922.39,575.80,859.57,594.01,739.09,178.44,0.189918,0,0
11,1282,1202.15,-100.45,1224.90,1.78,1198.63,7.63,1175.88,-94.61,0.075564,0,0
11,1555,839.91,394.62,858.37,441.59,814.30,458.92,795.84,411.95,0.291267,0,0
11,1960,755.76,594.56,854.08,603.39,850.44,643.83,752.12,634.99,0.050764,2,0
11,3466,308.66,658.71,308.85,680.07,297.03,680.18,296.83,658.81,0.091766,2,0
11,3624,941.65,650.88,980.70,709.27,967.58,718.04,928.53,659.65,0.057002,2,0
11,3824,928.65,459.91,932.98,424.94,957.82,428.02,953.49,462.99,0.074442,2,0
11,3831,192.91,392.12,193.82,340.11,213.93,340.47,213.01,392.47,0.072143,2,0
11,659,856.41,951.80,871.92,1040.24,826.46,1048.21,810.95,959.77,0.059537,0,0
11,1317,624.64,727.66,632.28,750.43,614.74,756.30,607.11,733.53,0.074051,2,0
11,1983,1286.42,171.78,1335.19,178.34,1333.04,194.31,1284.27,187.74,0.075564,0,0
11,839,1117.49,507.76,1232.88,519.55,1228.34,563.96,1112.96,552.17,0.122239,0,0
11,1283,854.37,321.85,921.52,433.57,886.86,454.40,819.71,342.68,0.259873,0,0
11,3846,801.59,171.65,831.28,302.38,795.41,310.53,765.72,179.80,0.241552,0,0
11,3895,502.00,674.64,529.59,633.61,566.57,658.48,538.98,699.51,0.107491,0,0
11,3905,729.51,54.76,761.62,59.01,758.68,81.19,726.57,76.95,0.156137,2,0
11,3928,394.51,64.78,409.73,76.91,400.02,89.09,384.80,76.96,0.154631,2,0
11,3937,775.99,296.85,963.95,201.95,972.75,219.39,784.79,314.29,0.198208,0,0
11,3988,173.12,156.88,185.63,185.70,165.70,194.35,153.19,165.52,0.102941,2,0
11,3993,412.46,463.62,442.93,437.45,451.20,447.09,420.73,473.25,0.074613,2,0
11,4019,944.81,372.65,971.81,439.71,932.84,455.39,905.84,388.34,0.291267,0,0
11,4023,1034.01,397.96,1045.94,330.46,1065.80,333.97,1053.87,401.47,0.127210,0,0
11,4041,664.95,20.46,691.17,82.81,665.66,93.54,639.44,31.19,0.198521,0,0
11,4069,101.44,474.17,108.50,481.19,99.00,490.74,91.93,483.71,0.183050,2,0
11,4073,329.12,630.37,349.08,640.39,344.06,650.38,324.11,640.36,0.053486,2,0
11,4074,535.80,545.70,547.56,578.21,531.13,584.16,519.36,551.64,0.055210,2,0
11,4087,853.43,287.30,1102.07,427.78,1081.50,464.18,832.86,323.71,0.225145,0,0
11,4093,409.18,518.92,469.42,527.60,466.37,548.76,406.13,540.09,0.069677,2,0
11,4115,501.09,848.33,515.41,862.65,500.90,877.15,486.59,862.83,0.147791,2,0
11,4117,66.10,136.42,76.41,143.37,71.46,150.70,61.16,143.75,0.086694,2,0
11,4181,943.42,845.76,956.79,636.41,993.93,638.78,980.56,848.13,0.164765,0,0
11,4192,1271.52,468.68,1369.76,621.47,1337.75,642.05,1239.51,489.26,0.077609,0,0
11,4199,201.57,671.11,212.74,667.04,215.89,675.68,204.72,679.75,0.080946,2,0
11,4210,1118.77,645.09,1319.71,577.98,1334.89,623.45,1133.96,690.56,0.124137,0,0
11,131,425.75,674.96,445.88,645.69,466.26,659.72,446.13,688.98,0.052192,2,0
11,310,724.63,594.05,863.25,712.41,838.80,741.05,700.18,622.69,0.050455,2,0
11,443,304.76,564.42,384.62,503.02,406.57,531.57,326.71,592.96,0.049777,2,0
11,764,591.51,650.86,594.71,663.39,585.57,665.73,582.36,653.20,0.068972,2,0
11,630,833.59,625.51,868.63,668.94,847.76,685.78,812.72,642.35,0.051615,2,0
11,1009,708.45,130.36,743.32,190.52,710.77,209.39,675.90,149.23,0.058609,2,0
11,1194,92.24,330.20,117.20,318.59,122.74,330.51,97.79,342.12,0.057813,0,0
11,1324,213.05,595.24,220.26,609.68,209.45,615.07,202.25,600.63,0.163807,2,0
11,1472,835.41,525.83,836.74,474.88,843.23,475.05,841.90,526.00,0.061602,2,0
11,1559,116.72,342.27,133.40,361.26,120.44,372.64,103.76,353.65,0.080224,2,0
11,5,693.88,584.07,732.96,645.08,714.35,657.00,675.27,595.99,0.132326,0,0
11,1932,946.96,903.38,947.15,924.21,924.64,924.41,924.45,903.58,0.120810,0,0
11,2116,1097.34,831.55,1116.91,818.38,1125.54,831.20,1105.97,844.37,0.076611,2,0
11,801,1041.80,477.19,1101.22,441.02,1120.05,471.95,1060.63,508.12,0.082440,2,0
11,1805,298.94,801.15,425.83,817.65,420.79,856.40,293.90,839.91,0.054936,0,0
11,2124,-23.80,528.20,0.51,535.87,-4.02,550.24,-28.33,542.57,0.049862,2,0
11,2629,150.41,717.87,168.62,723.58,159.62,752.29,141.41,746.59,0.062147,0,0
11,2749,693.77,482.72,736.83,486.03,735.38,504.93,692.32,501.62,0.107258,2,0
11,922,426.86,209.41,876.41,158.37,884.38,228.55,434.83,279.59,0.314768,0,0
11,2890,833.08,332.24,870.72,424.16,840.94,436.35,803.30,344.44,0.199084,0,0
11,2987,1148.60,438.76,1165.11,457.95,1147.66,472.97,1131.14,453.78,0.091857,2,0
11,3027,791.44,132.14,814.66,130.63,815.79,147.97,792.56,149.48,0.200720,0,0
11,3033,126.35,374.11,137.08,385.77,129.90,392.38,119.17,380.72,0.053454,2,0
11,3037,130.57,140.55,135.90,121.18,146.07,123.97,140.74,143.35,0.159015,2,0
11,3138,207.02,344.84,224.33,342.75,225.69,353.94,208.37,356.04,0.055313,2,0
11,3339,528.67,696.24,774.43,650.74,785.73,711.79,539.97,757.29,0.051766,2,0
11,1248,272.90,615.23,297.53,679.54,274.39,688.40,249.76,624.10,0.088181,2,0
11,258,619.69,-20.85,830.52,53.62,815.06,97.39,604.23,22.93,0.253666,0,0
11,2261,1122.70,352.71,1148.93,371.96,1133.98,392.33,1107.75,373.08,0.091284,2,0
11,30,692.86,86.17,759.90,146.55,741.08,167.44,674.04,107.06,0.261126,0,0
11,3510,881.30,805.55,1081.03,801.70,1082.02,853.21,882.30,857.06,0.052396,0,0
11,3562,263.07,859.23,281.62,940.73,232.10,952.00,213.55,870.50,0.095332,0,0
11,379,1057.90,805.35,1073.75,858.38,1038.12,869.04,1022.26,816.01,0.075884,0,0
11,908,1131.42,610.67,1212.16,639.49,1205.63,657.79,1124.89,628.97,0.056833,0,0
11,3910,941.44,157.14,961.60,151.23,964.33,160.53,944.17,166.44,0.264841,0,0
11,4020,1137.70,491.68,1184.76,510.95,1169.75,547.62,1122.68,528.35,0.122364,0,0
11,4162,102.83,574.15,123.50,570.93,125.06,580.91,104.38,584.13,0.049862,2,0
11,1601,622.20,693.69,781.13,729.81,765.67,797.84,606.74,761.72,0.050091,2,0
11,2067,962.03,666.85,1021.43,763.91,970.97,794.80,911.56,697.73,0.048905,2,0
11,13,742.79,423.46,1015.69,561.01,980.78,630.27,707.89,492.72,0.128804,0,0
11,1724,1022.01,612.38,1101.74,671.80,1081.00,699.62,1001.28,640.19,0.199084,0,0
11,4325,724.92,70.75,738.05,95.05,714.07,108.02,700.93,83.72,0.124980,0,0
11,4337,731.71,217.95,759.39,244.66,745.33,259.24,717.64,232.53,0.241552,0,0
11,4341,1145.25,350.42,1195.95,359.05,1194.07,370.14,1143.36,361.51,0.138122,0,0
11,4354,994.71,349.03,999.48,371.15,986.06,374.04,981.29,351.92,0.052341,2,0
11,4365,1111.86,90.20,1128.11,87.38,1131.23,105.40,1114.99,108.22,0.079410,2,0
11,4403,980.25,525.90,982.58,497.29,1002.88,498.94,1000.54,527.55,0.088002,2,0
11,4405,733.03,504.48,752.68,547.77,736.01,555.34,716.37,512.04,0.102056,2,0
11,4415,320.65,940.70,354.97,948.37,349.57,972.54,315.25,964.87,0.049933,0,0
11,4445,414.08,760.91,422.11,785.48,370.90,802.23,362.87,777.66,0.252964,0,0
11,4498,398.71,4.10,403.31,16.10,391.86,20.49,387.26,8.49,0.165839,2,0
11,4499,216.65,629.67,230.76,622.99,233.68,629.16,219.57,635.85,0.117828,2,0
11,4541,563.29,504.16,614.69,482.56,631.40,522.35,580.00,543.94,0.368196,0,0
11,4561,585.07,475.98,640.19,483.88,635.57,516.08,580.46,508.18,0.135304,0,0
11,4570,684.99,584.25,728.24,632.89,704.17,654.28,660.93,605.64,0.049377,2,0
11,4593,-8303.64,-9316.98,10252.16,10202.06,10252.12,10202.10,-8303.68,-9316.93,0.061089,2,0
11,4595,1178.47,486.25,1271.31,408.00,1297.49,439.06,1204.65,517.31,0.049841,0,0
11,4618,184.30,703.35,193.77,690.00,202.81,696.42,193.33,709.77,0.117345,2,0
11,4625,282.47,503.24,317.80,501.87,318.40,517.26,283.07,518.64,0.103998,2,0
11,4627,769.55,701.34,781.07,721.31,764.35,730.96,752.83,710.98,0.093140,2,0
11,4628,355.20,57.89,378.70,57.86,378.73,74.04,355.23,74.07,0.154631,2,0
11,4652,139.56,59.90,182.87,87.63,172.76,103.42,129.45,75.70,0.049443,2,0
11,4663,990.46,749.69,1133.98,528.44,1158.52,544.36,1015.00,765.61,0.053938,0,0
11,4664,122.27,414.32,152.64,360.18,182.17,376.74,151.81,430.88,0.062109,0,0
11,4666,535.68,977.61,544.14,1005.58,519.40,1013.06,510.95,985.08,0.050318,2,0
11,4688,723.17,651.66,842.24,564.40,865.54,596.20,746.47,683.46,0.051766,2,0
11,295,444.21,663.07,466.33,732.50,444.42,739.48,422.30,670.05,0.252964,0,0
11,363,0.61,609.07,27.64,624.02,15.36,646.25,-11.68,631.30,0.085596,2,0
11,1071,592.56,77.51,646.05,196.83,582.25,225.43,528.76,106.10,0.280341,0,0
11,1124,469.51,243.26,483.53,242.58,484.01,252.38,469.98,253.06,0.190058,2,0
11,1537,853.00,845.97,882.69,761.76,934.69,780.09,904.99,864.31,0.059847,0,0
11,1591,-34.48,508.19,-5.24,569.46,-25.53,579.14,-54.77,517.87,0.050717,0,0
11,1773,819.44,418.54,834.14,476.48,795.52,486.28,780.82,428.33,0.074442,2,0
11,1775,490.17,667.83,519.75,678.94,509.78,705.48,480.20,694.37,0.050318,2,0
11,1906,789.40,660.69,940.04,634.03,948.49,681.75,797.85,708.41,0.049504,0,0
11,1923,1169.31,369.67,1170.90,342.57,1191.95,343.80,1190.36,370.91,0.151145,0,0
11,2253,135.44,582.48,196.47,560.22,203.83,580.40,142.80,602.66,0.072158,0,0
11,2374,467.01,369.34,475.15,336.81,490.90,340.74,482.77,373.28,0.189918,0,0
11,2673,788.49,807.20,803.59,756.69,833.58,765.66,818.48,816.17,0.068933,2,0
11,1323,969.90,796.49,1023.34,694.07,1063.92,715.24,1010.48,817.66,0.061853,2,0
11,2906,482.36,780.38,486.83,812.86,471.85,814.92,467.38,782.44,0.066183,2,0
11,3088,1062.22,807.29,1115.73,753.03,1145.11,782.00,1091.59,836.26,0.050006,2,0
11,417,1033.80,71.19,1128.43,-1.19,1150.07,27.09,1055.43,99.48,0.129580,2,0
11,1205,1031.65,771.36,1100.51,749.29,1107.68,771.68,1038.82,793.75,0.058762,2,0
11,1272,702.52,848.54,724.48,858.70,714.54,880.18,692.58,870.02,0.087832,0,0
11,1266,527.66,558.55,532.82,544.35,541.46,547.49,536.31,561.69,0.060979,2,0
11,1757,632.97,-128.04,816.22,620.92,704.69,648.21,521.44,-100.75,0.229892,0,0
11,2140,453.61,444.81,477.16,441.55,478.42,450.61,454.87,453.87,0.166043,2,0
11,137,595.49,240.68,750.28,457.19,685.46,503.53,530.67,287.03,0.158732,0,0
11,940,779.64,721.01,788.24,807.52,753.00,811.02,744.40,724.51,0.059847,0,0
11,3113,679.80,6.88,705.76,93.26,668.52,104.45,642.56,18.07,0.230468,0,0
11,2164,1125.31,866.57,1167.83,444.67,1251.44,453.09,1208.92,874.99,0.077609,0,0
11,3419,785.20,119.41,785.98,95.84,806.50,96.53,805.71,120.10,0.231687,2,0
11,3435,697.35,123.99,716.42,115.19,723.65,130.84,704.58,139.65,0.235887,2,0
11,3471,556.31,219.82,573.63,224.58,568.07,244.82,550.76,240.07,0.253928,2,0
11,3495,958.57,315.59,992.56,286.12,1002.05,297.07,968.05,326.54,0.191459,2,0
11,3501,584.29,485.90,584.52,502.62,571.01,502.80,570.78,486.08,0.080938,2,0
11,3645,856.76,405.42,967.96,431.30,961.83,457.66,850.62,431.77,0.049608,2,0
11,250,422.75,79.19,896.16,272.36,863.69,351.93,390.29,158.75,0.268777,0,0
11,2186,619.70,672.51,621.88,640.69,640.07,641.94,637.88,673.76,0.205003,2,0
11,560,643.02,839.33,671.68,936.11,627.32,949.25,598.66,852.47,0.095332,0,0
11,896,1280.72,512.75,1320.88,559.79,1296.04,581.00,1255.88,533.96,0.049741,0,0
11,2352,1146.89,665.94,1165.92,774.84,1115.87,783.58,1096.84,674.69,0.136168,0,0
11,3423,662.27,597.67,865.16,692.96,837.02,752.88,634.13,657.59,0.119349,0,0
11,3784,555.64,254.46,620.46,293.23,608.62,313.02,543.81,274.25,0.156137,2,0
11,2293,650.15,208.34,835.65,313.92,814.95,350.29,629.45,244.70,0.233606,0,0
11,3890,1059.61,171.41,1150.30,104.67,1158.51,115.83,1067.83,182.57,0.191459,2,0
11,1891,559.90,414.03,642.94,412.16,643.60,441.52,560.56,443.40,0.101129,0,0
11,42,254.30,505.90,279.49,499.96,283.76,518.07,258.58,524.02,0.080472,0,0
11,1002,785.03,23.29,790.62,191.85,756.70,192.98,751.10,24.42,0.196742,0,0
11,1395,149.35,448.94,265.90,406.97,275.57,433.80,159.02,475.77,0.165716,0,0
11,2872,857.61,506.89,1054.93,550.54,1037.11,631.12,839.78,587.46,0.049841,0,0
11,3008,876.95,302.91,916.01,385.16,871.24,406.43,832.18,324.17,0.127210,0,0
11,3072,561.38,628.14,656.57,595.47,670.55,636.18,575.35,668.85,0.225935,0,0
11,3272,1163.76,439.33,1214.42,447.64,1210.80,469.68,1160.14,461.37,0.050764,2,0
11,1741,622.47,111.87,650.90,188.98,610.98,203.70,582.54,126.60,0.281793,0,0
11,1743,887.69,706.42,969.03,561.86,1014.03,587.19,932.70,731.74,0.054432,0,0
11,4309,824.03,164.24,862.64,221.04,831.17,242.43,792.56,185.63,0.216712,0,0
11,4316,1040.84,263.61,1221.75,222.18,1233.99,275.63,1053.09,317.06,0.251098,0,0
11,4381,781.73,985.85,856.10,1010.28,843.62,1048.26,769.25,1023.83,0.106420,0,0
11,4414,629.78,423.69,662.77,72.16,716.06,77.16,683.07,428.69,0.202614,0,0
11,4448,668.05,645.47,754.68,758.22,724.76,781.21,638.13,668.45,0.060443,0,0
11,4552,1124.86,754.86,1177.64,824.49,1144.03,849.97,1091.24,780.34,0.052396,0,0
11,4645,914.01,316.26,934.76,331.39,921.52,349.56,900.77,334.44,0.202690,0,0
11,4691,1347.76,760.75,1425.77,706.66,1452.17,744.73,1374.15,798.82,0.051352,0,0
11,1059,314.60,807.26,356.86,701.29,395.55,716.72,353.29,822.69,0.115723,0,0
11,1077,903.23,331.04,1039.90,311.37,1044.48,343.17,907.81,362.83,0.236409,0,0
11,1190,558.39,392.61,628.75,350.03,647.01,380.21,576.65,422.79,0.273067,0,0
11,1435,1193.03,311.87,1290.17,560.09,1238.35,580.37,1141.21,332.15,0.114914,0,0
11,2417,1068.47,228.65,1095.10,316.39,1031.00,335.84,1004.38,248.10,0.225145,0,0
11,2616,458.39,775.98,460.15,794.95,445.13,796.35,443.37,777.37,0.123708,2,0
11,1013,1175.93,360.00,1222.18,430.50,1189.45,451.97,1143.20,381.48,0.207730,0,0
11,3192,479.93,645.34,505.19,640.96,508.28,658.78,483.02,663.16,0.097689,2,0
11,3294,607.84,731.43,611.90,743.77,597.14,748.63,593.08,736.29,0.123708,2,0
11,688,890.30,231.63,992.86,155.52,1031.53,207.63,928.97,283.74,0.186353,0,0
11,451,588.18,951.34,612.64,861.72,653.22,872.80,628.76,962.41,0.259101,0,0
11,3376,837.68,337.46,959.41,409.56,929.16,460.64,807.42,388.54,0.128804,0,0
11,3418,656.66,188.34,773.57,146.19,787.56,185.00,670.66,227.15,0.254568,0,0
11,3648,1306.83,432.00,1314.05,548.52,1250.14,552.47,1242.92,435.96,0.111535,0,0
11,413,674.31,185.64,731.85,182.63,733.30,210.46,675.77,213.47,0.149885,0,0
11,110,353.34,767.95,438.92,810.77,412.83,862.91,327.25,820.09,0.196145,0,0
11,2350,633.66,70.83,712.59,384.94,642.88,402.45,563.95,88.34,0.268936,0,0
11,2357,751.37,251.56,808.34,261.55,802.57,294.45,745.60,284.47,0.314768,0,0
11,4692,608.37,212.44,647.26,291.15,635.62,296.90,596.74,218.19,0.280341,0,0
11,4695,569.49,355.24,640.83,440.26,601.19,473.52,529.85,388.50,0.213026,0,0
11,4696,1025.02,419.84,1121.64,363.51,1131.70,380.77,1035.08,437.10,0.251098,0,0
11,4700,331.34,708.98,459.38,724.98,452.65,778.83,324.61,762.83,0.165716,0,0
11,4706,788.76,87.73,808.45,88.41,808.16,96.88,788.47,96.20,0.116764,2,0
11,4718,1035.83,84.20,1038.71,124.91,1007.22,127.14,1004.33,86.43,0.202147,2,0
11,4719,715.41,30.13,743.16,25.79,746.92,49.88,719.18,54.22,0.207579,2,0
11,4724,873.54,76.48,915.16,104.41,903.14,122.32,861.52,94.39,0.145793,0,0
11,4734,687.19,162.30,753.91,179.66,741.38,227.83,674.65,210.48,0.207238,2,0
11,4737,621.31,230.14,641.45,320.26,611.92,326.86,591.79,236.74,0.270562,0,0
11,4772,234.09,727.51,249.55,722.00,252.07,729.07,236.61,734.58,0.061890,2,0
11,4793,459.56,61.26,486.16,59.03,487.20,71.54,460.61,73.77,0.204025,2,0
11,4814,500.09,189.87,504.43,203.69,491.84,207.64,487.50,193.82,0.134421,2,0
11,4820,890.28,174.32,901.93,99.99,932.59,104.80,920.95,179.13,0.253860,0,0
11,4824,697.85,714.34,753.76,726.94,749.41,746.23,693.50,733.62,0.049891,0,0
11,4833,488.69,133.07,495.56,132.44,497.00,148.20,490.12,148.83,0.072525,2,0
11,4857,782.89,395.24,864.38,469.90,850.21,485.36,768.72,410.70,0.091284,2,0
11,4870,123.89,653.47,136.73,619.42,155.52,626.51,142.69,660.56,0.072143,2,0
11,4875,980.95,932.23,1003.33,743.74,1072.25,751.92,1049.87,940.41,0.056819,0,0
11,4893,344.82,673.38,366.94,700.66,352.53,712.34,330.41,685.05,0.101641,2,0
11,4923,480.46,454.89,552.99,476.36,542.44,511.99,469.91,490.52,0.174260,0,0
11,4937,559.25,308.10,649.91,264.60,664.11,294.18,573.44,337.68,0.205766,0,0
11,4949,656.62,901.44,680.51,861.74,711.33,880.29,687.44,919.98,0.050471,2,0
11,4961,85.08,178.69,105.14,175.40,108.83,197.87,88.77,201.17,0.109512,2,0
11,4966,84.87,575.17,110.13,547.67,121.08,557.73,95.81,585.22,0.049843,2,0
11,4981,16.01,242.23,34.88,236.60,38.37,248.30,19.50,253.93,0.062405,2,0
11,4983,588.22,832.65,593.13,847.59,576.88,852.92,571.98,837.98,0.060502,2,0
11,4995,488.12,554.71,530.33,602.46,508.45,621.81,466.24,574.06,0.112323,0,0
11,5007,141.62,283.59,158.24,295.48,150.08,306.90,133.45,295.00,0.136364,2,0
11,80,897.53,22.66,1027.43,150.01,997.72,180.31,867.82,52.96,0.253666,0,0
11,146,105.71,47.27,123.08,100.83,108.14,105.68,90.76,52.12,0.050183,2,0
11,442,191.71,171.05,221.52,152.56,233.22,171.42,203.41,189.91,0.063108,2,0
11,508,423.70,287.09,462.37,363.24,429.72,379.82,391.05,303.67,0.049419,0,0
11,822,812.96,600.12,875.95,585.36,880.98,606.82,817.99,621.58,0.051306,2,0
11,1044,120.56,186.73,132.92,187.36,132.37,198.18,120.01,197.55,0.126127,2,0
11,1314,170.57,608.71,192.48,610.33,191.55,622.91,169.65,621.29,0.148404,2,0
11,1545,156.13,814.42,172.67,755.02,206.07,764.32,189.53,823.72,0.182474,2,0
11,1553,803.85,534.71,954.75,524.65,957.21,561.64,806.32,571.71,0.049180,2,0
11,838,1003.85,448.51,1044.88,488.57,1028.66,505.19,987.63,465.12,0.090239,0,0
11,1801,1010.41,127.51,1028.72,153.29,1014.88,163.12,996.58,137.34,0.197728,2,0
11,1909,490.30,107.08,492.38,75.64,507.42,76.63,505.35,108.08,0.165839,2,0
11,1936,426.58,616.47,449.99,641.85,429.84,660.43,406.43,635.05,0.057813,0,0
11,2265,320.68,540.21,331.61,555.54,306.56,573.40,295.63,558.06,0.052478,2,0
11,151,117.57,790.77,132.94,782.52,141.14,797.78,125.77,806.03,0.080472,0,0
11,215,535.98,950.84,537.42,876.70,579.25,877.52,577.81,951.65,0.090956,0,0
11,2280,431.87,108.36,435.11,87.18,445.50,88.77,442.26,109.95,0.054999,2,0
11,299,332.33,382.65,402.05,71.14,457.88,83.63,388.16,395.14,0.202614,0,0
11,2678,851.72,819.42,855.49,848.10,832.21,851.16,828.44,822.48,0.052655,2,0
11,2762,921.88,616.35,960.32,605.42,965.24,622.73,926.81,633.66,0.054999,2,0
11,2807,836.77,829.91,866.81,819.87,873.71,840.53,843.67,850.57,0.063216,0,0
11,2864,1043.32,435.84,1053.76,425.04,1060.97,432.01,1050.52,442.81,0.056180,0,0
11,965,778.07,81.32,837.09,56.97,852.58,94.49,793.56,118.85,0.200034,0,0
11,1380,774.59,487.38,812.07,549.49,783.02,567.02,745.55,504.91,0.049608,2,0
11,1487,675.90,649.83,695.24,673.81,678.69,687.16,659.35,663.18,0.061853,2,0
11,1644,874.21,601.28,909.75,598.38,911.69,622.10,876.14,625.00,0.054940,2,0
11,2426,717.61,-120.04,871.78,-81.05,856.17,-19.31,701.99,-58.31,0.115980,0,0
11,2882,978.30,-49.42,1041.51,-52.83,1044.72,6.64,981.51,10.05,0.186353,0,0
11,3296,733.50,654.94,759.14,645.49,767.38,667.83,741.74,677.28,0.050471,2,0
11,3316,694.78,707.17,751.50,709.39,750.75,728.53,694.03,726.31,0.061890,2,0
11,730,194.39,303.82,213.19,343.91,190.47,354.57,171.67,314.47,0.050222,0,0
11,1957,532.94,556.86,576.31,611.63,556.38,627.42,513.00,572.65,0.054940,2,0
11,2247,752.05,583.81,814.21,665.02,772.35,697.06,710.19,615.85,0.048905,2,0
11,889,1199.88,612.22,1378.20,668.41,1362.12,719.43,1183.81,663.23,0.056819,0,0
11,3091,75.80,624.22,104.89,715.80,74.76,725.37,45.67,633.79,0.061788,0,0
11,3512,270.13,475.75,297.76,440.54,315.31,454.31,287.68,489.52,0.065841,0,0
11,3574,1168.21,456.31,1228.80,599.72,1202.14,610.99,1141.55,467.58,0.049584,0,0
11,3679,121.43,600.10,147.09,622.48,134.47,636.95,108.81,614.56,0.050717,0,0
11,1447,548.83,547.69,554.20,561.06,535.19,568.70,529.81,555.33,0.155638,2,0
11,2095,744.72,842.37,790.56,692.90,846.48,710.05,800.63,859.52,0.115075,0,0
11,2151,873.35,285.77,874.33,298.36,862.66,299.26,861.69,286.67,0.231687,2,0
11,2240,420.20,682.71,444.34,710.39,426.38,726.06,402.24,698.38,0.093140,2,0
11,225,642.27,255.88,779.43,-63.28,821.42,-45.23,684.27,273.93,0.281793,0,0
11,541,983.84,712.65,1049.41,805.51,1020.46,825.94,954.90,733.08,0.053938,0,0
11,2071,55.95,618.52,56.35,579.06,76.78,579.27,76.38,618.73,0.049346,0,0
11,2702,1116.53,415.83,1131.43,378.44,1153.77,387.35,1138.86,424.74,0.088002,2,0
11,2745,1007.15,711.29,1119.49,721.86,1115.42,765.17,1003.07,754.60,0.049225,0,0
11,815,717.23,702.93,818.56,728.48,810.88,758.95,709.54,733.40,0.049857,2,0
11,3747,335.01,736.07,351.57,770.88,318.73,786.51,302.16,751.70,0.182474,2,0
11,1345,1043.33,229.70,1132.01,241.90,1126.59,281.30,1037.91,269.10,0.261432,0,0
11,2214,1037.27,622.01,1245.90,849.57,1183.12,907.12,974.50,679.56,0.052937,0,0
11,832,1103.24,480.60,1231.61,583.56,1194.94,629.28,1066.57,526.32,0.148868,0,0
11,3879,708.15,689.80,759.32,656.81,775.60,682.07,724.43,715.05,0.063216,0,0
11,3885,637.64,339.05,660.00,713.09,626.06,715.12,603.69,341.08,0.112323,0,0
11,3900,652.00,518.08,655.91,640.52,610.57,641.97,606.67,519.53,0.334990,0,0
11,3963,803.29,465.21,827.87,484.07,815.27,500.50,790.68,481.64,0.050455,2,0
11,3965,378.71,597.05,390.88,600.52,387.81,611.30,375.63,607.83,0.101187,0,0
11,3973,887.23,371.83,908.89,365.95,912.37,378.76,890.71,384.64,0.091482,0,0
11,4125,931.19,792.41,931.95,873.98,894.11,874.34,893.35,792.76,0.077877,0,0
11,4180,1131.20,742.90,1151.91,734.81,1173.86,791.03,1153.15,799.12,0.124137,0,0
11,82,569.17,87.54,585.65,95.83,576.05,114.92,559.57,106.62,0.226834,2,0
11,605,698.96,775.34,703.69,809.03,682.62,811.99,677.89,778.30,0.078947,2,0
11,769,1242.29,646.84,1348.91,585.22,1372.89,626.71,1266.27,688.33,0.051352,0,0
11,1952,110.50,646.63,125.34,650.74,121.11,666.00,106.27,661.89,0.127162,2,0
11,1561,881.46,838.84,930.45,945.92,895.78,961.79,846.79,854.70,0.155262,2,0
11,1691,1050.39,839.56,1072.86,775.07,1091.13,781.44,1068.65,845.93,0.067024,2,0
11,2351,886.48,166.92,907.28,186.37,897.62,196.70,876.82,177.25,0.277229,0,0
11,2395,338.10,836.13,453.57,689.46,500.46,726.38,384.99,873.05,0.259101,0,0
11,500,861.26,59.40,867.24,138.93,847.63,140.41,841.65,60.88,0.253860,0,0
11,522,1556.69,389.43,1585.19,339.29,1600.60,348.04,1572.10,398.19,0.105564,0,0
11,2968,827.04,572.01,834.34,179.61,892.56,180.70,885.26,573.09,0.220978,0,0
11,1382,1163.62,420.27,1167.03,444.67,1155.79,446.24,1152.37,421.84,0.088526,2,0
11,2018,648.23,404.21,728.53,351.79,758.74,398.06,678.44,450.49,0.119349,0,0
11,529,702.56,143.74,763.77,188.44,751.19,205.67,689.97,160.98,0.369946,0,0
12,4217,1106.59,734.44,1211.92,751.06,1202.67,809.68,1097.34,793.06,0.162450,0,0
12,2829,596.26,509.23,824.93,314.99,876.25,375.40,647.57,569.64,0.129718,0,0
12,3307,708.45,222.97,725.96,388.93,672.37,394.58,654.86,228.62,0.283889,0,0
12,1249,620.31,644.58,737.83,609.76,750.17,651.41,632.65,686.22,0.161385,0,0
12,2976,730.24,-9.78,777.13,-104.30,816.74,-84.65,769.86,9.87,0.115385,0,0
12,601,601.35,33.62,611.45,113.74,583.06,117.32,572.95,37.20,0.105464,0,0
12,3642,735.27,87.97,742.38,220.79,692.57,223.45,685.47,90.64,0.071253,0,0
12,4754,978.99,247.43,1028.56,235.68,1034.83,262.13,985.25,273.88,0.194135,2,0
12,5040,738.50,518.30,816.12,557.64,799.97,589.51,722.35,550.17,0.051470,2,0
12,2016,201.04,492.25,231.56,476.19,238.32,489.04,207.81,505.10,0.052263,2,0
12,3836,1081.74,477.38,1161.12,394.66,1189.35,421.74,1109.96,504.47,0.118347,0,0
12,2366,589.80,214.74,642.45,399.49,591.22,414.09,538.57,229.34,0.149357,0,0
12,2386,580.78,592.57,647.86,496.55,697.24,531.05,630.16,627.07,0.388470,0,0
12,487,665.86,498.22,729.18,495.84,730.22,523.23,666.89,525.62,0.146730,0,0
12,1111,1209.24,671.54,1244.32,803.35,1181.42,820.09,1146.34,688.27,0.104878,0,0
12,3888,834.13,359.43,847.35,430.29,802.10,438.74,788.88,367.87,0.260446,0,0
12,3964,836.04,422.56,861.93,501.77,827.34,513.07,801.45,433.86,0.103059,0,0
12,936,786.41,146.04,838.74,204.02,816.00,224.54,763.67,166.57,0.181195,0,0
12,5050,808.70,-79.30,880.10,227.71,815.14,242.81,743.74,-64.19,0.227383,0,0
12,5054,548.08,147.33,628.05,148.94,626.80,211.36,546.82,209.75,0.191144,0,0
12,5057,717.57,589.38,767.15,697.74,725.64,716.73,676.06,608.38,0.149024,0,0
12,5143,1162.48,713.57,1170.07,937.44,1115.89,939.28,1108.30,715.40,0.109973,0,0
12,5178,660.20,422.86,734.48,480.95,699.61,525.54,625.33,467.45,0.148836,0,0
12,5208,574.72,221.46,948.09,906.05,910.52,926.53,537.15,241.94,0.164864,0,0
12,5218,1138.36,674.84,1242.52,467.51,1282.81,487.75,1178.65,695.08,0.060604,0,0
12,1962,617.77,159.00,674.11,182.13,663.08,208.98,606.75,185.85,0.050225,0,0
12,833,1105.94,81.27,1176.40,145.83,1165.74,157.46,1095.28,92.90,0.056204,0,0
12,2710,1162.94,478.40,1216.13,559.45,1193.66,574.19,1140.47,493.15,0.137954,0,0
12,2773,641.43,380.11,644.17,485.96,607.81,486.90,605.07,381.05,0.235354,0,0
12,3360,539.69,876.27,596.80,871.82,598.97,899.67,541.86,904.11,0.074531,0,0
12,1961,652.68,362.08,713.11,484.45,674.32,503.60,613.89,381.23,0.396585,0,0
12,3386,610.19,631.28,686.18,669.28,670.40,700.84,594.41,662.84,0.101983,0,0
12,2011,903.13,150.93,909.52,102.77,961.44,109.66,955.05,157.81,0.427131,0,0
12,3847,897.65,103.58,926.63,217.23,898.93,224.30,869.95,110.64,0.293762,0,0
12,3906,422.25,859.49,479.10,979.53,444.09,996.11,387.24,876.07,0.069474,0,0
12,3935,580.17,556.52,665.75,579.00,655.18,619.26,569.60,596.78,0.303516,0,0
12,46,843.72,658.51,892.68,672.23,882.34,709.14,833.38,695.43,0.054634,2,0
12,1877,772.04,597.04,773.98,840.21,739.83,840.48,737.88,597.32,0.053239,0,0
12,1639,1217.86,861.12,1311.94,696.22,1360.27,723.80,1266.19,888.70,0.073134,0,0
12,3863,1129.00,11.15,1167.16,37.34,1148.36,64.73,1110.20,38.54,0.265616,0,0
12,3939,619.11,490.44,730.61,568.96,693.63,621.46,582.13,542.94,0.172848,0,0
12,4034,721.42,758.67,949.25,657.32,975.83,717.06,747.99,818.41,0.052972,0,0
12,4095,981.37,783.75,1053.01,849.62,1035.37,868.81,963.73,802.94,0.101983,0,0
12,4121,1286.82,385.51,1334.50,392.38,1331.19,415.34,1283.52,408.47,0.137031,0,0
12,4317,772.93,271.64,853.86,375.51,799.86,417.58,718.93,313.72,0.282627,0,0
12,4319,425.94,303.74,721.92,565.08,701.37,588.35,405.39,327.01,0.148836,0,0
12,4421,607.14,402.36,690.52,455.52,660.30,502.92,576.92,449.76,0.167742,0,0
12,4524,818.92,787.85,830.23,848.90,797.24,855.01,785.93,793.96,0.071046,0,0
12,4588,281.74,808.20,333.38,824.25,329.30,837.39,277.65,821.34,0.135373,2,0
12,301,621.66,184.78,694.29,321.41,649.30,345.32,576.68,208.69,0.191761,0,0
12,448,1097.96,901.63,1135.22,977.28,1093.65,997.76,1056.38,922.10,0.050671,0,0
12,2869,423.93,416.53,574.88,512.83,552.86,547.35,401.91,451.04,0.116389,0,0
12,2870,659.57,416.43,702.32,564.31,677.37,571.52,634.62,423.64,0.050416,0,0
12,3402,728.51,293.02,748.94,354.61,696.12,372.14,675.69,310.54,0.055652,0,0
12,3414,486.83,672.95,504.17,803.01,462.38,808.58,445.04,678.52,0.197861,0,0
12,1796,655.94,573.33,809.82,413.84,878.80,480.39,724.92,639.88,0.146791,0,0
12,5419,721.77,216.68,751.42,275.89,703.15,300.07,673.50,240.86,0.164422,0,0
12,5427,268.39,350.68,403.33,349.99,403.57,397.21,268.63,397.90,0.166155,0,0
12,5428,739.66,284.39,829.04,271.28,840.53,349.67,751.16,362.78,0.250717,0,0
12,5429,930.29,68.23,956.37,136.79,902.30,157.37,876.21,88.81,0.303865,0,0
12,5440,702.46,562.33,756.76,652.57,726.88,670.56,672.58,580.32,0.061536,0,0
12,5442,698.35,262.78,708.65,273.86,697.41,284.31,687.10,273.23,0.159743,2,0
12,5444,529.76,29.30,722.22,288.72,675.63,323.30,483.16,63.87,0.187465,0,0
12,5448,1245.87,485.30,1302.81,542.20,1269.05,575.99,1212.10,519.10,0.059602,0,0
12,5457,635.99,141.90,636.69,118.74,650.09,119.14,649.39,142.30,0.235859,2,0
12,5458,852.65,48.92,904.80,47.23,906.28,92.82,854.13,94.51,0.265718,0,0
12,5475,519.79,411.36,554.00,444.00,529.87,469.28,495.67,436.64,0.125134,0,0
12,5476,696.46,142.67,720.08,228.52,675.26,240.85,651.64,155.00,0.298671,0,0
12,5483,569.60,1091.01,755.30,772.12,816.86,807.97,631.15,1126.86,0.049966,0,0
12,5500,914.22,117.94,926.84,182.28,879.80,191.50,867.19,127.16,0.381048,0,0
12,5522,1348.05,262.16,1422.58,248.99,1427.04,274.22,1352.51,287.40,0.069195,0,0
12,5534,317.18,255.22,319.35,269.21,307.41,271.06,305.24,257.07,0.197748,2,0
12,5538,728.25,840.58,833.08,987.69,791.19,1017.54,686.36,870.43,0.069279,0,0
12,5558,861.77,307.15,868.71,338.73,835.51,346.03,828.57,314.45,0.239663,0,0
12,5559,542.32,841.06,561.87,850.93,553.54,867.44,533.99,857.56,0.129235,2,0
12,5572,732.61,818.50,734.92,782.01,764.84,783.90,762.54,820.39,0.064699,0,0
12,5574,836.41,215.71,970.19,293.45,943.65,339.12,809.87,261.38,0.199692,0,0
12,5576,875.00,660.75,903.96,605.85,926.15,617.56,897.20,672.45,0.062743,0,0
12,5582,1052.78,496.42,1126.26,619.34,1097.09,636.78,1023.61,513.85,0.148802,0,0
12,5587,62.86,837.54,85.64,883.29,52.87,899.61,30.09,853.86,0.071912,0,0
12,5593,1051.14,855.71,1073.39,879.00,1051.93,899.49,1029.68,876.20,0.053111,0,0
12,5613,818.67,114.93,876.63,147.82,852.89,189.67,794.92,156.78,0.227383,0,0
12,5631,783.04,398.45,802.28,410.06,794.26,423.36,775.01,411.75,0.185989,2,0
12,5638,-118288.41,14383.27,119632.14,-13392.83,119632.28,-13391.63,-118288.27,14384.47,0.201399,2,0
12,5665,600.05,315.22,653.09,384.04,630.31,401.60,577.27,332.78,0.282187,0,0
12,5671,380.72,770.25,381.98,753.06,396.22,754.10,394.97,771.29,0.090764,2,0
12,5684,63.55,682.46,87.09,619.49,116.03,630.31,92.49,693.28,0.058081,0,0
12,5688,660.45,857.79,710.95,825.38,731.26,857.02,680.75,889.43,0.056409,0,0
12,5695,226.62,598.51,251.20,620.51,242.09,630.69,217.51,608.69,0.088983,2,0
12,5734,224.96,597.66,236.67,645.53,208.53,652.42,196.82,604.55,0.066400,2,0
12,5747,543.33,675.38,553.87,683.29,544.77,695.41,534.24,687.49,0.056267,2,0
12,5758,519.81,783.31,524.86,781.07,536.92,808.27,531.87,810.51,0.051082,0,0
12,5762,818.24,838.78,921.78,945.64,869.64,996.16,766.10,889.30,0.164864,0,0
12,459,838.36,762.81,880.69,802.00,861.50,822.73,819.17,783.54,0.060880,2,0
12,1001,469.35,137.39,493.60,139.47,492.26,155.07,468.01,152.99,0.080121,2,0
12,1762,659.23,-165.18,719.02,15.49,667.25,32.62,607.47,-148.05,0.157443,0,0
12,1996,353.72,780.28,360.23,750.96,373.52,753.91,367.01,783.23,0.056560,2,0
12,2144,943.05,387.47,994.05,480.80,982.32,487.21,931.32,393.88,0.128440,2,0
12,776,386.93,281.61,557.18,285.43,556.16,330.85,385.91,327.03,0.259350,0,0
12,2379,843.10,53.99,913.57,109.57,881.89,149.73,811.42,94.16,0.381048,0,0
12,2515,543.82,58.31,589.33,31.80,609.03,65.61,563.53,92.12,0.195198,2,0
12,2765,57.57,339.17,107.17,360.26,99.20,378.99,49.61,357.90,0.073656,0,0
12,909,1363.54,550.68,1394.38,642.79,1362.83,653.36,1331.99,561.25,0.051244,0,0
12,1090,805.94,383.43,836.17,399.71,827.62,415.58,797.39,399.31,0.138876,2,0
12,1348,170.98,62.16,260.87,96.64,253.30,116.39,163.40,81.92,0.057340,2,0
12,2886,214.35,454.77,228.48,466.32,218.99,477.93,204.86,466.37,0.081107,2,0
12,3267,652.61,843.14,675.59,891.66,656.84,900.54,633.86,852.03,0.072073,2,0
12,3275,1019.16,651.44,1044.38,635.86,1052.02,648.23,1026.80,663.81,0.116909,2,0
12,1079,271.04,703.09,280.19,723.82,262.25,731.74,253.10,711.02,0.114246,2,0
12,1350,226.50,536.85,243.81,544.13,239.63,554.07,222.32,546.80,0.143011,2,0
12,1410,838.73,651.33,874.02,644.72,878.89,670.67,843.60,677.29,0.053857,2,0
12,2252,622.71,654.71,650.28,640.02,663.45,664.72,635.88,679.42,0.113234,2,0
12,3575,263.28,289.91,278.20,297.16,271.65,310.62,256.73,303.37,0.182895,2,0
12,2113,562.67,858.62,576.91,907.00,552.87,914.08,538.63,865.70,0.089926,0,0
12,2633,289.45,585.69,300.03,556.95,319.60,564.16,309.03,592.89,0.060068,2,0
12,2713,663.10,463.54,680.54,465.09,679.83,473.13,662.39,471.58,0.136769,2,0
12,1555,797.31,317.30,804.52,333.06,791.03,339.23,783.83,323.46,0.164265,0,0
12,1960,859.49,593.87,918.60,623.66,906.52,647.63,847.41,617.84,0.054382,2,0
12,1283,768.18,390.16,832.09,484.00,802.57,504.10,738.66,410.27,0.187333,0,0
12,3846,684.15,174.29,726.47,325.54,684.23,337.35,641.92,186.10,0.239663,0,0
12,4023,943.08,477.67,949.21,400.83,972.55,402.69,966.42,479.53,0.122010,0,0
12,4069,272.83,637.42,275.73,650.77,257.68,654.69,254.78,641.34,0.193346,2,0
12,4181,1039.97,687.12,1191.36,507.73,1224.30,535.52,1072.91,714.92,0.051092,0,0
12,131,461.69,478.85,492.28,486.02,486.94,508.81,456.34,501.64,0.102242,2,0
12,1009,706.69,129.11,720.92,173.19,696.27,181.16,682.03,137.07,0.255574,2,0
12,258,754.86,89.09,1002.43,13.71,1018.81,67.54,771.25,142.91,0.210931,0,0
12,30,557.14,162.93,701.14,108.28,719.23,155.96,575.24,210.61,0.269354,0,0
12,4020,1205.34,446.43,1250.96,459.28,1241.64,492.38,1196.02,479.54,0.092041,0,0
12,4162,291.37,349.42,292.43,380.18,277.83,380.68,276.77,349.92,0.078463,2,0
12,4595,1150.47,527.60,1314.83,475.51,1332.69,531.89,1168.34,583.97,0.068716,0,0
12,4688,706.04,705.17,763.96,572.86,800.36,588.80,742.45,721.11,0.052872,2,0
12,1537,725.03,847.10,811.81,837.21,817.47,886.87,730.70,896.76,0.053177,0,0
12,1906,1196.03,435.14,1259.30,431.08,1260.27,446.26,1197.00,450.32,0.050801,0,0
12,2140,1076.78,659.33,1112.39,663.39,1110.77,677.60,1075.16,673.54,0.050809,2,0
12,3471,238.47,318.50,257.51,321.60,253.91,343.66,234.87,340.56,0.058964,2,0
12,3501,407.24,676.59,409.65,693.19,396.53,695.10,394.11,678.50,0.187888,2,0
12,560,532.15,856.01,564.35,927.30,531.50,942.15,499.29,870.85,0.066934,0,0
12,896,1242.44,395.65,1295.02,441.53,1270.49,469.64,1217.91,423.76,0.061611,0,0
12,2293,542.39,86.09,833.87,261.67,797.09,322.73,505.62,147.14,0.237020,0,0
12,1002,652.34,101.41,718.69,327.25,671.25,341.19,604.90,115.35,0.272692,0,0
12,2872,1131.86,556.96,1186.65,410.00,1248.49,433.05,1193.71,580.01,0.053603,0,0
12,3072,922.52,423.39,953.11,460.12,943.25,468.33,912.67,431.60,0.183004,0,0
12,1741,549.59,79.47,608.15,71.12,612.28,100.07,553.71,108.42,0.094036,0,0
12,4309,795.77,205.99,848.97,253.12,822.97,282.47,769.77,235.34,0.176787,0,0
12,4316,1193.56,552.87,1273.68,463.28,1300.94,487.66,1220.82,577.26,0.141794,0,0
12,4448,634.62,1054.91,811.53,1078.59,805.01,1127.28,628.10,1103.59,0.060059,0,0
12,4552,1134.83,751.48,1176.10,872.06,1116.81,892.35,1075.55,771.77,0.099902,0,0
12,1059,516.55,863.21,538.88,782.36,568.28,790.47,545.95,871.33,0.223501,0,0
12,1190,621.60,415.85,622.63,310.83,667.10,311.27,666.07,416.29,0.313327,0,0
12,2417,1134.73,400.60,1149.78,445.90,1117.99,456.46,1102.95,411.15,0.134245,0,0
12,3376,739.35,453.76,768.75,578.41,717.12,590.59,687.72,465.94,0.149024,0,0
12,3418,594.79,180.46,737.84,172.32,740.52,219.29,597.46,227.43,0.271130,0,0
12,413,805.09,179.89,844.66,189.61,840.68,205.80,801.11,196.08,0.208769,0,0
12,4695,557.72,401.58,666.28,478.87,629.67,530.29,521.11,453.00,0.083774,0,0
12,4857,780.75,879.19,807.65,774.75,828.24,780.05,801.35,884.49,0.049500,2,0
12,4893,452.52,550.11,485.63,557.91,481.40,575.86,448.29,568.06,0.106346,2,0
12,4923,627.39,461.62,630.73,401.48,658.56,403.02,655.22,463.17,0.237889,0,0
12,4966,55.62,573.78,97.60,550.72,106.91,567.68,64.93,590.74,0.073516,2,0
12,4995,498.32,628.95,558.90,538.84,600.93,567.10,540.35,657.20,0.071840,0,0
12,80,909.96,125.39,1102.29,249.10,1071.77,296.56,879.43,172.84,0.148802,0,0
12,1314,68.51,630.29,88.87,646.09,79.72,657.88,59.35,642.08,0.075415,2,0
12,730,467.87,389.48,468.11,432.77,442.40,432.91,442.17,389.62,0.100201,0,0
12,1957,436.14,518.46,498.93,551.34,486.94,574.25,424.15,541.37,0.070744,2,0
12,2247,580.90,591.73,589.95,518.98,628.56,523.78,619.51,596.53,0.127102,2,0
12,3091,91.52,728.79,111.50,800.38,86.97,807.23,67.00,735.63,0.103968,0,0
12,2240,171.83,743.53,196.84,751.96,191.33,768.30,166.32,759.86,0.125738,2,0
12,2745,901.19,709.80,1045.76,725.62,1039.52,782.61,894.95,766.80,0.050399,0,0
12,1345,1324.79,123.68,1398.41,153.90,1387.27,181.05,1313.65,150.83,0.145121,0,0
12,832,1215.52,590.87,1302.93,517.28,1329.65,549.01,1242.24,622.60,0.071840,0,0
12,3879,382.65,765.33,525.96,740.22,538.67,812.72,395.36,837.84,0.127852,0,0
12,3900,637.07,426.76,712.30,573.42,655.83,602.39,580.59,455.73,0.396585,0,0
12,605,689.37,762.93,702.85,766.43,700.85,774.13,687.38,770.64,0.055389,2,0
12,1561,830.24,821.81,831.48,875.65,814.62,876.04,813.38,822.20,0.053079,2,0
12,500,696.00,105.13,713.17,203.17,687.96,207.59,670.79,109.54,0.127886,0,0
12,2018,633.43,382.70,749.41,429.82,722.34,496.45,606.36,449.33,0.168179,0,0
12,5784,792.83,365.64,824.37,489.23,795.76,496.53,764.23,372.94,0.283889,0,0
12,5785,897.27,186.85,967.01,192.62,965.30,213.30,895.56,207.53,0.265046,0,0
12,5786,608.72,282.58,621.17,228.72,625.97,229.83,613.51,283.68,0.262580,0,0
12,5788,961.51,185.88,968.01,268.71,890.36,274.80,883.87,191.98,0.250717,0,0
12,5791,1046.63,286.58,1075.50,296.09,1069.15,315.36,1040.29,305.86,0.227691,0,0
12,5792,720.04,177.81,720.29,150.88,732.65,150.99,732.40,177.93,0.225440,2,0
12,5793,1022.20,79.21,1028.16,93.91,1013.33,99.92,1007.36,85.23,0.224626,2,0
12,5794,746.37,317.27,747.58,342.02,738.80,342.45,737.59,317.70,0.220610,2,0
12,5795,560.36,306.40,566.16,292.25,581.75,298.65,575.95,312.79,0.220610,2,0
12,5796,642.85,117.49,668.99,115.91,670.07,133.80,643.93,135.38,0.218264,2,0
12,5799,941.79,238.38,1067.87,285.33,1066.90,287.93,940.82,240.98,0.212423,2,0
12,5801,938.09,189.86,981.32,204.12,976.00,220.27,932.77,206.01,0.208769,0,0
12,5802,1083.31,243.46,1098.47,223.01,1115.72,235.80,1100.56,256.24,0.206098,2,0
12,5803,552.83,77.95,573.91,80.73,572.89,88.51,551.80,85.72,0.203961,2,0
12,5804,466.85,162.21,500.66,166.16,499.76,173.89,465.94,169.94,0.203961,2,0
12,5805,368.09,772.88,405.09,761.46,414.07,790.55,377.07,801.98,0.201805,0,0
12,5806,852.45,585.93,882.14,592.46,876.89,616.32,847.20,609.79,0.201805,0,0
12,5809,380.10,345.29,389.39,349.95,384.80,359.10,375.51,354.43,0.200394,2,0
12,5810,715.00,683.16,852.53,732.86,850.09,739.61,712.56,689.91,0.199692,0,0
12,5816,388.38,317.63,406.25,280.73,428.99,291.74,411.12,328.64,0.188640,0,0
12,5820,1146.02,251.05,1150.97,250.86,1152.03,277.95,1147.09,278.15,0.186598,2,0
12,5821,976.42,290.80,989.66,280.12,1002.29,295.79,989.06,306.46,0.184630,2,0
12,5822,1048.43,164.51,1080.68,174.27,1074.40,195.02,1042.15,185.26,0.184630,2,0
12,5824,581.73,579.10,592.68,576.82,594.58,585.91,583.62,588.19,0.181855,2,0
12,5825,504.32,451.47,515.18,451.94,514.01,478.76,503.15,478.29,0.181855,2,0
12,5827,750.26,-12.69,772.09,52.12,747.02,60.57,725.18,-4.24,0.178820,0,0
12,5828,341.80,796.32,351.52,751.41,416.58,765.50,406.85,810.41,0.178655,0,0
12,5829,477.04,-121.02,510.29,-156.84,564.08,-106.92,530.83,-71.10,0.178283,0,0
12,5830,1100.60,601.95,1100.61,619.82,1089.99,619.82,1089.99,601.95,0.175311,2,0
12,5832,542.32,153.85,543.08,163.38,525.02,164.83,524.26,155.30,0.174382,2,0
12,5835,376.23,791.32,390.94,750.00,436.65,766.28,421.93,807.60,0.169682,0,0
12,5837,480.56,33.70,482.16,50.50,473.28,51.35,471.68,34.55,0.166737,2,0
12,5838,569.91,445.75,806.75,530.76,797.41,556.78,560.57,471.76,0.164963,0,0
12,5840,764.33,237.65,787.97,242.73,782.84,266.61,759.20,261.53,0.164040,0,0
12,5842,879.63,544.92,904.18,556.52,898.91,567.67,874.37,556.07,0.163567,2,0
12,5843,767.45,78.76,774.19,88.53,758.83,99.10,752.10,89.33,0.162591,2,0
12,5844,287.95,300.00,303.60,312.52,293.85,324.72,278.19,312.19,0.162560,2,0
12,5845,813.99,358.11,1038.06,417.95,1029.17,451.25,805.10,391.42,0.161385,0,0
12,5846,815.22,482.15,829.83,478.93,832.66,491.76,818.04,494.97,0.161202,2,0
12,5847,585.10,400.73,592.85,414.90,577.10,423.51,569.35,409.34,0.159743,2,0
12,5848,1006.54,27.09,1013.90,11.70,1031.41,20.08,1024.05,35.46,0.157916,2,0
12,5850,1085.82,679.65,1213.30,450.28,1214.82,451.13,1087.34,680.50,0.157473,2,0
12,5851,305.24,232.73,339.19,286.79,318.88,299.54,284.94,245.48,0.157154,0,0
12,5855,157.79,172.18,192.48,173.16,192.16,184.63,157.47,183.66,0.145683,2,0
12,5860,555.27,563.10,567.22,562.06,568.04,571.50,556.09,572.54,0.144171,0,0
12,5861,1107.08,315.68,1156.48,347.58,1152.27,354.10,1102.87,322.21,0.144171,0,0
12,5862,762.55,164.78,790.33,152.77,791.92,156.45,764.14,168.46,0.143538,2,0
12,5863,594.47,116.34,601.95,135.76,583.66,142.81,576.17,123.39,0.142356,2,0
12,5866,903.04,341.69,940.54,367.83,931.69,380.52,894.19,354.38,0.138876,2,0
12,5868,164.03,760.91,170.91,765.66,164.08,775.57,157.20,770.82,0.136463,2,0
12,5869,323.36,778.18,330.37,792.92,309.19,803.00,302.18,788.27,0.135455,2,0
12,5870,1092.92,240.62,1179.34,281.84,1174.36,292.27,1087.95,251.04,0.134490,0,0
12,5872,995.92,777.95,1009.93,779.12,1009.29,786.79,995.28,785.62,0.133135,2,0
12,5873,404.97,747.36,463.43,727.56,464.79,731.57,406.33,751.38,0.132141,2,0
12,5875,383.83,688.11,402.69,684.90,404.58,695.98,385.71,699.19,0.128801,0,0
12,5876,363.29,844.42,434.59,807.15,439.83,817.18,368.53,854.46,0.128801,0,0
12,5878,1093.27,170.41,1132.84,178.23,1132.10,181.99,1092.53,174.18,0.128606,2,0
12,5882,1032.61,89.08,1060.18,72.77,1062.67,76.98,1035.11,93.29,0.127377,2,0
12,5883,116.90,440.72,163.99,441.68,163.42,469.56,116.33,468.60,0.126080,0,0
12,5890,512.60,746.70,533.67,770.10,524.51,778.35,503.44,754.95,0.121142,2,0
12,5892,91.98,221.84,112.44,226.26,111.33,231.41,90.87,226.98,0.120184,2,0
12,5893,159.74,282.17,189.37,261.34,196.03,270.82,166.41,291.65,0.118188,2,0
12,5894,149.18,813.73,152.22,762.58,184.09,764.48,181.05,815.62,0.116216,0,0
12,5896,226.86,818.52,239.63,828.11,232.04,838.22,219.27,828.63,0.114938,2,0
12,5898,982.16,68.44,1028.96,73.59,1027.31,88.55,980.52,83.40,0.114430,2,0
12,5900,416.46,336.49,427.40,339.88,424.70,348.56,413.77,345.17,0.113202,2,0
12,5901,1018.98,846.15,1033.62,845.69,1034.13,861.95,1019.49,862.41,0.111580,2,0
12,5904,1137.12,663.28,1150.67,649.40,1156.58,655.18,1143.03,669.05,0.108136,2,0
12,5906,762.16,412.82,811.92,431.30,806.88,444.88,757.12,426.40,0.107887,2,0
12,5907,436.29,788.09,441.44,802.84,415.94,811.73,410.80,796.98,0.107232,2,0
12,5908,205.05,524.49,245.10,567.48,243.11,569.34,203.06,526.35,0.105504,2,0
12,5909,263.87,187.13,280.02,175.97,283.68,181.27,267.53,192.43,0.103804,0,0
12,5910,633.88,182.86,687.85,176.53,691.67,209.11,637.70,215.44,0.103804,0,0
12,5911,228.77,18.76,234.04,1.39,251.67,6.73,246.41,24.10,0.103641,2,0
12,5912,485.03,88.36,521.11,99.77,516.87,113.18,480.79,101.77,0.103641,2,0
12,5918,102.79,554.38,114.75,553.41,116.56,575.78,104.60,576.74,0.096591,2,0
12,5923,287.70,-41.93,302.44,-128.83,354.81,-119.95,340.07,-33.05,0.094198,0,0
12,5924,144.33,604.39,183.79,651.15,170.08,662.72,130.62,615.96,0.094179,0,0
12,5925,331.66,595.48,360.35,634.18,341.18,648.39,312.49,609.68,0.094179,0,0
12,5929,472.79,561.93,484.18,518.41,503.86,523.56,492.47,567.08,0.091542,0,0
12,5930,502.98,628.63,529.25,621.15,536.16,645.44,509.89,652.91,0.087745,0,0
12,5931,366.32,309.20,397.35,318.58,396.09,322.74,365.06,313.37,0.087717,2,0
12,5932,710.60,496.61,728.21,489.87,730.18,495.02,712.57,501.77,0.087717,2,0
12,5933,35.85,199.25,60.97,206.60,58.42,215.29,33.31,207.94,0.085306,2,0
12,5934,622.23,472.72,626.92,490.37,615.89,493.30,611.21,475.64,0.085306,2,0
12,5936,100.22,415.34,150.25,397.66,157.93,419.41,107.91,437.09,0.083774,0,0
12,5937,182.65,99.01,194.47,109.59,182.76,122.66,170.95,112.07,0.083574,2,0
12,5943,578.59,704.74,580.41,719.78,573.67,720.59,571.85,705.55,0.076834,2,0
12,5945,290.69,731.65,303.46,739.69,294.34,754.18,281.57,746.15,0.076778,2,0
12,5946,394.25,74.38,405.32,71.02,408.28,80.78,397.21,84.14,0.074406,2,0
12,5947,312.31,425.41,337.30,414.15,345.27,431.84,320.28,443.10,0.074297,2,0
12,5948,184.02,35.56,191.25,40.11,180.96,56.45,173.73,51.90,0.073659,2,0
12,5950,449.92,775.98,460.79,769.05,467.65,779.82,456.78,786.75,0.073281,2,0
12,5952,348.95,7.29,387.61,33.98,373.10,55.00,334.44,28.31,0.073251,0,0
12,5957,353.82,-27.77,404.05,8.87,388.12,30.71,337.89,-5.93,0.070846,2,0
12,5959,548.02,418.22,548.43,452.02,543.10,452.09,542.69,418.29,0.070336,2,0
12,5962,758.62,454.91,784.47,428.92,790.81,435.22,764.96,461.21,0.069066,2,0
12,5963,113.38,737.43,126.51,733.73,131.03,749.77,117.89,753.47,0.068899,2,0
12,5964,165.58,678.73,196.10,672.37,198.30,682.95,167.78,689.30,0.068899,2,0
12,5966,863.51,866.69,876.16,896.10,864.62,901.07,851.97,871.66,0.067635,0,0
12,5972,499.55,606.15,504.86,621.27,495.13,624.68,489.83,609.56,0.064744,2,0
12,5974,772.41,409.19,777.07,417.83,766.22,423.67,761.56,415.03,0.064656,2,0
12,5976,618.11,98.14,631.23,106.32,619.78,124.68,606.67,116.50,0.063220,2,0
12,5980,455.07,816.03,457.51,832.55,442.90,834.71,440.46,818.19,0.062630,2,0
12,5983,269.33,629.64,276.85,640.20,267.38,646.95,259.85,636.40,0.062078,2,0
12,5985,357.92,861.00,359.70,867.74,342.14,872.37,340.36,865.63,0.061818,2,0
12,5986,515.64,642.86,534.84,657.62,530.39,663.41,511.19,648.65,0.061818,2,0
12,5987,216.41,702.57,217.12,713.34,204.48,714.18,203.77,703.41,0.061288,2,0
12,5993,745.51,182.28,747.30,187.33,697.05,205.17,695.26,200.12,0.060527,2,0
12,5997,309.85,422.06,322.20,399.22,329.69,403.26,317.33,426.10,0.059960,2,0
12,5998,737.49,133.51,748.13,138.63,734.75,166.42,724.11,161.30,0.059896,2,0
12,5999,348.85,118.97,366.07,131.84,358.67,141.74,341.45,128.88,0.059896,2,0
12,6000,566.29,443.16,589.75,439.56,591.81,453.00,568.36,456.60,0.059343,2,0
12,6001,726.92,601.73,752.88,588.22,761.39,604.58,735.42,618.09,0.059343,2,0
12,6004,812.82,943.58,822.87,935.03,839.38,954.43,829.34,962.98,0.058876,2,0
12,6005,335.23,190.02,335.39,209.63,313.74,209.80,313.58,190.20,0.058825,2,0
12,6008,462.18,524.11,471.56,492.75,484.73,496.69,475.34,528.05,0.058674,2,0
12,6012,64.30,588.07,64.31,580.09,77.33,580.10,77.32,588.09,0.057536,2,0
12,6015,271.99,210.04,290.86,203.00,294.65,213.17,275.79,220.20,0.056640,2,0
12,6016,695.54,513.36,709.39,499.00,720.84,510.04,706.98,524.40,0.056640,2,0
12,6018,60.60,697.05,65.66,716.36,56.74,718.70,51.67,699.39,0.056318,2,0
12,6019,897.99,490.40,903.76,522.10,886.71,525.20,880.93,493.51,0.056290,2,0
12,6020,348.54,610.99,369.27,637.89,355.88,648.21,335.15,621.31,0.056242,2,0
12,6022,131.23,-6.33,145.78,-3.11,144.05,4.71,129.50,1.49,0.056154,0,0
12,6026,1114.65,810.87,1132.36,801.56,1135.04,806.64,1117.32,815.95,0.055716,2,0
12,6032,229.92,474.10,256.37,489.01,247.44,504.86,220.99,489.95,0.055300,2,0
12,6036,166.62,614.45,173.21,591.61,192.97,597.31,186.38,620.15,0.055112,2,0
12,6042,951.81,582.69,963.24,574.54,967.85,581.00,956.42,589.15,0.054144,2,0
12,6043,778.92,658.76,842.95,646.82,847.16,669.42,783.13,681.36,0.054144,2,0
12,6045,1241.65,689.32,1272.81,633.66,1294.16,645.61,1263.00,701.27,0.053870,0,0
12,6048,676.76,754.64,695.48,775.92,675.46,793.53,656.75,772.25,0.053668,2,0
12,6049,223.77,776.35,245.40,788.04,238.61,800.60,216.98,788.91,0.053668,2,0
12,6050,341.22,419.10,354.43,420.45,351.58,448.38,338.37,447.03,0.053544,2,0
12,6051,484.08,759.98,514.08,797.27,499.87,808.70,469.87,771.41,0.053505,2,0
12,6052,148.61,391.11,149.51,417.18,125.72,418.00,124.82,391.93,0.053493,2,0
12,6055,130.14,757.18,142.29,753.99,146.91,771.61,134.75,774.80,0.053284,2,0
12,6056,240.87,561.42,281.42,575.39,278.75,583.14,238.19,569.17,0.053181,2,0
12,6057,506.35,1083.32,553.72,1081.41,555.75,1131.92,508.38,1133.82,0.053177,0,0
12,6058,721.52,722.26,765.22,704.32,772.89,723.02,729.19,740.95,0.053103,2,0
12,6059,809.54,809.40,837.51,832.79,835.50,835.19,807.53,811.80,0.053015,2,0
12,6060,1314.98,670.67,1388.05,798.33,1376.55,804.91,1303.48,677.25,0.052980,0,0
12,6061,1203.47,668.59,1293.43,666.95,1293.80,687.12,1203.84,688.75,0.052972,0,0
12,6062,794.36,430.56,871.77,542.65,839.69,564.81,762.28,452.71,0.052958,2,0
12,6063,926.66,441.39,983.93,408.34,999.82,435.87,942.55,468.92,0.052953,2,0
12,6064,58.88,-1.32,134.82,-34.38,146.46,-7.66,70.51,25.40,0.052945,2,0
12,6065,875.73,663.29,899.45,688.16,887.90,699.18,864.17,674.31,0.052926,2,0
12,6066,856.41,685.79,934.97,787.15,923.41,796.11,844.84,694.75,0.052926,2,0
12,6067,1140.87,1087.52,1194.83,1067.31,1216.51,1125.21,1162.54,1145.41,0.052898,0,0
12,6068,996.99,1154.75,1025.22,1185.94,955.78,1248.79,927.55,1217.60,0.052702,0,0
12,6069,749.62,781.05,797.59,861.04,752.15,888.29,704.18,808.30,0.052403,2,0
12,6070,882.06,733.26,890.10,781.30,873.18,784.13,865.14,736.09,0.052403,2,0
12,6071,726.48,747.25,737.56,653.62,754.82,655.66,743.74,749.29,0.052177,2,0
12,6072,-31.29,440.40,6.77,427.39,10.90,439.49,-27.15,452.50,0.052136,0,0
12,6073,-1.73,278.59,23.84,250.45,37.23,262.62,11.66,290.76,0.052136,0,0
12,6074,874.86,731.23,892.45,814.61,879.27,817.39,861.68,734.01,0.052098,2,0
12,6075,1459.17,438.18,1478.36,455.33,1471.27,463.25,1452.09,446.10,0.052081,0,0
12,6076,978.43,607.79,991.19,638.65,973.46,645.99,960.69,615.13,0.052072,0,0
12,6077,109.48,639.69,180.25,597.38,192.03,617.08,121.25,659.39,0.051764,0,0
12,6078,1045.94,707.46,1071.54,675.92,1086.16,687.79,1060.55,719.32,0.051744,0,0
12,6079,28.98,332.08,38.69,360.01,19.48,366.69,9.77,338.76,0.051667,2,0
12,6082,654.34,756.10,697.10,756.18,697.06,778.15,654.30,778.07,0.051302,2,0
12,6083,814.53,373.79,888.33,362.77,890.55,377.60,816.75,388.61,0.051302,2,0
12,6084,665.29,1229.23,675.87,1208.38,691.20,1216.16,680.61,1237.01,0.051082,0,0
12,6085,601.00,459.68,614.49,464.27,595.70,519.52,582.20,514.93,0.050865,0,0
12,6086,799.38,600.27,857.29,674.32,841.71,686.50,783.80,612.45,0.050761,2,0
12,6087,586.07,884.56,618.75,910.70,603.95,929.20,571.27,903.07,0.050657,2,0
12,6089,1079.90,-171.15,1131.78,-154.99,1126.01,-136.45,1074.12,-152.61,0.050536,0,0
12,6090,982.12,3.37,1076.67,38.26,1073.98,45.56,979.42,10.67,0.050536,0,0
12,6091,353.22,1020.02,359.12,1014.32,371.50,1027.15,365.59,1032.85,0.050445,0,0
12,6093,844.61,633.03,847.88,604.98,869.65,607.51,866.38,635.56,0.050416,0,0
12,6094,-32.76,216.36,-28.57,201.54,-18.03,204.52,-22.21,219.34,0.050308,0,0
12,6095,150.17,183.41,182.10,166.27,185.39,172.39,153.45,189.52,0.050308,0,0
12,6100,-496.44,366.11,-457.18,329.93,-454.04,333.33,-493.30,369.51,0.049866,0,0
12,6101,19.97,673.28,35.76,683.49,16.41,713.42,0.61,703.21,0.049811,0,0
12,6102,370.98,502.67,371.27,463.03,383.67,463.12,383.38,502.76,0.049811,0,0
12,6105,16.35,227.69,30.91,221.71,37.02,236.58,22.46,242.56,0.049771,0,0
12,6106,647.84,794.21,673.76,789.18,675.16,796.39,649.24,801.42,0.049716,0,0
12,253,1087.12,201.88,1116.01,227.52,1102.21,243.07,1073.32,217.43,0.192349,2,0
12,367,242.01,642.89,261.40,629.69,265.52,635.75,246.14,648.95,0.063004,2,0
12,377,1175.60,249.87,1187.08,290.66,1171.37,295.08,1159.89,254.30,0.087803,2,0
12,452,493.61,729.68,661.45,902.77,618.95,943.98,451.11,770.89,0.051822,0,0
12,673,348.03,53.76,364.18,71.84,348.79,85.59,332.64,67.52,0.086180,2,0
12,695,1000.19,497.72,1010.19,516.35,991.82,526.22,981.81,507.59,0.064192,2,0
12,701,482.77,941.86,505.82,944.86,502.39,971.27,479.33,968.27,0.114626,0,0
12,714,373.01,296.59,377.72,272.94,399.81,277.34,395.10,300.99,0.076297,2,0
12,986,419.07,525.30,424.36,546.55,409.81,550.18,404.52,528.93,0.074083,2,0
12,990,-64765.06,18182.26,64771.20,-17738.66,64771.21,-17738.61,-64765.04,18182.32,0.051430,2,0
12,1019,519.58,116.39,539.05,117.50,538.72,123.29,519.25,122.18,0.133890,2,0
12,1084,834.12,336.72,849.36,346.85,841.62,358.47,826.39,348.33,0.052788,2,0
12,1086,420.54,354.61,421.49,375.82,407.81,376.43,406.86,355.22,0.113202,2,0
12,1217,733.54,151.76,759.20,162.54,752.65,178.14,726.99,167.36,0.070846,2,0
12,1318,1088.18,289.15,1136.42,375.54,1106.09,392.47,1057.85,306.08,0.101500,2,0
12,1333,284.18,420.31,337.47,429.43,333.81,450.83,280.52,441.72,0.056504,2,0
12,1379,343.06,424.07,397.80,471.78,377.60,494.95,322.87,447.24,0.053770,2,0
12,1429,112.57,194.73,142.79,206.34,134.53,227.86,104.30,216.25,0.057032,2,0
12,1442,607.43,663.61,621.88,682.67,610.95,690.95,596.51,671.89,0.053103,2,0
12,1474,587.78,926.60,590.08,875.09,622.06,876.52,619.76,928.03,0.066934,0,0
12,1603,273.55,302.06,287.19,336.79,265.79,345.20,252.15,310.46,0.083840,2,0
12,1609,1072.03,695.69,1072.14,720.01,1042.64,720.14,1042.52,695.83,0.057232,2,0
12,1616,997.81,574.52,1005.18,542.44,1026.41,547.32,1019.04,579.39,0.053556,2,0
12,1666,1436.11,550.11,1509.93,539.90,1512.44,558.01,1438.62,568.22,0.053603,0,0
12,1668,828.88,416.54,1086.79,700.82,1050.03,734.17,792.11,449.90,0.052852,2,0
12,1678,1241.02,546.92,1245.92,480.68,1268.18,482.33,1263.27,548.57,0.056290,2,0
12,1681,-77.79,93.55,-31.46,84.84,-29.02,97.84,-75.34,106.55,0.049771,0,0
12,1006,-59.05,268.05,-40.60,263.66,-38.90,270.79,-57.36,275.18,0.050864,0,0
12,1765,481.30,188.94,506.45,173.79,519.32,195.17,494.18,210.32,0.076570,2,0
12,1770,174.47,858.03,183.77,870.87,172.01,879.38,162.71,866.54,0.135455,2,0
12,1792,362.43,196.52,366.49,170.11,393.99,174.33,389.93,200.74,0.053770,2,0
12,1835,297.41,601.56,321.50,607.84,316.04,628.77,291.96,622.49,0.129718,0,0
12,1853,277.49,120.83,282.56,134.90,269.56,139.58,264.49,125.52,0.178386,2,0
12,1889,865.16,226.09,876.88,216.06,886.54,227.35,874.82,237.37,0.142356,2,0
12,2023,826.63,730.45,832.70,740.98,812.09,752.87,806.01,742.34,0.053522,2,0
12,2036,648.39,847.04,683.07,844.17,685.77,876.78,651.09,879.65,0.052098,2,0
12,2044,205.24,668.30,210.78,675.32,200.44,683.49,194.90,676.47,0.092306,2,0
12,2055,170.47,582.57,178.69,604.41,170.64,607.44,162.42,585.61,0.056318,2,0
12,2142,227.07,213.77,256.18,218.54,253.10,237.33,223.99,232.56,0.055594,0,0
12,2199,411.53,186.61,413.34,173.39,434.63,176.29,432.83,189.51,0.078463,2,0
12,2220,34.33,363.51,46.83,383.65,31.39,393.23,18.89,373.10,0.050180,2,0
12,164,708.56,152.14,724.93,151.80,725.12,160.85,708.74,161.18,0.180116,2,0
12,395,1208.84,666.80,1217.07,649.41,1228.67,654.90,1220.43,672.29,0.050262,2,0
12,751,727.84,482.83,750.52,487.53,746.90,504.96,724.22,500.25,0.062155,2,0
12,861,676.40,595.96,717.00,650.17,690.64,669.90,650.05,615.69,0.076817,2,0
12,2390,743.30,187.52,763.18,204.34,749.12,220.95,729.25,204.12,0.064192,2,0
12,2393,366.30,723.79,386.01,725.61,385.00,736.60,365.29,734.78,0.153593,2,0
12,2517,526.33,769.04,539.89,785.06,531.32,792.32,517.76,776.30,0.174685,2,0
12,2525,55.47,101.70,76.14,96.59,78.99,108.13,58.32,113.24,0.052945,2,0
12,2531,513.53,798.48,526.74,819.81,517.76,825.37,504.54,804.04,0.201668,2,0
12,2579,467.69,858.79,469.41,830.36,486.97,831.42,485.25,859.84,0.064711,2,0
12,2581,750.56,213.04,758.35,213.91,756.14,233.83,748.35,232.96,0.192349,2,0
12,2641,525.57,963.07,549.27,981.30,535.57,999.09,511.88,980.86,0.051822,0,0
12,2714,1108.88,795.33,1160.60,853.99,1142.59,869.88,1090.86,811.22,0.054382,2,0
12,2727,662.45,255.84,800.03,257.57,799.83,273.22,662.26,271.49,0.086180,2,0
12,2790,687.79,619.38,720.77,620.82,720.38,629.93,687.39,628.48,0.063004,2,0
12,16,-57.50,170.37,0.11,124.43,14.85,142.91,-42.76,188.86,0.053637,0,0
12,595,325.58,480.45,357.26,492.44,350.98,509.03,319.30,497.04,0.053791,2,0
12,2847,714.77,641.13,784.57,632.89,787.27,655.81,717.48,664.05,0.052953,2,0
12,2895,608.71,260.50,628.08,256.68,631.18,272.41,611.81,276.23,0.195816,0,0
12,2998,-11344.95,-17404.04,13148.28,18356.08,13148.24,18356.10,-11344.99,-17404.01,0.186747,2,0
12,3004,417.11,488.88,433.36,512.53,416.87,523.87,400.61,500.22,0.056242,2,0
12,3119,538.66,919.38,541.60,956.69,500.22,959.95,497.28,922.64,0.051658,0,0
12,3156,169.21,246.98,191.87,282.12,175.24,292.84,152.58,257.71,0.083574,2,0
12,3181,-252355.05,-30348.71,254257.42,30663.42,254257.36,30663.84,-252355.11,-30348.29,0.280321,0,0
12,3268,841.50,768.76,855.81,755.93,885.11,788.62,870.81,801.45,0.054475,2,0
12,3295,348.52,476.07,384.98,469.69,386.96,481.02,350.51,487.40,0.066749,2,0
12,3358,121.71,202.26,136.97,191.21,142.33,198.62,127.06,209.66,0.050864,0,0
12,152,210.26,750.16,301.13,762.07,297.84,787.17,206.97,775.27,0.053397,0,0
12,434,568.09,683.12,594.12,775.56,578.47,779.97,552.44,687.52,0.070336,2,0
12,912,843.34,589.80,848.78,548.37,881.61,552.68,876.18,594.11,0.076817,2,0
12,1040,524.16,435.97,548.03,427.88,555.43,449.72,531.56,457.81,0.185989,2,0
12,1334,126.10,511.50,146.03,519.87,140.80,532.33,120.87,523.96,0.057032,2,0
12,1352,627.86,856.81,639.10,789.37,703.77,800.15,692.53,867.59,0.050657,2,0
12,1583,147.16,422.54,173.47,416.68,176.75,431.41,150.44,437.27,0.052263,2,0
12,1477,118.03,374.47,173.40,520.14,130.69,536.37,75.32,390.71,0.143967,0,0
12,2243,118.90,427.66,121.44,444.39,110.58,446.04,108.03,429.32,0.072012,2,0
12,2931,697.20,236.56,706.85,227.83,715.34,237.22,705.69,245.95,0.134223,2,0
12,1571,254.96,316.97,270.71,314.56,273.79,334.67,258.04,337.07,0.154040,2,0
12,1580,1087.98,-167.18,1208.42,111.92,1160.86,132.45,1040.42,-146.66,0.066054,0,0
12,3421,219.61,893.61,247.42,906.77,241.73,918.81,213.92,905.66,0.075966,0,0
12,3455,397.97,722.88,399.02,714.16,410.59,715.55,409.54,724.27,0.064209,2,0
12,3459,925.91,400.28,940.85,448.64,922.64,454.27,907.69,405.91,0.052072,0,0
12,3493,674.91,839.15,697.72,842.62,694.96,860.76,672.15,857.29,0.054070,2,0
12,3502,554.02,14.81,569.59,109.21,551.91,112.13,536.34,17.73,0.154040,2,0
12,3504,842.69,280.49,860.33,299.27,853.59,305.61,835.94,286.83,0.059154,2,0
12,3609,791.17,804.56,824.05,802.29,824.97,815.55,792.09,817.82,0.052725,2,0
12,3618,933.00,894.30,964.78,972.16,927.88,987.22,896.10,909.36,0.061536,0,0
12,3630,150.45,605.13,158.82,624.23,150.73,627.77,142.36,608.67,0.082151,2,0
12,3638,1118.27,189.10,1140.07,195.26,1138.74,199.96,1116.94,193.81,0.086577,2,0
12,3677,719.26,407.43,757.19,427.13,739.69,460.81,701.77,441.11,0.051548,2,0
12,3703,252.68,209.81,252.78,245.40,240.85,245.43,240.75,209.84,0.053454,2,0
12,3707,208.55,292.58,219.42,296.45,216.19,305.51,205.32,301.64,0.051615,2,0
12,3708,222.94,397.28,229.03,413.48,217.25,417.91,211.15,401.72,0.083840,2,0
12,3732,349.93,458.33,368.48,477.98,358.37,487.53,339.82,467.88,0.067523,2,0
12,3789,1316.89,872.11,1360.43,799.68,1385.03,814.47,1341.50,886.90,0.056492,0,0
12,3795,769.38,637.48,847.19,645.32,845.61,661.01,767.80,653.16,0.067703,2,0
12,3796,1311.14,810.61,1340.09,881.79,1313.20,892.73,1284.25,821.55,0.052980,0,0
12,1181,33.93,672.65,63.17,660.69,73.01,684.72,43.76,696.68,0.051711,2,0
12,1989,117.80,395.83,139.02,382.89,145.41,393.36,124.19,406.31,0.062525,2,0
12,2019,418.51,728.36,436.33,740.30,431.27,747.85,413.45,735.92,0.136463,2,0
12,2330,-41.37,195.41,17.53,271.96,-7.64,291.33,-66.54,214.78,0.090704,0,0
12,12,759.62,-79.79,1219.47,315.17,1167.30,375.91,707.46,-19.05,0.181195,0,0
12,218,546.81,-11.14,577.88,27.00,554.40,46.14,523.32,8.00,0.073251,0,0
12,404,1014.72,814.03,1093.32,811.38,1094.43,844.52,1015.84,847.16,0.072347,2,0
12,2407,106.13,365.49,112.38,383.36,102.74,386.73,96.49,368.86,0.053544,2,0
12,2431,742.45,400.65,758.00,410.76,754.25,416.51,738.71,406.40,0.098633,2,0
12,2769,539.45,666.38,550.72,653.30,564.04,664.78,552.77,677.86,0.099748,2,0
12,2837,724.02,645.89,953.62,680.33,943.04,750.86,713.44,716.42,0.052549,2,0
12,1099,634.91,344.75,697.97,388.03,680.48,413.51,617.42,370.23,0.057232,2,0
12,1275,269.37,231.09,284.44,239.41,280.28,246.94,265.21,238.63,0.135488,2,0
12,741,1222.86,846.78,1314.87,884.25,1296.97,928.19,1204.96,890.73,0.099902,0,0
12,3378,595.89,-119.58,629.58,-78.73,590.88,-46.81,557.19,-87.66,0.134291,0,0
12,3426,516.18,114.53,530.68,109.21,534.66,120.07,520.16,125.39,0.118188,2,0
12,3442,1142.29,117.72,1159.55,120.94,1153.50,153.37,1136.24,150.15,0.093548,0,0
12,1656,1057.86,454.40,1102.71,455.63,1102.16,475.64,1057.31,474.41,0.051707,2,0
12,1874,862.91,-19.69,875.19,-4.14,856.14,10.90,843.86,-4.66,0.066054,0,0
12,35,447.42,-80.53,487.41,-91.94,496.77,-59.18,456.78,-47.76,0.050142,0,0
12,1714,517.83,693.17,592.94,718.44,584.84,742.51,509.73,717.23,0.164963,0,0
12,3857,1034.75,147.10,1046.46,202.46,1025.40,206.91,1013.69,151.55,0.176787,0,0
12,3868,506.02,354.95,592.78,528.80,556.26,547.03,469.50,373.18,0.143967,0,0
12,3882,595.56,93.97,615.02,15.12,631.74,19.24,612.28,98.10,0.166737,2,0
12,3898,1058.37,38.02,1124.35,94.50,1086.36,138.88,1020.38,82.40,0.140621,2,0
12,3952,890.17,30.17,908.09,112.87,879.78,119.01,861.86,36.30,0.162591,2,0
12,4070,579.22,667.44,589.94,664.68,593.69,679.21,582.97,681.98,0.133135,2,0
12,4078,751.05,405.27,763.57,432.91,750.52,438.82,738.00,411.18,0.052516,2,0
12,4094,580.63,469.75,632.84,487.24,625.56,508.99,573.35,491.50,0.164422,0,0
12,4099,193.58,746.35,210.81,720.26,221.19,727.12,203.97,753.20,0.061288,2,0
12,4174,1186.96,715.50,1200.70,726.28,1189.60,740.43,1175.86,729.64,0.052403,2,0
12,4241,777.44,663.62,855.52,688.87,851.21,702.18,773.14,676.93,0.049500,2,0
12,4258,1088.74,286.64,1262.95,346.58,1252.03,378.33,1077.82,318.38,0.121727,0,0
12,4275,-47.65,207.38,-17.18,184.53,-6.59,198.64,-37.06,221.50,0.053637,0,0
12,4278,63.69,256.24,87.36,246.79,92.94,260.78,69.27,270.22,0.126578,2,0
12,154,513.65,525.55,514.76,541.27,506.72,541.84,505.62,526.11,0.060068,2,0
12,167,-2.22,817.08,26.08,809.91,30.43,827.09,2.13,834.26,0.075966,0,0
12,285,317.10,537.35,344.86,542.61,338.01,578.74,310.25,573.48,0.053595,2,0
12,596,961.27,742.26,1021.34,464.22,1078.30,476.52,1018.24,754.56,0.177634,0,0
12,1004,527.90,136.92,542.94,139.71,540.34,153.79,525.29,151.00,0.162578,2,0
12,1401,130.62,553.48,164.35,546.39,167.21,559.98,133.48,567.06,0.109740,2,0
12,1497,326.58,521.16,335.21,514.90,345.73,529.40,337.10,535.66,0.052788,2,0
12,1711,-99.17,570.18,-67.81,518.26,-52.11,527.74,-83.47,579.67,0.052202,0,0
12,1907,263.98,777.74,283.97,630.81,325.65,636.48,305.66,783.41,0.197861,0,0
12,1973,64.75,554.31,65.41,504.83,94.83,505.22,94.18,554.70,0.052202,0,0
12,2458,387.79,378.91,411.79,377.33,412.57,389.16,388.57,390.73,0.064656,2,0
12,1052,796.47,168.91,1256.57,322.44,1240.69,370.04,780.59,216.51,0.494028,0,0
12,1554,1307.96,387.75,1351.75,387.93,1351.63,416.46,1307.84,416.28,0.155097,0,0
12,116,478.64,270.30,494.19,294.75,480.64,303.36,465.10,278.91,0.167097,2,0
12,1574,1328.42,637.64,1400.60,736.22,1368.15,759.98,1295.97,661.40,0.050399,0,0
12,1716,798.49,514.90,806.30,493.04,814.88,496.10,807.07,517.96,0.062317,2,0
12,3343,529.37,505.14,899.15,837.77,871.22,868.82,501.45,536.19,0.050448,2,0
12,89,565.31,613.12,583.09,610.85,584.75,623.84,566.97,626.12,0.116389,0,0
12,1252,247.08,232.48,257.70,246.65,250.90,251.75,240.28,237.58,0.074406,2,0
12,1479,83.25,421.04,90.36,408.74,98.60,413.50,91.49,425.80,0.052829,2,0
12,791,332.87,561.73,411.89,619.14,383.10,658.78,304.07,601.37,0.050002,2,0
12,166,754.06,890.06,836.33,872.04,843.77,906.00,761.50,924.02,0.072347,2,0
12,3899,213.43,567.95,231.00,556.29,244.27,576.27,226.71,587.94,0.116359,2,0
12,4104,785.27,-4.15,799.05,18.78,780.48,29.94,766.70,7.01,0.096187,2,0
12,4287,365.15,179.33,434.38,171.19,435.92,184.28,366.69,192.42,0.062525,2,0
12,820,664.22,585.13,830.06,620.40,819.03,672.24,653.20,636.97,0.082975,0,0
12,1522,559.80,613.06,563.87,583.19,578.79,585.22,574.72,615.09,0.116359,2,0
12,4311,606.70,92.92,730.91,56.57,743.94,101.09,619.73,137.44,0.188419,0,0
12,4320,827.93,307.27,863.64,142.91,894.12,149.53,858.41,313.89,0.303865,0,0
12,4322,770.43,-13.59,900.05,149.91,861.31,180.62,731.69,17.12,0.134291,0,0
12,4343,741.99,-1.58,750.67,13.72,739.76,19.91,731.08,4.61,0.114430,2,0
12,4351,737.73,333.24,761.61,335.92,760.17,348.74,736.29,346.05,0.161862,2,0
12,4430,666.02,558.82,681.40,577.97,671.39,586.00,656.02,566.85,0.071654,0,0
12,4474,974.65,616.81,1100.86,547.39,1124.39,590.16,998.18,659.58,0.050221,0,0
12,4481,-25929916.00,301929664.00,25932320.00,-301929088.00,25932364.00,-301929088.00,-25929872.00,301929664.00,0.095340,0,0
12,4489,146.88,490.03,160.56,499.75,146.98,518.88,133.29,509.17,0.053791,2,0
12,4491,429.23,524.68,442.58,511.80,456.50,526.23,443.15,539.11,0.096591,2,0
12,4529,1092.66,691.86,1119.91,707.20,1102.37,738.36,1075.13,723.03,0.091542,0,0
12,4634,725.98,772.50,749.87,845.49,721.95,854.63,698.06,781.64,0.050761,2,0
12,4659,1103.92,611.51,1110.17,569.32,1129.30,572.15,1123.04,614.35,0.175311,2,0
12,4668,1383.61,510.10,1467.60,603.81,1451.77,618.01,1367.77,524.29,0.051836,0,0
12,4673,812.16,692.18,835.79,635.20,848.82,640.60,825.19,697.58,0.154413,0,0
12,4675,606.38,683.15,626.44,710.36,610.57,722.06,590.51,694.85,0.050445,0,0
12,390,443.90,453.40,517.14,463.10,512.31,499.65,439.06,489.95,0.060942,2,0
12,790,276.37,425.30,279.15,488.42,258.64,489.33,255.87,426.20,0.052829,2,0
12,362,703.17,28.49,804.76,47.49,801.47,65.05,699.88,46.06,0.073623,2,0
12,1451,216.24,395.93,218.04,383.43,227.48,384.79,225.69,397.29,0.076297,2,0
12,1595,1050.73,429.08,1092.25,493.33,1075.02,504.46,1033.50,440.22,0.054708,2,0
12,1670,1289.06,731.18,1397.57,805.77,1382.22,828.11,1273.70,753.53,0.104878,0,0
12,1369,574.97,197.97,656.28,249.93,628.77,293.00,547.45,241.04,0.259350,0,0
12,1928,496.97,876.18,504.62,901.86,484.64,907.82,476.99,882.14,0.121142,2,0
12,136,658.27,93.67,695.65,204.34,645.44,221.29,608.07,110.63,0.178283,0,0
12,825,206.70,438.46,230.60,437.88,230.89,449.55,206.99,450.14,0.080028,2,0
12,2503,1083.31,601.60,1157.46,615.69,1156.25,622.06,1082.10,607.98,0.056210,2,0
12,2523,464.25,426.34,559.88,335.89,580.42,357.62,484.80,448.06,0.055285,2,0
12,2726,5.65,588.72,20.41,584.28,23.33,593.95,8.57,598.40,0.080028,2,0
12,1627,1330.63,524.19,1403.28,683.74,1368.48,699.59,1295.83,540.04,0.063156,0,0
12,2916,538.70,708.90,560.48,744.26,540.22,756.74,518.44,721.37,0.107232,2,0
12,3167,727.94,454.61,756.32,474.18,747.72,486.64,719.35,467.07,0.058352,2,0
12,3273,330.92,460.34,350.36,483.54,334.04,497.22,314.60,474.03,0.050604,0,0
12,717,1359.42,518.03,1422.76,463.63,1440.51,484.30,1377.17,538.70,0.095340,0,0
12,770,979.08,507.02,1005.01,537.91,989.52,550.91,963.59,520.02,0.053223,2,0
12,1634,563.70,595.82,594.77,575.47,615.89,607.73,584.81,628.08,0.117424,2,0
12,1789,1018.89,7.85,1068.40,31.21,1058.34,52.52,1008.83,29.17,0.123177,0,0
12,2317,687.13,664.11,688.03,709.29,660.90,709.83,659.99,664.65,0.052872,2,0
12,2951,516.43,197.32,531.86,202.21,526.36,219.57,510.93,214.68,0.194059,2,0
12,3445,979.83,253.83,987.28,278.30,973.20,282.59,965.75,258.11,0.157328,0,0
12,3465,620.34,715.32,650.19,726.16,643.34,745.03,613.49,734.19,0.161849,0,0
12,3492,885.42,375.75,904.77,361.23,914.81,374.62,895.46,389.14,0.150491,2,0
12,3557,714.59,648.63,774.21,629.33,783.97,659.44,724.34,678.75,0.051136,0,0
12,3657,1332.54,416.21,1488.67,568.99,1455.84,602.54,1299.70,449.76,0.050221,0,0
12,3678,-41.32,495.92,-5.34,497.70,-5.93,509.65,-41.91,507.86,0.049781,0,0
12,1642,1012.91,390.27,1044.73,444.64,1014.80,462.15,982.99,407.78,0.054717,2,0
12,2787,509.22,860.67,513.46,817.53,536.70,819.82,532.46,862.95,0.080628,2,0
12,624,137.89,495.72,143.09,518.35,129.52,521.47,124.32,498.84,0.081107,2,0
12,3469,505.04,417.29,1198.24,248.59,1217.08,326.03,523.89,494.73,0.223103,0,0
12,942,1112.51,637.99,1193.66,602.83,1209.60,639.61,1128.45,674.77,0.172848,0,0
12,4190,1469.09,907.47,1521.86,876.00,1542.14,910.02,1489.37,941.48,0.052898,0,0
12,4314,1071.39,322.14,1206.34,223.57,1226.08,250.60,1091.14,349.17,0.298573,0,0
12,4443,100.92,575.42,144.49,557.36,148.57,567.20,105.01,585.27,0.151345,2,0
12,4490,512.03,726.56,529.39,725.20,530.65,741.25,513.29,742.61,0.111580,2,0
12,4513,271.69,879.71,282.35,882.76,279.01,894.44,268.35,891.39,0.110659,2,0
12,4635,1076.58,379.26,1146.97,434.40,1127.42,459.35,1057.03,404.21,0.101500,2,0
12,4636,752.30,460.91,858.09,696.38,816.11,715.24,710.32,479.77,0.049713,2,0
12,1619,726.22,257.94,766.89,266.12,761.00,295.37,720.33,287.18,0.190163,2,0
12,2092,1329.54,785.01,1339.90,857.81,1291.13,864.75,1280.77,791.95,0.052702,0,0
12,34,693.83,386.74,827.17,347.92,843.26,403.16,709.92,441.99,0.192913,0,0
12,3530,283.63,734.52,296.26,756.82,272.24,770.42,259.61,748.12,0.127102,2,0
12,1602,942.76,725.09,1041.16,756.31,1033.59,780.17,935.20,748.96,0.049620,2,0
12,823,376.96,285.73,523.78,182.62,552.11,222.96,405.29,326.07,0.187465,0,0
12,552,1006.73,884.47,1041.63,970.53,1004.89,985.43,969.99,899.36,0.105862,0,0
12,2625,579.94,756.81,594.41,715.64,616.02,723.23,601.55,764.41,0.280321,0,0
12,4693,621.22,502.32,666.12,495.89,671.84,535.78,626.94,542.22,0.161849,0,0
12,4694,870.87,82.57,918.81,118.62,903.62,138.82,855.68,102.76,0.188419,0,0
12,4698,474.09,762.41,477.29,735.30,492.09,737.04,488.89,764.16,0.058876,2,0
12,4705,665.04,255.53,672.45,177.59,705.33,180.72,697.91,258.66,0.127377,2,0
12,4708,771.44,120.29,807.89,132.08,801.78,150.98,765.32,139.19,0.141026,2,0
12,4709,619.70,112.41,637.38,86.92,655.31,99.35,637.63,124.84,0.178386,2,0
12,4710,1029.51,132.11,1068.49,129.95,1069.37,145.80,1030.39,147.95,0.206098,2,0
12,4713,615.14,428.21,619.48,441.28,609.28,444.67,604.93,431.61,0.066749,2,0
12,4723,515.10,188.52,525.41,209.92,503.80,220.33,493.49,198.93,0.096187,2,0
12,4746,924.78,307.11,978.20,422.02,958.70,431.08,905.29,316.17,0.221474,2,0
12,4747,422.37,215.67,438.87,225.13,431.97,237.17,415.46,227.71,0.162578,2,0
12,4751,695.07,343.37,711.08,356.61,701.75,367.89,685.74,354.65,0.190163,2,0
12,4787,532.70,210.20,560.61,205.75,562.40,217.03,534.50,221.47,0.056504,2,0
12,4854,242.45,378.99,381.73,366.35,382.98,380.14,243.71,392.79,0.074297,2,0
12,4866,502.76,555.70,531.21,378.40,592.66,388.26,564.21,565.56,0.215326,2,0
12,4869,34.59,685.99,46.23,698.81,39.03,705.34,27.40,692.52,0.089127,2,0
12,4883,270.72,639.87,310.72,654.98,299.96,683.49,259.95,668.37,0.051711,2,0
12,4887,186.39,269.89,220.24,286.39,208.64,310.17,174.80,293.66,0.095221,2,0
12,4895,597.46,457.59,612.53,391.73,633.95,396.63,618.89,462.49,0.058825,2,0
12,4898,821.52,536.63,842.62,505.65,857.29,515.64,836.19,546.62,0.069066,2,0
12,4938,806.36,648.73,852.34,682.52,843.13,695.06,797.15,661.27,0.052516,2,0
12,4963,152.65,442.75,165.67,473.95,151.71,479.78,138.68,448.58,0.050180,2,0
12,5014,1236.91,661.85,1341.09,714.18,1330.27,735.73,1226.09,683.40,0.051836,0,0
12,5016,973.22,430.35,999.79,517.75,983.18,522.80,956.62,435.39,0.052958,2,0
12,5017,99.25,702.54,134.64,711.83,130.04,729.37,94.65,720.08,0.049781,0,0
12,5021,308.51,663.86,333.08,659.65,336.63,680.41,312.07,684.62,0.052403,2,0
12,5039,723.15,791.23,817.74,874.76,790.50,905.60,695.91,822.07,0.049620,2,0
12,180,506.04,56.27,517.50,57.27,516.16,72.50,504.70,71.50,0.218264,2,0
12,506,130.11,198.31,359.80,331.83,329.12,384.61,99.43,251.09,0.090704,0,0
12,1057,215.17,182.97,261.92,145.75,286.90,177.12,240.15,214.35,0.195816,0,0
12,1098,359.93,148.28,369.28,203.00,349.76,206.34,340.41,151.62,0.101068,2,0
12,1193,832.88,242.81,837.07,295.84,807.79,298.15,803.60,245.12,0.188640,0,0
12,1364,1177.81,203.31,1192.91,186.38,1205.16,197.31,1190.05,214.23,0.095221,2,0
12,1650,893.29,838.00,957.86,745.18,1031.72,796.57,967.15,889.38,0.052081,0,0
12,1750,310.43,116.46,330.28,156.14,312.61,164.98,292.77,125.30,0.053454,2,0
12,2295,598.64,958.99,686.84,977.16,677.04,1024.71,588.84,1006.54,0.051136,0,0
12,105,705.39,-84.24,710.82,95.18,658.93,96.75,653.49,-82.67,0.094198,0,0
12,125,600.01,319.17,621.90,373.61,586.88,387.69,564.99,333.25,0.282187,0,0
12,2392,1265.54,357.77,1276.51,195.94,1317.65,198.72,1306.68,360.56,0.157328,0,0
12,2432,298.34,123.09,319.89,139.23,307.30,156.03,285.76,139.89,0.051615,2,0
12,2650,398.78,-48.27,410.34,-43.84,402.08,-22.26,390.52,-26.68,0.094036,0,0
12,1431,416.40,701.17,566.28,779.64,545.78,818.80,395.90,740.32,0.100773,2,0
12,1587,1027.02,324.87,1041.99,353.59,1023.14,363.41,1008.18,334.68,0.107887,2,0
12,2563,604.06,761.82,617.28,638.38,657.62,642.70,644.40,766.14,0.056492,0,0
12,3101,513.43,169.93,674.98,225.73,667.56,247.23,506.01,191.42,0.254898,2,0
12,854,951.17,631.38,1035.26,566.32,1067.21,607.61,983.11,672.67,0.050262,2,0
12,1646,962.46,716.27,987.84,771.79,964.04,782.67,938.66,727.15,0.052177,2,0
12,1473,569.89,928.16,579.34,800.25,603.07,802.01,593.61,929.91,0.273785,0,0
12,2910,768.81,145.37,820.43,159.85,811.33,192.26,759.72,177.78,0.115847,2,0
12,1777,825.05,288.39,964.78,235.49,986.20,292.08,846.47,344.98,0.192913,0,0
12,3518,1385.67,173.94,1455.64,189.87,1450.29,213.38,1380.32,197.45,0.241762,0,0
12,3524,799.45,182.81,819.60,246.59,804.96,251.22,784.82,187.43,0.138332,2,0
12,3641,134.02,386.67,165.02,396.19,160.12,412.16,129.12,402.65,0.055300,2,0
12,217,393.69,899.92,488.16,931.71,478.99,958.94,384.53,927.14,0.053505,2,0
12,598,1204.90,258.25,1229.56,230.56,1249.26,248.10,1224.60,275.80,0.076570,2,0
12,1018,324.29,399.23,337.48,439.11,321.91,444.26,308.72,404.37,0.051667,2,0
12,1937,193.39,464.43,201.91,501.73,180.34,506.66,171.82,469.35,0.053595,2,0
12,392,193.41,631.19,201.05,648.07,191.37,652.45,183.73,635.57,0.114938,2,0
12,2805,856.35,695.59,860.32,775.54,811.64,777.96,807.68,698.01,0.050448,2,0
12,887,672.06,793.95,672.10,848.75,641.78,848.78,641.74,793.97,0.062003,2,0
12,3490,1378.57,51.81,1385.93,100.67,1372.79,102.65,1365.43,53.79,0.055594,0,0
12,27,395.07,138.69,417.62,110.28,431.62,121.40,409.06,149.80,0.050142,0,0
12,3901,993.89,31.19,1043.58,39.11,1038.22,72.71,988.53,64.79,0.269354,0,0
12,3911,796.07,463.80,840.37,485.40,829.63,507.43,785.33,485.83,0.055285,2,0
12,3955,582.72,217.05,587.89,239.65,563.43,245.25,558.26,222.65,0.115847,2,0
12,4077,829.20,448.71,862.56,495.32,846.57,506.76,813.22,460.15,0.221474,2,0
12,4157,228.30,234.33,233.46,245.06,219.38,251.82,214.23,241.09,0.164675,2,0
12,4209,756.33,554.06,852.51,547.77,856.10,602.68,759.92,608.97,0.083182,0,0
12,4277,759.82,737.24,764.94,815.81,740.82,817.38,735.70,738.81,0.052026,2,0
12,1024,536.16,230.13,579.87,235.51,577.51,254.67,533.80,249.29,0.141026,2,0
12,1397,1126.32,752.71,1146.31,906.88,1095.25,913.50,1075.26,759.33,0.105862,0,0
12,2191,1041.97,363.53,1375.90,593.32,1355.86,622.45,1021.93,392.65,0.191935,0,0
12,2394,449.80,614.16,477.52,695.33,455.98,702.68,428.27,621.51,0.053556,2,0
12,834,1328.32,307.02,1385.98,351.97,1372.40,369.39,1314.74,324.44,0.076859,0,0
12,872,1055.56,273.59,1109.40,352.66,1083.91,370.01,1030.07,290.95,0.092041,0,0
12,2901,737.20,563.24,793.17,534.02,804.51,555.75,748.54,584.97,0.050865,0,0
12,4276,1169.07,50.41,1223.93,62.73,1216.50,95.77,1161.65,83.45,0.089867,0,0
12,4453,376.24,660.23,386.29,678.46,372.08,686.29,362.03,668.05,0.052095,2,0
12,2448,1220.71,1014.62,1300.77,899.38,1335.09,923.22,1255.04,1038.47,0.053187,0,0
12,575,795.53,503.24,859.26,511.01,855.48,542.00,791.75,534.23,0.053857,2,0
12,805,1064.13,862.66,1137.43,902.41,1122.24,930.42,1048.94,890.66,0.050724,0,0
12,2888,900.83,165.41,1052.92,145.91,1059.09,193.99,906.99,213.49,0.227691,0,0
12,260,590.30,169.22,700.72,179.22,695.96,231.85,585.54,221.85,0.283035,0,0
12,3417,748.26,513.76,760.43,530.01,743.12,542.97,730.95,526.72,0.168179,0,0
12,3447,920.69,307.09,1008.25,294.72,1016.13,350.46,928.58,362.84,0.298573,0,0
12,3646,1517.90,790.60,1605.95,798.78,1603.32,827.11,1515.26,818.93,0.058647,0,0
12,175,611.86,41.55,698.56,402.75,619.89,421.63,533.19,60.43,0.343784,0,0
12,2576,268.03,418.25,339.69,544.03,304.47,564.10,232.81,438.31,0.050002,2,0
12,4770,773.46,395.48,794.26,411.00,777.47,433.49,756.67,417.97,0.187333,0,0
12,4791,677.65,725.27,709.98,802.01,671.64,818.16,639.31,741.42,0.127852,0,0
12,4848,237.39,268.86,355.04,300.55,351.15,315.01,233.49,283.33,0.155592,2,0
12,4894,-146.54,683.55,71.29,441.41,97.79,465.24,-120.04,707.38,0.051764,0,0
12,5024,878.03,791.11,882.62,788.38,896.52,811.68,891.94,814.42,0.055716,2,0
12,894,715.82,434.15,758.63,492.15,708.82,528.91,666.01,470.91,0.083182,0,0
12,948,826.97,359.02,912.22,150.17,991.01,182.33,905.76,391.18,0.260446,0,0
12,1978,816.38,738.71,951.86,781.08,942.21,811.93,806.73,769.56,0.050671,0,0
12,269,293.85,728.82,346.13,727.36,346.77,750.39,294.49,751.84,0.126080,0,0
12,491,1140.69,231.39,1191.30,361.24,1167.87,370.37,1117.26,240.52,0.191935,0,0
12,2299,908.82,561.38,922.40,543.32,932.89,551.22,919.31,569.28,0.058674,2,0
12,2956,691.46,549.43,722.68,613.10,685.76,631.20,654.55,567.52,0.103059,0,0
12,2314,837.74,578.55,1041.64,618.14,1032.62,664.57,828.73,624.97,0.054113,0,0
12,188,1180.07,848.34,1187.09,1067.35,1123.96,1069.38,1116.93,850.37,0.073134,0,0
12,3943,1053.76,19.24,1135.20,51.76,1121.77,85.40,1040.33,52.88,0.134490,0,0
12,3982,590.30,588.81,658.92,585.25,660.77,620.83,592.15,624.39,0.388470,0,0
12,4183,891.59,503.66,1062.74,640.69,1032.51,678.44,861.36,541.41,0.051548,2,0
12,523,621.55,238.58,629.80,317.10,603.84,319.82,595.59,241.31,0.334575,0,0
12,953,1050.41,379.39,1173.27,372.62,1175.01,404.26,1052.15,411.03,0.163994,0,0
12,1615,942.53,550.12,992.20,626.37,975.20,637.44,925.53,561.20,0.051707,2,0
12,2782,653.57,605.53,734.74,597.37,738.50,634.75,657.33,642.92,0.054655,2,0
12,3043,926.47,196.26,1017.48,181.70,1020.82,202.60,929.81,217.15,0.293803,0,0
12,1372,695.02,888.60,771.95,1014.67,727.32,1041.91,650.39,915.84,0.053397,0,0
12,5048,717.76,373.15,990.14,349.94,995.16,408.86,722.78,432.07,0.223103,0,0
12,5053,681.20,268.11,681.58,246.54,692.93,246.74,692.56,268.31,0.343784,0,0
12,5056,690.12,415.29,736.37,406.43,739.75,424.05,693.49,432.92,0.146730,0,0
12,5058,535.53,179.40,637.72,255.94,614.18,287.37,511.99,210.84,0.230602,0,0
12,5090,840.98,171.88,891.42,158.19,898.26,183.39,847.82,197.08,0.138332,2,0
12,5098,677.56,81.29,678.25,99.06,669.19,99.42,668.50,81.64,0.225440,2,0
12,5104,250.49,588.56,259.98,608.20,245.29,615.30,235.80,595.66,0.064209,2,0
12,5138,647.98,92.80,666.76,94.15,665.58,110.63,646.80,109.28,0.180116,2,0
12,5163,831.01,277.18,961.83,224.06,974.45,255.16,843.64,308.28,0.322529,0,0
12,5182,171.29,468.26,191.49,458.18,194.43,464.07,174.23,474.15,0.132372,2,0
12,5197,251.77,699.76,268.05,692.04,273.76,704.08,257.47,711.80,0.110153,2,0
12,5230,544.44,-113.98,546.97,-61.23,493.56,-58.66,491.03,-111.42,0.148094,0,0
12,5233,762.65,94.25,825.84,82.65,830.72,109.24,767.53,120.84,0.265718,0,0
12,5256,630.40,563.79,673.45,677.28,647.28,687.21,604.23,573.72,0.068559,0,0
12,5266,1273.33,274.82,1279.51,321.12,1256.74,324.16,1250.56,277.86,0.089867,0,0
12,5267,992.24,782.07,1001.92,821.01,976.68,827.29,967.00,788.34,0.058352,2,0
12,5281,704.18,-90.63,772.27,-23.09,751.97,-2.63,683.88,-70.17,0.216586,0,0
12,5283,1068.89,527.71,1117.10,599.85,1076.07,627.27,1027.86,555.13,0.054708,2,0
12,5305,601.50,750.24,619.29,776.30,607.31,784.49,589.52,758.43,0.062003,2,0
12,5338,682.70,455.17,722.03,468.76,709.35,505.47,670.01,491.88,0.303516,0,0
12,5340,814.24,820.26,817.66,904.48,749.57,907.24,746.15,823.03,0.069279,0,0
12,5341,630.27,756.79,632.59,740.00,650.47,742.46,648.15,759.26,0.054014,2,0
12,5343,1460.65,374.00,1592.71,361.28,1596.05,395.95,1463.99,408.66,0.055652,0,0
12,5346,700.42,514.61,832.28,474.95,839.73,499.73,707.88,539.39,0.054655,2,0
12,5358,72.57,329.91,85.03,343.15,73.81,353.71,61.35,340.48,0.076695,2,0
12,5366,629.68,-23.61,654.91,24.44,618.50,43.56,593.27,-4.49,0.178820,0,0
12,5367,754.84,559.81,770.86,588.63,752.07,599.07,736.05,570.25,0.052346,2,0
12,5377,649.25,774.84,694.27,790.21,685.02,817.32,640.00,801.96,0.067635,0,0
12,5381,282.35,514.96,289.88,508.39,297.09,516.66,289.57,523.23,0.053284,2,0
12,5393,765.47,466.89,776.95,520.23,751.15,525.78,739.67,472.44,0.052346,2,0
12,5396,727.46,849.94,741.80,902.98,715.12,910.19,700.78,857.16,0.053091,2,0
12,814,1295.05,775.70,1335.45,816.66,1323.73,828.22,1283.34,787.26,0.052420,0,0
12,1093,235.16,682.79,283.73,697.52,275.93,723.24,227.36,708.51,0.053181,2,0
12,1236,307.30,742.87,308.33,779.60,293.47,780.02,292.44,743.29,0.082151,2,0
12,2166,665.66,723.30,737.64,746.73,730.65,768.20,658.67,744.77,0.052130,2,0
12,2260,1014.89,372.68,1042.07,412.14,1031.78,419.23,1004.60,379.77,0.055285,2,0
12,2276,1050.36,407.72,1221.06,554.68,1197.55,581.99,1026.85,435.03,0.117624,0,0
12,2382,402.18,535.90,433.94,501.43,448.73,515.05,416.98,549.53,0.110153,2,0
12,2693,760.65,681.80,768.42,638.24,801.50,644.14,793.73,687.70,0.055112,2,0
12,2919,1065.98,177.75,1137.32,206.31,1118.57,253.15,1047.23,224.60,0.155097,0,0
12,2943,1016.74,252.15,1077.60,222.61,1090.01,248.20,1029.16,277.73,0.322529,0,0
12,3277,616.82,368.38,1003.23,371.02,1002.69,449.98,616.28,447.33,0.237020,0,0
12,3319,532.04,257.70,560.07,314.12,542.91,322.65,514.88,266.22,0.054717,2,0
12,120,810.48,131.83,818.20,107.41,833.59,112.28,825.87,136.70,0.101068,2,0
12,531,1006.87,793.32,1021.76,753.39,1040.61,760.42,1025.72,800.34,0.099748,2,0
12,66,1088.44,664.16,1110.15,683.94,1090.84,705.15,1069.12,685.36,0.063156,0,0
12,445,1069.26,-73.90,1136.20,0.74,1101.79,31.60,1034.85,-43.05,0.123177,0,0
12,1565,1314.14,598.03,1336.62,652.88,1303.48,666.47,1280.99,611.61,0.053870,0,0
12,1752,1098.20,225.45,1157.33,324.10,1101.87,357.34,1042.74,258.69,0.494028,0,0
12,2106,552.05,728.70,562.41,772.03,533.45,778.96,523.09,735.63,0.052026,2,0
12,2112,413.49,731.51,435.77,876.99,380.68,885.43,358.40,739.95,0.273785,0,0
12,1428,104.11,746.04,114.36,756.48,105.20,765.49,94.94,755.05,0.100773,2,0
12,2881,1061.03,271.89,1197.17,282.73,1193.20,332.64,1057.06,321.80,0.241762,0,0
12,238,889.52,204.23,1109.51,263.29,1096.95,310.08,876.96,251.02,0.082975,0,0
12,3393,613.71,385.50,840.67,247.65,862.41,283.44,635.46,421.30,0.210931,0,0
12,3523,1103.54,844.78,1199.52,792.56,1212.42,816.29,1116.45,868.50,0.058647,0,0
12,3531,227.26,657.87,237.77,665.00,229.03,677.88,218.52,670.75,0.114246,2,0
12,3552,193.23,304.63,199.18,337.35,182.48,340.38,176.53,307.67,0.072012,2,0
12,3746,688.08,632.09,760.34,641.27,755.80,677.01,683.54,667.83,0.051470,2,0
12,954,839.41,175.19,888.71,317.28,833.81,336.33,784.51,194.24,0.237889,0,0
12,869,806.35,626.13,819.24,605.00,845.62,621.09,832.73,642.22,0.058935,2,0
12,1339,931.03,354.90,1012.45,377.22,1006.47,399.03,925.05,376.71,0.163994,0,0
12,2175,665.31,540.45,694.35,672.21,642.80,683.57,613.75,551.81,0.177634,0,0
12,129,872.99,313.20,934.63,315.19,933.90,337.75,872.26,335.76,0.265046,0,0
12,3394,747.08,565.31,770.81,545.95,779.61,556.74,755.88,576.10,0.169682,0,0
12,3468,128.84,787.29,142.40,850.05,111.42,856.74,97.86,793.98,0.116216,0,0
12,2248,742.15,402.09,799.14,500.66,765.65,520.02,708.66,421.46,0.167742,0,0
12,881,1113.15,494.77,1158.12,499.61,1154.66,531.70,1109.69,526.85,0.053187,0,0
12,3855,542.33,396.98,709.76,766.87,681.16,779.81,513.73,409.92,0.334575,0,0
12,3870,619.04,426.92,744.10,613.15,721.79,628.14,596.72,441.91,0.157154,0,0
12,3880,894.21,46.93,1118.90,169.21,1060.53,276.46,835.85,154.18,0.191761,0,0
12,3962,604.03,315.21,657.34,327.87,645.27,378.70,591.96,366.04,0.271130,0,0
12,4022,614.52,643.61,638.10,495.47,681.31,502.35,657.72,650.49,0.154413,0,0
12,4089,867.47,780.14,941.56,798.64,935.40,823.35,861.30,804.84,0.050724,0,0
12,4161,1298.69,496.37,1334.76,514.06,1321.31,541.48,1285.24,523.79,0.117624,0,0
12,4303,1053.19,613.44,1177.16,659.36,1163.34,696.67,1039.37,650.75,0.054113,0,0
12,923,732.47,315.97,762.66,367.68,743.66,378.77,713.47,327.06,0.061611,0,0
12,1338,877.34,44.48,1013.95,468.95,960.58,486.13,823.97,61.66,0.427131,0,0
12,1407,742.54,455.98,796.76,458.77,795.25,488.15,741.03,485.37,0.052549,2,0
12,1769,838.04,45.80,1032.26,417.50,990.15,439.51,795.92,67.81,0.248551,0,0
12,2751,381.68,521.00,402.75,541.44,389.43,555.17,368.36,534.72,0.092306,2,0
12,3166,547.17,725.00,551.67,706.08,568.10,709.98,563.60,728.91,0.053522,2,0
12,766,183.60,253.24,186.99,240.36,203.18,244.62,199.79,257.50,0.126578,2,0
12,4135,996.03,162.37,1009.32,196.46,992.78,202.91,979.48,168.82,0.224626,2,0
12,208,720.77,334.60,724.33,210.63,763.46,211.75,759.90,335.72,0.313327,0,0
12,860,765.19,591.87,781.81,694.23,761.14,697.58,744.52,595.23,0.053091,2,0
12,4313,573.83,385.00,622.10,450.55,603.97,463.90,555.69,398.35,0.252614,0,0
12,4323,659.01,358.59,811.67,466.76,792.30,494.10,639.64,385.93,0.283035,0,0
12,4348,297.92,706.40,401.78,678.11,408.59,703.12,304.73,731.41,0.054634,2,0
12,4356,440.27,705.06,455.43,703.35,456.43,712.27,441.28,713.98,0.109740,2,0
12,4402,658.18,178.90,1021.15,543.18,991.82,572.41,628.85,208.13,0.252614,0,0
12,4442,535.19,190.62,613.75,55.65,681.30,94.96,602.74,229.93,0.230602,0,0
12,4451,1195.83,648.54,1241.60,736.02,1202.98,756.22,1157.21,668.74,0.052420,0,0
12,4476,868.67,521.13,928.78,564.40,913.36,585.81,853.25,542.54,0.163567,2,0
12,4558,1262.81,707.64,1268.20,741.26,1252.19,743.82,1246.80,710.21,0.051744,0,0
12,1870,756.12,26.29,797.43,124.89,765.16,138.41,723.84,39.81,0.216586,0,0
12,201,81.76,359.31,124.92,437.64,101.00,450.82,57.83,372.49,0.136230,0,0
12,855,942.20,656.32,980.13,685.18,963.13,707.53,925.20,678.67,0.054070,2,0
12,2338,807.28,529.72,865.38,734.31,824.93,745.79,766.83,541.21,0.049713,2,0
12,2612,706.40,757.58,741.96,854.52,707.03,867.33,671.47,770.39,0.049966,0,0
12,2566,755.88,717.33,815.57,743.25,798.41,782.76,738.73,756.84,0.052852,2,0
12,1092,1053.36,117.20,1054.76,178.55,1027.55,179.17,1026.16,117.82,0.248551,0,0
12,1546,772.56,580.14,827.16,616.59,807.37,646.23,752.77,609.77,0.052130,2,0
12,255,722.98,69.11,769.35,151.91,750.41,162.51,704.03,79.72,0.272692,0,0
12,983,680.14,-50.12,699.97,50.69,668.07,56.96,648.23,-43.84,0.157443,0,0
12,1755,865.95,280.90,983.18,290.07,980.49,324.48,863.26,315.31,0.136230,0,0
12,3383,707.07,179.46,735.87,299.57,698.74,308.47,669.94,188.37,0.298671,0,0
12,3390,726.04,-43.52,766.61,178.08,717.93,186.99,677.35,-34.61,0.148094,0,0
12,3429,817.00,263.37,832.25,269.78,829.24,276.93,813.99,270.52,0.105002,2,0
12,3791,845.94,637.77,874.29,593.16,893.56,605.41,865.21,650.02,0.068559,0,0
12,610,505.33,453.64,542.68,480.33,533.34,493.40,495.99,466.72,0.262580,0,0
12,1532,788.52,90.24,792.30,111.36,778.95,113.75,775.16,92.63,0.174382,2,0
12,1844,962.19,312.73,988.15,294.53,998.28,308.98,972.31,327.18,0.076859,0,0
12,2590,793.47,459.92,815.09,511.20,793.79,520.18,772.17,468.90,0.053223,2,0
